year,month,pre,tmp,tmx,pet,wet,date,days_in_month,pet_mm,balance_mm,product,geography_id,source_status,pre_baseline_n,pre_anomaly,tmp_baseline_n,tmp_anomaly,tmx_baseline_n,tmx_anomaly,pet_mm_baseline_n,pet_mm_anomaly,balance_mm_baseline_n,balance_mm_anomaly,wet_baseline_n,wet_anomaly
1901,1,141.6,10.8,15.6,1.8,13.8,1901-01-01,31,55.800000000000004,85.79999999999998,CRU-CY4.10,CRU-CY:Israel,gridded estimate; station support unavailable,30.0,33.07666666666664,30.0,-1.43333333333333,30.0,-1.1866666666666656,30.0,-1.0333333333333314,30.0,34.11,30.0,2.8233333333333324
1901,2,3.3,14.7,20.3,2.7,1.8,1901-02-01,28,75.60000000000001,-72.30000000000001,CRU-CY4.10,CRU-CY:Israel,gridded estimate; station support unavailable,30.0,-77.28666666666668,30.0,1.8533333333333335,30.0,2.4566666666666706,30.0,7.5800000000000125,30.0,-84.86666666666667,30.0,-8.553333333333333
1901,3,13.8,15.3,21.3,3.3,3.6,1901-03-01,31,102.3,-88.5,CRU-CY4.10,CRU-CY:Israel,gridded estimate; station support unavailable,30.0,-30.369999999999994,30.0,0.1366666666666685,30.0,0.6833333333333336,30.0,2.066666666666663,30.0,-32.436666666666675,30.0,-2.763333333333334
1901,4,6.4,17.5,24.2,4.6,1.7,1901-04-01,30,138.0,-131.6,CRU-CY4.10,CRU-CY:Israel,gridded estimate; station support unavailable,30.0,-9.62,30.0,-0.8933333333333309,30.0,-0.44999999999999574,30.0,3.5999999999999943,30.0,-13.219999999999985,30.0,-0.7933333333333332
1901,5,21.8,18.5,25.2,5.1,3.2,1901-05-01,31,158.1,-136.29999999999998,CRU-CY4.10,CRU-CY:Israel,gridded estimate; station support unavailable,30.0,17.21666666666667,30.0,-3.0566666666666684,30.0,-2.7800000000000047,30.0,-9.610000000000014,30.0,26.826666666666682,30.0,2.0999999999999996
1901,6,0.0,22.5,29.3,6.5,0.0,1901-06-01,30,195.0,-195.0,CRU-CY4.10,CRU-CY:Israel,gridded estimate; station support unavailable,30.0,-0.10666666666666669,30.0,-1.8133333333333326,30.0,-1.25,30.0,1.0999999999999943,30.0,-1.2066666666666492,30.0,-0.05000000000000001
1901,7,0.0,24.4,30.7,6.4,0.0,1901-07-01,31,198.4,-198.4,CRU-CY4.10,CRU-CY:Israel,gridded estimate; station support unavailable,30.0,0.0,30.0,-1.9000000000000021,30.0,-1.4533333333333296,30.0,-3.616666666666731,30.0,3.616666666666731,30.0,0.0
1901,8,0.0,24.7,30.9,5.8,0.0,1901-08-01,31,179.79999999999998,-179.79999999999998,CRU-CY4.10,CRU-CY:Israel,gridded estimate; station support unavailable,30.0,0.0,30.0,-2.0133333333333283,30.0,-1.509999999999998,30.0,-6.613333333333372,30.0,6.613333333333372,30.0,0.0
1901,9,0.1,22.7,29.1,4.8,0.1,1901-09-01,30,144.0,-143.9,CRU-CY4.10,CRU-CY:Israel,gridded estimate; station support unavailable,30.0,-0.31333333333333324,30.0,-2.396666666666661,30.0,-1.7766666666666637,30.0,-3.4000000000000057,30.0,3.0866666666666447,30.0,0.006666666666666668
1901,10,4.5,20.8,27.2,3.6,1.5,1901-10-01,31,111.60000000000001,-107.10000000000001,CRU-CY4.10,CRU-CY:Israel,gridded estimate; station support unavailable,30.0,-11.459999999999999,30.0,-1.6233333333333277,30.0,-1.0700000000000003,30.0,-0.723333333333315,30.0,-10.73666666666665,30.0,-1.0799999999999996
1901,11,39.0,16.2,22.1,2.5,4.7,1901-11-01,30,75.0,-36.0,CRU-CY4.10,CRU-CY:Israel,gridded estimate; station support unavailable,30.0,-12.326666666666668,30.0,-1.5166666666666622,30.0,-1.2399999999999913,30.0,0.20000000000000284,30.0,-12.526666666666674,30.0,-0.2333333333333325
1901,12,107.6,13.5,18.6,1.9,10.2,1901-12-01,31,58.9,48.699999999999996,CRU-CY4.10,CRU-CY:Israel,gridded estimate; station support unavailable,30.0,16.11333333333333,30.0,-0.29999999999999893,30.0,-0.03666666666666529,30.0,1.240000000000002,30.0,14.873333333333328,30.0,1.25
1902,1,152.8,10.9,15.5,1.8,14.1,1902-01-01,31,55.800000000000004,97.0,CRU-CY4.10,CRU-CY:Israel,gridded estimate; station support unavailable,30.0,44.27666666666666,30.0,-1.3333333333333304,30.0,-1.2866666666666653,30.0,-1.0333333333333314,30.0,45.31000000000002,30.0,3.1233333333333313
1902,2,36.0,14.1,19.0,2.5,7.6,1902-02-01,28,70.0,-34.0,CRU-CY4.10,CRU-CY:Israel,gridded estimate; station support unavailable,30.0,-44.58666666666667,30.0,1.2533333333333339,30.0,1.1566666666666698,30.0,1.980000000000004,30.0,-46.56666666666666,30.0,-2.753333333333334
1902,3,40.0,13.4,18.8,3.1,6.7,1902-03-01,31,96.10000000000001,-56.10000000000001,CRU-CY4.10,CRU-CY:Israel,gridded estimate; station support unavailable,30.0,-4.169999999999995,30.0,-1.7633333333333319,30.0,-1.8166666666666664,30.0,-4.133333333333326,30.0,-0.036666666666683057,30.0,0.336666666666666
1902,4,32.7,16.5,22.7,4.2,4.5,1902-04-01,30,126.0,-93.3,CRU-CY4.10,CRU-CY:Israel,gridded estimate; station support unavailable,30.0,16.680000000000003,30.0,-1.8933333333333309,30.0,-1.9499999999999957,30.0,-8.400000000000006,30.0,25.080000000000013,30.0,2.006666666666667
1902,5,0.8,19.4,25.8,5.2,0.5,1902-05-01,31,161.20000000000002,-160.4,CRU-CY4.10,CRU-CY:Israel,gridded estimate; station support unavailable,30.0,-3.783333333333333,30.0,-2.15666666666667,30.0,-2.1800000000000033,30.0,-6.509999999999991,30.0,2.7266666666666595,30.0,-0.6000000000000003
1902,6,0.0,21.0,27.2,5.9,0.0,1902-06-01,30,177.0,-177.0,CRU-CY4.10,CRU-CY:Israel,gridded estimate; station support unavailable,30.0,-0.10666666666666669,30.0,-3.3133333333333326,30.0,-3.3500000000000014,30.0,-16.900000000000006,30.0,16.79333333333335,30.0,-0.05000000000000001
1902,7,0.0,23.6,29.5,6.0,0.0,1902-07-01,31,186.0,-186.0,CRU-CY4.10,CRU-CY:Israel,gridded estimate; station support unavailable,30.0,0.0,30.0,-2.6999999999999993,30.0,-2.653333333333329,30.0,-16.016666666666737,30.0,16.016666666666737,30.0,0.0
1902,8,0.0,24.0,29.9,5.6,0.0,1902-08-01,31,173.6,-173.6,CRU-CY4.10,CRU-CY:Israel,gridded estimate; station support unavailable,30.0,0.0,30.0,-2.7133333333333276,30.0,-2.509999999999998,30.0,-12.813333333333361,30.0,12.813333333333361,30.0,0.0
1902,9,0.0,23.5,29.4,4.8,0.0,1902-09-01,30,144.0,-144.0,CRU-CY4.10,CRU-CY:Israel,gridded estimate; station support unavailable,30.0,-0.4133333333333333,30.0,-1.5966666666666605,30.0,-1.4766666666666666,30.0,-3.4000000000000057,30.0,2.9866666666666504,30.0,-0.09333333333333334
1902,10,12.8,21.2,27.1,3.5,2.5,1902-10-01,31,108.5,-95.7,CRU-CY4.10,CRU-CY:Israel,gridded estimate; station support unavailable,30.0,-3.1599999999999984,30.0,-1.2233333333333292,30.0,-1.1699999999999982,30.0,-3.8233333333333235,30.0,0.6633333333333553,30.0,-0.07999999999999963
1902,11,117.2,15.9,21.5,2.4,9.3,1902-11-01,30,72.0,45.2,CRU-CY4.10,CRU-CY:Israel,gridded estimate; station support unavailable,30.0,65.87333333333333,30.0,-1.816666666666661,30.0,-1.8399999999999928,30.0,-2.799999999999997,30.0,68.67333333333333,30.0,4.366666666666668
1902,12,115.6,11.8,16.6,1.7,9.6,1902-12-01,31,52.699999999999996,62.9,CRU-CY4.10,CRU-CY:Israel,gridded estimate; station support unavailable,30.0,24.11333333333333,30.0,-1.9999999999999982,30.0,-2.0366666666666653,30.0,-4.960000000000001,30.0,29.07333333333333,30.0,0.6500000000000004
1903,1,102.1,9.9,14.5,1.7,10.9,1903-01-01,31,52.699999999999996,49.4,CRU-CY4.10,CRU-CY:Israel,gridded estimate; station support unavailable,30.0,-6.42333333333336,30.0,-2.3333333333333304,30.0,-2.2866666666666653,30.0,-4.13333333333334,30.0,-2.289999999999985,30.0,-0.07666666666666799
1903,2,80.3,10.0,14.9,2.2,10.4,1903-02-01,28,61.60000000000001,18.69999999999999,CRU-CY4.10,CRU-CY:Israel,gridded estimate; station support unavailable,30.0,-0.28666666666667595,30.0,-2.846666666666666,30.0,-2.94333333333333,30.0,-6.4199999999999875,30.0,6.133333333333322,30.0,0.046666666666666856
1903,3,54.8,13.0,18.4,3.1,8.4,1903-03-01,31,96.10000000000001,-41.30000000000001,CRU-CY4.10,CRU-CY:Israel,gridded estimate; station support unavailable,30.0,10.630000000000003,30.0,-2.163333333333332,30.0,-2.2166666666666686,30.0,-4.133333333333326,30.0,14.763333333333314,30.0,2.036666666666666
1903,4,3.8,16.4,22.6,4.2,1.4,1903-04-01,30,126.0,-122.2,CRU-CY4.10,CRU-CY:Israel,gridded estimate; station support unavailable,30.0,-12.219999999999999,30.0,-1.9933333333333323,30.0,-2.0499999999999936,30.0,-8.400000000000006,30.0,-3.819999999999993,30.0,-1.0933333333333333
1903,5,1.1,19.8,26.3,5.2,0.3,1903-05-01,31,161.20000000000002,-160.10000000000002,CRU-CY4.10,CRU-CY:Israel,gridded estimate; station support unavailable,30.0,-3.483333333333333,30.0,-1.7566666666666677,30.0,-1.6800000000000033,30.0,-6.509999999999991,30.0,3.0266666666666424,30.0,-0.8000000000000003
1903,6,0.2,21.1,27.3,6.0,0.3,1903-06-01,30,180.0,-179.8,CRU-CY4.10,CRU-CY:Israel,gridded estimate; station support unavailable,30.0,0.09333333333333332,30.0,-3.213333333333331,30.0,-3.25,30.0,-13.900000000000006,30.0,13.99333333333334,30.0,0.24999999999999997
1903,7,0.0,22.5,28.4,5.9,0.0,1903-07-01,31,182.9,-182.9,CRU-CY4.10,CRU-CY:Israel,gridded estimate; station support unavailable,30.0,0.0,30.0,-3.8000000000000007,30.0,-3.7533333333333303,30.0,-19.11666666666673,30.0,19.11666666666673,30.0,0.0
1903,8,0.0,23.7,29.5,5.6,0.0,1903-08-01,31,173.6,-173.6,CRU-CY4.10,CRU-CY:Israel,gridded estimate; station support unavailable,30.0,0.0,30.0,-3.0133333333333283,30.0,-2.9099999999999966,30.0,-12.813333333333361,30.0,12.813333333333361,30.0,0.0
1903,9,0.0,21.3,27.2,4.5,0.0,1903-09-01,30,135.0,-135.0,CRU-CY4.10,CRU-CY:Israel,gridded estimate; station support unavailable,30.0,-0.4133333333333333,30.0,-3.7966666666666598,30.0,-3.676666666666666,30.0,-12.400000000000006,30.0,11.98666666666665,30.0,-0.09333333333333334
1903,10,5.2,19.0,24.9,3.3,1.4,1903-10-01,31,102.3,-97.1,CRU-CY4.10,CRU-CY:Israel,gridded estimate; station support unavailable,30.0,-10.759999999999998,30.0,-3.4233333333333285,30.0,-3.370000000000001,30.0,-10.023333333333326,30.0,-0.7366666666666362,30.0,-1.1799999999999997
1903,11,46.6,14.8,20.4,2.3,4.9,1903-11-01,30,69.0,-22.4,CRU-CY4.10,CRU-CY:Israel,gridded estimate; station support unavailable,30.0,-4.726666666666667,30.0,-2.9166666666666607,30.0,-2.939999999999994,30.0,-5.799999999999997,30.0,1.073333333333327,30.0,-0.03333333333333233
1903,12,76.0,12.6,17.4,1.7,8.4,1903-12-01,31,52.699999999999996,23.300000000000004,CRU-CY4.10,CRU-CY:Israel,gridded estimate; station support unavailable,30.0,-15.486666666666665,30.0,-1.1999999999999993,30.0,-1.2366666666666681,30.0,-4.960000000000001,30.0,-10.526666666666664,30.0,-0.5499999999999989
1904,1,144.8,10.8,15.4,1.7,13.8,1904-01-01,31,52.699999999999996,92.10000000000002,CRU-CY4.10,CRU-CY:Israel,gridded estimate; station support unavailable,30.0,36.27666666666666,30.0,-1.43333333333333,30.0,-1.386666666666665,30.0,-4.13333333333334,30.0,40.41000000000004,30.0,2.8233333333333324
1904,2,61.9,12.4,17.4,2.3,9.4,1904-02-01,29,66.69999999999999,-4.79999999999999,CRU-CY4.10,CRU-CY:Israel,gridded estimate; station support unavailable,30.0,-18.686666666666675,30.0,-0.44666666666666544,30.0,-0.4433333333333316,30.0,-1.3200000000000074,30.0,-17.366666666666656,30.0,-0.9533333333333331
1904,3,52.8,13.7,19.1,3.1,6.8,1904-03-01,31,96.10000000000001,-43.30000000000001,CRU-CY4.10,CRU-CY:Israel,gridded estimate; station support unavailable,30.0,8.630000000000003,30.0,-1.463333333333333,30.0,-1.5166666666666657,30.0,-4.133333333333326,30.0,12.763333333333314,30.0,0.43666666666666565
1904,4,36.4,15.5,21.7,4.0,4.8,1904-04-01,30,120.0,-83.6,CRU-CY4.10,CRU-CY:Israel,gridded estimate; station support unavailable,30.0,20.38,30.0,-2.893333333333331,30.0,-2.9499999999999957,30.0,-14.400000000000006,30.0,34.780000000000015,30.0,2.3066666666666666
1904,5,6.9,18.5,25.0,5.1,1.2,1904-05-01,31,158.1,-151.2,CRU-CY4.10,CRU-CY:Israel,gridded estimate; station support unavailable,30.0,2.3166666666666673,30.0,-3.0566666666666684,30.0,-2.980000000000004,30.0,-9.610000000000014,30.0,11.926666666666677,30.0,0.09999999999999964
1904,6,0.3,21.3,27.6,6.0,0.3,1904-06-01,30,180.0,-179.7,CRU-CY4.10,CRU-CY:Israel,gridded estimate; station support unavailable,30.0,0.1933333333333333,30.0,-3.013333333333332,30.0,-2.9499999999999993,30.0,-13.900000000000006,30.0,14.093333333333362,30.0,0.24999999999999997
1904,7,0.0,23.7,29.6,6.0,0.0,1904-07-01,31,186.0,-186.0,CRU-CY4.10,CRU-CY:Israel,gridded estimate; station support unavailable,30.0,0.0,30.0,-2.6000000000000014,30.0,-2.5533333333333275,30.0,-16.016666666666737,30.0,16.016666666666737,30.0,0.0
1904,8,0.0,24.1,29.9,5.6,0.0,1904-08-01,31,173.6,-173.6,CRU-CY4.10,CRU-CY:Israel,gridded estimate; station support unavailable,30.0,0.0,30.0,-2.613333333333326,30.0,-2.509999999999998,30.0,-12.813333333333361,30.0,12.813333333333361,30.0,0.0
1904,9,0.1,22.6,28.5,4.6,0.1,1904-09-01,30,138.0,-137.9,CRU-CY4.10,CRU-CY:Israel,gridded estimate; station support unavailable,30.0,-0.31333333333333324,30.0,-2.496666666666659,30.0,-2.376666666666665,30.0,-9.400000000000006,30.0,9.086666666666645,30.0,0.006666666666666668
1904,10,22.9,21.8,27.7,3.6,3.3,1904-10-01,31,111.60000000000001,-88.70000000000002,CRU-CY4.10,CRU-CY:Israel,gridded estimate; station support unavailable,30.0,6.9399999999999995,30.0,-0.6233333333333277,30.0,-0.5700000000000003,30.0,-0.723333333333315,30.0,7.663333333333341,30.0,0.7200000000000002
1904,11,99.7,15.5,21.1,2.3,8.7,1904-11-01,30,69.0,30.700000000000003,CRU-CY4.10,CRU-CY:Israel,gridded estimate; station support unavailable,30.0,48.373333333333335,30.0,-2.2166666666666615,30.0,-2.2399999999999913,30.0,-5.799999999999997,30.0,54.17333333333333,30.0,3.7666666666666666
1904,12,232.1,11.0,15.8,1.7,15.4,1904-12-01,31,52.699999999999996,179.4,CRU-CY4.10,CRU-CY:Israel,gridded estimate; station support unavailable,30.0,140.61333333333334,30.0,-2.799999999999999,30.0,-2.836666666666666,30.0,-4.960000000000001,30.0,145.57333333333332,30.0,6.450000000000001
1905,1,95.9,9.4,14.0,1.7,11.1,1905-01-01,31,52.699999999999996,43.20000000000001,CRU-CY4.10,CRU-CY:Israel,gridded estimate; station support unavailable,30.0,-12.623333333333349,30.0,-2.8333333333333304,30.0,-2.7866666666666653,30.0,-4.13333333333334,30.0,-8.489999999999974,30.0,0.1233333333333313
1905,2,94.0,9.3,14.2,2.1,11.1,1905-02-01,28,58.800000000000004,35.199999999999996,CRU-CY4.10,CRU-CY:Israel,gridded estimate; station support unavailable,30.0,13.413333333333327,30.0,-3.546666666666665,30.0,-3.643333333333331,30.0,-9.219999999999992,30.0,22.63333333333333,30.0,0.7466666666666661
1905,3,95.3,12.2,17.6,3.0,10.7,1905-03-01,31,93.0,2.299999999999997,CRU-CY4.10,CRU-CY:Israel,gridded estimate; station support unavailable,30.0,51.13,30.0,-2.963333333333333,30.0,-3.0166666666666657,30.0,-7.233333333333334,30.0,58.36333333333332,30.0,4.336666666666665
1905,4,31.7,16.7,22.9,4.1,4.1,1905-04-01,30,122.99999999999999,-91.29999999999998,CRU-CY4.10,CRU-CY:Israel,gridded estimate; station support unavailable,30.0,15.68,30.0,-1.6933333333333316,30.0,-1.7499999999999964,30.0,-11.40000000000002,30.0,27.080000000000027,30.0,1.6066666666666665
1905,5,4.3,20.2,26.6,5.3,0.7,1905-05-01,31,164.29999999999998,-159.99999999999997,CRU-CY4.10,CRU-CY:Israel,gridded estimate; station support unavailable,30.0,-0.2833333333333332,30.0,-1.3566666666666691,30.0,-1.3800000000000026,30.0,-3.410000000000025,30.0,3.1266666666666936,30.0,-0.40000000000000036
1905,6,0.1,22.1,28.3,6.1,0.3,1905-06-01,30,183.0,-182.9,CRU-CY4.10,CRU-CY:Israel,gridded estimate; station support unavailable,30.0,-0.006666666666666682,30.0,-2.213333333333331,30.0,-2.25,30.0,-10.900000000000006,30.0,10.893333333333345,30.0,0.24999999999999997
1905,7,0.0,24.8,30.8,6.3,0.0,1905-07-01,31,195.29999999999998,-195.29999999999998,CRU-CY4.10,CRU-CY:Israel,gridded estimate; station support unavailable,30.0,0.0,30.0,-1.5,30.0,-1.3533333333333282,30.0,-6.716666666666754,30.0,6.716666666666754,30.0,0.0
1905,8,0.0,24.9,30.7,5.7,0.0,1905-08-01,31,176.70000000000002,-176.70000000000002,CRU-CY4.10,CRU-CY:Israel,gridded estimate; station support unavailable,30.0,0.0,30.0,-1.813333333333329,30.0,-1.7099999999999973,30.0,-9.713333333333338,30.0,9.713333333333338,30.0,0.0
1905,9,0.3,23.6,29.6,4.7,0.1,1905-09-01,30,141.0,-140.7,CRU-CY4.10,CRU-CY:Israel,gridded estimate; station support unavailable,30.0,-0.11333333333333329,30.0,-1.496666666666659,30.0,-1.2766666666666637,30.0,-6.400000000000006,30.0,6.286666666666662,30.0,0.006666666666666668
1905,10,15.2,22.2,28.1,3.6,3.0,1905-10-01,31,111.60000000000001,-96.4,CRU-CY4.10,CRU-CY:Israel,gridded estimate; station support unavailable,30.0,-0.7599999999999998,30.0,-0.22333333333332916,30.0,-0.16999999999999815,30.0,-0.723333333333315,30.0,-0.03666666666664753,30.0,0.4200000000000004
1905,11,20.6,18.2,23.8,2.6,2.2,1905-11-01,30,78.0,-57.4,CRU-CY4.10,CRU-CY:Israel,gridded estimate; station support unavailable,30.0,-30.726666666666667,30.0,0.48333333333333783,30.0,0.46000000000000796,30.0,3.200000000000003,30.0,-33.92666666666668,30.0,-2.7333333333333325
1905,12,211.0,11.6,16.4,1.7,14.0,1905-12-01,31,52.699999999999996,158.3,CRU-CY4.10,CRU-CY:Israel,gridded estimate; station support unavailable,30.0,119.51333333333334,30.0,-2.1999999999999993,30.0,-2.236666666666668,30.0,-4.960000000000001,30.0,124.47333333333334,30.0,5.050000000000001
1906,1,109.0,11.0,15.5,1.8,12.0,1906-01-01,31,55.800000000000004,53.199999999999996,CRU-CY4.10,CRU-CY:Israel,gridded estimate; station support unavailable,30.0,0.47666666666664526,30.0,-1.2333333333333307,30.0,-1.2866666666666653,30.0,-1.0333333333333314,30.0,1.5100000000000122,30.0,1.0233333333333317
1906,2,93.6,11.8,16.7,2.3,10.5,1906-02-01,28,64.39999999999999,29.200000000000003,CRU-CY4.10,CRU-CY:Israel,gridded estimate; station support unavailable,30.0,13.013333333333321,30.0,-1.046666666666665,30.0,-1.1433333333333309,30.0,-3.6200000000000045,30.0,16.633333333333336,30.0,0.1466666666666665
1906,3,46.2,13.8,19.2,3.1,7.4,1906-03-01,31,96.10000000000001,-49.900000000000006,CRU-CY4.10,CRU-CY:Israel,gridded estimate; station support unavailable,30.0,2.0300000000000082,30.0,-1.3633333333333315,30.0,-1.4166666666666679,30.0,-4.133333333333326,30.0,6.16333333333332,30.0,1.0366666666666662
1906,4,54.6,16.8,23.0,4.3,3.8,1906-04-01,30,129.0,-74.4,CRU-CY4.10,CRU-CY:Israel,gridded estimate; station support unavailable,30.0,38.58,30.0,-1.5933333333333302,30.0,-1.649999999999995,30.0,-5.400000000000006,30.0,43.980000000000004,30.0,1.3066666666666666
1906,5,22.5,18.9,25.4,5.2,3.5,1906-05-01,31,161.20000000000002,-138.70000000000002,CRU-CY4.10,CRU-CY:Israel,gridded estimate; station support unavailable,30.0,17.916666666666668,30.0,-2.65666666666667,30.0,-2.5800000000000054,30.0,-6.509999999999991,30.0,24.426666666666648,30.0,2.3999999999999995
1906,6,0.5,22.7,29.0,6.2,0.5,1906-06-01,30,186.0,-185.5,CRU-CY4.10,CRU-CY:Israel,gridded estimate; station support unavailable,30.0,0.3933333333333333,30.0,-1.6133333333333333,30.0,-1.5500000000000007,30.0,-7.900000000000006,30.0,8.29333333333335,30.0,0.45
1906,7,0.0,24.5,30.5,6.2,0.0,1906-07-01,31,192.20000000000002,-192.20000000000002,CRU-CY4.10,CRU-CY:Israel,gridded estimate; station support unavailable,30.0,0.0,30.0,-1.8000000000000007,30.0,-1.6533333333333289,30.0,-9.81666666666672,30.0,9.81666666666672,30.0,0.0
1906,8,0.0,24.7,30.5,5.7,0.0,1906-08-01,31,176.70000000000002,-176.70000000000002,CRU-CY4.10,CRU-CY:Israel,gridded estimate; station support unavailable,30.0,0.0,30.0,-2.0133333333333283,30.0,-1.9099999999999966,30.0,-9.713333333333338,30.0,9.713333333333338,30.0,0.0
1906,9,0.0,22.5,28.4,4.6,0.0,1906-09-01,30,138.0,-138.0,CRU-CY4.10,CRU-CY:Israel,gridded estimate; station support unavailable,30.0,-0.4133333333333333,30.0,-2.5966666666666605,30.0,-2.4766666666666666,30.0,-9.400000000000006,30.0,8.98666666666665,30.0,-0.09333333333333334
1906,10,15.2,21.0,26.9,3.5,2.2,1906-10-01,31,108.5,-93.3,CRU-CY4.10,CRU-CY:Israel,gridded estimate; station support unavailable,30.0,-0.7599999999999998,30.0,-1.4233333333333285,30.0,-1.370000000000001,30.0,-3.8233333333333235,30.0,3.063333333333361,30.0,-0.37999999999999945
1906,11,50.9,17.1,22.7,2.5,4.8,1906-11-01,30,75.0,-24.1,CRU-CY4.10,CRU-CY:Israel,gridded estimate; station support unavailable,30.0,-0.4266666666666694,30.0,-0.61666666666666,30.0,-0.6399999999999935,30.0,0.20000000000000284,30.0,-0.6266666666666758,30.0,-0.13333333333333286
1906,12,55.5,14.2,18.9,1.9,5.8,1906-12-01,31,58.9,-3.3999999999999986,CRU-CY4.10,CRU-CY:Israel,gridded estimate; station support unavailable,30.0,-35.986666666666665,30.0,0.40000000000000036,30.0,0.26333333333333186,30.0,1.240000000000002,30.0,-37.22666666666667,30.0,-3.1499999999999995
1907,1,226.0,10.9,15.5,1.8,17.3,1907-01-01,31,55.800000000000004,170.2,CRU-CY4.10,CRU-CY:Israel,gridded estimate; station support unavailable,30.0,117.47666666666665,30.0,-1.3333333333333304,30.0,-1.2866666666666653,30.0,-1.0333333333333314,30.0,118.51,30.0,6.323333333333332
1907,2,94.5,11.7,16.6,2.3,12.1,1907-02-01,28,64.39999999999999,30.10000000000001,CRU-CY4.10,CRU-CY:Israel,gridded estimate; station support unavailable,30.0,13.913333333333327,30.0,-1.1466666666666665,30.0,-1.2433333333333287,30.0,-3.6200000000000045,30.0,17.533333333333342,30.0,1.7466666666666661
1907,3,68.4,11.5,16.9,2.9,8.7,1907-03-01,31,89.89999999999999,-21.499999999999986,CRU-CY4.10,CRU-CY:Israel,gridded estimate; station support unavailable,30.0,24.23000000000001,30.0,-3.663333333333332,30.0,-3.7166666666666686,30.0,-10.333333333333343,30.0,34.56333333333334,30.0,2.336666666666665
1907,4,13.3,16.0,22.2,4.1,2.5,1907-04-01,30,122.99999999999999,-109.69999999999999,CRU-CY4.10,CRU-CY:Israel,gridded estimate; station support unavailable,30.0,-2.719999999999999,30.0,-2.393333333333331,30.0,-2.4499999999999957,30.0,-11.40000000000002,30.0,8.680000000000021,30.0,0.006666666666666821
1907,5,0.7,19.4,25.9,5.2,0.3,1907-05-01,31,161.20000000000002,-160.50000000000003,CRU-CY4.10,CRU-CY:Israel,gridded estimate; station support unavailable,30.0,-3.883333333333333,30.0,-2.15666666666667,30.0,-2.0800000000000054,30.0,-6.509999999999991,30.0,2.6266666666666367,30.0,-0.8000000000000003
1907,6,0.0,22.1,28.4,6.1,0.1,1907-06-01,30,183.0,-183.0,CRU-CY4.10,CRU-CY:Israel,gridded estimate; station support unavailable,30.0,-0.10666666666666669,30.0,-2.213333333333331,30.0,-2.150000000000002,30.0,-10.900000000000006,30.0,10.79333333333335,30.0,0.049999999999999996
1907,7,0.0,24.4,30.4,6.2,0.0,1907-07-01,31,192.20000000000002,-192.20000000000002,CRU-CY4.10,CRU-CY:Israel,gridded estimate; station support unavailable,30.0,0.0,30.0,-1.9000000000000021,30.0,-1.7533333333333303,30.0,-9.81666666666672,30.0,9.81666666666672,30.0,0.0
1907,8,0.0,24.8,30.6,5.7,0.0,1907-08-01,31,176.70000000000002,-176.70000000000002,CRU-CY4.10,CRU-CY:Israel,gridded estimate; station support unavailable,30.0,0.0,30.0,-1.913333333333327,30.0,-1.8099999999999952,30.0,-9.713333333333338,30.0,9.713333333333338,30.0,0.0
1907,9,0.7,22.2,28.2,4.6,0.2,1907-09-01,30,138.0,-137.3,CRU-CY4.10,CRU-CY:Israel,gridded estimate; station support unavailable,30.0,0.2866666666666667,30.0,-2.896666666666661,30.0,-2.676666666666666,30.0,-9.400000000000006,30.0,9.686666666666639,30.0,0.10666666666666667
1907,10,9.3,20.2,26.1,3.4,2.2,1907-10-01,31,105.39999999999999,-96.1,CRU-CY4.10,CRU-CY:Israel,gridded estimate; station support unavailable,30.0,-6.659999999999998,30.0,-2.223333333333329,30.0,-2.169999999999998,30.0,-6.923333333333332,30.0,0.26333333333336384,30.0,-0.37999999999999945
1907,11,81.9,15.5,21.0,2.4,6.6,1907-11-01,30,72.0,9.900000000000006,CRU-CY4.10,CRU-CY:Israel,gridded estimate; station support unavailable,30.0,30.573333333333338,30.0,-2.2166666666666615,30.0,-2.3399999999999928,30.0,-2.799999999999997,30.0,33.373333333333335,30.0,1.666666666666667
1907,12,79.1,12.8,17.5,1.8,8.4,1907-12-01,31,55.800000000000004,23.29999999999999,CRU-CY4.10,CRU-CY:Israel,gridded estimate; station support unavailable,30.0,-12.38666666666667,30.0,-0.9999999999999982,30.0,-1.1366666666666667,30.0,-1.8599999999999923,30.0,-10.526666666666678,30.0,-0.5499999999999989
1908,1,148.4,11.3,15.9,1.8,13.9,1908-01-01,31,55.800000000000004,92.6,CRU-CY4.10,CRU-CY:Israel,gridded estimate; station support unavailable,30.0,39.87666666666665,30.0,-0.93333333333333,30.0,-0.8866666666666649,30.0,-1.0333333333333314,30.0,40.91000000000001,30.0,2.923333333333332
1908,2,99.3,11.4,16.3,2.4,12.4,1908-02-01,29,69.6,29.700000000000003,CRU-CY4.10,CRU-CY:Israel,gridded estimate; station support unavailable,30.0,18.713333333333324,30.0,-1.4466666666666654,30.0,-1.5433333333333294,30.0,1.5799999999999983,30.0,17.133333333333336,30.0,2.046666666666667
1908,3,90.3,13.9,19.2,3.1,10.5,1908-03-01,31,96.10000000000001,-5.800000000000011,CRU-CY4.10,CRU-CY:Israel,gridded estimate; station support unavailable,30.0,46.13,30.0,-1.2633333333333319,30.0,-1.4166666666666679,30.0,-4.133333333333326,30.0,50.263333333333314,30.0,4.136666666666666
1908,4,30.2,16.8,23.0,4.3,4.4,1908-04-01,30,129.0,-98.8,CRU-CY4.10,CRU-CY:Israel,gridded estimate; station support unavailable,30.0,14.18,30.0,-1.5933333333333302,30.0,-1.649999999999995,30.0,-5.400000000000006,30.0,19.580000000000013,30.0,1.9066666666666672
1908,5,2.4,20.7,27.1,5.4,0.9,1908-05-01,31,167.4,-165.0,CRU-CY4.10,CRU-CY:Israel,gridded estimate; station support unavailable,30.0,-2.183333333333333,30.0,-0.8566666666666691,30.0,-0.8800000000000026,30.0,-0.3100000000000023,30.0,-1.8733333333333348,30.0,-0.2000000000000003
1908,6,0.7,22.6,28.8,6.2,0.4,1908-06-01,30,186.0,-185.3,CRU-CY4.10,CRU-CY:Israel,gridded estimate; station support unavailable,30.0,0.5933333333333333,30.0,-1.7133333333333312,30.0,-1.75,30.0,-7.900000000000006,30.0,8.49333333333334,30.0,0.35000000000000003
1908,7,0.0,23.9,29.8,6.2,0.0,1908-07-01,31,192.20000000000002,-192.20000000000002,CRU-CY4.10,CRU-CY:Israel,gridded estimate; station support unavailable,30.0,0.0,30.0,-2.400000000000002,30.0,-2.353333333333328,30.0,-9.81666666666672,30.0,9.81666666666672,30.0,0.0
1908,8,0.0,24.3,30.1,5.7,0.0,1908-08-01,31,176.70000000000002,-176.70000000000002,CRU-CY4.10,CRU-CY:Israel,gridded estimate; station support unavailable,30.0,0.0,30.0,-2.413333333333327,30.0,-2.309999999999995,30.0,-9.713333333333338,30.0,9.713333333333338,30.0,0.0
1908,9,0.1,22.6,28.5,4.6,0.0,1908-09-01,30,138.0,-137.9,CRU-CY4.10,CRU-CY:Israel,gridded estimate; station support unavailable,30.0,-0.31333333333333324,30.0,-2.496666666666659,30.0,-2.376666666666665,30.0,-9.400000000000006,30.0,9.086666666666645,30.0,-0.09333333333333334
1908,10,0.9,20.5,26.4,3.5,0.4,1908-10-01,31,108.5,-107.6,CRU-CY4.10,CRU-CY:Israel,gridded estimate; station support unavailable,30.0,-15.059999999999999,30.0,-1.9233333333333285,30.0,-1.870000000000001,30.0,-3.8233333333333235,30.0,-11.236666666666636,30.0,-2.1799999999999997
1908,11,74.2,15.4,21.0,2.4,6.5,1908-11-01,30,72.0,2.200000000000003,CRU-CY4.10,CRU-CY:Israel,gridded estimate; station support unavailable,30.0,22.873333333333335,30.0,-2.316666666666661,30.0,-2.3399999999999928,30.0,-2.799999999999997,30.0,25.67333333333333,30.0,1.5666666666666673
1908,12,108.1,11.1,15.8,1.7,9.3,1908-12-01,31,52.699999999999996,55.4,CRU-CY4.10,CRU-CY:Israel,gridded estimate; station support unavailable,30.0,16.61333333333333,30.0,-2.6999999999999993,30.0,-2.836666666666666,30.0,-4.960000000000001,30.0,21.57333333333333,30.0,0.3500000000000014
1909,1,95.9,11.0,15.5,1.8,11.0,1909-01-01,31,55.800000000000004,40.1,CRU-CY4.10,CRU-CY:Israel,gridded estimate; station support unavailable,30.0,-12.623333333333349,30.0,-1.2333333333333307,30.0,-1.2866666666666653,30.0,-1.0333333333333314,30.0,-11.589999999999982,30.0,0.02333333333333165
1909,2,47.4,11.8,16.7,2.3,6.8,1909-02-01,28,64.39999999999999,-16.999999999999993,CRU-CY4.10,CRU-CY:Israel,gridded estimate; station support unavailable,30.0,-33.186666666666675,30.0,-1.046666666666665,30.0,-1.1433333333333309,30.0,-3.6200000000000045,30.0,-29.56666666666666,30.0,-3.5533333333333337
1909,3,24.6,15.6,21.0,3.3,5.1,1909-03-01,31,102.3,-77.69999999999999,CRU-CY4.10,CRU-CY:Israel,gridded estimate; station support unavailable,30.0,-19.569999999999993,30.0,0.4366666666666674,30.0,0.38333333333333286,30.0,2.066666666666663,30.0,-21.636666666666663,30.0,-1.2633333333333345
1909,4,67.6,15.1,21.3,4.1,6.5,1909-04-01,30,122.99999999999999,-55.39999999999999,CRU-CY4.10,CRU-CY:Israel,gridded estimate; station support unavailable,30.0,51.58,30.0,-3.2933333333333312,30.0,-3.3499999999999943,30.0,-11.40000000000002,30.0,62.98000000000002,30.0,4.006666666666667
1909,5,8.4,22.6,29.1,5.6,1.8,1909-05-01,31,173.6,-165.2,CRU-CY4.10,CRU-CY:Israel,gridded estimate; station support unavailable,30.0,3.8166666666666673,30.0,1.043333333333333,30.0,1.1199999999999974,30.0,5.889999999999986,30.0,-2.0733333333333235,30.0,0.6999999999999997
1909,6,0.1,23.2,29.4,6.3,0.1,1909-06-01,30,189.0,-188.9,CRU-CY4.10,CRU-CY:Israel,gridded estimate; station support unavailable,30.0,-0.006666666666666682,30.0,-1.1133333333333333,30.0,-1.1500000000000021,30.0,-4.900000000000006,30.0,4.893333333333345,30.0,0.049999999999999996
1909,7,0.0,25.4,31.3,6.3,0.0,1909-07-01,31,195.29999999999998,-195.29999999999998,CRU-CY4.10,CRU-CY:Israel,gridded estimate; station support unavailable,30.0,0.0,30.0,-0.9000000000000021,30.0,-0.8533333333333282,30.0,-6.716666666666754,30.0,6.716666666666754,30.0,0.0
1909,8,0.0,25.7,31.5,5.8,0.0,1909-08-01,31,179.79999999999998,-179.79999999999998,CRU-CY4.10,CRU-CY:Israel,gridded estimate; station support unavailable,30.0,0.0,30.0,-1.0133333333333283,30.0,-0.9099999999999966,30.0,-6.613333333333372,30.0,6.613333333333372,30.0,0.0
1909,9,1.5,23.7,29.6,4.7,0.4,1909-09-01,30,141.0,-139.5,CRU-CY4.10,CRU-CY:Israel,gridded estimate; station support unavailable,30.0,1.0866666666666667,30.0,-1.3966666666666612,30.0,-1.2766666666666637,30.0,-6.400000000000006,30.0,7.48666666666665,30.0,0.3066666666666667
1909,10,43.1,21.1,27.0,3.5,4.2,1909-10-01,31,108.5,-65.4,CRU-CY4.10,CRU-CY:Israel,gridded estimate; station support unavailable,30.0,27.14,30.0,-1.323333333333327,30.0,-1.2699999999999996,30.0,-3.8233333333333235,30.0,30.963333333333352,30.0,1.6200000000000006
1909,11,50.9,17.8,23.3,2.5,5.7,1909-11-01,30,75.0,-24.1,CRU-CY4.10,CRU-CY:Israel,gridded estimate; station support unavailable,30.0,-0.4266666666666694,30.0,0.08333333333333925,30.0,-0.03999999999999204,30.0,0.20000000000000284,30.0,-0.6266666666666758,30.0,0.7666666666666675
1909,12,64.1,14.4,19.2,1.9,7.2,1909-12-01,31,58.9,5.199999999999996,CRU-CY4.10,CRU-CY:Israel,gridded estimate; station support unavailable,30.0,-27.38666666666667,30.0,0.6000000000000014,30.0,0.5633333333333326,30.0,1.240000000000002,30.0,-28.626666666666672,30.0,-1.7499999999999991
1910,1,107.7,10.8,15.4,1.8,10.7,1910-01-01,31,55.800000000000004,51.9,CRU-CY4.10,CRU-CY:Israel,gridded estimate; station support unavailable,30.0,-0.8233333333333519,30.0,-1.43333333333333,30.0,-1.386666666666665,30.0,-1.0333333333333314,30.0,0.21000000000001506,30.0,-0.27666666666666906
1910,2,32.3,12.4,17.4,2.4,6.1,1910-02-01,28,67.2,-34.900000000000006,CRU-CY4.10,CRU-CY:Israel,gridded estimate; station support unavailable,30.0,-48.286666666666676,30.0,-0.44666666666666544,30.0,-0.4433333333333316,30.0,-0.8199999999999932,30.0,-47.46666666666667,30.0,-4.253333333333334
1910,3,109.5,11.2,16.6,2.8,10.3,1910-03-01,31,86.8,22.700000000000003,CRU-CY4.10,CRU-CY:Israel,gridded estimate; station support unavailable,30.0,65.33000000000001,30.0,-3.963333333333333,30.0,-4.016666666666666,30.0,-13.433333333333337,30.0,78.76333333333332,30.0,3.9366666666666665
1910,4,25.0,17.8,24.0,4.4,4.0,1910-04-01,30,132.0,-107.0,CRU-CY4.10,CRU-CY:Israel,gridded estimate; station support unavailable,30.0,8.98,30.0,-0.5933333333333302,30.0,-0.649999999999995,30.0,-2.4000000000000057,30.0,11.38000000000001,30.0,1.5066666666666668
1910,5,5.9,20.1,26.5,5.3,1.7,1910-05-01,31,164.29999999999998,-158.39999999999998,CRU-CY4.10,CRU-CY:Israel,gridded estimate; station support unavailable,30.0,1.3166666666666673,30.0,-1.456666666666667,30.0,-1.480000000000004,30.0,-3.410000000000025,30.0,4.726666666666688,30.0,0.5999999999999996
1910,6,0.2,22.0,28.3,6.1,0.2,1910-06-01,30,183.0,-182.8,CRU-CY4.10,CRU-CY:Israel,gridded estimate; station support unavailable,30.0,0.09333333333333332,30.0,-2.3133333333333326,30.0,-2.25,30.0,-10.900000000000006,30.0,10.99333333333334,30.0,0.15
1910,7,0.0,24.6,30.5,6.3,0.0,1910-07-01,31,195.29999999999998,-195.29999999999998,CRU-CY4.10,CRU-CY:Israel,gridded estimate; station support unavailable,30.0,0.0,30.0,-1.6999999999999993,30.0,-1.6533333333333289,30.0,-6.716666666666754,30.0,6.716666666666754,30.0,0.0
1910,8,0.0,25.3,31.1,5.9,0.0,1910-08-01,31,182.9,-182.9,CRU-CY4.10,CRU-CY:Israel,gridded estimate; station support unavailable,30.0,0.0,30.0,-1.413333333333327,30.0,-1.3099999999999952,30.0,-3.5133333333333496,30.0,3.5133333333333496,30.0,0.0
1910,9,0.5,23.2,29.1,4.7,0.3,1910-09-01,30,141.0,-140.5,CRU-CY4.10,CRU-CY:Israel,gridded estimate; station support unavailable,30.0,0.08666666666666673,30.0,-1.8966666666666612,30.0,-1.7766666666666637,30.0,-6.400000000000006,30.0,6.48666666666665,30.0,0.20666666666666667
1910,10,16.5,19.6,25.5,3.4,2.5,1910-10-01,31,105.39999999999999,-88.89999999999999,CRU-CY4.10,CRU-CY:Israel,gridded estimate; station support unavailable,30.0,0.5400000000000009,30.0,-2.823333333333327,30.0,-2.7699999999999996,30.0,-6.923333333333332,30.0,7.463333333333367,30.0,-0.07999999999999963
1910,11,42.2,15.9,21.5,2.4,5.1,1910-11-01,30,72.0,-29.799999999999997,CRU-CY4.10,CRU-CY:Israel,gridded estimate; station support unavailable,30.0,-9.126666666666665,30.0,-1.816666666666661,30.0,-1.8399999999999928,30.0,-2.799999999999997,30.0,-6.3266666666666715,30.0,0.16666666666666696
1910,12,58.3,11.6,16.4,1.7,7.5,1910-12-01,31,52.699999999999996,5.600000000000001,CRU-CY4.10,CRU-CY:Israel,gridded estimate; station support unavailable,30.0,-33.18666666666667,30.0,-2.1999999999999993,30.0,-2.236666666666668,30.0,-4.960000000000001,30.0,-28.226666666666667,30.0,-1.4499999999999993
1911,1,169.1,10.4,15.0,1.8,14.7,1911-01-01,31,55.800000000000004,113.29999999999998,CRU-CY4.10,CRU-CY:Israel,gridded estimate; station support unavailable,30.0,60.57666666666664,30.0,-1.8333333333333304,30.0,-1.7866666666666653,30.0,-1.0333333333333314,30.0,61.61,30.0,3.723333333333331
1911,2,144.6,9.6,14.5,2.2,14.2,1911-02-01,28,61.60000000000001,82.99999999999999,CRU-CY4.10,CRU-CY:Israel,gridded estimate; station support unavailable,30.0,64.01333333333332,30.0,-3.246666666666666,30.0,-3.34333333333333,30.0,-6.4199999999999875,30.0,70.43333333333332,30.0,3.846666666666666
1911,3,68.1,12.6,18.0,3.1,8.0,1911-03-01,31,96.10000000000001,-28.000000000000014,CRU-CY4.10,CRU-CY:Israel,gridded estimate; station support unavailable,30.0,23.93,30.0,-2.5633333333333326,30.0,-2.616666666666667,30.0,-4.133333333333326,30.0,28.06333333333331,30.0,1.6366666666666658
1911,4,54.1,16.3,22.5,4.2,5.3,1911-04-01,30,126.0,-71.9,CRU-CY4.10,CRU-CY:Israel,gridded estimate; station support unavailable,30.0,38.08,30.0,-2.09333333333333,30.0,-2.149999999999995,30.0,-8.400000000000006,30.0,46.480000000000004,30.0,2.8066666666666666
1911,5,4.7,19.9,26.4,5.3,1.1,1911-05-01,31,164.29999999999998,-159.6,CRU-CY4.10,CRU-CY:Israel,gridded estimate; station support unavailable,30.0,0.11666666666666714,30.0,-1.6566666666666698,30.0,-1.5800000000000054,30.0,-3.410000000000025,30.0,3.526666666666671,30.0,-2.220446049250313e-16
1911,6,0.0,22.1,28.4,6.2,0.0,1911-06-01,30,186.0,-186.0,CRU-CY4.10,CRU-CY:Israel,gridded estimate; station support unavailable,30.0,-0.10666666666666669,30.0,-2.213333333333331,30.0,-2.150000000000002,30.0,-7.900000000000006,30.0,7.793333333333351,30.0,-0.05000000000000001
1911,7,0.0,24.3,30.2,6.2,0.0,1911-07-01,31,192.20000000000002,-192.20000000000002,CRU-CY4.10,CRU-CY:Israel,gridded estimate; station support unavailable,30.0,0.0,30.0,-2.0,30.0,-1.9533333333333296,30.0,-9.81666666666672,30.0,9.81666666666672,30.0,0.0
1911,8,0.0,24.7,30.5,5.8,0.0,1911-08-01,31,179.79999999999998,-179.79999999999998,CRU-CY4.10,CRU-CY:Israel,gridded estimate; station support unavailable,30.0,0.0,30.0,-2.0133333333333283,30.0,-1.9099999999999966,30.0,-6.613333333333372,30.0,6.613333333333372,30.0,0.0
1911,9,0.3,22.6,28.5,4.6,0.3,1911-09-01,30,138.0,-137.7,CRU-CY4.10,CRU-CY:Israel,gridded estimate; station support unavailable,30.0,-0.11333333333333329,30.0,-2.496666666666659,30.0,-2.376666666666665,30.0,-9.400000000000006,30.0,9.286666666666662,30.0,0.20666666666666667
1911,10,19.4,21.0,26.9,3.5,3.2,1911-10-01,31,108.5,-89.1,CRU-CY4.10,CRU-CY:Israel,gridded estimate; station support unavailable,30.0,3.4399999999999995,30.0,-1.4233333333333285,30.0,-1.370000000000001,30.0,-3.8233333333333235,30.0,7.263333333333364,30.0,0.6200000000000006
1911,11,53.9,17.0,22.6,2.5,6.6,1911-11-01,30,75.0,-21.1,CRU-CY4.10,CRU-CY:Israel,gridded estimate; station support unavailable,30.0,2.5733333333333306,30.0,-0.7166666666666615,30.0,-0.7399999999999913,30.0,0.20000000000000284,30.0,2.373333333333324,30.0,1.666666666666667
1911,12,211.7,13.0,17.7,1.8,14.3,1911-12-01,31,55.800000000000004,155.89999999999998,CRU-CY4.10,CRU-CY:Israel,gridded estimate; station support unavailable,30.0,120.21333333333332,30.0,-0.7999999999999989,30.0,-0.9366666666666674,30.0,-1.8599999999999923,30.0,122.07333333333331,30.0,5.350000000000001
1912,1,157.2,10.7,15.3,1.8,14.2,1912-01-01,31,55.800000000000004,101.39999999999998,CRU-CY4.10,CRU-CY:Israel,gridded estimate; station support unavailable,30.0,48.676666666666634,30.0,-1.5333333333333314,30.0,-1.4866666666666646,30.0,-1.0333333333333314,30.0,49.709999999999994,30.0,3.223333333333331
1912,2,71.0,12.7,17.7,2.4,10.2,1912-02-01,29,69.6,1.4000000000000057,CRU-CY4.10,CRU-CY:Israel,gridded estimate; station support unavailable,30.0,-9.586666666666673,30.0,-0.1466666666666665,30.0,-0.14333333333333087,30.0,1.5799999999999983,30.0,-11.16666666666666,30.0,-0.1533333333333342
1912,3,46.2,13.6,19.0,3.1,7.3,1912-03-01,31,96.10000000000001,-49.900000000000006,CRU-CY4.10,CRU-CY:Israel,gridded estimate; station support unavailable,30.0,2.0300000000000082,30.0,-1.5633333333333326,30.0,-1.6166666666666671,30.0,-4.133333333333326,30.0,6.16333333333332,30.0,0.9366666666666656
1912,4,17.2,16.6,22.8,4.2,2.9,1912-04-01,30,126.0,-108.8,CRU-CY4.10,CRU-CY:Israel,gridded estimate; station support unavailable,30.0,1.1799999999999997,30.0,-1.7933333333333294,30.0,-1.8499999999999943,30.0,-8.400000000000006,30.0,9.580000000000013,30.0,0.40666666666666673
1912,5,11.5,18.4,24.8,5.1,2.3,1912-05-01,31,158.1,-146.6,CRU-CY4.10,CRU-CY:Israel,gridded estimate; station support unavailable,30.0,6.916666666666667,30.0,-3.15666666666667,30.0,-3.1800000000000033,30.0,-9.610000000000014,30.0,16.52666666666667,30.0,1.1999999999999995
1912,6,0.0,22.3,28.5,6.1,0.0,1912-06-01,30,183.0,-183.0,CRU-CY4.10,CRU-CY:Israel,gridded estimate; station support unavailable,30.0,-0.10666666666666669,30.0,-2.013333333333332,30.0,-2.0500000000000007,30.0,-10.900000000000006,30.0,10.79333333333335,30.0,-0.05000000000000001
1912,7,0.0,23.8,29.8,6.2,0.0,1912-07-01,31,192.20000000000002,-192.20000000000002,CRU-CY4.10,CRU-CY:Israel,gridded estimate; station support unavailable,30.0,0.0,30.0,-2.5,30.0,-2.353333333333328,30.0,-9.81666666666672,30.0,9.81666666666672,30.0,0.0
1912,8,0.0,24.5,30.4,5.6,0.0,1912-08-01,31,173.6,-173.6,CRU-CY4.10,CRU-CY:Israel,gridded estimate; station support unavailable,30.0,0.0,30.0,-2.2133333333333276,30.0,-2.009999999999998,30.0,-12.813333333333361,30.0,12.813333333333361,30.0,0.0
1912,9,0.1,22.8,28.7,4.7,0.2,1912-09-01,30,141.0,-140.9,CRU-CY4.10,CRU-CY:Israel,gridded estimate; station support unavailable,30.0,-0.31333333333333324,30.0,-2.2966666666666598,30.0,-2.176666666666666,30.0,-6.400000000000006,30.0,6.086666666666645,30.0,0.10666666666666667
1912,10,39.7,21.0,26.9,3.5,4.1,1912-10-01,31,108.5,-68.8,CRU-CY4.10,CRU-CY:Israel,gridded estimate; station support unavailable,30.0,23.740000000000002,30.0,-1.4233333333333285,30.0,-1.370000000000001,30.0,-3.8233333333333235,30.0,27.56333333333336,30.0,1.52
1912,11,45.6,16.6,22.2,2.4,5.1,1912-11-01,30,72.0,-26.4,CRU-CY4.10,CRU-CY:Israel,gridded estimate; station support unavailable,30.0,-5.726666666666667,30.0,-1.11666666666666,30.0,-1.1399999999999935,30.0,-2.799999999999997,30.0,-2.926666666666673,30.0,0.16666666666666696
1912,12,143.1,12.1,16.9,1.7,12.6,1912-12-01,31,52.699999999999996,90.4,CRU-CY4.10,CRU-CY:Israel,gridded estimate; station support unavailable,30.0,51.61333333333333,30.0,-1.6999999999999993,30.0,-1.7366666666666681,30.0,-4.960000000000001,30.0,56.57333333333334,30.0,3.6500000000000004
1913,1,119.5,11.5,16.0,1.8,11.3,1913-01-01,31,55.800000000000004,63.699999999999996,CRU-CY4.10,CRU-CY:Israel,gridded estimate; station support unavailable,30.0,10.976666666666645,30.0,-0.7333333333333307,30.0,-0.7866666666666653,30.0,-1.0333333333333314,30.0,12.010000000000012,30.0,0.32333333333333236
1913,2,113.0,11.4,16.4,2.3,12.7,1913-02-01,28,64.39999999999999,48.60000000000001,CRU-CY4.10,CRU-CY:Israel,gridded estimate; station support unavailable,30.0,32.41333333333333,30.0,-1.4466666666666654,30.0,-1.4433333333333316,30.0,-3.6200000000000045,30.0,36.033333333333346,30.0,2.346666666666666
1913,3,32.9,12.8,18.2,3.0,6.2,1913-03-01,31,93.0,-60.1,CRU-CY4.10,CRU-CY:Israel,gridded estimate; station support unavailable,30.0,-11.269999999999996,30.0,-2.3633333333333315,30.0,-2.416666666666668,30.0,-7.233333333333334,30.0,-4.036666666666676,30.0,-0.163333333333334
1913,4,18.8,17.1,23.3,4.3,3.0,1913-04-01,30,129.0,-110.2,CRU-CY4.10,CRU-CY:Israel,gridded estimate; station support unavailable,30.0,2.780000000000001,30.0,-1.2933333333333294,30.0,-1.3499999999999943,30.0,-5.400000000000006,30.0,8.180000000000007,30.0,0.5066666666666668
1913,5,3.9,19.1,25.6,5.2,1.1,1913-05-01,31,161.20000000000002,-157.3,CRU-CY4.10,CRU-CY:Israel,gridded estimate; station support unavailable,30.0,-0.6833333333333331,30.0,-2.456666666666667,30.0,-2.3800000000000026,30.0,-6.509999999999991,30.0,5.826666666666654,30.0,-2.220446049250313e-16
1913,6,0.1,21.6,27.9,6.0,0.2,1913-06-01,30,180.0,-179.9,CRU-CY4.10,CRU-CY:Israel,gridded estimate; station support unavailable,30.0,-0.006666666666666682,30.0,-2.713333333333331,30.0,-2.650000000000002,30.0,-13.900000000000006,30.0,13.893333333333345,30.0,0.15
1913,7,0.0,24.2,30.1,6.2,0.0,1913-07-01,31,192.20000000000002,-192.20000000000002,CRU-CY4.10,CRU-CY:Israel,gridded estimate; station support unavailable,30.0,0.0,30.0,-2.1000000000000014,30.0,-2.0533333333333275,30.0,-9.81666666666672,30.0,9.81666666666672,30.0,0.0
1913,8,0.0,24.7,30.5,5.7,0.0,1913-08-01,31,176.70000000000002,-176.70000000000002,CRU-CY4.10,CRU-CY:Israel,gridded estimate; station support unavailable,30.0,0.0,30.0,-2.0133333333333283,30.0,-1.9099999999999966,30.0,-9.713333333333338,30.0,9.713333333333338,30.0,0.0
1913,9,0.4,23.7,29.6,4.7,0.1,1913-09-01,30,141.0,-140.6,CRU-CY4.10,CRU-CY:Israel,gridded estimate; station support unavailable,30.0,-0.013333333333333253,30.0,-1.3966666666666612,30.0,-1.2766666666666637,30.0,-6.400000000000006,30.0,6.386666666666656,30.0,0.006666666666666668
1913,10,33.9,21.5,27.4,3.5,4.5,1913-10-01,31,108.5,-74.6,CRU-CY4.10,CRU-CY:Israel,gridded estimate; station support unavailable,30.0,17.939999999999998,30.0,-0.9233333333333285,30.0,-0.870000000000001,30.0,-3.8233333333333235,30.0,21.763333333333364,30.0,1.9200000000000004
1913,11,42.6,15.9,21.5,2.4,5.4,1913-11-01,30,72.0,-29.4,CRU-CY4.10,CRU-CY:Israel,gridded estimate; station support unavailable,30.0,-8.726666666666667,30.0,-1.816666666666661,30.0,-1.8399999999999928,30.0,-2.799999999999997,30.0,-5.926666666666673,30.0,0.4666666666666677
1913,12,129.2,12.0,16.7,1.7,11.0,1913-12-01,31,52.699999999999996,76.5,CRU-CY4.10,CRU-CY:Israel,gridded estimate; station support unavailable,30.0,37.713333333333324,30.0,-1.799999999999999,30.0,-1.9366666666666674,30.0,-4.960000000000001,30.0,42.67333333333333,30.0,2.0500000000000007
1914,1,75.6,11.2,15.8,1.8,8.4,1914-01-01,31,55.800000000000004,19.79999999999999,CRU-CY4.10,CRU-CY:Israel,gridded estimate; station support unavailable,30.0,-32.92333333333336,30.0,-1.0333333333333314,30.0,-0.9866666666666646,30.0,-1.0333333333333314,30.0,-31.889999999999993,30.0,-2.576666666666668
1914,2,30.7,12.0,16.9,2.3,6.8,1914-02-01,28,64.39999999999999,-33.69999999999999,CRU-CY4.10,CRU-CY:Israel,gridded estimate; station support unavailable,30.0,-49.88666666666667,30.0,-0.8466666666666658,30.0,-0.9433333333333316,30.0,-3.6200000000000045,30.0,-46.26666666666665,30.0,-3.5533333333333337
1914,3,42.8,15.0,20.4,3.3,6.5,1914-03-01,31,102.3,-59.5,CRU-CY4.10,CRU-CY:Israel,gridded estimate; station support unavailable,30.0,-1.3699999999999974,30.0,-0.16333333333333222,30.0,-0.21666666666666856,30.0,2.066666666666663,30.0,-3.4366666666666745,30.0,0.13666666666666583
1914,4,56.9,14.9,21.1,4.0,5.9,1914-04-01,30,120.0,-63.1,CRU-CY4.10,CRU-CY:Israel,gridded estimate; station support unavailable,30.0,40.879999999999995,30.0,-3.4933333333333305,30.0,-3.5499999999999936,30.0,-14.400000000000006,30.0,55.28000000000001,30.0,3.406666666666667
1914,5,5.6,20.4,26.9,5.3,1.7,1914-05-01,31,164.29999999999998,-158.7,CRU-CY4.10,CRU-CY:Israel,gridded estimate; station support unavailable,30.0,1.0166666666666666,30.0,-1.1566666666666698,30.0,-1.0800000000000054,30.0,-3.410000000000025,30.0,4.4266666666666765,30.0,0.5999999999999996
1914,6,0.3,22.9,29.2,6.2,0.3,1914-06-01,30,186.0,-185.7,CRU-CY4.10,CRU-CY:Israel,gridded estimate; station support unavailable,30.0,0.1933333333333333,30.0,-1.413333333333334,30.0,-1.3500000000000014,30.0,-7.900000000000006,30.0,8.093333333333362,30.0,0.24999999999999997
1914,7,0.0,24.7,30.7,6.2,0.0,1914-07-01,31,192.20000000000002,-192.20000000000002,CRU-CY4.10,CRU-CY:Israel,gridded estimate; station support unavailable,30.0,0.0,30.0,-1.6000000000000014,30.0,-1.4533333333333296,30.0,-9.81666666666672,30.0,9.81666666666672,30.0,0.0
1914,8,0.0,25.7,31.6,5.8,0.0,1914-08-01,31,179.79999999999998,-179.79999999999998,CRU-CY4.10,CRU-CY:Israel,gridded estimate; station support unavailable,30.0,0.0,30.0,-1.0133333333333283,30.0,-0.8099999999999952,30.0,-6.613333333333372,30.0,6.613333333333372,30.0,0.0
1914,9,0.0,23.5,29.5,4.7,0.0,1914-09-01,30,141.0,-141.0,CRU-CY4.10,CRU-CY:Israel,gridded estimate; station support unavailable,30.0,-0.4133333333333333,30.0,-1.5966666666666605,30.0,-1.3766666666666652,30.0,-6.400000000000006,30.0,5.98666666666665,30.0,-0.09333333333333334
1914,10,5.9,20.5,26.5,3.5,1.8,1914-10-01,31,108.5,-102.6,CRU-CY4.10,CRU-CY:Israel,gridded estimate; station support unavailable,30.0,-10.059999999999999,30.0,-1.9233333333333285,30.0,-1.7699999999999996,30.0,-3.8233333333333235,30.0,-6.236666666666636,30.0,-0.7799999999999996
1914,11,158.6,17.2,22.8,2.5,10.1,1914-11-01,30,75.0,83.6,CRU-CY4.10,CRU-CY:Israel,gridded estimate; station support unavailable,30.0,107.27333333333333,30.0,-0.5166666666666622,30.0,-0.539999999999992,30.0,0.20000000000000284,30.0,107.07333333333332,30.0,5.166666666666667
1914,12,100.9,13.2,18.0,1.8,10.2,1914-12-01,31,55.800000000000004,45.1,CRU-CY4.10,CRU-CY:Israel,gridded estimate; station support unavailable,30.0,9.413333333333341,30.0,-0.5999999999999996,30.0,-0.6366666666666667,30.0,-1.8599999999999923,30.0,11.273333333333333,30.0,1.25
1915,1,37.6,13.2,17.7,2.0,6.5,1915-01-01,31,62.0,-24.4,CRU-CY4.10,CRU-CY:Israel,gridded estimate; station support unavailable,30.0,-70.92333333333335,30.0,0.9666666666666686,30.0,0.913333333333334,30.0,5.166666666666664,30.0,-76.08999999999997,30.0,-4.476666666666668
1915,2,57.0,13.4,18.3,2.5,8.2,1915-02-01,28,70.0,-13.0,CRU-CY4.10,CRU-CY:Israel,gridded estimate; station support unavailable,30.0,-23.586666666666673,30.0,0.5533333333333346,30.0,0.45666666666667055,30.0,1.980000000000004,30.0,-25.566666666666666,30.0,-2.153333333333334
1915,3,60.9,14.8,20.1,3.2,8.6,1915-03-01,31,99.2,-38.300000000000004,CRU-CY4.10,CRU-CY:Israel,gridded estimate; station support unavailable,30.0,16.730000000000004,30.0,-0.3633333333333315,30.0,-0.5166666666666657,30.0,-1.0333333333333314,30.0,17.76333333333332,30.0,2.2366666666666655
1915,4,30.8,16.8,23.0,4.3,4.4,1915-04-01,30,129.0,-98.2,CRU-CY4.10,CRU-CY:Israel,gridded estimate; station support unavailable,30.0,14.780000000000001,30.0,-1.5933333333333302,30.0,-1.649999999999995,30.0,-5.400000000000006,30.0,20.180000000000007,30.0,1.9066666666666672
1915,5,0.5,20.0,26.4,5.3,0.5,1915-05-01,31,164.29999999999998,-163.79999999999998,CRU-CY4.10,CRU-CY:Israel,gridded estimate; station support unavailable,30.0,-4.083333333333333,30.0,-1.5566666666666684,30.0,-1.5800000000000054,30.0,-3.410000000000025,30.0,-0.6733333333333178,30.0,-0.6000000000000003
1915,6,0.0,24.2,30.4,6.5,0.1,1915-06-01,30,195.0,-195.0,CRU-CY4.10,CRU-CY:Israel,gridded estimate; station support unavailable,30.0,-0.10666666666666669,30.0,-0.11333333333333329,30.0,-0.15000000000000213,30.0,1.0999999999999943,30.0,-1.2066666666666492,30.0,0.049999999999999996
1915,7,0.0,25.6,31.5,6.4,0.0,1915-07-01,31,198.4,-198.4,CRU-CY4.10,CRU-CY:Israel,gridded estimate; station support unavailable,30.0,0.0,30.0,-0.6999999999999993,30.0,-0.6533333333333289,30.0,-3.616666666666731,30.0,3.616666666666731,30.0,0.0
1915,8,0.0,25.6,31.5,5.8,0.0,1915-08-01,31,179.79999999999998,-179.79999999999998,CRU-CY4.10,CRU-CY:Israel,gridded estimate; station support unavailable,30.0,0.0,30.0,-1.1133333333333262,30.0,-0.9099999999999966,30.0,-6.613333333333372,30.0,6.613333333333372,30.0,0.0
1915,9,0.6,23.5,29.4,4.7,0.1,1915-09-01,30,141.0,-140.4,CRU-CY4.10,CRU-CY:Israel,gridded estimate; station support unavailable,30.0,0.1866666666666667,30.0,-1.5966666666666605,30.0,-1.4766666666666666,30.0,-6.400000000000006,30.0,6.586666666666645,30.0,0.006666666666666668
1915,10,3.5,21.9,27.9,3.6,1.0,1915-10-01,31,111.60000000000001,-108.10000000000001,CRU-CY4.10,CRU-CY:Israel,gridded estimate; station support unavailable,30.0,-12.459999999999999,30.0,-0.5233333333333299,30.0,-0.370000000000001,30.0,-0.723333333333315,30.0,-11.73666666666665,30.0,-1.5799999999999996
1915,11,47.9,17.7,23.3,2.6,4.8,1915-11-01,30,78.0,-30.1,CRU-CY4.10,CRU-CY:Israel,gridded estimate; station support unavailable,30.0,-3.4266666666666694,30.0,-0.016666666666662167,30.0,-0.03999999999999204,30.0,3.200000000000003,30.0,-6.626666666666676,30.0,-0.13333333333333286
1915,12,33.6,14.6,19.4,1.9,5.8,1915-12-01,31,58.9,-25.299999999999997,CRU-CY4.10,CRU-CY:Israel,gridded estimate; station support unavailable,30.0,-57.88666666666666,30.0,0.8000000000000007,30.0,0.7633333333333319,30.0,1.240000000000002,30.0,-59.126666666666665,30.0,-3.1499999999999995
1916,1,169.2,10.7,15.2,1.8,15.0,1916-01-01,31,55.800000000000004,113.39999999999998,CRU-CY4.10,CRU-CY:Israel,gridded estimate; station support unavailable,30.0,60.676666666666634,30.0,-1.5333333333333314,30.0,-1.586666666666666,30.0,-1.0333333333333314,30.0,61.709999999999994,30.0,4.023333333333332
1916,2,96.9,12.8,17.7,2.4,12.1,1916-02-01,29,69.6,27.30000000000001,CRU-CY4.10,CRU-CY:Israel,gridded estimate; station support unavailable,30.0,16.313333333333333,30.0,-0.04666666666666508,30.0,-0.14333333333333087,30.0,1.5799999999999983,30.0,14.733333333333345,30.0,1.7466666666666661
1916,3,81.9,16.0,21.4,3.4,10.0,1916-03-01,31,105.39999999999999,-23.499999999999986,CRU-CY4.10,CRU-CY:Israel,gridded estimate; station support unavailable,30.0,37.73000000000001,30.0,0.8366666666666678,30.0,0.7833333333333314,30.0,5.166666666666657,30.0,32.56333333333334,30.0,3.636666666666666
1916,4,44.5,17.7,23.9,4.4,4.7,1916-04-01,30,132.0,-87.5,CRU-CY4.10,CRU-CY:Israel,gridded estimate; station support unavailable,30.0,28.48,30.0,-0.6933333333333316,30.0,-0.7499999999999964,30.0,-2.4000000000000057,30.0,30.88000000000001,30.0,2.206666666666667
1916,5,0.1,21.6,28.1,5.4,0.1,1916-05-01,31,167.4,-167.3,CRU-CY4.10,CRU-CY:Israel,gridded estimate; station support unavailable,30.0,-4.483333333333333,30.0,0.043333333333333,30.0,0.11999999999999744,30.0,-0.3100000000000023,30.0,-4.173333333333346,30.0,-1.0000000000000002
1916,6,0.0,25.5,31.7,6.7,0.0,1916-06-01,30,201.0,-201.0,CRU-CY4.10,CRU-CY:Israel,gridded estimate; station support unavailable,30.0,-0.10666666666666669,30.0,1.1866666666666674,30.0,1.1499999999999986,30.0,7.099999999999994,30.0,-7.206666666666649,30.0,-0.05000000000000001
1916,7,0.0,26.4,33.1,6.9,0.0,1916-07-01,31,213.9,-213.9,CRU-CY4.10,CRU-CY:Israel,gridded estimate; station support unavailable,30.0,0.0,30.0,0.09999999999999787,30.0,0.9466666666666725,30.0,11.883333333333269,30.0,-11.883333333333269,30.0,0.0
1916,8,0.0,25.0,31.3,6.0,0.0,1916-08-01,31,186.0,-186.0,CRU-CY4.10,CRU-CY:Israel,gridded estimate; station support unavailable,30.0,0.0,30.0,-1.7133333333333276,30.0,-1.1099999999999959,30.0,-0.4133333333333553,30.0,0.4133333333333553,30.0,0.0
1916,9,0.9,23.3,29.6,4.8,0.2,1916-09-01,30,144.0,-143.1,CRU-CY4.10,CRU-CY:Israel,gridded estimate; station support unavailable,30.0,0.48666666666666675,30.0,-1.7966666666666598,30.0,-1.2766666666666637,30.0,-3.4000000000000057,30.0,3.886666666666656,30.0,0.10666666666666667
1916,10,1.5,19.9,26.3,3.5,0.5,1916-10-01,31,108.5,-107.0,CRU-CY4.10,CRU-CY:Israel,gridded estimate; station support unavailable,30.0,-14.459999999999999,30.0,-2.52333333333333,30.0,-1.9699999999999989,30.0,-3.8233333333333235,30.0,-10.636666666666642,30.0,-2.0799999999999996
1916,11,27.3,19.1,25.1,2.7,4.5,1916-11-01,30,81.0,-53.7,CRU-CY4.10,CRU-CY:Israel,gridded estimate; station support unavailable,30.0,-24.026666666666667,30.0,1.38333333333334,30.0,1.7600000000000087,30.0,6.200000000000003,30.0,-30.226666666666677,30.0,-0.4333333333333327
1916,12,136.7,14.9,20.1,2.0,12.0,1916-12-01,31,62.0,74.69999999999999,CRU-CY4.10,CRU-CY:Israel,gridded estimate; station support unavailable,30.0,45.213333333333324,30.0,1.1000000000000014,30.0,1.4633333333333347,30.0,4.340000000000003,30.0,40.87333333333332,30.0,3.0500000000000007
1917,1,210.5,12.7,17.6,2.0,16.7,1917-01-01,31,62.0,148.5,CRU-CY4.10,CRU-CY:Israel,gridded estimate; station support unavailable,30.0,101.97666666666665,30.0,0.46666666666666856,30.0,0.8133333333333361,30.0,5.166666666666664,30.0,96.81000000000002,30.0,5.723333333333331
1917,2,100.9,12.8,18.2,2.6,11.9,1917-02-01,28,72.8,28.10000000000001,CRU-CY4.10,CRU-CY:Israel,gridded estimate; station support unavailable,30.0,20.313333333333333,30.0,-0.04666666666666508,30.0,0.35666666666666913,30.0,4.780000000000001,30.0,15.533333333333342,30.0,1.5466666666666669
1917,3,36.1,15.5,21.6,3.6,5.7,1917-03-01,31,111.60000000000001,-75.5,CRU-CY4.10,CRU-CY:Israel,gridded estimate; station support unavailable,30.0,-8.069999999999993,30.0,0.3366666666666678,30.0,0.9833333333333343,30.0,11.366666666666674,30.0,-19.436666666666675,30.0,-0.663333333333334
1917,4,2.5,18.1,24.6,4.5,1.2,1917-04-01,30,135.0,-132.5,CRU-CY4.10,CRU-CY:Israel,gridded estimate; station support unavailable,30.0,-13.52,30.0,-0.29333333333332945,30.0,-0.049999999999993605,30.0,0.5999999999999943,30.0,-14.11999999999999,30.0,-1.2933333333333332
1917,5,1.7,18.8,26.2,5.5,0.7,1917-05-01,31,170.5,-168.8,CRU-CY4.10,CRU-CY:Israel,gridded estimate; station support unavailable,30.0,-2.883333333333333,30.0,-2.7566666666666677,30.0,-1.7800000000000047,30.0,2.789999999999992,30.0,-5.673333333333346,30.0,-0.40000000000000036
1917,6,0.0,22.2,29.3,6.6,0.0,1917-06-01,30,198.0,-198.0,CRU-CY4.10,CRU-CY:Israel,gridded estimate; station support unavailable,30.0,-0.10666666666666669,30.0,-2.1133333333333333,30.0,-1.25,30.0,4.099999999999994,30.0,-4.206666666666649,30.0,-0.05000000000000001
1917,7,0.0,24.6,30.5,6.2,0.0,1917-07-01,31,192.20000000000002,-192.20000000000002,CRU-CY4.10,CRU-CY:Israel,gridded estimate; station support unavailable,30.0,0.0,30.0,-1.6999999999999993,30.0,-1.6533333333333289,30.0,-9.81666666666672,30.0,9.81666666666672,30.0,0.0
1917,8,0.0,25.3,32.0,6.2,0.0,1917-08-01,31,192.20000000000002,-192.20000000000002,CRU-CY4.10,CRU-CY:Israel,gridded estimate; station support unavailable,30.0,0.0,30.0,-1.413333333333327,30.0,-0.4099999999999966,30.0,5.786666666666662,30.0,-5.786666666666662,30.0,0.0
1917,9,2.5,23.0,29.8,4.9,0.3,1917-09-01,30,147.0,-144.5,CRU-CY4.10,CRU-CY:Israel,gridded estimate; station support unavailable,30.0,2.086666666666667,30.0,-2.0966666666666605,30.0,-1.0766666666666644,30.0,-0.4000000000000057,30.0,2.4866666666666504,30.0,0.20666666666666667
1917,10,7.5,20.2,26.7,3.6,2.2,1917-10-01,31,111.60000000000001,-104.10000000000001,CRU-CY4.10,CRU-CY:Israel,gridded estimate; station support unavailable,30.0,-8.459999999999999,30.0,-2.223333333333329,30.0,-1.5700000000000003,30.0,-0.723333333333315,30.0,-7.73666666666665,30.0,-0.37999999999999945
1917,11,33.2,19.4,25.0,2.7,5.3,1917-11-01,30,81.0,-47.8,CRU-CY4.10,CRU-CY:Israel,gridded estimate; station support unavailable,30.0,-18.126666666666665,30.0,1.6833333333333371,30.0,1.6600000000000072,30.0,6.200000000000003,30.0,-24.32666666666667,30.0,0.36666666666666714
1917,12,132.0,12.9,17.7,1.8,12.2,1917-12-01,31,55.800000000000004,76.19999999999999,CRU-CY4.10,CRU-CY:Israel,gridded estimate; station support unavailable,30.0,40.513333333333335,30.0,-0.8999999999999986,30.0,-0.9366666666666674,30.0,-1.8599999999999923,30.0,42.37333333333332,30.0,3.25
1918,1,114.0,11.1,15.6,1.8,11.7,1918-01-01,31,55.800000000000004,58.199999999999996,CRU-CY4.10,CRU-CY:Israel,gridded estimate; station support unavailable,30.0,5.476666666666645,30.0,-1.133333333333331,30.0,-1.1866666666666656,30.0,-1.0333333333333314,30.0,6.510000000000012,30.0,0.7233333333333309
1918,2,108.5,11.5,16.5,2.3,12.5,1918-02-01,28,64.39999999999999,44.10000000000001,CRU-CY4.10,CRU-CY:Israel,gridded estimate; station support unavailable,30.0,27.913333333333327,30.0,-1.3466666666666658,30.0,-1.3433333333333302,30.0,-3.6200000000000045,30.0,31.533333333333342,30.0,2.1466666666666665
1918,3,94.3,13.9,19.2,3.1,10.7,1918-03-01,31,96.10000000000001,-1.8000000000000114,CRU-CY4.10,CRU-CY:Israel,gridded estimate; station support unavailable,30.0,50.13,30.0,-1.2633333333333319,30.0,-1.4166666666666679,30.0,-4.133333333333326,30.0,54.263333333333314,30.0,4.336666666666665
1918,4,17.6,17.1,23.4,4.3,3.2,1918-04-01,30,129.0,-111.4,CRU-CY4.10,CRU-CY:Israel,gridded estimate; station support unavailable,30.0,1.5800000000000018,30.0,-1.2933333333333294,30.0,-1.2499999999999964,30.0,-5.400000000000006,30.0,6.980000000000004,30.0,0.706666666666667
1918,5,17.4,19.9,26.4,5.3,3.0,1918-05-01,31,164.29999999999998,-146.89999999999998,CRU-CY4.10,CRU-CY:Israel,gridded estimate; station support unavailable,30.0,12.816666666666666,30.0,-1.6566666666666698,30.0,-1.5800000000000054,30.0,-3.410000000000025,30.0,16.226666666666688,30.0,1.8999999999999997
1918,6,0.1,22.4,28.7,6.2,0.1,1918-06-01,30,186.0,-185.9,CRU-CY4.10,CRU-CY:Israel,gridded estimate; station support unavailable,30.0,-0.006666666666666682,30.0,-1.913333333333334,30.0,-1.8500000000000014,30.0,-7.900000000000006,30.0,7.893333333333345,30.0,0.049999999999999996
1918,7,0.0,25.5,31.4,6.4,0.0,1918-07-01,31,198.4,-198.4,CRU-CY4.10,CRU-CY:Israel,gridded estimate; station support unavailable,30.0,0.0,30.0,-0.8000000000000007,30.0,-0.7533333333333303,30.0,-3.616666666666731,30.0,3.616666666666731,30.0,0.0
1918,8,0.0,24.8,30.6,5.7,0.0,1918-08-01,31,176.70000000000002,-176.70000000000002,CRU-CY4.10,CRU-CY:Israel,gridded estimate; station support unavailable,30.0,0.0,30.0,-1.913333333333327,30.0,-1.8099999999999952,30.0,-9.713333333333338,30.0,9.713333333333338,30.0,0.0
1918,9,3.6,24.2,30.1,4.8,0.3,1918-09-01,30,144.0,-140.4,CRU-CY4.10,CRU-CY:Israel,gridded estimate; station support unavailable,30.0,3.186666666666667,30.0,-0.8966666666666612,30.0,-0.7766666666666637,30.0,-3.4000000000000057,30.0,6.586666666666645,30.0,0.20666666666666667
1918,10,57.8,23.3,29.2,3.7,6.7,1918-10-01,31,114.7,-56.900000000000006,CRU-CY4.10,CRU-CY:Israel,gridded estimate; station support unavailable,30.0,41.839999999999996,30.0,0.8766666666666723,30.0,0.9299999999999997,30.0,2.3766666666666794,30.0,39.46333333333335,30.0,4.120000000000001
1918,11,63.7,19.1,24.7,2.6,6.0,1918-11-01,30,78.0,-14.299999999999997,CRU-CY4.10,CRU-CY:Israel,gridded estimate; station support unavailable,30.0,12.373333333333335,30.0,1.38333333333334,30.0,1.3600000000000065,30.0,3.200000000000003,30.0,9.173333333333328,30.0,1.0666666666666673
1918,12,148.3,13.1,17.8,1.8,12.1,1918-12-01,31,55.800000000000004,92.5,CRU-CY4.10,CRU-CY:Israel,gridded estimate; station support unavailable,30.0,56.81333333333335,30.0,-0.6999999999999993,30.0,-0.836666666666666,30.0,-1.8599999999999923,30.0,58.67333333333333,30.0,3.1500000000000004
1919,1,104.2,13.3,17.9,2.0,12.0,1919-01-01,31,62.0,42.2,CRU-CY4.10,CRU-CY:Israel,gridded estimate; station support unavailable,30.0,-4.323333333333352,30.0,1.06666666666667,30.0,1.1133333333333333,30.0,5.166666666666664,30.0,-9.48999999999998,30.0,1.0233333333333317
1919,2,106.8,14.3,19.2,2.5,10.4,1919-02-01,28,70.0,36.8,CRU-CY4.10,CRU-CY:Israel,gridded estimate; station support unavailable,30.0,26.213333333333324,30.0,1.453333333333335,30.0,1.3566666666666691,30.0,1.980000000000004,30.0,24.23333333333333,30.0,0.046666666666666856
1919,3,36.5,16.3,21.6,3.4,5.8,1919-03-01,31,105.39999999999999,-68.89999999999999,CRU-CY4.10,CRU-CY:Israel,gridded estimate; station support unavailable,30.0,-7.669999999999995,30.0,1.1366666666666685,30.0,0.9833333333333343,30.0,5.166666666666657,30.0,-12.836666666666666,30.0,-0.5633333333333344
1919,4,20.9,16.7,22.9,4.3,3.3,1919-04-01,30,129.0,-108.1,CRU-CY4.10,CRU-CY:Israel,gridded estimate; station support unavailable,30.0,4.879999999999999,30.0,-1.6933333333333316,30.0,-1.7499999999999964,30.0,-5.400000000000006,30.0,10.280000000000015,30.0,0.8066666666666666
1919,5,3.4,18.5,24.9,5.1,1.0,1919-05-01,31,158.1,-154.7,CRU-CY4.10,CRU-CY:Israel,gridded estimate; station support unavailable,30.0,-1.1833333333333331,30.0,-3.0566666666666684,30.0,-3.0800000000000054,30.0,-9.610000000000014,30.0,8.426666666666677,30.0,-0.10000000000000031
1919,6,0.1,21.6,27.8,6.0,0.1,1919-06-01,30,180.0,-179.9,CRU-CY4.10,CRU-CY:Israel,gridded estimate; station support unavailable,30.0,-0.006666666666666682,30.0,-2.713333333333331,30.0,-2.75,30.0,-13.900000000000006,30.0,13.893333333333345,30.0,0.049999999999999996
1919,7,0.0,25.1,31.0,6.3,0.0,1919-07-01,31,195.29999999999998,-195.29999999999998,CRU-CY4.10,CRU-CY:Israel,gridded estimate; station support unavailable,30.0,0.0,30.0,-1.1999999999999993,30.0,-1.1533333333333289,30.0,-6.716666666666754,30.0,6.716666666666754,30.0,0.0
1919,8,0.0,24.4,30.2,5.6,0.0,1919-08-01,31,173.6,-173.6,CRU-CY4.10,CRU-CY:Israel,gridded estimate; station support unavailable,30.0,0.0,30.0,-2.313333333333329,30.0,-2.2099999999999973,30.0,-12.813333333333361,30.0,12.813333333333361,30.0,0.0
1919,9,0.0,24.1,30.0,4.7,0.0,1919-09-01,30,141.0,-141.0,CRU-CY4.10,CRU-CY:Israel,gridded estimate; station support unavailable,30.0,-0.4133333333333333,30.0,-0.996666666666659,30.0,-0.8766666666666652,30.0,-6.400000000000006,30.0,5.98666666666665,30.0,-0.09333333333333334
1919,10,2.9,22.8,28.8,3.7,1.1,1919-10-01,31,114.7,-111.8,CRU-CY4.10,CRU-CY:Israel,gridded estimate; station support unavailable,30.0,-13.059999999999999,30.0,0.37666666666667226,30.0,0.5300000000000011,30.0,2.3766666666666794,30.0,-15.436666666666639,30.0,-1.4799999999999995
1919,11,43.3,19.0,24.5,2.6,5.0,1919-11-01,30,78.0,-34.7,CRU-CY4.10,CRU-CY:Israel,gridded estimate; station support unavailable,30.0,-8.02666666666667,30.0,1.2833333333333385,30.0,1.1600000000000072,30.0,3.200000000000003,30.0,-11.226666666666677,30.0,0.06666666666666732
1919,12,170.4,12.8,17.6,1.8,13.0,1919-12-01,31,55.800000000000004,114.6,CRU-CY4.10,CRU-CY:Israel,gridded estimate; station support unavailable,30.0,78.91333333333334,30.0,-0.9999999999999982,30.0,-1.0366666666666653,30.0,-1.8599999999999923,30.0,80.77333333333333,30.0,4.050000000000001
1920,1,134.9,11.7,16.3,1.8,11.5,1920-01-01,31,55.800000000000004,79.1,CRU-CY4.10,CRU-CY:Israel,gridded estimate; station support unavailable,30.0,26.37666666666665,30.0,-0.5333333333333314,30.0,-0.4866666666666646,30.0,-1.0333333333333314,30.0,27.41000000000001,30.0,0.5233333333333317
1920,2,173.0,9.6,14.6,2.1,15.1,1920-02-01,29,60.900000000000006,112.1,CRU-CY4.10,CRU-CY:Israel,gridded estimate; station support unavailable,30.0,92.41333333333333,30.0,-3.246666666666666,30.0,-3.2433333333333305,30.0,-7.11999999999999,30.0,99.53333333333333,30.0,4.746666666666666
1920,3,72.8,13.7,19.0,3.1,9.3,1920-03-01,31,96.10000000000001,-23.30000000000001,CRU-CY4.10,CRU-CY:Israel,gridded estimate; station support unavailable,30.0,28.630000000000003,30.0,-1.463333333333333,30.0,-1.6166666666666671,30.0,-4.133333333333326,30.0,32.763333333333314,30.0,2.9366666666666665
1920,4,22.1,18.0,24.2,4.4,3.9,1920-04-01,30,132.0,-109.9,CRU-CY4.10,CRU-CY:Israel,gridded estimate; station support unavailable,30.0,6.080000000000002,30.0,-0.39333333333333087,30.0,-0.44999999999999574,30.0,-2.4000000000000057,30.0,8.480000000000004,30.0,1.4066666666666667
1920,5,5.5,20.1,26.5,5.2,1.5,1920-05-01,31,161.20000000000002,-155.70000000000002,CRU-CY4.10,CRU-CY:Israel,gridded estimate; station support unavailable,30.0,0.916666666666667,30.0,-1.456666666666667,30.0,-1.480000000000004,30.0,-6.509999999999991,30.0,7.426666666666648,30.0,0.3999999999999997
1920,6,0.0,23.2,29.4,6.2,0.1,1920-06-01,30,186.0,-186.0,CRU-CY4.10,CRU-CY:Israel,gridded estimate; station support unavailable,30.0,-0.10666666666666669,30.0,-1.1133333333333333,30.0,-1.1500000000000021,30.0,-7.900000000000006,30.0,7.793333333333351,30.0,0.049999999999999996
1920,7,0.0,25.0,31.0,6.3,0.0,1920-07-01,31,195.29999999999998,-195.29999999999998,CRU-CY4.10,CRU-CY:Israel,gridded estimate; station support unavailable,30.0,0.0,30.0,-1.3000000000000007,30.0,-1.1533333333333289,30.0,-6.716666666666754,30.0,6.716666666666754,30.0,0.0
1920,8,0.1,26.4,32.2,5.9,0.0,1920-08-01,31,182.9,-182.8,CRU-CY4.10,CRU-CY:Israel,gridded estimate; station support unavailable,30.0,0.1,30.0,-0.313333333333329,30.0,-0.20999999999999375,30.0,-3.5133333333333496,30.0,3.613333333333344,30.0,0.0
1920,9,0.2,23.4,29.3,4.6,0.1,1920-09-01,30,138.0,-137.8,CRU-CY4.10,CRU-CY:Israel,gridded estimate; station support unavailable,30.0,-0.21333333333333326,30.0,-1.6966666666666619,30.0,-1.5766666666666644,30.0,-9.400000000000006,30.0,9.186666666666639,30.0,0.006666666666666668
1920,10,7.1,21.4,27.3,3.5,1.4,1920-10-01,31,108.5,-101.4,CRU-CY4.10,CRU-CY:Israel,gridded estimate; station support unavailable,30.0,-8.86,30.0,-1.0233333333333299,30.0,-0.9699999999999989,30.0,-3.8233333333333235,30.0,-5.0366666666666475,30.0,-1.1799999999999997
1920,11,64.8,16.3,21.9,2.5,6.4,1920-11-01,30,75.0,-10.200000000000003,CRU-CY4.10,CRU-CY:Israel,gridded estimate; station support unavailable,30.0,13.47333333333333,30.0,-1.4166666666666607,30.0,-1.4399999999999942,30.0,0.20000000000000284,30.0,13.273333333333323,30.0,1.4666666666666677
1920,12,92.9,12.3,17.1,1.8,10.0,1920-12-01,31,55.800000000000004,37.1,CRU-CY4.10,CRU-CY:Israel,gridded estimate; station support unavailable,30.0,1.413333333333341,30.0,-1.4999999999999982,30.0,-1.5366666666666653,30.0,-1.8599999999999923,30.0,3.2733333333333334,30.0,1.0500000000000007
1921,1,121.3,11.5,16.1,1.9,12.6,1921-01-01,31,58.9,62.4,CRU-CY4.10,CRU-CY:Israel,gridded estimate; station support unavailable,30.0,12.776666666666642,30.0,-0.7333333333333307,30.0,-0.6866666666666639,30.0,2.066666666666663,30.0,10.710000000000015,30.0,1.6233333333333313
1921,2,114.5,11.0,16.0,2.3,12.6,1921-02-01,28,64.39999999999999,50.10000000000001,CRU-CY4.10,CRU-CY:Israel,gridded estimate; station support unavailable,30.0,33.91333333333333,30.0,-1.8466666666666658,30.0,-1.8433333333333302,30.0,-3.6200000000000045,30.0,37.533333333333346,30.0,2.246666666666666
1921,3,48.9,12.3,17.7,3.0,7.6,1921-03-01,31,93.0,-44.1,CRU-CY4.10,CRU-CY:Israel,gridded estimate; station support unavailable,30.0,4.730000000000004,30.0,-2.8633333333333315,30.0,-2.916666666666668,30.0,-7.233333333333334,30.0,11.963333333333324,30.0,1.2366666666666655
1921,4,12.2,17.4,23.6,4.4,2.2,1921-04-01,30,132.0,-119.8,CRU-CY4.10,CRU-CY:Israel,gridded estimate; station support unavailable,30.0,-3.8200000000000003,30.0,-0.9933333333333323,30.0,-1.0499999999999936,30.0,-2.4000000000000057,30.0,-1.4199999999999875,30.0,-0.293333333333333
1921,5,8.6,19.6,26.1,5.2,1.6,1921-05-01,31,161.20000000000002,-152.60000000000002,CRU-CY4.10,CRU-CY:Israel,gridded estimate; station support unavailable,30.0,4.016666666666667,30.0,-1.956666666666667,30.0,-1.8800000000000026,30.0,-6.509999999999991,30.0,10.526666666666642,30.0,0.4999999999999998
1921,6,1.2,22.4,28.7,6.2,0.6,1921-06-01,30,186.0,-184.8,CRU-CY4.10,CRU-CY:Israel,gridded estimate; station support unavailable,30.0,1.0933333333333333,30.0,-1.913333333333334,30.0,-1.8500000000000014,30.0,-7.900000000000006,30.0,8.99333333333334,30.0,0.5499999999999999
1921,7,0.0,25.3,31.3,6.4,0.0,1921-07-01,31,198.4,-198.4,CRU-CY4.10,CRU-CY:Israel,gridded estimate; station support unavailable,30.0,0.0,30.0,-1.0,30.0,-0.8533333333333282,30.0,-3.616666666666731,30.0,3.616666666666731,30.0,0.0
1921,8,0.1,26.4,32.2,5.9,0.0,1921-08-01,31,182.9,-182.8,CRU-CY4.10,CRU-CY:Israel,gridded estimate; station support unavailable,30.0,0.1,30.0,-0.313333333333329,30.0,-0.20999999999999375,30.0,-3.5133333333333496,30.0,3.613333333333344,30.0,0.0
1921,9,0.2,23.0,28.9,4.6,0.1,1921-09-01,30,138.0,-137.8,CRU-CY4.10,CRU-CY:Israel,gridded estimate; station support unavailable,30.0,-0.21333333333333326,30.0,-2.0966666666666605,30.0,-1.9766666666666666,30.0,-9.400000000000006,30.0,9.186666666666639,30.0,0.006666666666666668
1921,10,1.4,20.5,26.4,3.5,0.7,1921-10-01,31,108.5,-107.1,CRU-CY4.10,CRU-CY:Israel,gridded estimate; station support unavailable,30.0,-14.559999999999999,30.0,-1.9233333333333285,30.0,-1.870000000000001,30.0,-3.8233333333333235,30.0,-10.736666666666636,30.0,-1.8799999999999997
1921,11,37.1,17.0,22.5,2.5,4.7,1921-11-01,30,75.0,-37.9,CRU-CY4.10,CRU-CY:Israel,gridded estimate; station support unavailable,30.0,-14.226666666666667,30.0,-0.7166666666666615,30.0,-0.8399999999999928,30.0,0.20000000000000284,30.0,-14.426666666666673,30.0,-0.2333333333333325
1921,12,164.1,12.8,17.5,1.8,13.0,1921-12-01,31,55.800000000000004,108.29999999999998,CRU-CY4.10,CRU-CY:Israel,gridded estimate; station support unavailable,30.0,72.61333333333333,30.0,-0.9999999999999982,30.0,-1.1366666666666667,30.0,-1.8599999999999923,30.0,74.47333333333331,30.0,4.050000000000001
1922,1,131.4,11.8,16.4,1.9,12.4,1922-01-01,31,58.9,72.5,CRU-CY4.10,CRU-CY:Israel,gridded estimate; station support unavailable,30.0,22.87666666666665,30.0,-0.43333333333333,30.0,-0.3866666666666667,30.0,2.066666666666663,30.0,20.810000000000016,30.0,1.423333333333332
1922,2,124.5,12.3,17.2,2.4,12.7,1922-02-01,28,67.2,57.3,CRU-CY4.10,CRU-CY:Israel,gridded estimate; station support unavailable,30.0,43.91333333333333,30.0,-0.5466666666666651,30.0,-0.6433333333333309,30.0,-0.8199999999999932,30.0,44.733333333333334,30.0,2.346666666666666
1922,3,33.0,14.5,19.9,3.2,6.6,1922-03-01,31,99.2,-66.2,CRU-CY4.10,CRU-CY:Israel,gridded estimate; station support unavailable,30.0,-11.169999999999995,30.0,-0.6633333333333322,30.0,-0.7166666666666686,30.0,-1.0333333333333314,30.0,-10.136666666666677,30.0,0.23666666666666547
1922,4,5.5,17.4,23.6,4.4,1.7,1922-04-01,30,132.0,-126.5,CRU-CY4.10,CRU-CY:Israel,gridded estimate; station support unavailable,30.0,-10.52,30.0,-0.9933333333333323,30.0,-1.0499999999999936,30.0,-2.4000000000000057,30.0,-8.11999999999999,30.0,-0.7933333333333332
1922,5,2.6,19.9,26.4,5.2,0.6,1922-05-01,31,161.20000000000002,-158.60000000000002,CRU-CY4.10,CRU-CY:Israel,gridded estimate; station support unavailable,30.0,-1.983333333333333,30.0,-1.6566666666666698,30.0,-1.5800000000000054,30.0,-6.509999999999991,30.0,4.526666666666642,30.0,-0.5000000000000003
1922,6,0.0,22.5,28.7,6.2,0.0,1922-06-01,30,186.0,-186.0,CRU-CY4.10,CRU-CY:Israel,gridded estimate; station support unavailable,30.0,-0.10666666666666669,30.0,-1.8133333333333326,30.0,-1.8500000000000014,30.0,-7.900000000000006,30.0,7.793333333333351,30.0,-0.05000000000000001
1922,7,0.0,25.6,31.5,6.3,0.0,1922-07-01,31,195.29999999999998,-195.29999999999998,CRU-CY4.10,CRU-CY:Israel,gridded estimate; station support unavailable,30.0,0.0,30.0,-0.6999999999999993,30.0,-0.6533333333333289,30.0,-6.716666666666754,30.0,6.716666666666754,30.0,0.0
1922,8,0.0,25.7,31.6,5.8,0.0,1922-08-01,31,179.79999999999998,-179.79999999999998,CRU-CY4.10,CRU-CY:Israel,gridded estimate; station support unavailable,30.0,0.0,30.0,-1.0133333333333283,30.0,-0.8099999999999952,30.0,-6.613333333333372,30.0,6.613333333333372,30.0,0.0
1922,9,0.0,24.2,30.2,4.8,0.0,1922-09-01,30,144.0,-144.0,CRU-CY4.10,CRU-CY:Israel,gridded estimate; station support unavailable,30.0,-0.4133333333333333,30.0,-0.8966666666666612,30.0,-0.6766666666666659,30.0,-3.4000000000000057,30.0,2.9866666666666504,30.0,-0.09333333333333334
1922,10,0.7,22.5,28.5,3.7,0.5,1922-10-01,31,114.7,-114.0,CRU-CY4.10,CRU-CY:Israel,gridded estimate; station support unavailable,30.0,-15.26,30.0,0.07666666666667155,30.0,0.23000000000000043,30.0,2.3766666666666794,30.0,-17.636666666666642,30.0,-2.0799999999999996
1922,11,44.1,18.9,24.5,2.6,4.1,1922-11-01,30,78.0,-33.9,CRU-CY4.10,CRU-CY:Israel,gridded estimate; station support unavailable,30.0,-7.226666666666667,30.0,1.1833333333333371,30.0,1.1600000000000072,30.0,3.200000000000003,30.0,-10.426666666666673,30.0,-0.833333333333333
1922,12,111.9,12.1,16.9,1.7,10.7,1922-12-01,31,52.699999999999996,59.20000000000001,CRU-CY4.10,CRU-CY:Israel,gridded estimate; station support unavailable,30.0,20.41333333333334,30.0,-1.6999999999999993,30.0,-1.7366666666666681,30.0,-4.960000000000001,30.0,25.373333333333342,30.0,1.75
1923,1,83.0,12.3,17.0,1.9,10.3,1923-01-01,31,58.9,24.1,CRU-CY4.10,CRU-CY:Israel,gridded estimate; station support unavailable,30.0,-25.523333333333355,30.0,0.06666666666666998,30.0,0.2133333333333347,30.0,2.066666666666663,30.0,-27.589999999999982,30.0,-0.6766666666666676
1923,2,104.0,12.1,17.0,2.5,11.6,1923-02-01,28,70.0,34.0,CRU-CY4.10,CRU-CY:Israel,gridded estimate; station support unavailable,30.0,23.413333333333327,30.0,-0.7466666666666661,30.0,-0.8433333333333302,30.0,1.980000000000004,30.0,21.433333333333334,30.0,1.2466666666666661
1923,3,26.7,14.2,21.0,3.6,5.0,1923-03-01,31,111.60000000000001,-84.9,CRU-CY4.10,CRU-CY:Israel,gridded estimate; station support unavailable,30.0,-17.469999999999995,30.0,-0.9633333333333329,30.0,0.38333333333333286,30.0,11.366666666666674,30.0,-28.83666666666668,30.0,-1.3633333333333342
1923,4,25.6,16.5,24.0,4.5,3.1,1923-04-01,30,135.0,-109.4,CRU-CY4.10,CRU-CY:Israel,gridded estimate; station support unavailable,30.0,9.580000000000002,30.0,-1.8933333333333309,30.0,-0.649999999999995,30.0,0.5999999999999943,30.0,8.980000000000004,30.0,0.6066666666666669
1923,5,5.4,20.7,28.5,6.0,1.6,1923-05-01,31,186.0,-180.6,CRU-CY4.10,CRU-CY:Israel,gridded estimate; station support unavailable,30.0,0.8166666666666673,30.0,-0.8566666666666691,30.0,0.519999999999996,30.0,18.289999999999992,30.0,-17.47333333333333,30.0,0.4999999999999998
1923,6,0.0,24.7,32.0,7.0,0.1,1923-06-01,30,210.0,-210.0,CRU-CY4.10,CRU-CY:Israel,gridded estimate; station support unavailable,30.0,-0.10666666666666669,30.0,0.3866666666666667,30.0,1.4499999999999993,30.0,16.099999999999994,30.0,-16.20666666666665,30.0,0.049999999999999996
1923,7,0.0,24.5,31.3,6.4,0.0,1923-07-01,31,198.4,-198.4,CRU-CY4.10,CRU-CY:Israel,gridded estimate; station support unavailable,30.0,0.0,30.0,-1.8000000000000007,30.0,-0.8533333333333282,30.0,-3.616666666666731,30.0,3.616666666666731,30.0,0.0
1923,8,0.0,24.6,31.6,6.0,0.0,1923-08-01,31,186.0,-186.0,CRU-CY4.10,CRU-CY:Israel,gridded estimate; station support unavailable,30.0,0.0,30.0,-2.113333333333326,30.0,-0.8099999999999952,30.0,-0.4133333333333553,30.0,0.4133333333333553,30.0,0.0
1923,9,1.4,24.5,30.7,5.0,0.2,1923-09-01,30,150.0,-148.6,CRU-CY4.10,CRU-CY:Israel,gridded estimate; station support unavailable,30.0,0.9866666666666666,30.0,-0.5966666666666605,30.0,-0.17666666666666586,30.0,2.5999999999999943,30.0,-1.613333333333344,30.0,0.10666666666666667
1923,10,32.1,21.0,27.3,3.7,4.9,1923-10-01,31,114.7,-82.6,CRU-CY4.10,CRU-CY:Israel,gridded estimate; station support unavailable,30.0,16.14,30.0,-1.4233333333333285,30.0,-0.9699999999999989,30.0,2.3766666666666794,30.0,13.763333333333364,30.0,2.3200000000000007
1923,11,12.4,18.6,24.6,2.7,3.0,1923-11-01,30,81.0,-68.6,CRU-CY4.10,CRU-CY:Israel,gridded estimate; station support unavailable,30.0,-38.92666666666667,30.0,0.88333333333334,30.0,1.2600000000000087,30.0,6.200000000000003,30.0,-45.126666666666665,30.0,-1.9333333333333327
1923,12,94.2,14.4,18.9,1.9,9.4,1923-12-01,31,58.9,35.300000000000004,CRU-CY4.10,CRU-CY:Israel,gridded estimate; station support unavailable,30.0,2.7133333333333383,30.0,0.6000000000000014,30.0,0.26333333333333186,30.0,1.240000000000002,30.0,1.4733333333333363,30.0,0.45000000000000107
1924,1,94.0,11.5,15.9,1.8,11.5,1924-01-01,31,55.800000000000004,38.199999999999996,CRU-CY4.10,CRU-CY:Israel,gridded estimate; station support unavailable,30.0,-14.523333333333355,30.0,-0.7333333333333307,30.0,-0.8866666666666649,30.0,-1.0333333333333314,30.0,-13.489999999999988,30.0,0.5233333333333317
1924,2,146.1,12.9,17.6,2.6,12.8,1924-02-01,29,75.4,70.69999999999999,CRU-CY4.10,CRU-CY:Israel,gridded estimate; station support unavailable,30.0,65.51333333333332,30.0,0.053333333333334565,30.0,-0.24333333333332874,30.0,7.38000000000001,30.0,58.133333333333326,30.0,2.446666666666667
1924,3,48.7,15.0,20.9,3.5,8.0,1924-03-01,31,108.5,-59.8,CRU-CY4.10,CRU-CY:Israel,gridded estimate; station support unavailable,30.0,4.530000000000008,30.0,-0.16333333333333222,30.0,0.28333333333333144,30.0,8.266666666666666,30.0,-3.7366666666666717,30.0,1.6366666666666658
1924,4,1.1,18.2,25.9,4.9,0.5,1924-04-01,30,147.0,-145.9,CRU-CY4.10,CRU-CY:Israel,gridded estimate; station support unavailable,30.0,-14.92,30.0,-0.19333333333333158,30.0,1.2500000000000036,30.0,12.599999999999994,30.0,-27.519999999999996,30.0,-1.9933333333333332
1924,5,3.0,19.5,27.2,5.6,1.1,1924-05-01,31,173.6,-170.6,CRU-CY4.10,CRU-CY:Israel,gridded estimate; station support unavailable,30.0,-1.583333333333333,30.0,-2.0566666666666684,30.0,-0.7800000000000047,30.0,5.889999999999986,30.0,-7.473333333333329,30.0,-2.220446049250313e-16
1924,6,0.3,23.8,31.3,6.9,0.6,1924-06-01,30,207.0,-206.7,CRU-CY4.10,CRU-CY:Israel,gridded estimate; station support unavailable,30.0,0.1933333333333333,30.0,-0.5133333333333319,30.0,0.75,30.0,13.099999999999994,30.0,-12.906666666666638,30.0,0.5499999999999999
1924,7,0.0,25.6,32.9,6.8,0.0,1924-07-01,31,210.79999999999998,-210.79999999999998,CRU-CY4.10,CRU-CY:Israel,gridded estimate; station support unavailable,30.0,0.0,30.0,-0.6999999999999993,30.0,0.7466666666666697,30.0,8.783333333333246,30.0,-8.783333333333246,30.0,0.0
1924,8,0.0,25.6,32.2,6.1,0.0,1924-08-01,31,189.1,-189.1,CRU-CY4.10,CRU-CY:Israel,gridded estimate; station support unavailable,30.0,0.0,30.0,-1.1133333333333262,30.0,-0.20999999999999375,30.0,2.686666666666639,30.0,-2.686666666666639,30.0,0.0
1924,9,0.1,24.3,30.9,5.1,0.0,1924-09-01,30,153.0,-152.9,CRU-CY4.10,CRU-CY:Israel,gridded estimate; station support unavailable,30.0,-0.31333333333333324,30.0,-0.7966666666666598,30.0,0.023333333333333428,30.0,5.599999999999994,30.0,-5.913333333333355,30.0,-0.09333333333333334
1924,10,25.9,20.8,27.1,3.7,4.2,1924-10-01,31,114.7,-88.80000000000001,CRU-CY4.10,CRU-CY:Israel,gridded estimate; station support unavailable,30.0,9.94,30.0,-1.6233333333333277,30.0,-1.1699999999999982,30.0,2.3766666666666794,30.0,7.563333333333347,30.0,1.6200000000000006
1924,11,88.7,16.8,22.0,2.5,8.1,1924-11-01,30,75.0,13.700000000000003,CRU-CY4.10,CRU-CY:Israel,gridded estimate; station support unavailable,30.0,37.373333333333335,30.0,-0.9166666666666607,30.0,-1.3399999999999928,30.0,0.20000000000000284,30.0,37.17333333333333,30.0,3.166666666666667
1924,12,89.4,13.0,17.8,1.9,11.1,1924-12-01,31,58.9,30.500000000000007,CRU-CY4.10,CRU-CY:Israel,gridded estimate; station support unavailable,30.0,-2.086666666666659,30.0,-0.7999999999999989,30.0,-0.836666666666666,30.0,1.240000000000002,30.0,-3.326666666666661,30.0,2.1500000000000004
1925,1,57.1,9.3,14.3,1.9,9.5,1925-01-01,31,58.9,-1.7999999999999972,CRU-CY4.10,CRU-CY:Israel,gridded estimate; station support unavailable,30.0,-51.42333333333335,30.0,-2.93333333333333,30.0,-2.4866666666666646,30.0,2.066666666666663,30.0,-53.48999999999998,30.0,-1.4766666666666683
1925,2,34.5,11.6,17.2,2.6,6.8,1925-02-01,28,72.8,-38.3,CRU-CY4.10,CRU-CY:Israel,gridded estimate; station support unavailable,30.0,-46.08666666666667,30.0,-1.2466666666666661,30.0,-0.6433333333333309,30.0,4.780000000000001,30.0,-50.86666666666666,30.0,-3.5533333333333337
1925,3,14.0,16.8,23.1,3.7,4.2,1925-03-01,31,114.7,-100.7,CRU-CY4.10,CRU-CY:Israel,gridded estimate; station support unavailable,30.0,-30.169999999999995,30.0,1.6366666666666685,30.0,2.4833333333333343,30.0,14.466666666666669,30.0,-44.63666666666668,30.0,-2.163333333333334
1925,4,56.8,16.2,22.8,4.3,4.6,1925-04-01,30,129.0,-72.2,CRU-CY4.10,CRU-CY:Israel,gridded estimate; station support unavailable,30.0,40.78,30.0,-2.1933333333333316,30.0,-1.8499999999999943,30.0,-5.400000000000006,30.0,46.18000000000001,30.0,2.1066666666666665
1925,5,0.6,20.7,28.1,5.8,0.2,1925-05-01,31,179.79999999999998,-179.2,CRU-CY4.10,CRU-CY:Israel,gridded estimate; station support unavailable,30.0,-3.983333333333333,30.0,-0.8566666666666691,30.0,0.11999999999999744,30.0,12.089999999999975,30.0,-16.073333333333323,30.0,-0.9000000000000004
1925,6,1.1,22.6,29.7,6.7,0.3,1925-06-01,30,201.0,-199.9,CRU-CY4.10,CRU-CY:Israel,gridded estimate; station support unavailable,30.0,0.9933333333333334,30.0,-1.7133333333333312,30.0,-0.8500000000000014,30.0,7.099999999999994,30.0,-6.106666666666655,30.0,0.24999999999999997
1925,7,0.0,25.1,32.0,6.7,0.0,1925-07-01,31,207.70000000000002,-207.70000000000002,CRU-CY4.10,CRU-CY:Israel,gridded estimate; station support unavailable,30.0,0.0,30.0,-1.1999999999999993,30.0,-0.15333333333332888,30.0,5.68333333333328,30.0,-5.68333333333328,30.0,0.0
1925,8,0.0,25.4,32.0,6.1,0.0,1925-08-01,31,189.1,-189.1,CRU-CY4.10,CRU-CY:Israel,gridded estimate; station support unavailable,30.0,0.0,30.0,-1.313333333333329,30.0,-0.4099999999999966,30.0,2.686666666666639,30.0,-2.686666666666639,30.0,0.0
1925,9,0.5,24.5,31.4,5.3,0.1,1925-09-01,30,159.0,-158.5,CRU-CY4.10,CRU-CY:Israel,gridded estimate; station support unavailable,30.0,0.08666666666666673,30.0,-0.5966666666666605,30.0,0.5233333333333334,30.0,11.599999999999994,30.0,-11.51333333333335,30.0,0.006666666666666668
1925,10,6.1,22.1,29.0,4.0,1.5,1925-10-01,31,124.0,-117.9,CRU-CY4.10,CRU-CY:Israel,gridded estimate; station support unavailable,30.0,-9.86,30.0,-0.32333333333332703,30.0,0.7300000000000004,30.0,11.676666666666677,30.0,-21.536666666666648,30.0,-1.0799999999999996
1925,11,67.0,18.8,25.0,2.8,6.9,1925-11-01,30,84.0,-17.0,CRU-CY4.10,CRU-CY:Israel,gridded estimate; station support unavailable,30.0,15.673333333333332,30.0,1.0833333333333393,30.0,1.6600000000000072,30.0,9.200000000000003,30.0,6.473333333333326,30.0,1.9666666666666677
1925,12,66.2,14.9,20.3,2.0,8.2,1925-12-01,31,62.0,4.200000000000003,CRU-CY4.10,CRU-CY:Israel,gridded estimate; station support unavailable,30.0,-25.28666666666666,30.0,1.1000000000000014,30.0,1.663333333333334,30.0,4.340000000000003,30.0,-29.626666666666665,30.0,-0.75
1926,1,124.2,12.1,17.0,1.9,12.4,1926-01-01,31,58.9,65.30000000000001,CRU-CY4.10,CRU-CY:Israel,gridded estimate; station support unavailable,30.0,15.676666666666648,30.0,-0.13333333333333108,30.0,0.2133333333333347,30.0,2.066666666666663,30.0,13.610000000000028,30.0,1.423333333333332
1926,2,104.0,12.3,17.4,2.4,11.6,1926-02-01,28,67.2,36.8,CRU-CY4.10,CRU-CY:Israel,gridded estimate; station support unavailable,30.0,23.413333333333327,30.0,-0.5466666666666651,30.0,-0.4433333333333316,30.0,-0.8199999999999932,30.0,24.23333333333333,30.0,1.2466666666666661
1926,3,81.5,13.4,19.1,3.2,10.3,1926-03-01,31,99.2,-17.700000000000003,CRU-CY4.10,CRU-CY:Israel,gridded estimate; station support unavailable,30.0,37.330000000000005,30.0,-1.7633333333333319,30.0,-1.5166666666666657,30.0,-1.0333333333333314,30.0,38.36333333333332,30.0,3.9366666666666665
1926,4,22.3,18.3,25.1,4.7,3.3,1926-04-01,30,141.0,-118.7,CRU-CY4.10,CRU-CY:Israel,gridded estimate; station support unavailable,30.0,6.280000000000001,30.0,-0.09333333333333016,30.0,0.4500000000000064,30.0,6.599999999999994,30.0,-0.3199999999999932,30.0,0.8066666666666666
1926,5,3.3,21.9,29.1,5.9,0.7,1926-05-01,31,182.9,-179.6,CRU-CY4.10,CRU-CY:Israel,gridded estimate; station support unavailable,30.0,-1.2833333333333332,30.0,0.34333333333333016,30.0,1.1199999999999974,30.0,15.189999999999998,30.0,-16.47333333333333,30.0,-0.40000000000000036
1926,6,0.0,24.3,31.6,6.9,0.0,1926-06-01,30,207.0,-207.0,CRU-CY4.10,CRU-CY:Israel,gridded estimate; station support unavailable,30.0,-0.10666666666666669,30.0,-0.013333333333331865,30.0,1.0500000000000007,30.0,13.099999999999994,30.0,-13.20666666666665,30.0,-0.05000000000000001
1926,7,0.0,24.3,30.9,6.4,0.0,1926-07-01,31,198.4,-198.4,CRU-CY4.10,CRU-CY:Israel,gridded estimate; station support unavailable,30.0,0.0,30.0,-2.0,30.0,-1.2533333333333303,30.0,-3.616666666666731,30.0,3.616666666666731,30.0,0.0
1926,8,0.0,23.7,30.3,5.8,0.0,1926-08-01,31,179.79999999999998,-179.79999999999998,CRU-CY4.10,CRU-CY:Israel,gridded estimate; station support unavailable,30.0,0.0,30.0,-3.0133333333333283,30.0,-2.109999999999996,30.0,-6.613333333333372,30.0,6.613333333333372,30.0,0.0
1926,9,0.0,22.2,29.0,4.9,0.0,1926-09-01,30,147.0,-147.0,CRU-CY4.10,CRU-CY:Israel,gridded estimate; station support unavailable,30.0,-0.4133333333333333,30.0,-2.896666666666661,30.0,-1.8766666666666652,30.0,-0.4000000000000057,30.0,-0.013333333333349628,30.0,-0.09333333333333334
1926,10,0.9,21.5,28.4,3.9,0.9,1926-10-01,31,120.89999999999999,-119.99999999999999,CRU-CY4.10,CRU-CY:Israel,gridded estimate; station support unavailable,30.0,-15.059999999999999,30.0,-0.9233333333333285,30.0,0.129999999999999,30.0,8.576666666666668,30.0,-23.636666666666628,30.0,-1.6799999999999997
1926,11,19.8,18.0,24.4,2.8,4.0,1926-11-01,30,84.0,-64.2,CRU-CY4.10,CRU-CY:Israel,gridded estimate; station support unavailable,30.0,-31.526666666666667,30.0,0.28333333333333854,30.0,1.0600000000000058,30.0,9.200000000000003,30.0,-40.726666666666674,30.0,-0.9333333333333327
1926,12,101.2,13.8,19.3,2.0,8.4,1926-12-01,31,62.0,39.2,CRU-CY4.10,CRU-CY:Israel,gridded estimate; station support unavailable,30.0,9.713333333333338,30.0,1.7763568394002505e-15,30.0,0.663333333333334,30.0,4.340000000000003,30.0,5.373333333333335,30.0,-0.5499999999999989
1927,1,64.8,12.2,17.5,2.0,7.8,1927-01-01,31,62.0,2.799999999999997,CRU-CY4.10,CRU-CY:Israel,gridded estimate; station support unavailable,30.0,-43.72333333333336,30.0,-0.03333333333333144,30.0,0.7133333333333347,30.0,5.166666666666664,30.0,-48.889999999999986,30.0,-3.1766666666666685
1927,2,197.0,9.5,14.9,2.4,15.3,1927-02-01,28,67.2,129.8,CRU-CY4.10,CRU-CY:Israel,gridded estimate; station support unavailable,30.0,116.41333333333333,30.0,-3.346666666666666,30.0,-2.94333333333333,30.0,-0.8199999999999932,30.0,117.23333333333335,30.0,4.946666666666667
1927,3,16.0,15.0,21.6,3.7,4.0,1927-03-01,31,114.7,-98.7,CRU-CY4.10,CRU-CY:Israel,gridded estimate; station support unavailable,30.0,-28.169999999999995,30.0,-0.16333333333333222,30.0,0.9833333333333343,30.0,14.466666666666669,30.0,-42.63666666666668,30.0,-2.363333333333334
1927,4,45.0,16.4,23.5,4.5,4.8,1927-04-01,30,135.0,-90.0,CRU-CY4.10,CRU-CY:Israel,gridded estimate; station support unavailable,30.0,28.98,30.0,-1.9933333333333323,30.0,-1.149999999999995,30.0,0.5999999999999943,30.0,28.38000000000001,30.0,2.3066666666666666
1927,5,1.5,22.0,29.6,6.2,1.0,1927-05-01,31,192.20000000000002,-190.70000000000002,CRU-CY4.10,CRU-CY:Israel,gridded estimate; station support unavailable,30.0,-3.083333333333333,30.0,0.4433333333333316,30.0,1.6199999999999974,30.0,24.49000000000001,30.0,-27.573333333333352,30.0,-0.10000000000000031
1927,6,0.0,23.5,30.9,6.8,0.0,1927-06-01,30,204.0,-204.0,CRU-CY4.10,CRU-CY:Israel,gridded estimate; station support unavailable,30.0,-0.10666666666666669,30.0,-0.8133333333333326,30.0,0.34999999999999787,30.0,10.099999999999994,30.0,-10.20666666666665,30.0,-0.05000000000000001
1927,7,0.0,25.7,31.7,6.3,0.0,1927-07-01,31,195.29999999999998,-195.29999999999998,CRU-CY4.10,CRU-CY:Israel,gridded estimate; station support unavailable,30.0,0.0,30.0,-0.6000000000000014,30.0,-0.4533333333333296,30.0,-6.716666666666754,30.0,6.716666666666754,30.0,0.0
1927,8,0.0,25.5,31.4,5.8,0.0,1927-08-01,31,179.79999999999998,-179.79999999999998,CRU-CY4.10,CRU-CY:Israel,gridded estimate; station support unavailable,30.0,0.0,30.0,-1.2133333333333276,30.0,-1.009999999999998,30.0,-6.613333333333372,30.0,6.613333333333372,30.0,0.0
1927,9,0.0,24.4,30.4,4.9,0.0,1927-09-01,30,147.0,-147.0,CRU-CY4.10,CRU-CY:Israel,gridded estimate; station support unavailable,30.0,-0.4133333333333333,30.0,-0.6966666666666619,30.0,-0.47666666666666657,30.0,-0.4000000000000057,30.0,-0.013333333333349628,30.0,-0.09333333333333334
1927,10,19.2,23.5,30.5,4.2,3.4,1927-10-01,31,130.20000000000002,-111.00000000000001,CRU-CY4.10,CRU-CY:Israel,gridded estimate; station support unavailable,30.0,3.24,30.0,1.0766666666666715,30.0,2.2300000000000004,30.0,17.876666666666694,30.0,-14.636666666666656,30.0,0.8200000000000003
1927,11,36.8,18.7,25.0,2.8,5.7,1927-11-01,30,84.0,-47.2,CRU-CY4.10,CRU-CY:Israel,gridded estimate; station support unavailable,30.0,-14.52666666666667,30.0,0.9833333333333378,30.0,1.6600000000000072,30.0,9.200000000000003,30.0,-23.726666666666677,30.0,0.7666666666666675
1927,12,55.2,14.1,19.8,2.1,7.2,1927-12-01,31,65.10000000000001,-9.900000000000006,CRU-CY4.10,CRU-CY:Israel,gridded estimate; station support unavailable,30.0,-36.28666666666666,30.0,0.3000000000000007,30.0,1.163333333333334,30.0,7.440000000000012,30.0,-43.726666666666674,30.0,-1.7499999999999991
1928,1,73.0,12.9,17.4,2.0,9.5,1928-01-01,31,62.0,11.0,CRU-CY4.10,CRU-CY:Israel,gridded estimate; station support unavailable,30.0,-35.523333333333355,30.0,0.6666666666666696,30.0,0.6133333333333333,30.0,5.166666666666664,30.0,-40.68999999999998,30.0,-1.4766666666666683
1928,2,173.1,11.0,15.2,2.3,14.5,1928-02-01,29,66.69999999999999,106.4,CRU-CY4.10,CRU-CY:Israel,gridded estimate; station support unavailable,30.0,92.51333333333332,30.0,-1.8466666666666658,30.0,-2.643333333333331,30.0,-1.3200000000000074,30.0,93.83333333333334,30.0,4.1466666666666665
1928,3,11.9,13.1,19.5,3.4,3.4,1928-03-01,31,105.39999999999999,-93.49999999999999,CRU-CY4.10,CRU-CY:Israel,gridded estimate; station support unavailable,30.0,-32.269999999999996,30.0,-2.0633333333333326,30.0,-1.1166666666666671,30.0,5.166666666666657,30.0,-37.43666666666666,30.0,-2.9633333333333343
1928,4,1.2,20.2,27.8,5.2,0.6,1928-04-01,30,156.0,-154.8,CRU-CY4.10,CRU-CY:Israel,gridded estimate; station support unavailable,30.0,-14.82,30.0,1.8066666666666684,30.0,3.1500000000000057,30.0,21.599999999999994,30.0,-36.42,30.0,-1.893333333333333
1928,5,0.4,22.7,30.8,6.4,0.3,1928-05-01,31,198.4,-198.0,CRU-CY4.10,CRU-CY:Israel,gridded estimate; station support unavailable,30.0,-4.183333333333333,30.0,1.1433333333333309,30.0,2.8199999999999967,30.0,30.689999999999998,30.0,-34.873333333333335,30.0,-0.8000000000000003
1928,6,0.0,23.4,31.1,7.0,0.0,1928-06-01,30,210.0,-210.0,CRU-CY4.10,CRU-CY:Israel,gridded estimate; station support unavailable,30.0,-0.10666666666666669,30.0,-0.913333333333334,30.0,0.5500000000000007,30.0,16.099999999999994,30.0,-16.20666666666665,30.0,-0.05000000000000001
1928,7,0.0,25.6,32.9,6.8,0.0,1928-07-01,31,210.79999999999998,-210.79999999999998,CRU-CY4.10,CRU-CY:Israel,gridded estimate; station support unavailable,30.0,0.0,30.0,-0.6999999999999993,30.0,0.7466666666666697,30.0,8.783333333333246,30.0,-8.783333333333246,30.0,0.0
1928,8,0.0,26.5,33.8,6.4,0.0,1928-08-01,31,198.4,-198.4,CRU-CY4.10,CRU-CY:Israel,gridded estimate; station support unavailable,30.0,0.0,30.0,-0.2133333333333276,30.0,1.3900000000000006,30.0,11.98666666666665,30.0,-11.98666666666665,30.0,0.0
1928,9,0.0,24.6,31.3,5.2,0.0,1928-09-01,30,156.0,-156.0,CRU-CY4.10,CRU-CY:Israel,gridded estimate; station support unavailable,30.0,-0.4133333333333333,30.0,-0.49666666666665904,30.0,0.42333333333333556,30.0,8.599999999999994,30.0,-9.01333333333335,30.0,-0.09333333333333334
1928,10,3.0,20.7,27.5,3.8,1.2,1928-10-01,31,117.8,-114.8,CRU-CY4.10,CRU-CY:Israel,gridded estimate; station support unavailable,30.0,-12.959999999999999,30.0,-1.7233333333333292,30.0,-0.7699999999999996,30.0,5.476666666666674,30.0,-18.43666666666664,30.0,-1.3799999999999997
1928,11,45.0,17.8,23.6,2.7,5.7,1928-11-01,30,81.0,-36.0,CRU-CY4.10,CRU-CY:Israel,gridded estimate; station support unavailable,30.0,-6.326666666666668,30.0,0.08333333333333925,30.0,0.26000000000000867,30.0,6.200000000000003,30.0,-12.526666666666674,30.0,0.7666666666666675
1928,12,112.9,13.6,18.7,2.0,10.6,1928-12-01,31,62.0,50.900000000000006,CRU-CY4.10,CRU-CY:Israel,gridded estimate; station support unavailable,30.0,21.41333333333334,30.0,-0.1999999999999993,30.0,0.06333333333333258,30.0,4.340000000000003,30.0,17.073333333333338,30.0,1.6500000000000004
1929,1,114.3,10.6,15.4,1.8,11.5,1929-01-01,31,55.800000000000004,58.49999999999999,CRU-CY4.10,CRU-CY:Israel,gridded estimate; station support unavailable,30.0,5.776666666666642,30.0,-1.633333333333331,30.0,-1.386666666666665,30.0,-1.0333333333333314,30.0,6.810000000000009,30.0,0.5233333333333317
1929,2,92.7,10.6,15.7,2.3,9.8,1929-02-01,28,64.39999999999999,28.30000000000001,CRU-CY4.10,CRU-CY:Israel,gridded estimate; station support unavailable,30.0,12.11333333333333,30.0,-2.246666666666666,30.0,-2.143333333333331,30.0,-3.6200000000000045,30.0,15.733333333333345,30.0,-0.5533333333333328
1929,3,20.2,12.2,18.4,3.1,4.7,1929-03-01,31,96.10000000000001,-75.9,CRU-CY4.10,CRU-CY:Israel,gridded estimate; station support unavailable,30.0,-23.969999999999995,30.0,-2.963333333333333,30.0,-2.2166666666666686,30.0,-4.133333333333326,30.0,-19.83666666666668,30.0,-1.663333333333334
1929,4,43.1,17.0,24.6,4.8,5.2,1929-04-01,30,144.0,-100.9,CRU-CY4.10,CRU-CY:Israel,gridded estimate; station support unavailable,30.0,27.080000000000002,30.0,-1.3933333333333309,30.0,-0.049999999999993605,30.0,9.599999999999994,30.0,17.480000000000004,30.0,2.706666666666667
1929,5,1.4,22.9,31.0,6.4,0.6,1929-05-01,31,198.4,-197.0,CRU-CY4.10,CRU-CY:Israel,gridded estimate; station support unavailable,30.0,-3.183333333333333,30.0,1.3433333333333302,30.0,3.019999999999996,30.0,30.689999999999998,30.0,-33.873333333333335,30.0,-0.5000000000000003
1929,6,0.3,23.1,30.7,6.8,0.4,1929-06-01,30,204.0,-203.7,CRU-CY4.10,CRU-CY:Israel,gridded estimate; station support unavailable,30.0,0.1933333333333333,30.0,-1.2133333333333312,30.0,0.14999999999999858,30.0,10.099999999999994,30.0,-9.906666666666638,30.0,0.35000000000000003
1929,7,0.0,24.4,31.8,6.5,0.0,1929-07-01,31,201.5,-201.5,CRU-CY4.10,CRU-CY:Israel,gridded estimate; station support unavailable,30.0,0.0,30.0,-1.9000000000000021,30.0,-0.35333333333332817,30.0,-0.5166666666667368,30.0,0.5166666666667368,30.0,0.0
1929,8,0.0,26.3,33.1,6.2,0.0,1929-08-01,31,192.20000000000002,-192.20000000000002,CRU-CY4.10,CRU-CY:Israel,gridded estimate; station support unavailable,30.0,0.0,30.0,-0.4133333333333269,30.0,0.6900000000000048,30.0,5.786666666666662,30.0,-5.786666666666662,30.0,0.0
1929,9,0.1,24.4,31.4,5.2,0.1,1929-09-01,30,156.0,-155.9,CRU-CY4.10,CRU-CY:Israel,gridded estimate; station support unavailable,30.0,-0.31333333333333324,30.0,-0.6966666666666619,30.0,0.5233333333333334,30.0,8.599999999999994,30.0,-8.913333333333355,30.0,0.006666666666666668
1929,10,2.7,20.7,28.1,3.8,0.9,1929-10-01,31,117.8,-115.1,CRU-CY4.10,CRU-CY:Israel,gridded estimate; station support unavailable,30.0,-13.259999999999998,30.0,-1.7233333333333292,30.0,-0.16999999999999815,30.0,5.476666666666674,30.0,-18.736666666666636,30.0,-1.6799999999999997
1929,11,105.4,18.8,25.2,2.8,8.2,1929-11-01,30,84.0,21.400000000000006,CRU-CY4.10,CRU-CY:Israel,gridded estimate; station support unavailable,30.0,54.07333333333334,30.0,1.0833333333333393,30.0,1.8600000000000065,30.0,9.200000000000003,30.0,44.873333333333335,30.0,3.2666666666666666
1929,12,87.3,12.7,17.5,1.9,11.3,1929-12-01,31,58.9,28.4,CRU-CY4.10,CRU-CY:Israel,gridded estimate; station support unavailable,30.0,-4.186666666666667,30.0,-1.0999999999999996,30.0,-1.1366666666666667,30.0,1.240000000000002,30.0,-5.426666666666669,30.0,2.3500000000000014
1930,1,120.8,11.7,16.8,2.0,13.0,1930-01-01,31,62.0,58.8,CRU-CY4.10,CRU-CY:Israel,gridded estimate; station support unavailable,30.0,12.276666666666642,30.0,-0.5333333333333314,30.0,0.013333333333335418,30.0,5.166666666666664,30.0,7.110000000000014,30.0,2.0233333333333317
1930,2,73.8,12.4,17.9,2.5,9.9,1930-02-01,28,70.0,3.799999999999997,CRU-CY4.10,CRU-CY:Israel,gridded estimate; station support unavailable,30.0,-6.786666666666676,30.0,-0.44666666666666544,30.0,0.05666666666666842,30.0,1.980000000000004,30.0,-8.76666666666667,30.0,-0.45333333333333314
1930,3,13.7,15.1,21.6,3.7,3.9,1930-03-01,31,114.7,-101.0,CRU-CY4.10,CRU-CY:Israel,gridded estimate; station support unavailable,30.0,-30.469999999999995,30.0,-0.06333333333333258,30.0,0.9833333333333343,30.0,14.466666666666669,30.0,-44.936666666666675,30.0,-2.4633333333333343
1930,4,28.2,18.4,25.3,4.7,3.8,1930-04-01,30,141.0,-112.8,CRU-CY4.10,CRU-CY:Israel,gridded estimate; station support unavailable,30.0,12.18,30.0,0.006666666666667709,30.0,0.6500000000000057,30.0,6.599999999999994,30.0,5.5800000000000125,30.0,1.3066666666666666
1930,5,1.2,20.3,27.8,5.8,0.3,1930-05-01,31,179.79999999999998,-178.6,CRU-CY4.10,CRU-CY:Israel,gridded estimate; station support unavailable,30.0,-3.383333333333333,30.0,-1.2566666666666677,30.0,-0.18000000000000327,30.0,12.089999999999975,30.0,-15.47333333333333,30.0,-0.8000000000000003
1930,6,0.0,23.4,30.4,6.6,0.0,1930-06-01,30,198.0,-198.0,CRU-CY4.10,CRU-CY:Israel,gridded estimate; station support unavailable,30.0,-0.10666666666666669,30.0,-0.913333333333334,30.0,-0.15000000000000213,30.0,4.099999999999994,30.0,-4.206666666666649,30.0,-0.05000000000000001
1930,7,0.0,25.3,32.1,6.6,0.0,1930-07-01,31,204.6,-204.6,CRU-CY4.10,CRU-CY:Israel,gridded estimate; station support unavailable,30.0,0.0,30.0,-1.0,30.0,-0.05333333333332746,30.0,2.5833333333332575,30.0,-2.5833333333332575,30.0,0.0
1930,8,0.0,26.3,33.0,6.3,0.0,1930-08-01,31,195.29999999999998,-195.29999999999998,CRU-CY4.10,CRU-CY:Israel,gridded estimate; station support unavailable,30.0,0.0,30.0,-0.4133333333333269,30.0,0.5900000000000034,30.0,8.886666666666628,30.0,-8.886666666666628,30.0,0.0
1930,9,2.5,24.2,31.1,5.1,0.2,1930-09-01,30,153.0,-150.5,CRU-CY4.10,CRU-CY:Israel,gridded estimate; station support unavailable,30.0,2.086666666666667,30.0,-0.8966666666666612,30.0,0.22333333333333627,30.0,5.599999999999994,30.0,-3.5133333333333496,30.0,0.10666666666666667
1930,10,1.9,21.3,28.3,3.9,0.8,1930-10-01,31,120.89999999999999,-118.99999999999999,CRU-CY4.10,CRU-CY:Israel,gridded estimate; station support unavailable,30.0,-14.059999999999999,30.0,-1.1233333333333277,30.0,0.030000000000001137,30.0,8.576666666666668,30.0,-22.636666666666628,30.0,-1.7799999999999996
1930,11,43.1,17.4,23.7,2.7,5.2,1930-11-01,30,81.0,-37.9,CRU-CY4.10,CRU-CY:Israel,gridded estimate; station support unavailable,30.0,-8.226666666666667,30.0,-0.3166666666666629,30.0,0.36000000000000654,30.0,6.200000000000003,30.0,-14.426666666666673,30.0,0.2666666666666675
1930,12,85.9,15.4,20.9,2.1,9.8,1930-12-01,31,65.10000000000001,20.799999999999997,CRU-CY4.10,CRU-CY:Israel,gridded estimate; station support unavailable,30.0,-5.586666666666659,30.0,1.6000000000000014,30.0,2.263333333333332,30.0,7.440000000000012,30.0,-13.02666666666667,30.0,0.8500000000000014
1931,1,130.9,12.6,17.1,1.8,12.1,1931-01-01,31,55.800000000000004,75.1,CRU-CY4.10,CRU-CY:Israel,gridded estimate; station support unavailable,30.0,22.37666666666665,30.0,0.3666666666666689,30.0,0.31333333333333613,30.0,-1.0333333333333314,30.0,23.41000000000001,30.0,1.1233333333333313
1931,2,94.3,12.6,17.9,2.6,11.8,1931-02-01,28,72.8,21.5,CRU-CY4.10,CRU-CY:Israel,gridded estimate; station support unavailable,30.0,13.713333333333324,30.0,-0.24666666666666615,30.0,0.05666666666666842,30.0,4.780000000000001,30.0,8.933333333333334,30.0,1.4466666666666672
1931,3,44.6,15.1,21.2,3.5,6.6,1931-03-01,31,108.5,-63.9,CRU-CY4.10,CRU-CY:Israel,gridded estimate; station support unavailable,30.0,0.4300000000000068,30.0,-0.06333333333333258,30.0,0.5833333333333321,30.0,8.266666666666666,30.0,-7.836666666666673,30.0,0.23666666666666547
1931,4,16.7,17.4,24.4,4.7,3.3,1931-04-01,30,141.0,-124.3,CRU-CY4.10,CRU-CY:Israel,gridded estimate; station support unavailable,30.0,0.6799999999999997,30.0,-0.9933333333333323,30.0,-0.24999999999999645,30.0,6.599999999999994,30.0,-5.9199999999999875,30.0,0.8066666666666666
1931,5,1.3,20.5,27.8,5.7,0.5,1931-05-01,31,176.70000000000002,-175.4,CRU-CY4.10,CRU-CY:Israel,gridded estimate; station support unavailable,30.0,-3.283333333333333,30.0,-1.0566666666666684,30.0,-0.18000000000000327,30.0,8.990000000000009,30.0,-12.27333333333334,30.0,-0.6000000000000003
1931,6,0.3,22.8,29.8,6.4,0.5,1931-06-01,30,192.0,-191.7,CRU-CY4.10,CRU-CY:Israel,gridded estimate; station support unavailable,30.0,0.1933333333333333,30.0,-1.5133333333333319,30.0,-0.75,30.0,-1.9000000000000057,30.0,2.093333333333362,30.0,0.45
1931,7,0.0,25.6,32.2,6.5,0.0,1931-07-01,31,201.5,-201.5,CRU-CY4.10,CRU-CY:Israel,gridded estimate; station support unavailable,30.0,0.0,30.0,-0.6999999999999993,30.0,0.04666666666667396,30.0,-0.5166666666667368,30.0,0.5166666666667368,30.0,0.0
1931,8,0.0,26.3,32.9,6.3,0.0,1931-08-01,31,195.29999999999998,-195.29999999999998,CRU-CY4.10,CRU-CY:Israel,gridded estimate; station support unavailable,30.0,0.0,30.0,-0.4133333333333269,30.0,0.490000000000002,30.0,8.886666666666628,30.0,-8.886666666666628,30.0,0.0
1931,9,1.4,25.1,31.7,5.2,0.1,1931-09-01,30,156.0,-154.6,CRU-CY4.10,CRU-CY:Israel,gridded estimate; station support unavailable,30.0,0.9866666666666666,30.0,0.00333333333334096,30.0,0.8233333333333341,30.0,8.599999999999994,30.0,-7.613333333333344,30.0,0.006666666666666668
1931,10,4.1,21.9,28.8,3.9,2.0,1931-10-01,31,120.89999999999999,-116.8,CRU-CY4.10,CRU-CY:Israel,gridded estimate; station support unavailable,30.0,-11.86,30.0,-0.5233333333333299,30.0,0.5300000000000011,30.0,8.576666666666668,30.0,-20.43666666666664,30.0,-0.5799999999999996
1931,11,42.0,15.8,22.1,2.6,4.3,1931-11-01,30,78.0,-36.0,CRU-CY4.10,CRU-CY:Israel,gridded estimate; station support unavailable,30.0,-9.326666666666668,30.0,-1.9166666666666607,30.0,-1.2399999999999913,30.0,3.200000000000003,30.0,-12.526666666666674,30.0,-0.6333333333333329
1931,12,144.8,12.2,17.5,1.9,11.9,1931-12-01,31,58.9,85.9,CRU-CY4.10,CRU-CY:Israel,gridded estimate; station support unavailable,30.0,53.31333333333335,30.0,-1.5999999999999996,30.0,-1.1366666666666667,30.0,1.240000000000002,30.0,52.07333333333334,30.0,2.950000000000001
1932,1,84.5,10.7,15.8,1.9,11.4,1932-01-01,31,58.9,25.6,CRU-CY4.10,CRU-CY:Israel,gridded estimate; station support unavailable,30.0,-24.023333333333355,30.0,-1.5333333333333314,30.0,-0.9866666666666646,30.0,2.066666666666663,30.0,-26.089999999999982,30.0,0.423333333333332
1932,2,102.5,11.8,17.4,2.5,11.0,1932-02-01,29,72.5,30.0,CRU-CY4.10,CRU-CY:Israel,gridded estimate; station support unavailable,30.0,21.913333333333327,30.0,-1.046666666666665,30.0,-0.4433333333333316,30.0,4.480000000000004,30.0,17.433333333333334,30.0,0.6466666666666665
1932,3,14.2,14.5,20.8,3.5,3.9,1932-03-01,31,108.5,-94.3,CRU-CY4.10,CRU-CY:Israel,gridded estimate; station support unavailable,30.0,-29.969999999999995,30.0,-0.6633333333333322,30.0,0.18333333333333357,30.0,8.266666666666666,30.0,-38.23666666666667,30.0,-2.4633333333333343
1932,4,12.8,17.0,24.1,4.6,2.4,1932-04-01,30,138.0,-125.2,CRU-CY4.10,CRU-CY:Israel,gridded estimate; station support unavailable,30.0,-3.219999999999999,30.0,-1.3933333333333309,30.0,-0.5499999999999936,30.0,3.5999999999999943,30.0,-6.819999999999993,30.0,-0.09333333333333327
1932,5,1.8,19.7,27.2,5.7,0.4,1932-05-01,31,176.70000000000002,-174.9,CRU-CY4.10,CRU-CY:Israel,gridded estimate; station support unavailable,30.0,-2.783333333333333,30.0,-1.8566666666666691,30.0,-0.7800000000000047,30.0,8.990000000000009,30.0,-11.77333333333334,30.0,-0.7000000000000003
1932,6,0.0,23.9,31.2,6.8,0.0,1932-06-01,30,204.0,-204.0,CRU-CY4.10,CRU-CY:Israel,gridded estimate; station support unavailable,30.0,-0.10666666666666669,30.0,-0.413333333333334,30.0,0.6499999999999986,30.0,10.099999999999994,30.0,-10.20666666666665,30.0,-0.05000000000000001
1932,7,0.0,25.6,32.3,6.6,0.0,1932-07-01,31,204.6,-204.6,CRU-CY4.10,CRU-CY:Israel,gridded estimate; station support unavailable,30.0,0.0,30.0,-0.6999999999999993,30.0,0.14666666666666828,30.0,2.5833333333332575,30.0,-2.5833333333332575,30.0,0.0
1932,8,0.0,26.1,32.9,6.2,0.0,1932-08-01,31,192.20000000000002,-192.20000000000002,CRU-CY4.10,CRU-CY:Israel,gridded estimate; station support unavailable,30.0,0.0,30.0,-0.6133333333333262,30.0,0.490000000000002,30.0,5.786666666666662,30.0,-5.786666666666662,30.0,0.0
1932,9,0.0,24.3,30.3,4.8,0.0,1932-09-01,30,144.0,-144.0,CRU-CY4.10,CRU-CY:Israel,gridded estimate; station support unavailable,30.0,-0.4133333333333333,30.0,-0.7966666666666598,30.0,-0.5766666666666644,30.0,-3.4000000000000057,30.0,2.9866666666666504,30.0,-0.09333333333333334
1932,10,11.1,24.0,30.1,3.9,1.8,1932-10-01,31,120.89999999999999,-109.8,CRU-CY4.10,CRU-CY:Israel,gridded estimate; station support unavailable,30.0,-4.859999999999999,30.0,1.5766666666666715,30.0,1.8300000000000018,30.0,8.576666666666668,30.0,-13.436666666666639,30.0,-0.7799999999999996
1932,11,28.2,17.4,23.4,2.6,4.6,1932-11-01,30,78.0,-49.8,CRU-CY4.10,CRU-CY:Israel,gridded estimate; station support unavailable,30.0,-23.12666666666667,30.0,-0.3166666666666629,30.0,0.060000000000005826,30.0,3.200000000000003,30.0,-26.32666666666667,30.0,-0.33333333333333304
1932,12,9.6,12.0,17.7,2.0,3.9,1932-12-01,31,62.0,-52.4,CRU-CY4.10,CRU-CY:Israel,gridded estimate; station support unavailable,30.0,-81.88666666666667,30.0,-1.799999999999999,30.0,-0.9366666666666674,30.0,4.340000000000003,30.0,-86.22666666666666,30.0,-5.049999999999999
1933,1,84.8,10.5,15.6,1.8,10.0,1933-01-01,31,55.800000000000004,28.999999999999993,CRU-CY4.10,CRU-CY:Israel,gridded estimate; station support unavailable,30.0,-23.723333333333358,30.0,-1.7333333333333307,30.0,-1.1866666666666656,30.0,-1.0333333333333314,30.0,-22.68999999999999,30.0,-0.9766666666666683
1933,2,49.1,13.0,17.9,2.4,8.5,1933-02-01,28,67.2,-18.1,CRU-CY4.10,CRU-CY:Israel,gridded estimate; station support unavailable,30.0,-31.48666666666667,30.0,0.1533333333333342,30.0,0.05666666666666842,30.0,-0.8199999999999932,30.0,-30.666666666666668,30.0,-1.8533333333333335
1933,3,35.4,13.5,18.9,3.0,5.9,1933-03-01,31,93.0,-57.6,CRU-CY4.10,CRU-CY:Israel,gridded estimate; station support unavailable,30.0,-8.769999999999996,30.0,-1.6633333333333322,30.0,-1.7166666666666686,30.0,-7.233333333333334,30.0,-1.536666666666676,30.0,-0.4633333333333338
1933,4,26.5,14.8,21.0,3.9,3.5,1933-04-01,30,117.0,-90.5,CRU-CY4.10,CRU-CY:Israel,gridded estimate; station support unavailable,30.0,10.48,30.0,-3.59333333333333,30.0,-3.649999999999995,30.0,-17.400000000000006,30.0,27.88000000000001,30.0,1.0066666666666668
1933,5,1.6,19.8,26.2,5.2,0.5,1933-05-01,31,161.20000000000002,-159.60000000000002,CRU-CY4.10,CRU-CY:Israel,gridded estimate; station support unavailable,30.0,-2.983333333333333,30.0,-1.7566666666666677,30.0,-1.7800000000000047,30.0,-6.509999999999991,30.0,3.5266666666666424,30.0,-0.6000000000000003
1933,6,0.0,23.0,30.1,6.4,0.1,1933-06-01,30,192.0,-192.0,CRU-CY4.10,CRU-CY:Israel,gridded estimate; station support unavailable,30.0,-0.10666666666666669,30.0,-1.3133333333333326,30.0,-0.4499999999999993,30.0,-1.9000000000000057,30.0,1.7933333333333508,30.0,0.049999999999999996
1933,7,0.0,23.8,30.4,6.3,0.0,1933-07-01,31,195.29999999999998,-195.29999999999998,CRU-CY4.10,CRU-CY:Israel,gridded estimate; station support unavailable,30.0,0.0,30.0,-2.5,30.0,-1.7533333333333303,30.0,-6.716666666666754,30.0,6.716666666666754,30.0,0.0
1933,8,0.0,24.6,31.1,5.9,0.0,1933-08-01,31,182.9,-182.9,CRU-CY4.10,CRU-CY:Israel,gridded estimate; station support unavailable,30.0,0.0,30.0,-2.113333333333326,30.0,-1.3099999999999952,30.0,-3.5133333333333496,30.0,3.5133333333333496,30.0,0.0
1933,9,2.3,22.2,28.6,4.6,0.1,1933-09-01,30,138.0,-135.7,CRU-CY4.10,CRU-CY:Israel,gridded estimate; station support unavailable,30.0,1.8866666666666665,30.0,-2.896666666666661,30.0,-2.2766666666666637,30.0,-9.400000000000006,30.0,11.286666666666662,30.0,0.006666666666666668
1933,10,6.8,20.0,26.7,3.7,1.2,1933-10-01,31,114.7,-107.9,CRU-CY4.10,CRU-CY:Israel,gridded estimate; station support unavailable,30.0,-9.16,30.0,-2.4233333333333285,30.0,-1.5700000000000003,30.0,2.3766666666666794,30.0,-11.536666666666648,30.0,-1.3799999999999997
1933,11,16.0,19.9,26.2,2.8,3.1,1933-11-01,30,84.0,-68.0,CRU-CY4.10,CRU-CY:Israel,gridded estimate; station support unavailable,30.0,-35.32666666666667,30.0,2.183333333333337,30.0,2.8600000000000065,30.0,9.200000000000003,30.0,-44.52666666666667,30.0,-1.8333333333333326
1933,12,43.5,13.1,18.1,1.7,7.4,1933-12-01,31,52.699999999999996,-9.199999999999996,CRU-CY4.10,CRU-CY:Israel,gridded estimate; station support unavailable,30.0,-47.986666666666665,30.0,-0.6999999999999993,30.0,-0.5366666666666653,30.0,-4.960000000000001,30.0,-43.026666666666664,30.0,-1.549999999999999
1934,1,171.8,11.1,16.2,1.9,13.3,1934-01-01,31,58.9,112.9,CRU-CY4.10,CRU-CY:Israel,gridded estimate; station support unavailable,30.0,63.27666666666666,30.0,-1.133333333333331,30.0,-0.586666666666666,30.0,2.066666666666663,30.0,61.21000000000002,30.0,2.3233333333333324
1934,2,111.2,10.2,15.5,2.4,11.7,1934-02-01,28,67.2,44.0,CRU-CY4.10,CRU-CY:Israel,gridded estimate; station support unavailable,30.0,30.61333333333333,30.0,-2.6466666666666665,30.0,-2.34333333333333,30.0,-0.8199999999999932,30.0,31.433333333333334,30.0,1.3466666666666658
1934,3,15.2,15.6,21.9,3.7,3.9,1934-03-01,31,114.7,-99.5,CRU-CY4.10,CRU-CY:Israel,gridded estimate; station support unavailable,30.0,-28.969999999999995,30.0,0.4366666666666674,30.0,1.2833333333333314,30.0,14.466666666666669,30.0,-43.436666666666675,30.0,-2.4633333333333343
1934,4,14.0,18.4,25.6,4.9,3.0,1934-04-01,30,147.0,-133.0,CRU-CY4.10,CRU-CY:Israel,gridded estimate; station support unavailable,30.0,-2.0199999999999996,30.0,0.006666666666667709,30.0,0.9500000000000064,30.0,12.599999999999994,30.0,-14.61999999999999,30.0,0.5066666666666668
1934,5,3.3,20.9,27.9,5.6,0.7,1934-05-01,31,173.6,-170.29999999999998,CRU-CY4.10,CRU-CY:Israel,gridded estimate; station support unavailable,30.0,-1.2833333333333332,30.0,-0.6566666666666698,30.0,-0.0800000000000054,30.0,5.889999999999986,30.0,-7.173333333333318,30.0,-0.40000000000000036
1934,6,0.1,23.5,29.8,6.3,0.1,1934-06-01,30,189.0,-188.9,CRU-CY4.10,CRU-CY:Israel,gridded estimate; station support unavailable,30.0,-0.006666666666666682,30.0,-0.8133333333333326,30.0,-0.75,30.0,-4.900000000000006,30.0,4.893333333333345,30.0,0.049999999999999996
1934,7,0.0,25.0,31.6,6.5,0.0,1934-07-01,31,201.5,-201.5,CRU-CY4.10,CRU-CY:Israel,gridded estimate; station support unavailable,30.0,0.0,30.0,-1.3000000000000007,30.0,-0.5533333333333275,30.0,-0.5166666666667368,30.0,0.5166666666667368,30.0,0.0
1934,8,0.0,25.5,31.9,6.0,0.0,1934-08-01,31,186.0,-186.0,CRU-CY4.10,CRU-CY:Israel,gridded estimate; station support unavailable,30.0,0.0,30.0,-1.2133333333333276,30.0,-0.509999999999998,30.0,-0.4133333333333553,30.0,0.4133333333333553,30.0,0.0
1934,9,0.0,23.3,29.7,4.8,0.0,1934-09-01,30,144.0,-144.0,CRU-CY4.10,CRU-CY:Israel,gridded estimate; station support unavailable,30.0,-0.4133333333333333,30.0,-1.7966666666666598,30.0,-1.1766666666666659,30.0,-3.4000000000000057,30.0,2.9866666666666504,30.0,-0.09333333333333334
1934,10,6.0,21.6,28.0,3.8,1.6,1934-10-01,31,117.8,-111.8,CRU-CY4.10,CRU-CY:Israel,gridded estimate; station support unavailable,30.0,-9.959999999999999,30.0,-0.823333333333327,30.0,-0.2699999999999996,30.0,5.476666666666674,30.0,-15.436666666666639,30.0,-0.9799999999999995
1934,11,6.9,18.5,24.1,2.6,1.8,1934-11-01,30,78.0,-71.1,CRU-CY4.10,CRU-CY:Israel,gridded estimate; station support unavailable,30.0,-44.42666666666667,30.0,0.7833333333333385,30.0,0.7600000000000087,30.0,3.200000000000003,30.0,-47.626666666666665,30.0,-3.133333333333333
1934,12,158.4,13.2,18.2,1.9,11.3,1934-12-01,31,58.9,99.5,CRU-CY4.10,CRU-CY:Israel,gridded estimate; station support unavailable,30.0,66.91333333333334,30.0,-0.5999999999999996,30.0,-0.4366666666666674,30.0,1.240000000000002,30.0,65.67333333333333,30.0,2.3500000000000014
1935,1,115.3,12.1,17.1,1.9,11.3,1935-01-01,31,58.9,56.4,CRU-CY4.10,CRU-CY:Israel,gridded estimate; station support unavailable,30.0,6.776666666666642,30.0,-0.13333333333333108,30.0,0.31333333333333613,30.0,2.066666666666663,30.0,4.710000000000015,30.0,0.32333333333333236
1935,2,159.5,12.6,17.6,2.4,14.3,1935-02-01,28,67.2,92.3,CRU-CY4.10,CRU-CY:Israel,gridded estimate; station support unavailable,30.0,78.91333333333333,30.0,-0.24666666666666615,30.0,-0.24333333333332874,30.0,-0.8199999999999932,30.0,79.73333333333333,30.0,3.946666666666667
1935,3,18.0,14.8,21.0,3.5,4.0,1935-03-01,31,108.5,-90.5,CRU-CY4.10,CRU-CY:Israel,gridded estimate; station support unavailable,30.0,-26.169999999999995,30.0,-0.3633333333333315,30.0,0.38333333333333286,30.0,8.266666666666666,30.0,-34.436666666666675,30.0,-2.363333333333334
1935,4,24.1,17.3,24.4,4.7,2.7,1935-04-01,30,141.0,-116.9,CRU-CY4.10,CRU-CY:Israel,gridded estimate; station support unavailable,30.0,8.080000000000002,30.0,-1.0933333333333302,30.0,-0.24999999999999645,30.0,6.599999999999994,30.0,1.480000000000004,30.0,0.206666666666667
1935,5,2.0,23.0,30.5,6.2,0.7,1935-05-01,31,192.20000000000002,-190.20000000000002,CRU-CY4.10,CRU-CY:Israel,gridded estimate; station support unavailable,30.0,-2.583333333333333,30.0,1.4433333333333316,30.0,2.519999999999996,30.0,24.49000000000001,30.0,-27.073333333333352,30.0,-0.40000000000000036
1935,6,0.0,24.8,31.8,6.9,0.0,1935-06-01,30,207.0,-207.0,CRU-CY4.10,CRU-CY:Israel,gridded estimate; station support unavailable,30.0,-0.10666666666666669,30.0,0.48666666666666814,30.0,1.25,30.0,13.099999999999994,30.0,-13.20666666666665,30.0,-0.05000000000000001
1935,7,0.0,24.7,31.4,6.5,0.0,1935-07-01,31,201.5,-201.5,CRU-CY4.10,CRU-CY:Israel,gridded estimate; station support unavailable,30.0,0.0,30.0,-1.6000000000000014,30.0,-0.7533333333333303,30.0,-0.5166666666667368,30.0,0.5166666666667368,30.0,0.0
1935,8,0.0,25.8,32.3,6.2,0.0,1935-08-01,31,192.20000000000002,-192.20000000000002,CRU-CY4.10,CRU-CY:Israel,gridded estimate; station support unavailable,30.0,0.0,30.0,-0.9133333333333269,30.0,-0.10999999999999943,30.0,5.786666666666662,30.0,-5.786666666666662,30.0,0.0
1935,9,1.2,24.2,30.1,4.9,0.1,1935-09-01,30,147.0,-145.8,CRU-CY4.10,CRU-CY:Israel,gridded estimate; station support unavailable,30.0,0.7866666666666666,30.0,-0.8966666666666612,30.0,-0.7766666666666637,30.0,-0.4000000000000057,30.0,1.186666666666639,30.0,0.006666666666666668
1935,10,36.6,22.0,28.1,3.7,4.3,1935-10-01,31,114.7,-78.1,CRU-CY4.10,CRU-CY:Israel,gridded estimate; station support unavailable,30.0,20.64,30.0,-0.42333333333332845,30.0,-0.16999999999999815,30.0,2.3766666666666794,30.0,18.263333333333364,30.0,1.7200000000000002
1935,11,60.2,15.6,20.6,2.3,6.2,1935-11-01,30,69.0,-8.799999999999997,CRU-CY4.10,CRU-CY:Israel,gridded estimate; station support unavailable,30.0,8.873333333333335,30.0,-2.116666666666662,30.0,-2.7399999999999913,30.0,-5.799999999999997,30.0,14.673333333333328,30.0,1.2666666666666675
1935,12,34.7,14.3,19.3,2.0,5.6,1935-12-01,31,62.0,-27.299999999999997,CRU-CY4.10,CRU-CY:Israel,gridded estimate; station support unavailable,30.0,-56.78666666666666,30.0,0.5000000000000018,30.0,0.663333333333334,30.0,4.340000000000003,30.0,-61.126666666666665,30.0,-3.3499999999999996
1936,1,53.8,13.5,18.7,2.0,7.2,1936-01-01,31,62.0,-8.200000000000003,CRU-CY4.10,CRU-CY:Israel,gridded estimate; station support unavailable,30.0,-54.72333333333336,30.0,1.2666666666666693,30.0,1.913333333333334,30.0,5.166666666666664,30.0,-59.889999999999986,30.0,-3.776666666666668
1936,2,93.2,13.5,18.9,2.6,10.5,1936-02-01,29,75.4,17.799999999999997,CRU-CY4.10,CRU-CY:Israel,gridded estimate; station support unavailable,30.0,12.61333333333333,30.0,0.6533333333333342,30.0,1.0566666666666684,30.0,7.38000000000001,30.0,5.233333333333331,30.0,0.1466666666666665
1936,3,26.3,15.5,22.1,3.6,5.4,1936-03-01,31,111.60000000000001,-85.30000000000001,CRU-CY4.10,CRU-CY:Israel,gridded estimate; station support unavailable,30.0,-17.869999999999994,30.0,0.3366666666666678,30.0,1.4833333333333343,30.0,11.366666666666674,30.0,-29.236666666666686,30.0,-0.9633333333333338
1936,4,11.4,18.6,25.5,4.8,2.0,1936-04-01,30,144.0,-132.6,CRU-CY4.10,CRU-CY:Israel,gridded estimate; station support unavailable,30.0,-4.619999999999999,30.0,0.20666666666667055,30.0,0.850000000000005,30.0,9.599999999999994,30.0,-14.219999999999985,30.0,-0.4933333333333332
1936,5,3.1,20.1,27.5,5.6,0.9,1936-05-01,31,173.6,-170.5,CRU-CY4.10,CRU-CY:Israel,gridded estimate; station support unavailable,30.0,-1.483333333333333,30.0,-1.456666666666667,30.0,-0.480000000000004,30.0,5.889999999999986,30.0,-7.373333333333335,30.0,-0.2000000000000003
1936,6,0.0,22.0,28.7,6.1,0.0,1936-06-01,30,183.0,-183.0,CRU-CY4.10,CRU-CY:Israel,gridded estimate; station support unavailable,30.0,-0.10666666666666669,30.0,-2.3133333333333326,30.0,-1.8500000000000014,30.0,-10.900000000000006,30.0,10.79333333333335,30.0,-0.05000000000000001
1936,7,0.0,25.3,31.5,6.3,0.0,1936-07-01,31,195.29999999999998,-195.29999999999998,CRU-CY4.10,CRU-CY:Israel,gridded estimate; station support unavailable,30.0,0.0,30.0,-1.0,30.0,-0.6533333333333289,30.0,-6.716666666666754,30.0,6.716666666666754,30.0,0.0
1936,8,0.0,25.9,32.2,6.0,0.0,1936-08-01,31,186.0,-186.0,CRU-CY4.10,CRU-CY:Israel,gridded estimate; station support unavailable,30.0,0.0,30.0,-0.813333333333329,30.0,-0.20999999999999375,30.0,-0.4133333333333553,30.0,0.4133333333333553,30.0,0.0
1936,9,0.5,22.5,29.4,4.8,0.0,1936-09-01,30,144.0,-143.5,CRU-CY4.10,CRU-CY:Israel,gridded estimate; station support unavailable,30.0,0.08666666666666673,30.0,-2.5966666666666605,30.0,-1.4766666666666666,30.0,-3.4000000000000057,30.0,3.4866666666666504,30.0,-0.09333333333333334
1936,10,3.0,23.0,30.0,4.0,1.2,1936-10-01,31,124.0,-121.0,CRU-CY4.10,CRU-CY:Israel,gridded estimate; station support unavailable,30.0,-12.959999999999999,30.0,0.5766666666666715,30.0,1.7300000000000004,30.0,11.676666666666677,30.0,-24.636666666666642,30.0,-1.3799999999999997
1936,11,146.9,18.4,24.5,2.6,8.5,1936-11-01,30,78.0,68.9,CRU-CY4.10,CRU-CY:Israel,gridded estimate; station support unavailable,30.0,95.57333333333334,30.0,0.6833333333333371,30.0,1.1600000000000072,30.0,3.200000000000003,30.0,92.37333333333333,30.0,3.5666666666666673
1936,12,130.7,11.1,16.1,1.8,12.3,1936-12-01,31,55.800000000000004,74.89999999999998,CRU-CY4.10,CRU-CY:Israel,gridded estimate; station support unavailable,30.0,39.213333333333324,30.0,-2.6999999999999993,30.0,-2.5366666666666653,30.0,-1.8599999999999923,30.0,41.07333333333331,30.0,3.3500000000000014
1937,1,167.1,9.1,14.2,1.8,13.5,1937-01-01,31,55.800000000000004,111.29999999999998,CRU-CY4.10,CRU-CY:Israel,gridded estimate; station support unavailable,30.0,58.57666666666664,30.0,-3.133333333333331,30.0,-2.586666666666666,30.0,-1.0333333333333314,30.0,59.61,30.0,2.5233333333333317
1937,2,35.7,13.2,18.5,2.6,7.2,1937-02-01,28,72.8,-37.099999999999994,CRU-CY4.10,CRU-CY:Israel,gridded estimate; station support unavailable,30.0,-44.88666666666667,30.0,0.3533333333333335,30.0,0.6566666666666698,30.0,4.780000000000001,30.0,-49.66666666666666,30.0,-3.1533333333333333
1937,3,10.8,16.3,22.6,3.7,2.9,1937-03-01,31,114.7,-103.9,CRU-CY4.10,CRU-CY:Israel,gridded estimate; station support unavailable,30.0,-33.36999999999999,30.0,1.1366666666666685,30.0,1.9833333333333343,30.0,14.466666666666669,30.0,-47.83666666666668,30.0,-3.4633333333333343
1937,4,37.2,18.8,25.5,4.7,3.8,1937-04-01,30,141.0,-103.8,CRU-CY4.10,CRU-CY:Israel,gridded estimate; station support unavailable,30.0,21.180000000000003,30.0,0.40666666666666984,30.0,0.850000000000005,30.0,6.599999999999994,30.0,14.580000000000013,30.0,1.3066666666666666
1937,5,4.6,20.5,27.4,5.5,1.2,1937-05-01,31,170.5,-165.9,CRU-CY4.10,CRU-CY:Israel,gridded estimate; station support unavailable,30.0,0.016666666666666607,30.0,-1.0566666666666684,30.0,-0.5800000000000054,30.0,2.789999999999992,30.0,-2.7733333333333405,30.0,0.09999999999999964
1937,6,0.2,23.0,29.7,6.4,0.2,1937-06-01,30,192.0,-191.8,CRU-CY4.10,CRU-CY:Israel,gridded estimate; station support unavailable,30.0,0.09333333333333332,30.0,-1.3133333333333326,30.0,-0.8500000000000014,30.0,-1.9000000000000057,30.0,1.9933333333333394,30.0,0.15
1937,7,0.0,25.3,31.4,6.4,0.0,1937-07-01,31,198.4,-198.4,CRU-CY4.10,CRU-CY:Israel,gridded estimate; station support unavailable,30.0,0.0,30.0,-1.0,30.0,-0.7533333333333303,30.0,-3.616666666666731,30.0,3.616666666666731,30.0,0.0
1937,8,0.0,25.3,31.3,5.9,0.0,1937-08-01,31,182.9,-182.9,CRU-CY4.10,CRU-CY:Israel,gridded estimate; station support unavailable,30.0,0.0,30.0,-1.413333333333327,30.0,-1.1099999999999959,30.0,-3.5133333333333496,30.0,3.5133333333333496,30.0,0.0
1937,9,0.0,25.3,32.2,5.3,0.0,1937-09-01,30,159.0,-159.0,CRU-CY4.10,CRU-CY:Israel,gridded estimate; station support unavailable,30.0,-0.4133333333333333,30.0,0.20333333333334025,30.0,1.3233333333333377,30.0,11.599999999999994,30.0,-12.01333333333335,30.0,-0.09333333333333334
1937,10,40.5,22.1,28.7,3.8,4.7,1937-10-01,31,117.8,-77.3,CRU-CY4.10,CRU-CY:Israel,gridded estimate; station support unavailable,30.0,24.54,30.0,-0.32333333333332703,30.0,0.4299999999999997,30.0,5.476666666666674,30.0,19.06333333333336,30.0,2.1200000000000006
1937,11,74.7,18.5,23.4,2.5,7.7,1937-11-01,30,75.0,-0.29999999999999716,CRU-CY4.10,CRU-CY:Israel,gridded estimate; station support unavailable,30.0,23.373333333333335,30.0,0.7833333333333385,30.0,0.060000000000005826,30.0,0.20000000000000284,30.0,23.17333333333333,30.0,2.7666666666666675
1937,12,53.7,14.6,20.4,2.0,4.6,1937-12-01,31,62.0,-8.299999999999997,CRU-CY4.10,CRU-CY:Israel,gridded estimate; station support unavailable,30.0,-37.78666666666666,30.0,0.8000000000000007,30.0,1.7633333333333319,30.0,4.340000000000003,30.0,-42.126666666666665,30.0,-4.35
1938,1,197.7,11.8,16.0,1.8,14.9,1938-01-01,31,55.800000000000004,141.89999999999998,CRU-CY4.10,CRU-CY:Israel,gridded estimate; station support unavailable,30.0,89.17666666666663,30.0,-0.43333333333333,30.0,-0.7866666666666653,30.0,-1.0333333333333314,30.0,90.21,30.0,3.923333333333332
1938,2,126.1,11.0,16.0,2.3,12.6,1938-02-01,28,64.39999999999999,61.7,CRU-CY4.10,CRU-CY:Israel,gridded estimate; station support unavailable,30.0,45.51333333333332,30.0,-1.8466666666666658,30.0,-1.8433333333333302,30.0,-3.6200000000000045,30.0,49.13333333333334,30.0,2.246666666666666
1938,3,55.1,11.8,17.5,3.0,8.7,1938-03-01,31,93.0,-37.9,CRU-CY4.10,CRU-CY:Israel,gridded estimate; station support unavailable,30.0,10.930000000000007,30.0,-3.3633333333333315,30.0,-3.116666666666667,30.0,-7.233333333333334,30.0,18.163333333333327,30.0,2.336666666666665
1938,4,10.4,17.7,24.9,4.6,2.2,1938-04-01,30,138.0,-127.6,CRU-CY4.10,CRU-CY:Israel,gridded estimate; station support unavailable,30.0,-5.619999999999999,30.0,-0.6933333333333316,30.0,0.25000000000000355,30.0,3.5999999999999943,30.0,-9.219999999999985,30.0,-0.293333333333333
1938,5,12.8,19.9,27.1,5.5,2.4,1938-05-01,31,170.5,-157.7,CRU-CY4.10,CRU-CY:Israel,gridded estimate; station support unavailable,30.0,8.216666666666669,30.0,-1.6566666666666698,30.0,-0.8800000000000026,30.0,2.789999999999992,30.0,5.4266666666666765,30.0,1.2999999999999996
1938,6,0.0,23.1,30.2,6.5,0.0,1938-06-01,30,195.0,-195.0,CRU-CY4.10,CRU-CY:Israel,gridded estimate; station support unavailable,30.0,-0.10666666666666669,30.0,-1.2133333333333312,30.0,-0.3500000000000014,30.0,1.0999999999999943,30.0,-1.2066666666666492,30.0,-0.05000000000000001
1938,7,0.0,26.0,33.1,6.6,0.0,1938-07-01,31,204.6,-204.6,CRU-CY4.10,CRU-CY:Israel,gridded estimate; station support unavailable,30.0,0.0,30.0,-0.3000000000000007,30.0,0.9466666666666725,30.0,2.5833333333332575,30.0,-2.5833333333332575,30.0,0.0
1938,8,0.0,26.3,32.7,6.2,0.0,1938-08-01,31,192.20000000000002,-192.20000000000002,CRU-CY4.10,CRU-CY:Israel,gridded estimate; station support unavailable,30.0,0.0,30.0,-0.4133333333333269,30.0,0.29000000000000625,30.0,5.786666666666662,30.0,-5.786666666666662,30.0,0.0
1938,9,0.5,23.6,30.2,4.9,0.0,1938-09-01,30,147.0,-146.5,CRU-CY4.10,CRU-CY:Israel,gridded estimate; station support unavailable,30.0,0.08666666666666673,30.0,-1.496666666666659,30.0,-0.6766666666666659,30.0,-0.4000000000000057,30.0,0.48666666666665037,30.0,-0.09333333333333334
1938,10,1.7,21.4,28.3,3.8,0.8,1938-10-01,31,117.8,-116.1,CRU-CY4.10,CRU-CY:Israel,gridded estimate; station support unavailable,30.0,-14.26,30.0,-1.0233333333333299,30.0,0.030000000000001137,30.0,5.476666666666674,30.0,-19.736666666666636,30.0,-1.7799999999999996
1938,11,158.3,16.2,21.8,2.4,9.9,1938-11-01,30,72.0,86.30000000000001,CRU-CY4.10,CRU-CY:Israel,gridded estimate; station support unavailable,30.0,106.97333333333334,30.0,-1.5166666666666622,30.0,-1.539999999999992,30.0,-2.799999999999997,30.0,109.77333333333334,30.0,4.966666666666668
1938,12,75.4,14.2,18.9,1.9,10.2,1938-12-01,31,58.9,16.500000000000007,CRU-CY4.10,CRU-CY:Israel,gridded estimate; station support unavailable,30.0,-16.08666666666666,30.0,0.40000000000000036,30.0,0.26333333333333186,30.0,1.240000000000002,30.0,-17.32666666666666,30.0,1.25
1939,1,65.4,12.7,17.8,2.0,8.3,1939-01-01,31,62.0,3.4000000000000057,CRU-CY4.10,CRU-CY:Israel,gridded estimate; station support unavailable,30.0,-43.12333333333335,30.0,0.46666666666666856,30.0,1.0133333333333354,30.0,5.166666666666664,30.0,-48.28999999999998,30.0,-2.6766666666666676
1939,2,126.1,12.0,17.0,2.3,13.4,1939-02-01,28,64.39999999999999,61.7,CRU-CY4.10,CRU-CY:Israel,gridded estimate; station support unavailable,30.0,45.51333333333332,30.0,-0.8466666666666658,30.0,-0.8433333333333302,30.0,-3.6200000000000045,30.0,49.13333333333334,30.0,3.046666666666667
1939,3,88.9,13.4,18.9,3.0,10.1,1939-03-01,31,93.0,-4.099999999999994,CRU-CY4.10,CRU-CY:Israel,gridded estimate; station support unavailable,30.0,44.73000000000001,30.0,-1.7633333333333319,30.0,-1.7166666666666686,30.0,-7.233333333333334,30.0,51.96333333333333,30.0,3.7366666666666655
1939,4,16.0,18.2,25.1,4.6,3.1,1939-04-01,30,138.0,-122.0,CRU-CY4.10,CRU-CY:Israel,gridded estimate; station support unavailable,30.0,-0.019999999999999574,30.0,-0.19333333333333158,30.0,0.4500000000000064,30.0,3.5999999999999943,30.0,-3.6199999999999903,30.0,0.6066666666666669
1939,5,0.7,22.9,30.5,6.1,0.3,1939-05-01,31,189.1,-188.4,CRU-CY4.10,CRU-CY:Israel,gridded estimate; station support unavailable,30.0,-3.883333333333333,30.0,1.3433333333333302,30.0,2.519999999999996,30.0,21.389999999999986,30.0,-25.27333333333334,30.0,-0.8000000000000003
1939,6,0.3,22.6,29.1,6.2,0.3,1939-06-01,30,186.0,-185.7,CRU-CY4.10,CRU-CY:Israel,gridded estimate; station support unavailable,30.0,0.1933333333333333,30.0,-1.7133333333333312,30.0,-1.4499999999999993,30.0,-7.900000000000006,30.0,8.093333333333362,30.0,0.24999999999999997
1939,7,0.0,25.4,31.8,6.4,0.0,1939-07-01,31,198.4,-198.4,CRU-CY4.10,CRU-CY:Israel,gridded estimate; station support unavailable,30.0,0.0,30.0,-0.9000000000000021,30.0,-0.35333333333332817,30.0,-3.616666666666731,30.0,3.616666666666731,30.0,0.0
1939,8,0.0,25.0,31.0,5.8,0.0,1939-08-01,31,179.79999999999998,-179.79999999999998,CRU-CY4.10,CRU-CY:Israel,gridded estimate; station support unavailable,30.0,0.0,30.0,-1.7133333333333276,30.0,-1.4099999999999966,30.0,-6.613333333333372,30.0,6.613333333333372,30.0,0.0
1939,9,0.0,24.6,30.8,5.0,0.0,1939-09-01,30,150.0,-150.0,CRU-CY4.10,CRU-CY:Israel,gridded estimate; station support unavailable,30.0,-0.4133333333333333,30.0,-0.49666666666665904,30.0,-0.07666666666666444,30.0,2.5999999999999943,30.0,-3.0133333333333496,30.0,-0.09333333333333334
1939,10,8.3,23.4,29.6,3.9,2.0,1939-10-01,31,120.89999999999999,-112.6,CRU-CY4.10,CRU-CY:Israel,gridded estimate; station support unavailable,30.0,-7.659999999999998,30.0,0.9766666666666701,30.0,1.3300000000000018,30.0,8.576666666666668,30.0,-16.236666666666636,30.0,-0.5799999999999996
1939,11,124.3,16.7,22.4,2.5,9.7,1939-11-01,30,75.0,49.3,CRU-CY4.10,CRU-CY:Israel,gridded estimate; station support unavailable,30.0,72.97333333333333,30.0,-1.0166666666666622,30.0,-0.9399999999999942,30.0,0.20000000000000284,30.0,72.77333333333333,30.0,4.766666666666667
1939,12,79.9,14.3,19.5,1.9,8.2,1939-12-01,31,58.9,21.000000000000007,CRU-CY4.10,CRU-CY:Israel,gridded estimate; station support unavailable,30.0,-11.586666666666659,30.0,0.5000000000000018,30.0,0.8633333333333333,30.0,1.240000000000002,30.0,-12.82666666666666,30.0,-0.75
1940,1,173.3,11.8,16.3,1.8,13.2,1940-01-01,31,55.800000000000004,117.5,CRU-CY4.10,CRU-CY:Israel,gridded estimate; station support unavailable,30.0,64.77666666666666,30.0,-0.43333333333333,30.0,-0.4866666666666646,30.0,-1.0333333333333314,30.0,65.81000000000002,30.0,2.223333333333331
1940,2,38.4,13.5,18.9,2.5,6.8,1940-02-01,29,72.5,-34.1,CRU-CY4.10,CRU-CY:Israel,gridded estimate; station support unavailable,30.0,-42.186666666666675,30.0,0.6533333333333342,30.0,1.0566666666666684,30.0,4.480000000000004,30.0,-46.66666666666667,30.0,-3.5533333333333337
1940,3,42.9,13.6,19.1,3.1,7.6,1940-03-01,31,96.10000000000001,-53.20000000000001,CRU-CY4.10,CRU-CY:Israel,gridded estimate; station support unavailable,30.0,-1.269999999999996,30.0,-1.5633333333333326,30.0,-1.5166666666666657,30.0,-4.133333333333326,30.0,2.8633333333333155,30.0,1.2366666666666655
1940,4,33.6,18.2,24.5,4.4,4.2,1940-04-01,30,132.0,-98.4,CRU-CY4.10,CRU-CY:Israel,gridded estimate; station support unavailable,30.0,17.580000000000002,30.0,-0.19333333333333158,30.0,-0.14999999999999503,30.0,-2.4000000000000057,30.0,19.980000000000004,30.0,1.706666666666667
1940,5,1.9,20.2,27.6,5.6,0.5,1940-05-01,31,173.6,-171.7,CRU-CY4.10,CRU-CY:Israel,gridded estimate; station support unavailable,30.0,-2.683333333333333,30.0,-1.3566666666666691,30.0,-0.38000000000000256,30.0,5.889999999999986,30.0,-8.573333333333323,30.0,-0.6000000000000003
1940,6,0.1,23.5,30.0,6.3,0.1,1940-06-01,30,189.0,-188.9,CRU-CY4.10,CRU-CY:Israel,gridded estimate; station support unavailable,30.0,-0.006666666666666682,30.0,-0.8133333333333326,30.0,-0.5500000000000007,30.0,-4.900000000000006,30.0,4.893333333333345,30.0,0.049999999999999996
1940,7,0.0,25.3,31.3,6.3,0.0,1940-07-01,31,195.29999999999998,-195.29999999999998,CRU-CY4.10,CRU-CY:Israel,gridded estimate; station support unavailable,30.0,0.0,30.0,-1.0,30.0,-0.8533333333333282,30.0,-6.716666666666754,30.0,6.716666666666754,30.0,0.0
1940,8,0.0,24.7,31.2,5.9,0.0,1940-08-01,31,182.9,-182.9,CRU-CY4.10,CRU-CY:Israel,gridded estimate; station support unavailable,30.0,0.0,30.0,-2.0133333333333283,30.0,-1.2099999999999973,30.0,-3.5133333333333496,30.0,3.5133333333333496,30.0,0.0
1940,9,0.2,23.5,29.3,4.7,0.0,1940-09-01,30,141.0,-140.8,CRU-CY4.10,CRU-CY:Israel,gridded estimate; station support unavailable,30.0,-0.21333333333333326,30.0,-1.5966666666666605,30.0,-1.5766666666666644,30.0,-6.400000000000006,30.0,6.186666666666639,30.0,-0.09333333333333334
1940,10,20.2,22.3,28.0,3.6,3.7,1940-10-01,31,111.60000000000001,-91.4,CRU-CY4.10,CRU-CY:Israel,gridded estimate; station support unavailable,30.0,4.24,30.0,-0.12333333333332774,30.0,-0.2699999999999996,30.0,-0.723333333333315,30.0,4.9633333333333525,30.0,1.1200000000000006
1940,11,75.2,17.4,22.8,2.5,5.8,1940-11-01,30,75.0,0.20000000000000284,CRU-CY4.10,CRU-CY:Israel,gridded estimate; station support unavailable,30.0,23.873333333333335,30.0,-0.3166666666666629,30.0,-0.539999999999992,30.0,0.20000000000000284,30.0,23.67333333333333,30.0,0.8666666666666671
1940,12,115.9,13.7,18.1,1.8,9.7,1940-12-01,31,55.800000000000004,60.1,CRU-CY4.10,CRU-CY:Israel,gridded estimate; station support unavailable,30.0,24.41333333333334,30.0,-0.09999999999999964,30.0,-0.5366666666666653,30.0,-1.8599999999999923,30.0,26.273333333333333,30.0,0.75
1941,1,89.4,13.1,17.6,1.8,8.5,1941-01-01,31,55.800000000000004,33.6,CRU-CY4.10,CRU-CY:Israel,gridded estimate; station support unavailable,30.0,-19.12333333333335,30.0,0.8666666666666689,30.0,0.8133333333333361,30.0,-1.0333333333333314,30.0,-18.089999999999982,30.0,-2.4766666666666683
1941,2,45.7,14.9,19.9,2.5,8.7,1941-02-01,28,70.0,-24.299999999999997,CRU-CY4.10,CRU-CY:Israel,gridded estimate; station support unavailable,30.0,-34.88666666666667,30.0,2.0533333333333346,30.0,2.0566666666666684,30.0,1.980000000000004,30.0,-36.86666666666666,30.0,-1.6533333333333342
1941,3,71.3,14.1,19.3,3.1,9.8,1941-03-01,31,96.10000000000001,-24.80000000000001,CRU-CY4.10,CRU-CY:Israel,gridded estimate; station support unavailable,30.0,27.130000000000003,30.0,-1.0633333333333326,30.0,-1.3166666666666664,30.0,-4.133333333333326,30.0,31.263333333333314,30.0,3.4366666666666665
1941,4,9.5,18.2,24.5,4.4,1.9,1941-04-01,30,132.0,-122.5,CRU-CY4.10,CRU-CY:Israel,gridded estimate; station support unavailable,30.0,-6.52,30.0,-0.19333333333333158,30.0,-0.14999999999999503,30.0,-2.4000000000000057,30.0,-4.11999999999999,30.0,-0.5933333333333333
1941,5,0.2,22.6,29.3,5.8,0.2,1941-05-01,31,179.79999999999998,-179.6,CRU-CY4.10,CRU-CY:Israel,gridded estimate; station support unavailable,30.0,-4.383333333333333,30.0,1.043333333333333,30.0,1.3199999999999967,30.0,12.089999999999975,30.0,-16.47333333333333,30.0,-0.9000000000000004
1941,6,0.0,23.4,29.6,6.3,0.0,1941-06-01,30,189.0,-189.0,CRU-CY4.10,CRU-CY:Israel,gridded estimate; station support unavailable,30.0,-0.10666666666666669,30.0,-0.913333333333334,30.0,-0.9499999999999993,30.0,-4.900000000000006,30.0,4.793333333333351,30.0,-0.05000000000000001
1941,7,0.0,25.2,31.1,6.3,0.0,1941-07-01,31,195.29999999999998,-195.29999999999998,CRU-CY4.10,CRU-CY:Israel,gridded estimate; station support unavailable,30.0,0.0,30.0,-1.1000000000000014,30.0,-1.0533333333333275,30.0,-6.716666666666754,30.0,6.716666666666754,30.0,0.0
1941,8,0.0,25.5,31.4,5.8,0.0,1941-08-01,31,179.79999999999998,-179.79999999999998,CRU-CY4.10,CRU-CY:Israel,gridded estimate; station support unavailable,30.0,0.0,30.0,-1.2133333333333276,30.0,-1.009999999999998,30.0,-6.613333333333372,30.0,6.613333333333372,30.0,0.0
1941,9,0.2,23.0,28.8,4.6,0.0,1941-09-01,30,138.0,-137.8,CRU-CY4.10,CRU-CY:Israel,gridded estimate; station support unavailable,30.0,-0.21333333333333326,30.0,-2.0966666666666605,30.0,-2.0766666666666644,30.0,-9.400000000000006,30.0,9.186666666666639,30.0,-0.09333333333333334
1941,10,6.3,19.5,25.4,3.3,1.7,1941-10-01,31,102.3,-96.0,CRU-CY4.10,CRU-CY:Israel,gridded estimate; station support unavailable,30.0,-9.66,30.0,-2.9233333333333285,30.0,-2.870000000000001,30.0,-10.023333333333326,30.0,0.36333333333335815,30.0,-0.8799999999999997
1941,11,15.9,17.7,23.0,2.4,4.6,1941-11-01,30,72.0,-56.1,CRU-CY4.10,CRU-CY:Israel,gridded estimate; station support unavailable,30.0,-35.42666666666667,30.0,-0.016666666666662167,30.0,-0.33999999999999275,30.0,-2.799999999999997,30.0,-32.62666666666668,30.0,-0.33333333333333304
1941,12,229.0,10.8,15.4,1.6,14.0,1941-12-01,31,49.6,179.4,CRU-CY4.10,CRU-CY:Israel,gridded estimate; station support unavailable,30.0,137.51333333333332,30.0,-2.9999999999999982,30.0,-3.2366666666666664,30.0,-8.059999999999995,30.0,145.57333333333332,30.0,5.050000000000001
1942,1,113.2,10.1,14.4,1.7,11.2,1942-01-01,31,52.699999999999996,60.50000000000001,CRU-CY4.10,CRU-CY:Israel,gridded estimate; station support unavailable,30.0,4.676666666666648,30.0,-2.133333333333331,30.0,-2.386666666666665,30.0,-4.13333333333334,30.0,8.810000000000024,30.0,0.22333333333333094
1942,2,77.7,13.1,17.9,2.4,10.7,1942-02-01,28,67.2,10.5,CRU-CY4.10,CRU-CY:Israel,gridded estimate; station support unavailable,30.0,-2.8866666666666703,30.0,0.25333333333333385,30.0,0.05666666666666842,30.0,-0.8199999999999932,30.0,-2.0666666666666664,30.0,0.3466666666666658
1942,3,100.3,14.4,19.7,3.1,10.9,1942-03-01,31,96.10000000000001,4.199999999999989,CRU-CY4.10,CRU-CY:Israel,gridded estimate; station support unavailable,30.0,56.13,30.0,-0.7633333333333319,30.0,-0.9166666666666679,30.0,-4.133333333333326,30.0,60.263333333333314,30.0,4.536666666666666
1942,4,3.8,18.3,24.6,4.4,1.2,1942-04-01,30,132.0,-128.2,CRU-CY4.10,CRU-CY:Israel,gridded estimate; station support unavailable,30.0,-12.219999999999999,30.0,-0.09333333333333016,30.0,-0.049999999999993605,30.0,-2.4000000000000057,30.0,-9.819999999999979,30.0,-1.2933333333333332
1942,5,0.9,21.6,28.2,5.5,0.4,1942-05-01,31,170.5,-169.6,CRU-CY4.10,CRU-CY:Israel,gridded estimate; station support unavailable,30.0,-3.683333333333333,30.0,0.043333333333333,30.0,0.2199999999999953,30.0,2.789999999999992,30.0,-6.473333333333329,30.0,-0.7000000000000003
1942,6,0.1,24.8,31.2,6.6,0.1,1942-06-01,30,198.0,-197.9,CRU-CY4.10,CRU-CY:Israel,gridded estimate; station support unavailable,30.0,-0.006666666666666682,30.0,0.48666666666666814,30.0,0.6499999999999986,30.0,4.099999999999994,30.0,-4.106666666666655,30.0,0.049999999999999996
1942,7,0.0,25.0,31.0,6.3,0.0,1942-07-01,31,195.29999999999998,-195.29999999999998,CRU-CY4.10,CRU-CY:Israel,gridded estimate; station support unavailable,30.0,0.0,30.0,-1.3000000000000007,30.0,-1.1533333333333289,30.0,-6.716666666666754,30.0,6.716666666666754,30.0,0.0
1942,8,0.0,24.9,30.6,5.7,0.0,1942-08-01,31,176.70000000000002,-176.70000000000002,CRU-CY4.10,CRU-CY:Israel,gridded estimate; station support unavailable,30.0,0.0,30.0,-1.813333333333329,30.0,-1.8099999999999952,30.0,-9.713333333333338,30.0,9.713333333333338,30.0,0.0
1942,9,0.8,23.0,28.8,4.6,0.0,1942-09-01,30,138.0,-137.2,CRU-CY4.10,CRU-CY:Israel,gridded estimate; station support unavailable,30.0,0.38666666666666677,30.0,-2.0966666666666605,30.0,-2.0766666666666644,30.0,-9.400000000000006,30.0,9.786666666666662,30.0,-0.09333333333333334
1942,10,49.3,21.0,26.5,3.4,5.7,1942-10-01,31,105.39999999999999,-56.099999999999994,CRU-CY4.10,CRU-CY:Israel,gridded estimate; station support unavailable,30.0,33.339999999999996,30.0,-1.4233333333333285,30.0,-1.7699999999999996,30.0,-6.923333333333332,30.0,40.263333333333364,30.0,3.1200000000000006
1942,11,72.1,17.4,22.5,2.4,6.8,1942-11-01,30,72.0,0.09999999999999432,CRU-CY4.10,CRU-CY:Israel,gridded estimate; station support unavailable,30.0,20.773333333333326,30.0,-0.3166666666666629,30.0,-0.8399999999999928,30.0,-2.799999999999997,30.0,23.57333333333332,30.0,1.8666666666666671
1942,12,38.3,13.1,17.8,1.7,7.5,1942-12-01,31,52.699999999999996,-14.399999999999999,CRU-CY4.10,CRU-CY:Israel,gridded estimate; station support unavailable,30.0,-53.18666666666667,30.0,-0.6999999999999993,30.0,-0.836666666666666,30.0,-4.960000000000001,30.0,-48.22666666666667,30.0,-1.4499999999999993
1943,1,161.4,11.2,15.3,1.7,11.4,1943-01-01,31,52.699999999999996,108.70000000000002,CRU-CY4.10,CRU-CY:Israel,gridded estimate; station support unavailable,30.0,52.87666666666665,30.0,-1.0333333333333314,30.0,-1.4866666666666646,30.0,-4.13333333333334,30.0,57.01000000000003,30.0,0.423333333333332
1943,2,78.6,10.5,15.3,2.2,11.1,1943-02-01,28,61.60000000000001,16.999999999999986,CRU-CY4.10,CRU-CY:Israel,gridded estimate; station support unavailable,30.0,-1.9866666666666788,30.0,-2.346666666666666,30.0,-2.5433333333333294,30.0,-6.4199999999999875,30.0,4.433333333333319,30.0,0.7466666666666661
1943,3,113.6,11.3,16.5,2.8,11.6,1943-03-01,31,86.8,26.799999999999997,CRU-CY4.10,CRU-CY:Israel,gridded estimate; station support unavailable,30.0,69.43,30.0,-3.8633333333333315,30.0,-4.116666666666667,30.0,-13.433333333333337,30.0,82.86333333333332,30.0,5.2366666666666655
1943,4,51.3,15.0,21.2,3.9,4.6,1943-04-01,30,117.0,-65.7,CRU-CY4.10,CRU-CY:Israel,gridded estimate; station support unavailable,30.0,35.28,30.0,-3.393333333333331,30.0,-3.4499999999999957,30.0,-17.400000000000006,30.0,52.68000000000001,30.0,2.1066666666666665
1943,5,2.0,19.6,25.9,5.1,1.1,1943-05-01,31,158.1,-156.1,CRU-CY4.10,CRU-CY:Israel,gridded estimate; station support unavailable,30.0,-2.583333333333333,30.0,-1.956666666666667,30.0,-2.0800000000000054,30.0,-9.610000000000014,30.0,7.026666666666671,30.0,-2.220446049250313e-16
1943,6,0.0,21.7,27.8,6.0,0.0,1943-06-01,30,180.0,-180.0,CRU-CY4.10,CRU-CY:Israel,gridded estimate; station support unavailable,30.0,-0.10666666666666669,30.0,-2.6133333333333333,30.0,-2.75,30.0,-13.900000000000006,30.0,13.79333333333335,30.0,-0.05000000000000001
1943,7,0.0,24.6,30.7,6.3,0.0,1943-07-01,31,195.29999999999998,-195.29999999999998,CRU-CY4.10,CRU-CY:Israel,gridded estimate; station support unavailable,30.0,0.0,30.0,-1.6999999999999993,30.0,-1.4533333333333296,30.0,-6.716666666666754,30.0,6.716666666666754,30.0,0.0
1943,8,0.0,25.8,31.6,5.8,0.0,1943-08-01,31,179.79999999999998,-179.79999999999998,CRU-CY4.10,CRU-CY:Israel,gridded estimate; station support unavailable,30.0,0.0,30.0,-0.9133333333333269,30.0,-0.8099999999999952,30.0,-6.613333333333372,30.0,6.613333333333372,30.0,0.0
1943,9,0.0,24.6,31.0,5.0,0.0,1943-09-01,30,150.0,-150.0,CRU-CY4.10,CRU-CY:Israel,gridded estimate; station support unavailable,30.0,-0.4133333333333333,30.0,-0.49666666666665904,30.0,0.12333333333333485,30.0,2.5999999999999943,30.0,-3.0133333333333496,30.0,-0.09333333333333334
1943,10,14.8,23.3,30.3,4.0,2.9,1943-10-01,31,124.0,-109.2,CRU-CY4.10,CRU-CY:Israel,gridded estimate; station support unavailable,30.0,-1.1599999999999984,30.0,0.8766666666666723,30.0,2.030000000000001,30.0,11.676666666666677,30.0,-12.836666666666645,30.0,0.3200000000000003
1943,11,6.5,19.8,26.9,2.9,1.4,1943-11-01,30,87.0,-80.5,CRU-CY4.10,CRU-CY:Israel,gridded estimate; station support unavailable,30.0,-44.82666666666667,30.0,2.0833333333333393,30.0,3.560000000000006,30.0,12.200000000000003,30.0,-57.02666666666667,30.0,-3.5333333333333328
1943,12,56.0,14.8,21.0,2.0,8.3,1943-12-01,31,62.0,-6.0,CRU-CY4.10,CRU-CY:Israel,gridded estimate; station support unavailable,30.0,-35.486666666666665,30.0,1.0000000000000018,30.0,2.3633333333333333,30.0,4.340000000000003,30.0,-39.82666666666667,30.0,-0.6499999999999986
1944,1,229.9,10.9,15.6,1.8,15.9,1944-01-01,31,55.800000000000004,174.1,CRU-CY4.10,CRU-CY:Israel,gridded estimate; station support unavailable,30.0,121.37666666666665,30.0,-1.3333333333333304,30.0,-1.1866666666666656,30.0,-1.0333333333333314,30.0,122.41000000000001,30.0,4.923333333333332
1944,2,51.6,12.5,17.7,2.4,8.4,1944-02-01,29,69.6,-17.999999999999993,CRU-CY4.10,CRU-CY:Israel,gridded estimate; station support unavailable,30.0,-28.98666666666667,30.0,-0.3466666666666658,30.0,-0.14333333333333087,30.0,1.5799999999999983,30.0,-30.56666666666666,30.0,-1.9533333333333331
1944,3,48.7,14.7,21.0,3.4,8.1,1944-03-01,31,105.39999999999999,-56.69999999999999,CRU-CY4.10,CRU-CY:Israel,gridded estimate; station support unavailable,30.0,4.530000000000008,30.0,-0.46333333333333293,30.0,0.38333333333333286,30.0,5.166666666666657,30.0,-0.6366666666666632,30.0,1.7366666666666655
1944,4,15.4,18.2,25.2,4.6,2.7,1944-04-01,30,138.0,-122.6,CRU-CY4.10,CRU-CY:Israel,gridded estimate; station support unavailable,30.0,-0.6199999999999992,30.0,-0.19333333333333158,30.0,0.5500000000000043,30.0,3.5999999999999943,30.0,-4.219999999999985,30.0,0.206666666666667
1944,5,12.4,19.2,26.0,5.2,2.0,1944-05-01,31,161.20000000000002,-148.8,CRU-CY4.10,CRU-CY:Israel,gridded estimate; station support unavailable,30.0,7.816666666666667,30.0,-2.356666666666669,30.0,-1.980000000000004,30.0,-6.509999999999991,30.0,14.326666666666654,30.0,0.8999999999999997
1944,6,0.0,23.8,31.1,6.7,0.0,1944-06-01,30,201.0,-201.0,CRU-CY4.10,CRU-CY:Israel,gridded estimate; station support unavailable,30.0,-0.10666666666666669,30.0,-0.5133333333333319,30.0,0.5500000000000007,30.0,7.099999999999994,30.0,-7.206666666666649,30.0,-0.05000000000000001
1944,7,0.0,24.7,31.2,6.3,0.0,1944-07-01,31,195.29999999999998,-195.29999999999998,CRU-CY4.10,CRU-CY:Israel,gridded estimate; station support unavailable,30.0,0.0,30.0,-1.6000000000000014,30.0,-0.9533333333333296,30.0,-6.716666666666754,30.0,6.716666666666754,30.0,0.0
1944,8,0.0,24.8,31.4,5.9,0.0,1944-08-01,31,182.9,-182.9,CRU-CY4.10,CRU-CY:Israel,gridded estimate; station support unavailable,30.0,0.0,30.0,-1.913333333333327,30.0,-1.009999999999998,30.0,-3.5133333333333496,30.0,3.5133333333333496,30.0,0.0
1944,9,0.1,24.0,30.2,4.9,0.0,1944-09-01,30,147.0,-146.9,CRU-CY4.10,CRU-CY:Israel,gridded estimate; station support unavailable,30.0,-0.31333333333333324,30.0,-1.0966666666666605,30.0,-0.6766666666666659,30.0,-0.4000000000000057,30.0,0.08666666666664469,30.0,-0.09333333333333334
1944,10,1.5,21.9,28.7,3.8,0.9,1944-10-01,31,117.8,-116.3,CRU-CY4.10,CRU-CY:Israel,gridded estimate; station support unavailable,30.0,-14.459999999999999,30.0,-0.5233333333333299,30.0,0.4299999999999997,30.0,5.476666666666674,30.0,-19.93666666666664,30.0,-1.6799999999999997
1944,11,210.7,16.8,22.1,2.4,11.9,1944-11-01,30,72.0,138.7,CRU-CY4.10,CRU-CY:Israel,gridded estimate; station support unavailable,30.0,159.37333333333333,30.0,-0.9166666666666607,30.0,-1.2399999999999913,30.0,-2.799999999999997,30.0,162.17333333333332,30.0,6.966666666666668
1944,12,173.7,13.2,17.8,1.8,14.3,1944-12-01,31,55.800000000000004,117.89999999999998,CRU-CY4.10,CRU-CY:Israel,gridded estimate; station support unavailable,30.0,82.21333333333332,30.0,-0.5999999999999996,30.0,-0.836666666666666,30.0,-1.8599999999999923,30.0,84.07333333333331,30.0,5.350000000000001
1945,1,138.2,11.3,16.0,1.8,12.8,1945-01-01,31,55.800000000000004,82.39999999999998,CRU-CY4.10,CRU-CY:Israel,gridded estimate; station support unavailable,30.0,29.676666666666634,30.0,-0.93333333333333,30.0,-0.7866666666666653,30.0,-1.0333333333333314,30.0,30.709999999999994,30.0,1.8233333333333324
1945,2,114.1,10.3,15.1,2.2,11.9,1945-02-01,28,61.60000000000001,52.499999999999986,CRU-CY4.10,CRU-CY:Israel,gridded estimate; station support unavailable,30.0,33.51333333333332,30.0,-2.546666666666665,30.0,-2.7433333333333305,30.0,-6.4199999999999875,30.0,39.93333333333332,30.0,1.5466666666666669
1945,3,35.4,11.4,17.5,3.0,7.1,1945-03-01,31,93.0,-57.6,CRU-CY4.10,CRU-CY:Israel,gridded estimate; station support unavailable,30.0,-8.769999999999996,30.0,-3.763333333333332,30.0,-3.116666666666667,30.0,-7.233333333333334,30.0,-1.536666666666676,30.0,0.7366666666666655
1945,4,10.4,15.6,22.5,4.3,2.2,1945-04-01,30,129.0,-118.6,CRU-CY4.10,CRU-CY:Israel,gridded estimate; station support unavailable,30.0,-5.619999999999999,30.0,-2.7933333333333312,30.0,-2.149999999999995,30.0,-5.400000000000006,30.0,-0.21999999999998465,30.0,-0.293333333333333
1945,5,15.4,22.0,29.1,5.8,2.7,1945-05-01,31,179.79999999999998,-164.39999999999998,CRU-CY4.10,CRU-CY:Israel,gridded estimate; station support unavailable,30.0,10.816666666666666,30.0,0.4433333333333316,30.0,1.1199999999999974,30.0,12.089999999999975,30.0,-1.2733333333333121,30.0,1.5999999999999999
1945,6,0.1,22.5,29.4,6.3,0.1,1945-06-01,30,189.0,-188.9,CRU-CY4.10,CRU-CY:Israel,gridded estimate; station support unavailable,30.0,-0.006666666666666682,30.0,-1.8133333333333326,30.0,-1.1500000000000021,30.0,-4.900000000000006,30.0,4.893333333333345,30.0,0.049999999999999996
1945,7,0.0,25.5,32.3,6.5,0.0,1945-07-01,31,201.5,-201.5,CRU-CY4.10,CRU-CY:Israel,gridded estimate; station support unavailable,30.0,0.0,30.0,-0.8000000000000007,30.0,0.14666666666666828,30.0,-0.5166666666667368,30.0,0.5166666666667368,30.0,0.0
1945,8,0.0,26.5,33.3,6.2,0.0,1945-08-01,31,192.20000000000002,-192.20000000000002,CRU-CY4.10,CRU-CY:Israel,gridded estimate; station support unavailable,30.0,0.0,30.0,-0.2133333333333276,30.0,0.8900000000000006,30.0,5.786666666666662,30.0,-5.786666666666662,30.0,0.0
1945,9,0.5,24.3,31.0,5.0,0.0,1945-09-01,30,150.0,-149.5,CRU-CY4.10,CRU-CY:Israel,gridded estimate; station support unavailable,30.0,0.08666666666666673,30.0,-0.7966666666666598,30.0,0.12333333333333485,30.0,2.5999999999999943,30.0,-2.5133333333333496,30.0,-0.09333333333333334
1945,10,2.6,20.3,27.1,3.6,0.5,1945-10-01,31,111.60000000000001,-109.00000000000001,CRU-CY4.10,CRU-CY:Israel,gridded estimate; station support unavailable,30.0,-13.36,30.0,-2.1233333333333277,30.0,-1.1699999999999982,30.0,-0.723333333333315,30.0,-12.636666666666656,30.0,-2.0799999999999996
1945,11,70.0,17.4,23.5,2.6,6.5,1945-11-01,30,78.0,-8.0,CRU-CY4.10,CRU-CY:Israel,gridded estimate; station support unavailable,30.0,18.673333333333332,30.0,-0.3166666666666629,30.0,0.16000000000000725,30.0,3.200000000000003,30.0,15.473333333333326,30.0,1.5666666666666673
1945,12,94.6,12.4,17.8,1.8,10.7,1945-12-01,31,55.800000000000004,38.79999999999999,CRU-CY4.10,CRU-CY:Israel,gridded estimate; station support unavailable,30.0,3.1133333333333297,30.0,-1.3999999999999986,30.0,-0.836666666666666,30.0,-1.8599999999999923,30.0,4.973333333333322,30.0,1.75
1946,1,45.8,12.2,17.4,2.0,8.3,1946-01-01,31,62.0,-16.200000000000003,CRU-CY4.10,CRU-CY:Israel,gridded estimate; station support unavailable,30.0,-62.72333333333336,30.0,-0.03333333333333144,30.0,0.6133333333333333,30.0,5.166666666666664,30.0,-67.88999999999999,30.0,-2.6766666666666676
1946,2,133.8,11.5,16.6,2.3,12.6,1946-02-01,28,64.39999999999999,69.40000000000002,CRU-CY4.10,CRU-CY:Israel,gridded estimate; station support unavailable,30.0,53.21333333333334,30.0,-1.3466666666666658,30.0,-1.2433333333333287,30.0,-3.6200000000000045,30.0,56.83333333333336,30.0,2.246666666666666
1946,3,37.0,13.5,19.3,3.2,7.3,1946-03-01,31,99.2,-62.2,CRU-CY4.10,CRU-CY:Israel,gridded estimate; station support unavailable,30.0,-7.169999999999995,30.0,-1.6633333333333322,30.0,-1.3166666666666664,30.0,-1.0333333333333314,30.0,-6.136666666666677,30.0,0.9366666666666656
1946,4,1.4,17.5,24.7,4.6,1.0,1946-04-01,30,138.0,-136.6,CRU-CY4.10,CRU-CY:Israel,gridded estimate; station support unavailable,30.0,-14.62,30.0,-0.8933333333333309,30.0,0.05000000000000426,30.0,3.5999999999999943,30.0,-18.219999999999985,30.0,-1.4933333333333332
1946,5,14.8,20.1,27.3,5.5,3.2,1946-05-01,31,170.5,-155.7,CRU-CY4.10,CRU-CY:Israel,gridded estimate; station support unavailable,30.0,10.216666666666669,30.0,-1.456666666666667,30.0,-0.6800000000000033,30.0,2.789999999999992,30.0,7.4266666666666765,30.0,2.0999999999999996
1946,6,0.0,23.1,29.9,6.3,0.0,1946-06-01,30,189.0,-189.0,CRU-CY4.10,CRU-CY:Israel,gridded estimate; station support unavailable,30.0,-0.10666666666666669,30.0,-1.2133333333333312,30.0,-0.6500000000000021,30.0,-4.900000000000006,30.0,4.793333333333351,30.0,-0.05000000000000001
1946,7,0.0,25.2,31.8,6.4,0.0,1946-07-01,31,198.4,-198.4,CRU-CY4.10,CRU-CY:Israel,gridded estimate; station support unavailable,30.0,0.0,30.0,-1.1000000000000014,30.0,-0.35333333333332817,30.0,-3.616666666666731,30.0,3.616666666666731,30.0,0.0
1946,8,0.0,25.9,32.3,6.0,0.0,1946-08-01,31,186.0,-186.0,CRU-CY4.10,CRU-CY:Israel,gridded estimate; station support unavailable,30.0,0.0,30.0,-0.813333333333329,30.0,-0.10999999999999943,30.0,-0.4133333333333553,30.0,0.4133333333333553,30.0,0.0
1946,9,0.2,25.2,31.8,5.1,0.0,1946-09-01,30,153.0,-152.8,CRU-CY4.10,CRU-CY:Israel,gridded estimate; station support unavailable,30.0,-0.21333333333333326,30.0,0.10333333333333883,30.0,0.9233333333333356,30.0,5.599999999999994,30.0,-5.813333333333361,30.0,-0.09333333333333334
1946,10,3.8,20.8,27.3,3.6,1.4,1946-10-01,31,111.60000000000001,-107.80000000000001,CRU-CY4.10,CRU-CY:Israel,gridded estimate; station support unavailable,30.0,-12.16,30.0,-1.6233333333333277,30.0,-0.9699999999999989,30.0,-0.723333333333315,30.0,-11.436666666666653,30.0,-1.1799999999999997
1946,11,4.0,19.5,26.2,2.8,1.8,1946-11-01,30,84.0,-80.0,CRU-CY4.10,CRU-CY:Israel,gridded estimate; station support unavailable,30.0,-47.32666666666667,30.0,1.7833333333333385,30.0,2.8600000000000065,30.0,9.200000000000003,30.0,-56.52666666666667,30.0,-3.133333333333333
1946,12,58.1,13.7,18.6,1.8,7.6,1946-12-01,31,55.800000000000004,2.299999999999997,CRU-CY4.10,CRU-CY:Israel,gridded estimate; station support unavailable,30.0,-33.38666666666666,30.0,-0.09999999999999964,30.0,-0.03666666666666529,30.0,-1.8599999999999923,30.0,-31.52666666666667,30.0,-1.3499999999999996
1947,1,133.7,11.7,16.0,1.7,12.6,1947-01-01,31,52.699999999999996,81.0,CRU-CY4.10,CRU-CY:Israel,gridded estimate; station support unavailable,30.0,25.176666666666634,30.0,-0.5333333333333314,30.0,-0.7866666666666653,30.0,-4.13333333333334,30.0,29.310000000000016,30.0,1.6233333333333313
1947,2,20.4,13.5,19.2,2.5,5.5,1947-02-01,28,70.0,-49.6,CRU-CY4.10,CRU-CY:Israel,gridded estimate; station support unavailable,30.0,-60.186666666666675,30.0,0.6533333333333342,30.0,1.3566666666666691,30.0,1.980000000000004,30.0,-62.16666666666667,30.0,-4.8533333333333335
1947,3,47.9,16.5,22.8,3.6,7.0,1947-03-01,31,111.60000000000001,-63.70000000000001,CRU-CY4.10,CRU-CY:Israel,gridded estimate; station support unavailable,30.0,3.730000000000004,30.0,1.3366666666666678,30.0,2.1833333333333336,30.0,11.366666666666674,30.0,-7.6366666666666845,30.0,0.6366666666666658
1947,4,11.8,18.2,24.9,4.6,2.7,1947-04-01,30,138.0,-126.2,CRU-CY4.10,CRU-CY:Israel,gridded estimate; station support unavailable,30.0,-4.219999999999999,30.0,-0.19333333333333158,30.0,0.25000000000000355,30.0,3.5999999999999943,30.0,-7.819999999999993,30.0,0.206666666666667
1947,5,5.2,21.7,28.7,5.7,1.2,1947-05-01,31,176.70000000000002,-171.50000000000003,CRU-CY4.10,CRU-CY:Israel,gridded estimate; station support unavailable,30.0,0.6166666666666671,30.0,0.14333333333333087,30.0,0.7199999999999953,30.0,8.990000000000009,30.0,-8.373333333333363,30.0,0.09999999999999964
1947,6,0.1,23.3,30.0,6.4,0.1,1947-06-01,30,192.0,-191.9,CRU-CY4.10,CRU-CY:Israel,gridded estimate; station support unavailable,30.0,-0.006666666666666682,30.0,-1.0133333333333319,30.0,-0.5500000000000007,30.0,-1.9000000000000057,30.0,1.893333333333345,30.0,0.049999999999999996
1947,7,0.0,25.8,32.1,6.4,0.0,1947-07-01,31,198.4,-198.4,CRU-CY4.10,CRU-CY:Israel,gridded estimate; station support unavailable,30.0,0.0,30.0,-0.5,30.0,-0.05333333333332746,30.0,-3.616666666666731,30.0,3.616666666666731,30.0,0.0
1947,8,0.0,25.9,32.3,6.0,0.0,1947-08-01,31,186.0,-186.0,CRU-CY4.10,CRU-CY:Israel,gridded estimate; station support unavailable,30.0,0.0,30.0,-0.813333333333329,30.0,-0.10999999999999943,30.0,-0.4133333333333553,30.0,0.4133333333333553,30.0,0.0
1947,9,0.5,23.4,29.8,4.9,0.1,1947-09-01,30,147.0,-146.5,CRU-CY4.10,CRU-CY:Israel,gridded estimate; station support unavailable,30.0,0.08666666666666673,30.0,-1.6966666666666619,30.0,-1.0766666666666644,30.0,-0.4000000000000057,30.0,0.48666666666665037,30.0,0.006666666666666668
1947,10,2.9,21.0,27.6,3.7,1.0,1947-10-01,31,114.7,-111.8,CRU-CY4.10,CRU-CY:Israel,gridded estimate; station support unavailable,30.0,-13.059999999999999,30.0,-1.4233333333333285,30.0,-0.6699999999999982,30.0,2.3766666666666794,30.0,-15.436666666666639,30.0,-1.5799999999999996
1947,11,92.5,17.6,23.3,2.6,6.8,1947-11-01,30,78.0,14.5,CRU-CY4.10,CRU-CY:Israel,gridded estimate; station support unavailable,30.0,41.17333333333333,30.0,-0.11666666666666003,30.0,-0.03999999999999204,30.0,3.200000000000003,30.0,37.97333333333333,30.0,1.8666666666666671
1947,12,34.9,14.8,20.2,1.9,6.5,1947-12-01,31,58.9,-24.0,CRU-CY4.10,CRU-CY:Israel,gridded estimate; station support unavailable,30.0,-56.586666666666666,30.0,1.0000000000000018,30.0,1.5633333333333326,30.0,1.240000000000002,30.0,-57.82666666666667,30.0,-2.4499999999999993
1948,1,111.6,13.7,18.9,2.0,10.7,1948-01-01,31,62.0,49.599999999999994,CRU-CY4.10,CRU-CY:Israel,gridded estimate; station support unavailable,30.0,3.0766666666666396,30.0,1.4666666666666686,30.0,2.1133333333333333,30.0,5.166666666666664,30.0,-2.089999999999989,30.0,-0.27666666666666906
1948,2,108.4,12.1,16.7,2.3,12.0,1948-02-01,29,66.69999999999999,41.70000000000002,CRU-CY4.10,CRU-CY:Israel,gridded estimate; station support unavailable,30.0,27.813333333333333,30.0,-0.7466666666666661,30.0,-1.1433333333333309,30.0,-1.3200000000000074,30.0,29.13333333333335,30.0,1.6466666666666665
1948,3,94.3,11.3,16.8,2.9,10.4,1948-03-01,31,89.89999999999999,4.400000000000006,CRU-CY4.10,CRU-CY:Israel,gridded estimate; station support unavailable,30.0,50.13,30.0,-3.8633333333333315,30.0,-3.8166666666666664,30.0,-10.333333333333343,30.0,60.46333333333333,30.0,4.036666666666666
1948,4,21.4,16.0,22.3,4.1,3.8,1948-04-01,30,122.99999999999999,-101.6,CRU-CY4.10,CRU-CY:Israel,gridded estimate; station support unavailable,30.0,5.379999999999999,30.0,-2.393333333333331,30.0,-2.3499999999999943,30.0,-11.40000000000002,30.0,16.780000000000015,30.0,1.3066666666666666
1948,5,5.1,20.2,27.1,5.4,1.0,1948-05-01,31,167.4,-162.3,CRU-CY4.10,CRU-CY:Israel,gridded estimate; station support unavailable,30.0,0.5166666666666666,30.0,-1.3566666666666691,30.0,-0.8800000000000026,30.0,-0.3100000000000023,30.0,0.8266666666666538,30.0,-0.10000000000000031
1948,6,0.0,22.6,29.4,6.3,0.0,1948-06-01,30,189.0,-189.0,CRU-CY4.10,CRU-CY:Israel,gridded estimate; station support unavailable,30.0,-0.10666666666666669,30.0,-1.7133333333333312,30.0,-1.1500000000000021,30.0,-4.900000000000006,30.0,4.793333333333351,30.0,-0.05000000000000001
1948,7,0.0,24.9,31.8,6.5,0.0,1948-07-01,31,201.5,-201.5,CRU-CY4.10,CRU-CY:Israel,gridded estimate; station support unavailable,30.0,0.0,30.0,-1.4000000000000021,30.0,-0.35333333333332817,30.0,-0.5166666666667368,30.0,0.5166666666667368,30.0,0.0
1948,8,0.0,25.2,31.8,5.9,0.0,1948-08-01,31,182.9,-182.9,CRU-CY4.10,CRU-CY:Israel,gridded estimate; station support unavailable,30.0,0.0,30.0,-1.5133333333333283,30.0,-0.6099999999999959,30.0,-3.5133333333333496,30.0,3.5133333333333496,30.0,0.0
1948,9,0.0,23.3,29.1,4.6,0.0,1948-09-01,30,138.0,-138.0,CRU-CY4.10,CRU-CY:Israel,gridded estimate; station support unavailable,30.0,-0.4133333333333333,30.0,-1.7966666666666598,30.0,-1.7766666666666637,30.0,-9.400000000000006,30.0,8.98666666666665,30.0,-0.09333333333333334
1948,10,2.1,20.5,26.5,3.4,1.0,1948-10-01,31,105.39999999999999,-103.3,CRU-CY4.10,CRU-CY:Israel,gridded estimate; station support unavailable,30.0,-13.86,30.0,-1.9233333333333285,30.0,-1.7699999999999996,30.0,-6.923333333333332,30.0,-6.936666666666639,30.0,-1.5799999999999996
1948,11,48.2,16.5,22.1,2.4,5.7,1948-11-01,30,72.0,-23.799999999999997,CRU-CY4.10,CRU-CY:Israel,gridded estimate; station support unavailable,30.0,-3.126666666666665,30.0,-1.2166666666666615,30.0,-1.2399999999999913,30.0,-2.799999999999997,30.0,-0.32666666666667155,30.0,0.7666666666666675
1948,12,111.2,11.3,15.8,1.6,10.2,1948-12-01,31,49.6,61.6,CRU-CY4.10,CRU-CY:Israel,gridded estimate; station support unavailable,30.0,19.71333333333334,30.0,-2.4999999999999982,30.0,-2.836666666666666,30.0,-8.059999999999995,30.0,27.773333333333333,30.0,1.25
1949,1,129.6,10.5,15.4,1.8,11.3,1949-01-01,31,55.800000000000004,73.79999999999998,CRU-CY4.10,CRU-CY:Israel,gridded estimate; station support unavailable,30.0,21.07666666666664,30.0,-1.7333333333333307,30.0,-1.386666666666665,30.0,-1.0333333333333314,30.0,22.11,30.0,0.32333333333333236
1949,2,141.5,9.6,14.5,2.2,12.7,1949-02-01,28,61.60000000000001,79.89999999999999,CRU-CY4.10,CRU-CY:Israel,gridded estimate; station support unavailable,30.0,60.91333333333333,30.0,-3.246666666666666,30.0,-3.34333333333333,30.0,-6.4199999999999875,30.0,67.33333333333333,30.0,2.346666666666666
1949,3,90.7,12.7,17.9,2.9,9.0,1949-03-01,31,89.89999999999999,0.8000000000000114,CRU-CY4.10,CRU-CY:Israel,gridded estimate; station support unavailable,30.0,46.53000000000001,30.0,-2.463333333333333,30.0,-2.7166666666666686,30.0,-10.333333333333343,30.0,56.86333333333334,30.0,2.636666666666666
1949,4,61.9,14.4,20.6,3.9,5.2,1949-04-01,30,117.0,-55.1,CRU-CY4.10,CRU-CY:Israel,gridded estimate; station support unavailable,30.0,45.879999999999995,30.0,-3.9933333333333305,30.0,-4.049999999999994,30.0,-17.400000000000006,30.0,63.28000000000001,30.0,2.706666666666667
1949,5,1.6,21.7,28.5,5.6,0.9,1949-05-01,31,173.6,-172.0,CRU-CY4.10,CRU-CY:Israel,gridded estimate; station support unavailable,30.0,-2.983333333333333,30.0,0.14333333333333087,30.0,0.519999999999996,30.0,5.889999999999986,30.0,-8.873333333333335,30.0,-0.2000000000000003
1949,6,0.0,23.1,29.7,6.3,0.0,1949-06-01,30,189.0,-189.0,CRU-CY4.10,CRU-CY:Israel,gridded estimate; station support unavailable,30.0,-0.10666666666666669,30.0,-1.2133333333333312,30.0,-0.8500000000000014,30.0,-4.900000000000006,30.0,4.793333333333351,30.0,-0.05000000000000001
1949,7,0.0,24.2,29.9,6.1,0.0,1949-07-01,31,189.1,-189.1,CRU-CY4.10,CRU-CY:Israel,gridded estimate; station support unavailable,30.0,0.0,30.0,-2.1000000000000014,30.0,-2.2533333333333303,30.0,-12.916666666666742,30.0,12.916666666666742,30.0,0.0
1949,8,0.0,24.4,30.3,5.6,0.0,1949-08-01,31,173.6,-173.6,CRU-CY4.10,CRU-CY:Israel,gridded estimate; station support unavailable,30.0,0.0,30.0,-2.313333333333329,30.0,-2.109999999999996,30.0,-12.813333333333361,30.0,12.813333333333361,30.0,0.0
1949,9,1.7,21.8,27.4,4.4,0.1,1949-09-01,30,132.0,-130.3,CRU-CY4.10,CRU-CY:Israel,gridded estimate; station support unavailable,30.0,1.2866666666666666,30.0,-3.2966666666666598,30.0,-3.4766666666666666,30.0,-15.400000000000006,30.0,16.68666666666664,30.0,0.006666666666666668
1949,10,0.4,20.8,27.0,3.6,0.3,1949-10-01,31,111.60000000000001,-111.2,CRU-CY4.10,CRU-CY:Israel,gridded estimate; station support unavailable,30.0,-15.559999999999999,30.0,-1.6233333333333277,30.0,-1.2699999999999996,30.0,-0.723333333333315,30.0,-14.836666666666645,30.0,-2.28
1949,11,5.6,18.9,24.6,2.6,2.5,1949-11-01,30,78.0,-72.4,CRU-CY4.10,CRU-CY:Israel,gridded estimate; station support unavailable,30.0,-45.72666666666667,30.0,1.1833333333333371,30.0,1.2600000000000087,30.0,3.200000000000003,30.0,-48.92666666666668,30.0,-2.4333333333333327
1949,12,166.9,13.7,18.2,1.8,13.8,1949-12-01,31,55.800000000000004,111.1,CRU-CY4.10,CRU-CY:Israel,gridded estimate; station support unavailable,30.0,75.41333333333334,30.0,-0.09999999999999964,30.0,-0.4366666666666674,30.0,-1.8599999999999923,30.0,77.27333333333333,30.0,4.850000000000001
1950,1,129.1,9.8,14.2,1.7,12.7,1950-01-01,31,52.699999999999996,76.4,CRU-CY4.10,CRU-CY:Israel,gridded estimate; station support unavailable,30.0,20.57666666666664,30.0,-2.43333333333333,30.0,-2.586666666666666,30.0,-4.13333333333334,30.0,24.710000000000022,30.0,1.723333333333331
1950,2,91.1,10.5,15.7,2.3,11.2,1950-02-01,28,64.39999999999999,26.700000000000003,CRU-CY4.10,CRU-CY:Israel,gridded estimate; station support unavailable,30.0,10.513333333333321,30.0,-2.346666666666666,30.0,-2.143333333333331,30.0,-3.6200000000000045,30.0,14.133333333333336,30.0,0.8466666666666658
1950,3,39.7,13.7,19.0,3.1,7.5,1950-03-01,31,96.10000000000001,-56.400000000000006,CRU-CY4.10,CRU-CY:Israel,gridded estimate; station support unavailable,30.0,-4.469999999999992,30.0,-1.463333333333333,30.0,-1.6166666666666671,30.0,-4.133333333333326,30.0,-0.3366666666666802,30.0,1.1366666666666658
1950,4,11.6,18.9,25.3,4.6,2.9,1950-04-01,30,138.0,-126.4,CRU-CY4.10,CRU-CY:Israel,gridded estimate; station support unavailable,30.0,-4.42,30.0,0.5066666666666677,30.0,0.6500000000000057,30.0,3.5999999999999943,30.0,-8.019999999999996,30.0,0.40666666666666673
1950,5,18.8,19.6,25.7,5.0,2.5,1950-05-01,31,155.0,-136.2,CRU-CY4.10,CRU-CY:Israel,gridded estimate; station support unavailable,30.0,14.216666666666669,30.0,-1.956666666666667,30.0,-2.2800000000000047,30.0,-12.710000000000008,30.0,26.926666666666677,30.0,1.3999999999999997
1950,6,0.1,22.2,28.7,6.1,0.2,1950-06-01,30,183.0,-182.9,CRU-CY4.10,CRU-CY:Israel,gridded estimate; station support unavailable,30.0,-0.006666666666666682,30.0,-2.1133333333333333,30.0,-1.8500000000000014,30.0,-10.900000000000006,30.0,10.893333333333345,30.0,0.15
1950,7,0.0,24.9,31.4,6.3,0.0,1950-07-01,31,195.29999999999998,-195.29999999999998,CRU-CY4.10,CRU-CY:Israel,gridded estimate; station support unavailable,30.0,0.0,30.0,-1.4000000000000021,30.0,-0.7533333333333303,30.0,-6.716666666666754,30.0,6.716666666666754,30.0,0.0
1950,8,0.0,25.4,31.5,5.9,0.0,1950-08-01,31,182.9,-182.9,CRU-CY4.10,CRU-CY:Israel,gridded estimate; station support unavailable,30.0,0.0,30.0,-1.313333333333329,30.0,-0.9099999999999966,30.0,-3.5133333333333496,30.0,3.5133333333333496,30.0,0.0
1950,9,0.2,23.7,29.8,4.7,0.0,1950-09-01,30,141.0,-140.8,CRU-CY4.10,CRU-CY:Israel,gridded estimate; station support unavailable,30.0,-0.21333333333333326,30.0,-1.3966666666666612,30.0,-1.0766666666666644,30.0,-6.400000000000006,30.0,6.186666666666639,30.0,-0.09333333333333334
1950,10,16.7,20.1,26.0,3.4,3.0,1950-10-01,31,105.39999999999999,-88.69999999999999,CRU-CY4.10,CRU-CY:Israel,gridded estimate; station support unavailable,30.0,0.7400000000000002,30.0,-2.323333333333327,30.0,-2.2699999999999996,30.0,-6.923333333333332,30.0,7.6633333333333695,30.0,0.4200000000000004
1950,11,27.8,17.2,23.0,2.5,4.5,1950-11-01,30,75.0,-47.2,CRU-CY4.10,CRU-CY:Israel,gridded estimate; station support unavailable,30.0,-23.526666666666667,30.0,-0.5166666666666622,30.0,-0.33999999999999275,30.0,0.20000000000000284,30.0,-23.726666666666677,30.0,-0.4333333333333327
1950,12,36.8,14.8,19.9,2.0,7.0,1950-12-01,31,62.0,-25.200000000000003,CRU-CY4.10,CRU-CY:Israel,gridded estimate; station support unavailable,30.0,-54.68666666666667,30.0,1.0000000000000018,30.0,1.2633333333333319,30.0,4.340000000000003,30.0,-59.02666666666667,30.0,-1.9499999999999993
1951,1,66.2,13.0,17.9,2.0,9.4,1951-01-01,31,62.0,4.200000000000003,CRU-CY4.10,CRU-CY:Israel,gridded estimate; station support unavailable,30.0,-42.32333333333335,30.0,0.7666666666666693,30.0,1.1133333333333333,30.0,5.166666666666664,30.0,-47.48999999999998,30.0,-1.576666666666668
1951,2,77.1,13.1,18.2,2.5,10.8,1951-02-01,28,70.0,7.099999999999994,CRU-CY4.10,CRU-CY:Israel,gridded estimate; station support unavailable,30.0,-3.486666666666679,30.0,0.25333333333333385,30.0,0.35666666666666913,30.0,1.980000000000004,30.0,-5.466666666666672,30.0,0.4466666666666672
1951,3,22.7,16.6,22.1,3.5,5.3,1951-03-01,31,108.5,-85.8,CRU-CY4.10,CRU-CY:Israel,gridded estimate; station support unavailable,30.0,-21.469999999999995,30.0,1.4366666666666692,30.0,1.4833333333333343,30.0,8.266666666666666,30.0,-29.73666666666667,30.0,-1.0633333333333344
1951,4,19.3,18.5,25.0,4.5,2.5,1951-04-01,30,135.0,-115.7,CRU-CY4.10,CRU-CY:Israel,gridded estimate; station support unavailable,30.0,3.280000000000001,30.0,0.10666666666666913,30.0,0.350000000000005,30.0,0.5999999999999943,30.0,2.680000000000007,30.0,0.006666666666666821
1951,5,0.3,21.6,27.8,5.4,0.1,1951-05-01,31,167.4,-167.1,CRU-CY4.10,CRU-CY:Israel,gridded estimate; station support unavailable,30.0,-4.283333333333333,30.0,0.043333333333333,30.0,-0.18000000000000327,30.0,-0.3100000000000023,30.0,-3.973333333333329,30.0,-1.0000000000000002
1951,6,0.3,23.1,29.9,6.4,0.0,1951-06-01,30,192.0,-191.7,CRU-CY4.10,CRU-CY:Israel,gridded estimate; station support unavailable,30.0,0.1933333333333333,30.0,-1.2133333333333312,30.0,-0.6500000000000021,30.0,-1.9000000000000057,30.0,2.093333333333362,30.0,-0.05000000000000001
1951,7,0.0,25.5,31.9,6.4,0.0,1951-07-01,31,198.4,-198.4,CRU-CY4.10,CRU-CY:Israel,gridded estimate; station support unavailable,30.0,0.0,30.0,-0.8000000000000007,30.0,-0.2533333333333303,30.0,-3.616666666666731,30.0,3.616666666666731,30.0,0.0
1951,8,0.0,26.1,31.9,5.9,0.0,1951-08-01,31,182.9,-182.9,CRU-CY4.10,CRU-CY:Israel,gridded estimate; station support unavailable,30.0,0.0,30.0,-0.6133333333333262,30.0,-0.509999999999998,30.0,-3.5133333333333496,30.0,3.5133333333333496,30.0,0.0
1951,9,0.8,24.9,30.7,4.9,0.1,1951-09-01,30,147.0,-146.2,CRU-CY4.10,CRU-CY:Israel,gridded estimate; station support unavailable,30.0,0.38666666666666677,30.0,-0.19666666666666188,30.0,-0.17666666666666586,30.0,-0.4000000000000057,30.0,0.7866666666666617,30.0,0.006666666666666668
1951,10,9.1,21.1,27.0,3.5,2.1,1951-10-01,31,108.5,-99.4,CRU-CY4.10,CRU-CY:Israel,gridded estimate; station support unavailable,30.0,-6.859999999999999,30.0,-1.323333333333327,30.0,-1.2699999999999996,30.0,-3.8233333333333235,30.0,-3.0366666666666475,30.0,-0.47999999999999954
1951,11,39.8,17.3,23.0,2.5,4.9,1951-11-01,30,75.0,-35.2,CRU-CY4.10,CRU-CY:Israel,gridded estimate; station support unavailable,30.0,-11.52666666666667,30.0,-0.41666666666666075,30.0,-0.33999999999999275,30.0,0.20000000000000284,30.0,-11.726666666666677,30.0,-0.03333333333333233
1951,12,252.2,11.8,16.3,1.7,14.9,1951-12-01,31,52.699999999999996,199.5,CRU-CY4.10,CRU-CY:Israel,gridded estimate; station support unavailable,30.0,160.7133333333333,30.0,-1.9999999999999982,30.0,-2.336666666666666,30.0,-4.960000000000001,30.0,165.67333333333335,30.0,5.950000000000001
1952,1,82.6,12.5,17.4,2.0,10.9,1952-01-01,31,62.0,20.599999999999994,CRU-CY4.10,CRU-CY:Israel,gridded estimate; station support unavailable,30.0,-25.92333333333336,30.0,0.26666666666666927,30.0,0.6133333333333333,30.0,5.166666666666664,30.0,-31.08999999999999,30.0,-0.07666666666666799
1952,2,104.6,13.0,17.6,2.4,12.9,1952-02-01,29,69.6,35.0,CRU-CY4.10,CRU-CY:Israel,gridded estimate; station support unavailable,30.0,24.01333333333332,30.0,0.1533333333333342,30.0,-0.24333333333332874,30.0,1.5799999999999983,30.0,22.433333333333334,30.0,2.546666666666667
1952,3,51.3,13.7,19.1,3.2,7.2,1952-03-01,31,99.2,-47.900000000000006,CRU-CY4.10,CRU-CY:Israel,gridded estimate; station support unavailable,30.0,7.130000000000003,30.0,-1.463333333333333,30.0,-1.5166666666666657,30.0,-1.0333333333333314,30.0,8.16333333333332,30.0,0.836666666666666
1952,4,6.9,17.9,24.2,4.4,1.8,1952-04-01,30,132.0,-125.1,CRU-CY4.10,CRU-CY:Israel,gridded estimate; station support unavailable,30.0,-9.12,30.0,-0.4933333333333323,30.0,-0.44999999999999574,30.0,-2.4000000000000057,30.0,-6.719999999999985,30.0,-0.6933333333333331
1952,5,0.2,20.4,26.9,5.4,0.2,1952-05-01,31,167.4,-167.20000000000002,CRU-CY4.10,CRU-CY:Israel,gridded estimate; station support unavailable,30.0,-4.383333333333333,30.0,-1.1566666666666698,30.0,-1.0800000000000054,30.0,-0.3100000000000023,30.0,-4.073333333333352,30.0,-0.9000000000000004
1952,6,0.0,23.0,30.0,6.5,0.0,1952-06-01,30,195.0,-195.0,CRU-CY4.10,CRU-CY:Israel,gridded estimate; station support unavailable,30.0,-0.10666666666666669,30.0,-1.3133333333333326,30.0,-0.5500000000000007,30.0,1.0999999999999943,30.0,-1.2066666666666492,30.0,-0.05000000000000001
1952,7,0.0,24.7,30.7,6.2,0.0,1952-07-01,31,192.20000000000002,-192.20000000000002,CRU-CY4.10,CRU-CY:Israel,gridded estimate; station support unavailable,30.0,0.0,30.0,-1.6000000000000014,30.0,-1.4533333333333296,30.0,-9.81666666666672,30.0,9.81666666666672,30.0,0.0
1952,8,0.0,26.7,32.5,6.0,0.0,1952-08-01,31,186.0,-186.0,CRU-CY4.10,CRU-CY:Israel,gridded estimate; station support unavailable,30.0,0.0,30.0,-0.013333333333328312,30.0,0.09000000000000341,30.0,-0.4133333333333553,30.0,0.4133333333333553,30.0,0.0
1952,9,0.0,26.4,32.5,5.2,0.0,1952-09-01,30,156.0,-156.0,CRU-CY4.10,CRU-CY:Israel,gridded estimate; station support unavailable,30.0,-0.4133333333333333,30.0,1.3033333333333381,30.0,1.6233333333333348,30.0,8.599999999999994,30.0,-9.01333333333335,30.0,-0.09333333333333334
1952,10,10.7,23.2,29.1,3.8,2.6,1952-10-01,31,117.8,-107.1,CRU-CY4.10,CRU-CY:Israel,gridded estimate; station support unavailable,30.0,-5.26,30.0,0.7766666666666708,30.0,0.8300000000000018,30.0,5.476666666666674,30.0,-10.736666666666636,30.0,0.020000000000000462
1952,11,20.6,17.5,23.2,2.5,4.4,1952-11-01,30,75.0,-54.4,CRU-CY4.10,CRU-CY:Israel,gridded estimate; station support unavailable,30.0,-30.726666666666667,30.0,-0.21666666666666146,30.0,-0.13999999999999346,30.0,0.20000000000000284,30.0,-30.926666666666673,30.0,-0.5333333333333323
1952,12,47.6,15.8,20.8,2.1,7.2,1952-12-01,31,65.10000000000001,-17.500000000000007,CRU-CY4.10,CRU-CY:Israel,gridded estimate; station support unavailable,30.0,-43.88666666666666,30.0,2.0000000000000018,30.0,2.163333333333334,30.0,7.440000000000012,30.0,-51.326666666666675,30.0,-1.7499999999999991
1953,1,104.1,12.6,17.4,1.9,10.4,1953-01-01,31,58.9,45.199999999999996,CRU-CY4.10,CRU-CY:Israel,gridded estimate; station support unavailable,30.0,-4.42333333333336,30.0,0.3666666666666689,30.0,0.6133333333333333,30.0,2.066666666666663,30.0,-6.489999999999988,30.0,-0.576666666666668
1953,2,110.6,13.3,18.1,2.5,13.2,1953-02-01,28,70.0,40.599999999999994,CRU-CY4.10,CRU-CY:Israel,gridded estimate; station support unavailable,30.0,30.01333333333332,30.0,0.4533333333333349,30.0,0.25666666666667126,30.0,1.980000000000004,30.0,28.033333333333328,30.0,2.846666666666666
1953,3,136.6,11.7,17.2,2.9,11.5,1953-03-01,31,89.89999999999999,46.7,CRU-CY4.10,CRU-CY:Israel,gridded estimate; station support unavailable,30.0,92.43,30.0,-3.463333333333333,30.0,-3.416666666666668,30.0,-10.333333333333343,30.0,102.76333333333332,30.0,5.136666666666666
1953,4,13.1,17.4,23.6,4.3,2.9,1953-04-01,30,129.0,-115.9,CRU-CY4.10,CRU-CY:Israel,gridded estimate; station support unavailable,30.0,-2.92,30.0,-0.9933333333333323,30.0,-1.0499999999999936,30.0,-5.400000000000006,30.0,2.480000000000004,30.0,0.40666666666666673
1953,5,0.4,20.8,27.2,5.4,0.3,1953-05-01,31,167.4,-167.0,CRU-CY4.10,CRU-CY:Israel,gridded estimate; station support unavailable,30.0,-4.183333333333333,30.0,-0.7566666666666677,30.0,-0.7800000000000047,30.0,-0.3100000000000023,30.0,-3.873333333333335,30.0,-0.8000000000000003
1953,6,0.0,23.4,29.8,6.3,0.0,1953-06-01,30,189.0,-189.0,CRU-CY4.10,CRU-CY:Israel,gridded estimate; station support unavailable,30.0,-0.10666666666666669,30.0,-0.913333333333334,30.0,-0.75,30.0,-4.900000000000006,30.0,4.793333333333351,30.0,-0.05000000000000001
1953,7,0.0,25.9,32.2,6.5,0.0,1953-07-01,31,201.5,-201.5,CRU-CY4.10,CRU-CY:Israel,gridded estimate; station support unavailable,30.0,0.0,30.0,-0.40000000000000213,30.0,0.04666666666667396,30.0,-0.5166666666667368,30.0,0.5166666666667368,30.0,0.0
1953,8,0.0,26.1,31.8,5.8,0.0,1953-08-01,31,179.79999999999998,-179.79999999999998,CRU-CY4.10,CRU-CY:Israel,gridded estimate; station support unavailable,30.0,0.0,30.0,-0.6133333333333262,30.0,-0.6099999999999959,30.0,-6.613333333333372,30.0,6.613333333333372,30.0,0.0
1953,9,0.0,23.6,29.5,4.7,0.0,1953-09-01,30,141.0,-141.0,CRU-CY4.10,CRU-CY:Israel,gridded estimate; station support unavailable,30.0,-0.4133333333333333,30.0,-1.496666666666659,30.0,-1.3766666666666652,30.0,-6.400000000000006,30.0,5.98666666666665,30.0,-0.09333333333333334
1953,10,1.0,22.1,28.1,3.6,0.6,1953-10-01,31,111.60000000000001,-110.60000000000001,CRU-CY4.10,CRU-CY:Israel,gridded estimate; station support unavailable,30.0,-14.959999999999999,30.0,-0.32333333333332703,30.0,-0.16999999999999815,30.0,-0.723333333333315,30.0,-14.23666666666665,30.0,-1.9799999999999995
1953,11,136.0,15.3,20.6,2.3,8.2,1953-11-01,30,69.0,67.0,CRU-CY4.10,CRU-CY:Israel,gridded estimate; station support unavailable,30.0,84.67333333333333,30.0,-2.4166666666666607,30.0,-2.7399999999999913,30.0,-5.799999999999997,30.0,90.47333333333333,30.0,3.2666666666666666
1953,12,114.4,11.1,16.0,1.8,11.6,1953-12-01,31,55.800000000000004,58.6,CRU-CY4.10,CRU-CY:Israel,gridded estimate; station support unavailable,30.0,22.91333333333334,30.0,-2.6999999999999993,30.0,-2.6366666666666667,30.0,-1.8599999999999923,30.0,24.773333333333333,30.0,2.6500000000000004
1954,1,78.2,11.4,15.9,1.8,8.5,1954-01-01,31,55.800000000000004,22.4,CRU-CY4.10,CRU-CY:Israel,gridded estimate; station support unavailable,30.0,-30.323333333333352,30.0,-0.8333333333333304,30.0,-0.8866666666666649,30.0,-1.0333333333333314,30.0,-29.289999999999985,30.0,-2.4766666666666683
1954,2,123.8,12.6,17.4,2.4,13.8,1954-02-01,28,67.2,56.599999999999994,CRU-CY4.10,CRU-CY:Israel,gridded estimate; station support unavailable,30.0,43.213333333333324,30.0,-0.24666666666666615,30.0,-0.4433333333333316,30.0,-0.8199999999999932,30.0,44.03333333333333,30.0,3.446666666666667
1954,3,23.1,15.9,20.9,3.3,6.4,1954-03-01,31,102.3,-79.19999999999999,CRU-CY4.10,CRU-CY:Israel,gridded estimate; station support unavailable,30.0,-21.069999999999993,30.0,0.7366666666666681,30.0,0.28333333333333144,30.0,2.066666666666663,30.0,-23.136666666666663,30.0,0.03666666666666618
1954,4,36.5,16.1,22.1,4.0,4.4,1954-04-01,30,120.0,-83.5,CRU-CY4.10,CRU-CY:Israel,gridded estimate; station support unavailable,30.0,20.48,30.0,-2.2933333333333294,30.0,-2.5499999999999936,30.0,-14.400000000000006,30.0,34.88000000000001,30.0,1.9066666666666672
1954,5,0.2,21.5,27.9,5.5,0.2,1954-05-01,31,170.5,-170.3,CRU-CY4.10,CRU-CY:Israel,gridded estimate; station support unavailable,30.0,-4.383333333333333,30.0,-0.05666666666666842,30.0,-0.0800000000000054,30.0,2.789999999999992,30.0,-7.173333333333346,30.0,-0.9000000000000004
1954,6,0.0,23.3,30.0,6.3,0.0,1954-06-01,30,189.0,-189.0,CRU-CY4.10,CRU-CY:Israel,gridded estimate; station support unavailable,30.0,-0.10666666666666669,30.0,-1.0133333333333319,30.0,-0.5500000000000007,30.0,-4.900000000000006,30.0,4.793333333333351,30.0,-0.05000000000000001
1954,7,0.0,26.2,32.5,6.5,0.0,1954-07-01,31,201.5,-201.5,CRU-CY4.10,CRU-CY:Israel,gridded estimate; station support unavailable,30.0,0.0,30.0,-0.10000000000000142,30.0,0.3466666666666711,30.0,-0.5166666666667368,30.0,0.5166666666667368,30.0,0.0
1954,8,0.0,26.9,32.8,6.0,0.0,1954-08-01,31,186.0,-186.0,CRU-CY4.10,CRU-CY:Israel,gridded estimate; station support unavailable,30.0,0.0,30.0,0.18666666666667098,30.0,0.39000000000000057,30.0,-0.4133333333333553,30.0,0.4133333333333553,30.0,0.0
1954,9,0.4,23.9,30.1,4.8,0.1,1954-09-01,30,144.0,-143.6,CRU-CY4.10,CRU-CY:Israel,gridded estimate; station support unavailable,30.0,-0.013333333333333253,30.0,-1.1966666666666619,30.0,-0.7766666666666637,30.0,-3.4000000000000057,30.0,3.386666666666656,30.0,0.006666666666666668
1954,10,2.5,22.0,27.8,3.6,1.3,1954-10-01,31,111.60000000000001,-109.10000000000001,CRU-CY4.10,CRU-CY:Israel,gridded estimate; station support unavailable,30.0,-13.459999999999999,30.0,-0.42333333333332845,30.0,-0.46999999999999886,30.0,-0.723333333333315,30.0,-12.73666666666665,30.0,-1.2799999999999996
1954,11,74.6,17.8,23.0,2.5,8.0,1954-11-01,30,75.0,-0.4000000000000057,CRU-CY4.10,CRU-CY:Israel,gridded estimate; station support unavailable,30.0,23.273333333333326,30.0,0.08333333333333925,30.0,-0.33999999999999275,30.0,0.20000000000000284,30.0,23.07333333333332,30.0,3.0666666666666673
1954,12,148.1,13.5,17.8,1.7,13.8,1954-12-01,31,52.699999999999996,95.4,CRU-CY4.10,CRU-CY:Israel,gridded estimate; station support unavailable,30.0,56.61333333333333,30.0,-0.29999999999999893,30.0,-0.836666666666666,30.0,-4.960000000000001,30.0,61.57333333333334,30.0,4.850000000000001
1955,1,13.8,13.6,18.3,2.0,4.8,1955-01-01,31,62.0,-48.2,CRU-CY4.10,CRU-CY:Israel,gridded estimate; station support unavailable,30.0,-94.72333333333336,30.0,1.366666666666669,30.0,1.5133333333333354,30.0,5.166666666666664,30.0,-99.88999999999999,30.0,-6.1766666666666685
1955,2,28.8,15.4,20.3,2.7,5.9,1955-02-01,28,75.60000000000001,-46.80000000000001,CRU-CY4.10,CRU-CY:Israel,gridded estimate; station support unavailable,30.0,-51.786666666666676,30.0,2.5533333333333346,30.0,2.4566666666666706,30.0,7.5800000000000125,30.0,-59.366666666666674,30.0,-4.453333333333333
1955,3,35.0,14.9,20.5,3.2,6.7,1955-03-01,31,99.2,-64.2,CRU-CY4.10,CRU-CY:Israel,gridded estimate; station support unavailable,30.0,-9.169999999999995,30.0,-0.26333333333333186,30.0,-0.11666666666666714,30.0,-1.0333333333333314,30.0,-8.136666666666677,30.0,0.336666666666666
1955,4,13.6,18.0,24.2,4.3,2.6,1955-04-01,30,129.0,-115.4,CRU-CY4.10,CRU-CY:Israel,gridded estimate; station support unavailable,30.0,-2.42,30.0,-0.39333333333333087,30.0,-0.44999999999999574,30.0,-5.400000000000006,30.0,2.980000000000004,30.0,0.10666666666666691
1955,5,3.9,20.6,27.3,5.4,1.0,1955-05-01,31,167.4,-163.5,CRU-CY4.10,CRU-CY:Israel,gridded estimate; station support unavailable,30.0,-0.6833333333333331,30.0,-0.956666666666667,30.0,-0.6800000000000033,30.0,-0.3100000000000023,30.0,-0.37333333333333485,30.0,-0.10000000000000031
1955,6,0.0,24.9,31.5,6.7,0.0,1955-06-01,30,201.0,-201.0,CRU-CY4.10,CRU-CY:Israel,gridded estimate; station support unavailable,30.0,-0.10666666666666669,30.0,0.586666666666666,30.0,0.9499999999999993,30.0,7.099999999999994,30.0,-7.206666666666649,30.0,-0.05000000000000001
1955,7,0.0,25.5,31.3,6.3,0.0,1955-07-01,31,195.29999999999998,-195.29999999999998,CRU-CY4.10,CRU-CY:Israel,gridded estimate; station support unavailable,30.0,0.0,30.0,-0.8000000000000007,30.0,-0.8533333333333282,30.0,-6.716666666666754,30.0,6.716666666666754,30.0,0.0
1955,8,0.0,25.0,30.8,5.7,0.0,1955-08-01,31,176.70000000000002,-176.70000000000002,CRU-CY4.10,CRU-CY:Israel,gridded estimate; station support unavailable,30.0,0.0,30.0,-1.7133333333333276,30.0,-1.6099999999999959,30.0,-9.713333333333338,30.0,9.713333333333338,30.0,0.0
1955,9,0.0,24.2,30.2,4.8,0.0,1955-09-01,30,144.0,-144.0,CRU-CY4.10,CRU-CY:Israel,gridded estimate; station support unavailable,30.0,-0.4133333333333333,30.0,-0.8966666666666612,30.0,-0.6766666666666659,30.0,-3.4000000000000057,30.0,2.9866666666666504,30.0,-0.09333333333333334
1955,10,6.6,23.0,29.4,3.8,1.7,1955-10-01,31,117.8,-111.2,CRU-CY4.10,CRU-CY:Israel,gridded estimate; station support unavailable,30.0,-9.36,30.0,0.5766666666666715,30.0,1.129999999999999,30.0,5.476666666666674,30.0,-14.836666666666645,30.0,-0.8799999999999997
1955,11,142.5,17.3,23.1,2.4,8.7,1955-11-01,30,72.0,70.5,CRU-CY4.10,CRU-CY:Israel,gridded estimate; station support unavailable,30.0,91.17333333333333,30.0,-0.41666666666666075,30.0,-0.23999999999999133,30.0,-2.799999999999997,30.0,93.97333333333333,30.0,3.7666666666666666
1955,12,129.6,13.8,18.3,1.8,11.7,1955-12-01,31,55.800000000000004,73.79999999999998,CRU-CY4.10,CRU-CY:Israel,gridded estimate; station support unavailable,30.0,38.11333333333333,30.0,1.7763568394002505e-15,30.0,-0.336666666666666,30.0,-1.8599999999999923,30.0,39.973333333333315,30.0,2.75
1956,1,116.5,12.5,17.3,1.9,11.8,1956-01-01,31,58.9,57.6,CRU-CY4.10,CRU-CY:Israel,gridded estimate; station support unavailable,30.0,7.976666666666645,30.0,0.26666666666666927,30.0,0.5133333333333354,30.0,2.066666666666663,30.0,5.910000000000018,30.0,0.8233333333333324
1956,2,36.4,13.7,18.7,2.5,7.6,1956-02-01,29,72.5,-36.1,CRU-CY4.10,CRU-CY:Israel,gridded estimate; station support unavailable,30.0,-44.186666666666675,30.0,0.8533333333333335,30.0,0.8566666666666691,30.0,4.480000000000004,30.0,-48.66666666666667,30.0,-2.753333333333334
1956,3,71.8,12.6,17.7,2.9,8.6,1956-03-01,31,89.89999999999999,-18.099999999999994,CRU-CY4.10,CRU-CY:Israel,gridded estimate; station support unavailable,30.0,27.630000000000003,30.0,-2.5633333333333326,30.0,-2.916666666666668,30.0,-10.333333333333343,30.0,37.96333333333333,30.0,2.2366666666666655
1956,4,15.6,17.1,23.6,4.3,2.3,1956-04-01,30,129.0,-113.4,CRU-CY4.10,CRU-CY:Israel,gridded estimate; station support unavailable,30.0,-0.41999999999999993,30.0,-1.2933333333333294,30.0,-1.0499999999999936,30.0,-5.400000000000006,30.0,4.980000000000004,30.0,-0.19333333333333336
1956,5,4.6,19.0,25.8,5.2,1.4,1956-05-01,31,161.20000000000002,-156.60000000000002,CRU-CY4.10,CRU-CY:Israel,gridded estimate; station support unavailable,30.0,0.016666666666666607,30.0,-2.5566666666666684,30.0,-2.1800000000000033,30.0,-6.509999999999991,30.0,6.526666666666642,30.0,0.2999999999999996
1956,6,0.0,23.5,29.9,6.4,0.0,1956-06-01,30,192.0,-192.0,CRU-CY4.10,CRU-CY:Israel,gridded estimate; station support unavailable,30.0,-0.10666666666666669,30.0,-0.8133333333333326,30.0,-0.6500000000000021,30.0,-1.9000000000000057,30.0,1.7933333333333508,30.0,-0.05000000000000001
1956,7,0.0,25.9,32.0,6.5,0.0,1956-07-01,31,201.5,-201.5,CRU-CY4.10,CRU-CY:Israel,gridded estimate; station support unavailable,30.0,0.0,30.0,-0.40000000000000213,30.0,-0.15333333333332888,30.0,-0.5166666666667368,30.0,0.5166666666667368,30.0,0.0
1956,8,0.0,27.2,33.1,6.2,0.0,1956-08-01,31,192.20000000000002,-192.20000000000002,CRU-CY4.10,CRU-CY:Israel,gridded estimate; station support unavailable,30.0,0.0,30.0,0.4866666666666717,30.0,0.6900000000000048,30.0,5.786666666666662,30.0,-5.786666666666662,30.0,0.0
1956,9,0.0,23.9,29.8,4.8,0.0,1956-09-01,30,144.0,-144.0,CRU-CY4.10,CRU-CY:Israel,gridded estimate; station support unavailable,30.0,-0.4133333333333333,30.0,-1.1966666666666619,30.0,-1.0766666666666644,30.0,-3.4000000000000057,30.0,2.9866666666666504,30.0,-0.09333333333333334
1956,10,0.5,20.2,26.5,3.5,0.6,1956-10-01,31,108.5,-108.0,CRU-CY4.10,CRU-CY:Israel,gridded estimate; station support unavailable,30.0,-15.459999999999999,30.0,-2.223333333333329,30.0,-1.7699999999999996,30.0,-3.8233333333333235,30.0,-11.636666666666642,30.0,-1.9799999999999995
1956,11,19.4,17.3,24.1,2.7,3.4,1956-11-01,30,81.0,-61.6,CRU-CY4.10,CRU-CY:Israel,gridded estimate; station support unavailable,30.0,-31.92666666666667,30.0,-0.41666666666666075,30.0,0.7600000000000087,30.0,6.200000000000003,30.0,-38.12666666666668,30.0,-1.5333333333333328
1956,12,98.5,12.3,17.2,1.8,10.4,1956-12-01,31,55.800000000000004,42.699999999999996,CRU-CY4.10,CRU-CY:Israel,gridded estimate; station support unavailable,30.0,7.013333333333335,30.0,-1.4999999999999982,30.0,-1.4366666666666674,30.0,-1.8599999999999923,30.0,8.873333333333328,30.0,1.450000000000001
1957,1,102.7,10.2,15.2,1.7,11.8,1957-01-01,31,52.699999999999996,50.00000000000001,CRU-CY4.10,CRU-CY:Israel,gridded estimate; station support unavailable,30.0,-5.823333333333352,30.0,-2.0333333333333314,30.0,-1.586666666666666,30.0,-4.13333333333334,30.0,-1.6899999999999764,30.0,0.8233333333333324
1957,2,92.2,12.2,17.3,2.3,10.5,1957-02-01,28,64.39999999999999,27.80000000000001,CRU-CY4.10,CRU-CY:Israel,gridded estimate; station support unavailable,30.0,11.61333333333333,30.0,-0.6466666666666665,30.0,-0.5433333333333294,30.0,-3.6200000000000045,30.0,15.233333333333345,30.0,0.1466666666666665
1957,3,82.3,14.2,20.0,3.2,9.9,1957-03-01,31,99.2,-16.900000000000006,CRU-CY4.10,CRU-CY:Israel,gridded estimate; station support unavailable,30.0,38.13,30.0,-0.9633333333333329,30.0,-0.6166666666666671,30.0,-1.0333333333333314,30.0,39.16333333333332,30.0,3.536666666666666
1957,4,21.4,17.0,23.5,4.2,3.5,1957-04-01,30,126.0,-104.6,CRU-CY4.10,CRU-CY:Israel,gridded estimate; station support unavailable,30.0,5.379999999999999,30.0,-1.3933333333333309,30.0,-1.149999999999995,30.0,-8.400000000000006,30.0,13.780000000000015,30.0,1.0066666666666668
1957,5,16.4,19.5,26.0,5.2,2.7,1957-05-01,31,161.20000000000002,-144.8,CRU-CY4.10,CRU-CY:Israel,gridded estimate; station support unavailable,30.0,11.816666666666666,30.0,-2.0566666666666684,30.0,-1.980000000000004,30.0,-6.509999999999991,30.0,18.326666666666654,30.0,1.5999999999999999
1957,6,0.1,23.1,29.7,6.3,0.1,1957-06-01,30,189.0,-188.9,CRU-CY4.10,CRU-CY:Israel,gridded estimate; station support unavailable,30.0,-0.006666666666666682,30.0,-1.2133333333333312,30.0,-0.8500000000000014,30.0,-4.900000000000006,30.0,4.893333333333345,30.0,0.049999999999999996
1957,7,0.0,25.1,31.5,6.4,0.0,1957-07-01,31,198.4,-198.4,CRU-CY4.10,CRU-CY:Israel,gridded estimate; station support unavailable,30.0,0.0,30.0,-1.1999999999999993,30.0,-0.6533333333333289,30.0,-3.616666666666731,30.0,3.616666666666731,30.0,0.0
1957,8,0.0,26.4,32.6,6.1,0.0,1957-08-01,31,189.1,-189.1,CRU-CY4.10,CRU-CY:Israel,gridded estimate; station support unavailable,30.0,0.0,30.0,-0.313333333333329,30.0,0.19000000000000483,30.0,2.686666666666639,30.0,-2.686666666666639,30.0,0.0
1957,9,0.0,24.2,30.4,4.9,0.1,1957-09-01,30,147.0,-147.0,CRU-CY4.10,CRU-CY:Israel,gridded estimate; station support unavailable,30.0,-0.4133333333333333,30.0,-0.8966666666666612,30.0,-0.47666666666666657,30.0,-0.4000000000000057,30.0,-0.013333333333349628,30.0,0.006666666666666668
1957,10,10.6,22.7,29.1,3.8,2.2,1957-10-01,31,117.8,-107.2,CRU-CY4.10,CRU-CY:Israel,gridded estimate; station support unavailable,30.0,-5.359999999999999,30.0,0.27666666666667084,30.0,0.8300000000000018,30.0,5.476666666666674,30.0,-10.836666666666645,30.0,-0.37999999999999945
1957,11,54.5,17.5,23.5,2.6,6.4,1957-11-01,30,78.0,-23.5,CRU-CY4.10,CRU-CY:Israel,gridded estimate; station support unavailable,30.0,3.173333333333332,30.0,-0.21666666666666146,30.0,0.16000000000000725,30.0,3.200000000000003,30.0,-0.026666666666674388,30.0,1.4666666666666677
1957,12,120.4,13.3,18.4,1.9,9.8,1957-12-01,31,58.9,61.50000000000001,CRU-CY4.10,CRU-CY:Israel,gridded estimate; station support unavailable,30.0,28.91333333333334,30.0,-0.4999999999999982,30.0,-0.23666666666666814,30.0,1.240000000000002,30.0,27.67333333333334,30.0,0.8500000000000014
1958,1,153.2,12.4,17.2,1.9,12.5,1958-01-01,31,58.9,94.29999999999998,CRU-CY4.10,CRU-CY:Israel,gridded estimate; station support unavailable,30.0,44.676666666666634,30.0,0.16666666666666963,30.0,0.413333333333334,30.0,2.066666666666663,30.0,42.61,30.0,1.5233333333333317
1958,2,12.2,13.0,18.3,2.5,5.0,1958-02-01,28,70.0,-57.8,CRU-CY4.10,CRU-CY:Israel,gridded estimate; station support unavailable,30.0,-68.38666666666667,30.0,0.1533333333333342,30.0,0.45666666666667055,30.0,1.980000000000004,30.0,-70.36666666666666,30.0,-5.3533333333333335
1958,3,7.0,15.8,21.2,3.4,2.7,1958-03-01,31,105.39999999999999,-98.39999999999999,CRU-CY4.10,CRU-CY:Israel,gridded estimate; station support unavailable,30.0,-37.169999999999995,30.0,0.6366666666666685,30.0,0.5833333333333321,30.0,5.166666666666657,30.0,-42.336666666666666,30.0,-3.663333333333334
1958,4,8.2,19.1,25.9,4.8,1.7,1958-04-01,30,144.0,-135.8,CRU-CY4.10,CRU-CY:Israel,gridded estimate; station support unavailable,30.0,-7.82,30.0,0.7066666666666706,30.0,1.2500000000000036,30.0,9.599999999999994,30.0,-17.42,30.0,-0.7933333333333332
1958,5,3.2,20.2,27.3,5.4,0.7,1958-05-01,31,167.4,-164.20000000000002,CRU-CY4.10,CRU-CY:Israel,gridded estimate; station support unavailable,30.0,-1.3833333333333329,30.0,-1.3566666666666691,30.0,-0.6800000000000033,30.0,-0.3100000000000023,30.0,-1.073333333333352,30.0,-0.40000000000000036
1958,6,0.0,23.0,29.6,6.3,0.0,1958-06-01,30,189.0,-189.0,CRU-CY4.10,CRU-CY:Israel,gridded estimate; station support unavailable,30.0,-0.10666666666666669,30.0,-1.3133333333333326,30.0,-0.9499999999999993,30.0,-4.900000000000006,30.0,4.793333333333351,30.0,-0.05000000000000001
1958,7,0.0,24.7,31.2,6.4,0.0,1958-07-01,31,198.4,-198.4,CRU-CY4.10,CRU-CY:Israel,gridded estimate; station support unavailable,30.0,0.0,30.0,-1.6000000000000014,30.0,-0.9533333333333296,30.0,-3.616666666666731,30.0,3.616666666666731,30.0,0.0
1958,8,0.0,26.2,32.9,6.2,0.0,1958-08-01,31,192.20000000000002,-192.20000000000002,CRU-CY4.10,CRU-CY:Israel,gridded estimate; station support unavailable,30.0,0.0,30.0,-0.5133333333333283,30.0,0.490000000000002,30.0,5.786666666666662,30.0,-5.786666666666662,30.0,0.0
1958,9,0.3,23.3,29.4,4.7,0.4,1958-09-01,30,141.0,-140.7,CRU-CY4.10,CRU-CY:Israel,gridded estimate; station support unavailable,30.0,-0.11333333333333329,30.0,-1.7966666666666598,30.0,-1.4766666666666666,30.0,-6.400000000000006,30.0,6.286666666666662,30.0,0.3066666666666667
1958,10,7.0,20.5,26.9,3.5,1.9,1958-10-01,31,108.5,-101.5,CRU-CY4.10,CRU-CY:Israel,gridded estimate; station support unavailable,30.0,-8.959999999999999,30.0,-1.9233333333333285,30.0,-1.370000000000001,30.0,-3.8233333333333235,30.0,-5.136666666666642,30.0,-0.6799999999999997
1958,11,6.0,17.3,23.7,2.6,1.6,1958-11-01,30,78.0,-72.0,CRU-CY4.10,CRU-CY:Israel,gridded estimate; station support unavailable,30.0,-45.32666666666667,30.0,-0.41666666666666075,30.0,0.36000000000000654,30.0,3.200000000000003,30.0,-48.52666666666667,30.0,-3.3333333333333326
1958,12,26.1,14.9,19.8,2.0,4.8,1958-12-01,31,62.0,-35.9,CRU-CY4.10,CRU-CY:Israel,gridded estimate; station support unavailable,30.0,-65.38666666666666,30.0,1.1000000000000014,30.0,1.163333333333334,30.0,4.340000000000003,30.0,-69.72666666666666,30.0,-4.1499999999999995
1959,1,91.1,12.7,18.0,1.9,8.7,1959-01-01,31,58.9,32.199999999999996,CRU-CY4.10,CRU-CY:Israel,gridded estimate; station support unavailable,30.0,-17.42333333333336,30.0,0.46666666666666856,30.0,1.2133333333333347,30.0,2.066666666666663,30.0,-19.489999999999988,30.0,-2.276666666666669
1959,2,134.9,8.5,13.7,1.9,13.4,1959-02-01,28,53.199999999999996,81.70000000000002,CRU-CY4.10,CRU-CY:Israel,gridded estimate; station support unavailable,30.0,54.31333333333333,30.0,-4.346666666666666,30.0,-4.143333333333331,30.0,-14.82,30.0,69.13333333333335,30.0,3.046666666666667
1959,3,43.3,12.9,18.9,3.0,6.8,1959-03-01,31,93.0,-49.7,CRU-CY4.10,CRU-CY:Israel,gridded estimate; station support unavailable,30.0,-0.8699999999999974,30.0,-2.263333333333332,30.0,-1.7166666666666686,30.0,-7.233333333333334,30.0,6.363333333333323,30.0,0.43666666666666565
1959,4,6.3,18.0,24.8,4.5,1.8,1959-04-01,30,135.0,-128.7,CRU-CY4.10,CRU-CY:Israel,gridded estimate; station support unavailable,30.0,-9.719999999999999,30.0,-0.39333333333333087,30.0,0.15000000000000568,30.0,0.5999999999999943,30.0,-10.319999999999979,30.0,-0.6933333333333331
1959,5,5.1,21.0,28.0,5.6,1.1,1959-05-01,31,173.6,-168.5,CRU-CY4.10,CRU-CY:Israel,gridded estimate; station support unavailable,30.0,0.5166666666666666,30.0,-0.5566666666666684,30.0,0.01999999999999602,30.0,5.889999999999986,30.0,-5.373333333333335,30.0,-2.220446049250313e-16
1959,6,0.0,23.3,30.2,6.5,0.1,1959-06-01,30,195.0,-195.0,CRU-CY4.10,CRU-CY:Israel,gridded estimate; station support unavailable,30.0,-0.10666666666666669,30.0,-1.0133333333333319,30.0,-0.3500000000000014,30.0,1.0999999999999943,30.0,-1.2066666666666492,30.0,0.049999999999999996
1959,7,0.0,23.9,30.0,6.0,0.0,1959-07-01,31,186.0,-186.0,CRU-CY4.10,CRU-CY:Israel,gridded estimate; station support unavailable,30.0,0.0,30.0,-2.400000000000002,30.0,-2.153333333333329,30.0,-16.016666666666737,30.0,16.016666666666737,30.0,0.0
1959,8,0.0,24.6,31.1,5.8,0.0,1959-08-01,31,179.79999999999998,-179.79999999999998,CRU-CY4.10,CRU-CY:Israel,gridded estimate; station support unavailable,30.0,0.0,30.0,-2.113333333333326,30.0,-1.3099999999999952,30.0,-6.613333333333372,30.0,6.613333333333372,30.0,0.0
1959,9,1.2,22.3,28.5,4.6,0.2,1959-09-01,30,138.0,-136.8,CRU-CY4.10,CRU-CY:Israel,gridded estimate; station support unavailable,30.0,0.7866666666666666,30.0,-2.7966666666666598,30.0,-2.376666666666665,30.0,-9.400000000000006,30.0,10.186666666666639,30.0,0.10666666666666667
1959,10,1.8,19.6,25.9,3.4,1.2,1959-10-01,31,105.39999999999999,-103.6,CRU-CY4.10,CRU-CY:Israel,gridded estimate; station support unavailable,30.0,-14.159999999999998,30.0,-2.823333333333327,30.0,-2.370000000000001,30.0,-6.923333333333332,30.0,-7.236666666666636,30.0,-1.3799999999999997
1959,11,21.2,17.0,23.6,2.6,4.3,1959-11-01,30,78.0,-56.8,CRU-CY4.10,CRU-CY:Israel,gridded estimate; station support unavailable,30.0,-30.12666666666667,30.0,-0.7166666666666615,30.0,0.26000000000000867,30.0,3.200000000000003,30.0,-33.32666666666667,30.0,-0.6333333333333329
1959,12,21.5,14.2,19.3,1.9,6.0,1959-12-01,31,58.9,-37.4,CRU-CY4.10,CRU-CY:Israel,gridded estimate; station support unavailable,30.0,-69.98666666666666,30.0,0.40000000000000036,30.0,0.663333333333334,30.0,1.240000000000002,30.0,-71.22666666666666,30.0,-2.9499999999999993
1960,1,77.8,12.9,17.6,2.0,9.0,1960-01-01,31,62.0,15.799999999999997,CRU-CY4.10,CRU-CY:Israel,gridded estimate; station support unavailable,30.0,-30.723333333333358,30.0,0.6666666666666696,30.0,0.8133333333333361,30.0,5.166666666666664,30.0,-35.889999999999986,30.0,-1.9766666666666683
1960,2,15.6,13.9,19.3,2.6,4.1,1960-02-01,29,75.4,-59.800000000000004,CRU-CY4.10,CRU-CY:Israel,gridded estimate; station support unavailable,30.0,-64.98666666666668,30.0,1.0533333333333346,30.0,1.4566666666666706,30.0,7.38000000000001,30.0,-72.36666666666667,30.0,-6.253333333333334
1960,3,59.8,14.7,20.9,3.4,7.3,1960-03-01,31,105.39999999999999,-45.599999999999994,CRU-CY4.10,CRU-CY:Israel,gridded estimate; station support unavailable,30.0,15.630000000000003,30.0,-0.46333333333333293,30.0,0.28333333333333144,30.0,5.166666666666657,30.0,10.463333333333331,30.0,0.9366666666666656
1960,4,12.7,17.9,24.5,4.4,2.4,1960-04-01,30,132.0,-119.3,CRU-CY4.10,CRU-CY:Israel,gridded estimate; station support unavailable,30.0,-3.3200000000000003,30.0,-0.4933333333333323,30.0,-0.14999999999999503,30.0,-2.4000000000000057,30.0,-0.9199999999999875,30.0,-0.09333333333333327
1960,5,0.8,22.7,29.8,5.9,0.6,1960-05-01,31,182.9,-182.1,CRU-CY4.10,CRU-CY:Israel,gridded estimate; station support unavailable,30.0,-3.783333333333333,30.0,1.1433333333333309,30.0,1.8199999999999967,30.0,15.189999999999998,30.0,-18.97333333333333,30.0,-0.5000000000000003
1960,6,0.0,22.7,29.3,6.3,0.0,1960-06-01,30,189.0,-189.0,CRU-CY4.10,CRU-CY:Israel,gridded estimate; station support unavailable,30.0,-0.10666666666666669,30.0,-1.6133333333333333,30.0,-1.25,30.0,-4.900000000000006,30.0,4.793333333333351,30.0,-0.05000000000000001
1960,7,0.0,25.1,31.6,6.3,0.0,1960-07-01,31,195.29999999999998,-195.29999999999998,CRU-CY4.10,CRU-CY:Israel,gridded estimate; station support unavailable,30.0,0.0,30.0,-1.1999999999999993,30.0,-0.5533333333333275,30.0,-6.716666666666754,30.0,6.716666666666754,30.0,0.0
1960,8,0.0,25.7,31.5,5.8,0.0,1960-08-01,31,179.79999999999998,-179.79999999999998,CRU-CY4.10,CRU-CY:Israel,gridded estimate; station support unavailable,30.0,0.0,30.0,-1.0133333333333283,30.0,-0.9099999999999966,30.0,-6.613333333333372,30.0,6.613333333333372,30.0,0.0
1960,9,0.0,24.1,30.0,4.7,0.0,1960-09-01,30,141.0,-141.0,CRU-CY4.10,CRU-CY:Israel,gridded estimate; station support unavailable,30.0,-0.4133333333333333,30.0,-0.996666666666659,30.0,-0.8766666666666652,30.0,-6.400000000000006,30.0,5.98666666666665,30.0,-0.09333333333333334
1960,10,0.6,23.1,29.4,3.9,0.2,1960-10-01,31,120.89999999999999,-120.3,CRU-CY4.10,CRU-CY:Israel,gridded estimate; station support unavailable,30.0,-15.36,30.0,0.676666666666673,30.0,1.129999999999999,30.0,8.576666666666668,30.0,-23.93666666666664,30.0,-2.3799999999999994
1960,11,69.0,18.5,24.0,2.6,7.3,1960-11-01,30,78.0,-9.0,CRU-CY4.10,CRU-CY:Israel,gridded estimate; station support unavailable,30.0,17.673333333333332,30.0,0.7833333333333385,30.0,0.6600000000000072,30.0,3.200000000000003,30.0,14.473333333333326,30.0,2.366666666666667
1960,12,32.7,16.2,21.1,2.2,5.7,1960-12-01,31,68.2,-35.5,CRU-CY4.10,CRU-CY:Israel,gridded estimate; station support unavailable,30.0,-58.78666666666666,30.0,2.4000000000000004,30.0,2.4633333333333347,30.0,10.540000000000006,30.0,-69.32666666666667,30.0,-3.249999999999999
1961,1,109.0,12.0,16.5,1.9,11.8,1961-01-01,31,58.9,50.1,CRU-CY4.10,CRU-CY:Israel,gridded estimate; station support unavailable,30.0,0.47666666666664526,30.0,-0.23333333333333073,30.0,-0.2866666666666653,30.0,2.066666666666663,30.0,-1.589999999999982,30.0,0.8233333333333324
1961,2,117.8,11.0,15.7,2.1,11.9,1961-02-01,28,58.800000000000004,58.99999999999999,CRU-CY4.10,CRU-CY:Israel,gridded estimate; station support unavailable,30.0,37.213333333333324,30.0,-1.8466666666666658,30.0,-2.143333333333331,30.0,-9.219999999999992,30.0,46.43333333333332,30.0,1.5466666666666669
1961,3,22.3,12.8,18.3,3.0,4.7,1961-03-01,31,93.0,-70.7,CRU-CY4.10,CRU-CY:Israel,gridded estimate; station support unavailable,30.0,-21.869999999999994,30.0,-2.3633333333333315,30.0,-2.3166666666666664,30.0,-7.233333333333334,30.0,-14.636666666666677,30.0,-1.663333333333334
1961,4,20.7,17.8,24.0,4.3,2.5,1961-04-01,30,129.0,-108.3,CRU-CY4.10,CRU-CY:Israel,gridded estimate; station support unavailable,30.0,4.68,30.0,-0.5933333333333302,30.0,-0.649999999999995,30.0,-5.400000000000006,30.0,10.080000000000013,30.0,0.006666666666666821
1961,5,11.8,21.1,27.7,5.4,2.2,1961-05-01,31,167.4,-155.6,CRU-CY4.10,CRU-CY:Israel,gridded estimate; station support unavailable,30.0,7.216666666666668,30.0,-0.456666666666667,30.0,-0.2800000000000047,30.0,-0.3100000000000023,30.0,7.526666666666671,30.0,1.0999999999999999
1961,6,0.0,24.4,30.5,6.5,0.0,1961-06-01,30,195.0,-195.0,CRU-CY4.10,CRU-CY:Israel,gridded estimate; station support unavailable,30.0,-0.10666666666666669,30.0,0.086666666666666,30.0,-0.05000000000000071,30.0,1.0999999999999943,30.0,-1.2066666666666492,30.0,-0.05000000000000001
1961,7,0.0,25.3,31.1,6.3,0.0,1961-07-01,31,195.29999999999998,-195.29999999999998,CRU-CY4.10,CRU-CY:Israel,gridded estimate; station support unavailable,30.0,0.0,30.0,-1.0,30.0,-1.0533333333333275,30.0,-6.716666666666754,30.0,6.716666666666754,30.0,0.0
1961,8,0.0,25.9,31.7,5.8,0.0,1961-08-01,31,179.79999999999998,-179.79999999999998,CRU-CY4.10,CRU-CY:Israel,gridded estimate; station support unavailable,30.0,0.0,30.0,-0.813333333333329,30.0,-0.7099999999999973,30.0,-6.613333333333372,30.0,6.613333333333372,30.0,0.0
1961,9,0.5,22.1,27.7,4.4,0.1,1961-09-01,30,132.0,-131.5,CRU-CY4.10,CRU-CY:Israel,gridded estimate; station support unavailable,30.0,0.08666666666666673,30.0,-2.996666666666659,30.0,-3.176666666666666,30.0,-15.400000000000006,30.0,15.48666666666665,30.0,0.006666666666666668
1961,10,9.5,20.7,26.5,3.4,3.4,1961-10-01,31,105.39999999999999,-95.89999999999999,CRU-CY4.10,CRU-CY:Israel,gridded estimate; station support unavailable,30.0,-6.459999999999999,30.0,-1.7233333333333292,30.0,-1.7699999999999996,30.0,-6.923333333333332,30.0,0.4633333333333667,30.0,0.8200000000000003
1961,11,28.6,16.4,22.0,2.4,5.3,1961-11-01,30,72.0,-43.4,CRU-CY4.10,CRU-CY:Israel,gridded estimate; station support unavailable,30.0,-22.726666666666667,30.0,-1.3166666666666629,30.0,-1.3399999999999928,30.0,-2.799999999999997,30.0,-19.926666666666673,30.0,0.36666666666666714
1961,12,182.8,14.0,18.4,1.8,13.4,1961-12-01,31,55.800000000000004,127.0,CRU-CY4.10,CRU-CY:Israel,gridded estimate; station support unavailable,30.0,91.31333333333335,30.0,0.20000000000000107,30.0,-0.23666666666666814,30.0,-1.8599999999999923,30.0,93.17333333333333,30.0,4.450000000000001
1962,1,85.8,13.0,17.5,2.0,10.6,1962-01-01,31,62.0,23.799999999999997,CRU-CY4.10,CRU-CY:Israel,gridded estimate; station support unavailable,30.0,-22.723333333333358,30.0,0.7666666666666693,30.0,0.7133333333333347,30.0,5.166666666666664,30.0,-27.889999999999986,30.0,-0.3766666666666687
1962,2,65.1,12.0,16.9,2.3,8.7,1962-02-01,28,64.39999999999999,0.7000000000000028,CRU-CY4.10,CRU-CY:Israel,gridded estimate; station support unavailable,30.0,-15.486666666666679,30.0,-0.8466666666666658,30.0,-0.9433333333333316,30.0,-3.6200000000000045,30.0,-11.866666666666664,30.0,-1.6533333333333342
1962,3,4.7,16.8,22.5,3.6,2.1,1962-03-01,31,111.60000000000001,-106.9,CRU-CY4.10,CRU-CY:Israel,gridded estimate; station support unavailable,30.0,-39.46999999999999,30.0,1.6366666666666685,30.0,1.8833333333333329,30.0,11.366666666666674,30.0,-50.83666666666668,30.0,-4.263333333333334
1962,4,19.3,16.8,23.1,4.2,2.8,1962-04-01,30,126.0,-106.7,CRU-CY4.10,CRU-CY:Israel,gridded estimate; station support unavailable,30.0,3.280000000000001,30.0,-1.5933333333333302,30.0,-1.5499999999999936,30.0,-8.400000000000006,30.0,11.680000000000007,30.0,0.30666666666666664
1962,5,5.3,21.0,27.6,5.5,1.1,1962-05-01,31,170.5,-165.2,CRU-CY4.10,CRU-CY:Israel,gridded estimate; station support unavailable,30.0,0.7166666666666668,30.0,-0.5566666666666684,30.0,-0.38000000000000256,30.0,2.789999999999992,30.0,-2.0733333333333235,30.0,-2.220446049250313e-16
1962,6,0.0,24.5,31.0,6.7,0.0,1962-06-01,30,201.0,-201.0,CRU-CY4.10,CRU-CY:Israel,gridded estimate; station support unavailable,30.0,-0.10666666666666669,30.0,0.18666666666666742,30.0,0.4499999999999993,30.0,7.099999999999994,30.0,-7.206666666666649,30.0,-0.05000000000000001
1962,7,0.0,25.3,31.4,6.4,0.0,1962-07-01,31,198.4,-198.4,CRU-CY4.10,CRU-CY:Israel,gridded estimate; station support unavailable,30.0,0.0,30.0,-1.0,30.0,-0.7533333333333303,30.0,-3.616666666666731,30.0,3.616666666666731,30.0,0.0
1962,8,0.0,26.9,32.9,6.1,0.0,1962-08-01,31,189.1,-189.1,CRU-CY4.10,CRU-CY:Israel,gridded estimate; station support unavailable,30.0,0.0,30.0,0.18666666666667098,30.0,0.490000000000002,30.0,2.686666666666639,30.0,-2.686666666666639,30.0,0.0
1962,9,0.0,24.8,30.9,5.0,0.0,1962-09-01,30,150.0,-150.0,CRU-CY4.10,CRU-CY:Israel,gridded estimate; station support unavailable,30.0,-0.4133333333333333,30.0,-0.29666666666665975,30.0,0.023333333333333428,30.0,2.5999999999999943,30.0,-3.0133333333333496,30.0,-0.09333333333333334
1962,10,13.4,22.3,28.4,3.7,2.1,1962-10-01,31,114.7,-101.3,CRU-CY4.10,CRU-CY:Israel,gridded estimate; station support unavailable,30.0,-2.5599999999999987,30.0,-0.12333333333332774,30.0,0.129999999999999,30.0,2.3766666666666794,30.0,-4.936666666666639,30.0,-0.47999999999999954
1962,11,3.4,20.1,26.3,2.9,0.7,1962-11-01,30,87.0,-83.6,CRU-CY4.10,CRU-CY:Israel,gridded estimate; station support unavailable,30.0,-47.92666666666667,30.0,2.38333333333334,30.0,2.960000000000008,30.0,12.200000000000003,30.0,-60.126666666666665,30.0,-4.2333333333333325
1962,12,81.4,14.7,19.3,1.9,8.3,1962-12-01,31,58.9,22.500000000000007,CRU-CY4.10,CRU-CY:Israel,gridded estimate; station support unavailable,30.0,-10.086666666666659,30.0,0.9000000000000004,30.0,0.663333333333334,30.0,1.240000000000002,30.0,-11.32666666666666,30.0,-0.6499999999999986
1963,1,57.1,14.3,18.7,2.1,7.8,1963-01-01,31,65.10000000000001,-8.000000000000007,CRU-CY4.10,CRU-CY:Israel,gridded estimate; station support unavailable,30.0,-51.42333333333335,30.0,2.06666666666667,30.0,1.913333333333334,30.0,8.266666666666673,30.0,-59.68999999999999,30.0,-3.1766666666666685
1963,2,74.8,14.5,19.4,2.6,10.4,1963-02-01,28,72.8,2.0,CRU-CY4.10,CRU-CY:Israel,gridded estimate; station support unavailable,30.0,-5.786666666666676,30.0,1.6533333333333342,30.0,1.5566666666666684,30.0,4.780000000000001,30.0,-10.566666666666666,30.0,0.046666666666666856
1963,3,31.3,13.3,18.7,3.1,6.8,1963-03-01,31,96.10000000000001,-64.80000000000001,CRU-CY4.10,CRU-CY:Israel,gridded estimate; station support unavailable,30.0,-12.869999999999994,30.0,-1.8633333333333315,30.0,-1.9166666666666679,30.0,-4.133333333333326,30.0,-8.736666666666686,30.0,0.43666666666666565
1963,4,20.1,18.0,24.0,4.3,3.9,1963-04-01,30,129.0,-108.9,CRU-CY4.10,CRU-CY:Israel,gridded estimate; station support unavailable,30.0,4.080000000000002,30.0,-0.39333333333333087,30.0,-0.649999999999995,30.0,-5.400000000000006,30.0,9.480000000000004,30.0,1.4066666666666667
1963,5,13.8,19.3,25.5,5.0,2.3,1963-05-01,31,155.0,-141.2,CRU-CY4.10,CRU-CY:Israel,gridded estimate; station support unavailable,30.0,9.216666666666669,30.0,-2.2566666666666677,30.0,-2.480000000000004,30.0,-12.710000000000008,30.0,21.926666666666677,30.0,1.1999999999999995
1963,6,0.1,23.7,30.0,6.4,0.2,1963-06-01,30,192.0,-191.9,CRU-CY4.10,CRU-CY:Israel,gridded estimate; station support unavailable,30.0,-0.006666666666666682,30.0,-0.6133333333333333,30.0,-0.5500000000000007,30.0,-1.9000000000000057,30.0,1.893333333333345,30.0,0.15
1963,7,0.0,25.4,31.4,6.4,0.0,1963-07-01,31,198.4,-198.4,CRU-CY4.10,CRU-CY:Israel,gridded estimate; station support unavailable,30.0,0.0,30.0,-0.9000000000000021,30.0,-0.7533333333333303,30.0,-3.616666666666731,30.0,3.616666666666731,30.0,0.0
1963,8,0.0,26.4,32.5,6.0,0.0,1963-08-01,31,186.0,-186.0,CRU-CY4.10,CRU-CY:Israel,gridded estimate; station support unavailable,30.0,0.0,30.0,-0.313333333333329,30.0,0.09000000000000341,30.0,-0.4133333333333553,30.0,0.4133333333333553,30.0,0.0
1963,9,0.1,24.9,30.8,4.9,0.0,1963-09-01,30,147.0,-146.9,CRU-CY4.10,CRU-CY:Israel,gridded estimate; station support unavailable,30.0,-0.31333333333333324,30.0,-0.19666666666666188,30.0,-0.07666666666666444,30.0,-0.4000000000000057,30.0,0.08666666666664469,30.0,-0.09333333333333334
1963,10,34.1,22.7,28.7,3.7,4.1,1963-10-01,31,114.7,-80.6,CRU-CY4.10,CRU-CY:Israel,gridded estimate; station support unavailable,30.0,18.14,30.0,0.27666666666667084,30.0,0.4299999999999997,30.0,2.3766666666666794,30.0,15.763333333333364,30.0,1.52
1963,11,41.4,17.9,24.0,2.7,5.6,1963-11-01,30,81.0,-39.6,CRU-CY4.10,CRU-CY:Israel,gridded estimate; station support unavailable,30.0,-9.92666666666667,30.0,0.18333333333333712,30.0,0.6600000000000072,30.0,6.200000000000003,30.0,-16.126666666666676,30.0,0.666666666666667
1963,12,153.6,13.0,17.8,1.8,13.0,1963-12-01,31,55.800000000000004,97.79999999999998,CRU-CY4.10,CRU-CY:Israel,gridded estimate; station support unavailable,30.0,62.11333333333333,30.0,-0.7999999999999989,30.0,-0.836666666666666,30.0,-1.8599999999999923,30.0,63.973333333333315,30.0,4.050000000000001
1964,1,88.9,9.3,14.8,1.8,11.0,1964-01-01,31,55.800000000000004,33.1,CRU-CY4.10,CRU-CY:Israel,gridded estimate; station support unavailable,30.0,-19.62333333333335,30.0,-2.93333333333333,30.0,-1.9866666666666646,30.0,-1.0333333333333314,30.0,-18.589999999999982,30.0,0.02333333333333165
1964,2,135.8,11.8,16.4,2.2,13.3,1964-02-01,29,63.800000000000004,72.0,CRU-CY4.10,CRU-CY:Israel,gridded estimate; station support unavailable,30.0,55.21333333333334,30.0,-1.046666666666665,30.0,-1.4433333333333316,30.0,-4.219999999999992,30.0,59.43333333333334,30.0,2.946666666666667
1964,3,55.3,15.3,20.6,3.3,7.0,1964-03-01,31,102.3,-47.0,CRU-CY4.10,CRU-CY:Israel,gridded estimate; station support unavailable,30.0,11.130000000000003,30.0,0.1366666666666685,30.0,-0.01666666666666572,30.0,2.066666666666663,30.0,9.063333333333325,30.0,0.6366666666666658
1964,4,12.2,16.5,23.0,4.2,3.2,1964-04-01,30,126.0,-113.8,CRU-CY4.10,CRU-CY:Israel,gridded estimate; station support unavailable,30.0,-3.8200000000000003,30.0,-1.8933333333333309,30.0,-1.649999999999995,30.0,-8.400000000000006,30.0,4.5800000000000125,30.0,0.706666666666667
1964,5,3.2,18.8,25.7,5.1,1.0,1964-05-01,31,158.1,-154.9,CRU-CY4.10,CRU-CY:Israel,gridded estimate; station support unavailable,30.0,-1.3833333333333329,30.0,-2.7566666666666677,30.0,-2.2800000000000047,30.0,-9.610000000000014,30.0,8.22666666666666,30.0,-0.10000000000000031
1964,6,0.0,23.0,29.5,6.1,0.0,1964-06-01,30,183.0,-183.0,CRU-CY4.10,CRU-CY:Israel,gridded estimate; station support unavailable,30.0,-0.10666666666666669,30.0,-1.3133333333333326,30.0,-1.0500000000000007,30.0,-10.900000000000006,30.0,10.79333333333335,30.0,-0.05000000000000001
1964,7,0.0,24.5,30.8,6.2,0.0,1964-07-01,31,192.20000000000002,-192.20000000000002,CRU-CY4.10,CRU-CY:Israel,gridded estimate; station support unavailable,30.0,0.0,30.0,-1.8000000000000007,30.0,-1.3533333333333282,30.0,-9.81666666666672,30.0,9.81666666666672,30.0,0.0
1964,8,0.0,24.7,30.8,5.7,0.0,1964-08-01,31,176.70000000000002,-176.70000000000002,CRU-CY4.10,CRU-CY:Israel,gridded estimate; station support unavailable,30.0,0.0,30.0,-2.0133333333333283,30.0,-1.6099999999999959,30.0,-9.713333333333338,30.0,9.713333333333338,30.0,0.0
1964,9,0.0,22.9,29.3,4.7,0.0,1964-09-01,30,141.0,-141.0,CRU-CY4.10,CRU-CY:Israel,gridded estimate; station support unavailable,30.0,-0.4133333333333333,30.0,-2.196666666666662,30.0,-1.5766666666666644,30.0,-6.400000000000006,30.0,5.98666666666665,30.0,-0.09333333333333334
1964,10,1.2,21.4,28.3,3.8,0.4,1964-10-01,31,117.8,-116.6,CRU-CY4.10,CRU-CY:Israel,gridded estimate; station support unavailable,30.0,-14.76,30.0,-1.0233333333333299,30.0,0.030000000000001137,30.0,5.476666666666674,30.0,-20.236666666666636,30.0,-2.1799999999999997
1964,11,135.2,17.2,23.2,2.5,8.5,1964-11-01,30,75.0,60.19999999999999,CRU-CY4.10,CRU-CY:Israel,gridded estimate; station support unavailable,30.0,83.87333333333332,30.0,-0.5166666666666622,30.0,-0.13999999999999346,30.0,0.20000000000000284,30.0,83.67333333333332,30.0,3.5666666666666673
1964,12,100.0,13.4,18.3,1.9,10.6,1964-12-01,31,58.9,41.1,CRU-CY4.10,CRU-CY:Israel,gridded estimate; station support unavailable,30.0,8.513333333333335,30.0,-0.3999999999999986,30.0,-0.336666666666666,30.0,1.240000000000002,30.0,7.273333333333333,30.0,1.6500000000000004
1965,1,204.8,11.6,15.9,1.8,16.3,1965-01-01,31,55.800000000000004,149.0,CRU-CY4.10,CRU-CY:Israel,gridded estimate; station support unavailable,30.0,96.27666666666666,30.0,-0.6333333333333311,30.0,-0.8866666666666649,30.0,-1.0333333333333314,30.0,97.31000000000002,30.0,5.323333333333332
1965,2,52.3,12.7,17.8,2.4,7.9,1965-02-01,28,67.2,-14.900000000000006,CRU-CY4.10,CRU-CY:Israel,gridded estimate; station support unavailable,30.0,-28.286666666666676,30.0,-0.1466666666666665,30.0,-0.04333333333332945,30.0,-0.8199999999999932,30.0,-27.466666666666672,30.0,-2.453333333333333
1965,3,37.4,15.5,21.4,3.5,7.4,1965-03-01,31,108.5,-71.1,CRU-CY4.10,CRU-CY:Israel,gridded estimate; station support unavailable,30.0,-6.769999999999996,30.0,0.3366666666666678,30.0,0.7833333333333314,30.0,8.266666666666666,30.0,-15.036666666666669,30.0,1.0366666666666662
1965,4,35.0,16.4,22.5,4.1,4.4,1965-04-01,30,122.99999999999999,-87.99999999999999,CRU-CY4.10,CRU-CY:Israel,gridded estimate; station support unavailable,30.0,18.98,30.0,-1.9933333333333323,30.0,-2.149999999999995,30.0,-11.40000000000002,30.0,30.380000000000024,30.0,1.9066666666666672
1965,5,0.2,19.9,26.6,5.3,0.2,1965-05-01,31,164.29999999999998,-164.1,CRU-CY4.10,CRU-CY:Israel,gridded estimate; station support unavailable,30.0,-4.383333333333333,30.0,-1.6566666666666698,30.0,-1.3800000000000026,30.0,-3.410000000000025,30.0,-0.9733333333333292,30.0,-0.9000000000000004
1965,6,0.0,24.9,31.4,6.7,0.1,1965-06-01,30,201.0,-201.0,CRU-CY4.10,CRU-CY:Israel,gridded estimate; station support unavailable,30.0,-0.10666666666666669,30.0,0.586666666666666,30.0,0.8499999999999979,30.0,7.099999999999994,30.0,-7.206666666666649,30.0,0.049999999999999996
1965,7,0.0,25.2,31.4,6.4,0.0,1965-07-01,31,198.4,-198.4,CRU-CY4.10,CRU-CY:Israel,gridded estimate; station support unavailable,30.0,0.0,30.0,-1.1000000000000014,30.0,-0.7533333333333303,30.0,-3.616666666666731,30.0,3.616666666666731,30.0,0.0
1965,8,0.0,26.1,32.1,6.0,0.0,1965-08-01,31,186.0,-186.0,CRU-CY4.10,CRU-CY:Israel,gridded estimate; station support unavailable,30.0,0.0,30.0,-0.6133333333333262,30.0,-0.30999999999999517,30.0,-0.4133333333333553,30.0,0.4133333333333553,30.0,0.0
1965,9,0.5,24.2,30.7,5.0,0.0,1965-09-01,30,150.0,-149.5,CRU-CY4.10,CRU-CY:Israel,gridded estimate; station support unavailable,30.0,0.08666666666666673,30.0,-0.8966666666666612,30.0,-0.17666666666666586,30.0,2.5999999999999943,30.0,-2.5133333333333496,30.0,-0.09333333333333334
1965,10,46.2,19.5,25.3,3.3,4.7,1965-10-01,31,102.3,-56.099999999999994,CRU-CY4.10,CRU-CY:Israel,gridded estimate; station support unavailable,30.0,30.240000000000002,30.0,-2.9233333333333285,30.0,-2.969999999999999,30.0,-10.023333333333326,30.0,40.263333333333364,30.0,2.1200000000000006
1965,11,28.9,16.8,22.8,2.5,4.5,1965-11-01,30,75.0,-46.1,CRU-CY4.10,CRU-CY:Israel,gridded estimate; station support unavailable,30.0,-22.42666666666667,30.0,-0.9166666666666607,30.0,-0.539999999999992,30.0,0.20000000000000284,30.0,-22.626666666666676,30.0,-0.4333333333333327
1965,12,57.4,14.0,19.1,1.9,7.2,1965-12-01,31,58.9,-1.5,CRU-CY4.10,CRU-CY:Israel,gridded estimate; station support unavailable,30.0,-34.086666666666666,30.0,0.20000000000000107,30.0,0.4633333333333347,30.0,1.240000000000002,30.0,-35.32666666666667,30.0,-1.7499999999999991
1966,1,65.6,13.2,18.0,1.9,10.3,1966-01-01,31,58.9,6.699999999999996,CRU-CY4.10,CRU-CY:Israel,gridded estimate; station support unavailable,30.0,-42.92333333333336,30.0,0.9666666666666686,30.0,1.2133333333333347,30.0,2.066666666666663,30.0,-44.98999999999999,30.0,-0.6766666666666676
1966,2,61.3,13.4,19.0,2.4,9.6,1966-02-01,28,67.2,-5.900000000000006,CRU-CY4.10,CRU-CY:Israel,gridded estimate; station support unavailable,30.0,-19.286666666666676,30.0,0.5533333333333346,30.0,1.1566666666666698,30.0,-0.8199999999999932,30.0,-18.466666666666672,30.0,-0.7533333333333339
1966,3,72.1,14.4,20.5,3.3,9.1,1966-03-01,31,102.3,-30.200000000000003,CRU-CY4.10,CRU-CY:Israel,gridded estimate; station support unavailable,30.0,27.93,30.0,-0.7633333333333319,30.0,-0.11666666666666714,30.0,2.066666666666663,30.0,25.863333333333323,30.0,2.7366666666666655
1966,4,1.1,18.5,25.4,4.6,0.4,1966-04-01,30,138.0,-136.9,CRU-CY4.10,CRU-CY:Israel,gridded estimate; station support unavailable,30.0,-14.92,30.0,0.10666666666666913,30.0,0.7500000000000036,30.0,3.5999999999999943,30.0,-18.519999999999996,30.0,-2.0933333333333333
1966,5,0.8,20.4,27.4,5.6,0.5,1966-05-01,31,173.6,-172.79999999999998,CRU-CY4.10,CRU-CY:Israel,gridded estimate; station support unavailable,30.0,-3.783333333333333,30.0,-1.1566666666666698,30.0,-0.5800000000000054,30.0,5.889999999999986,30.0,-9.673333333333318,30.0,-0.6000000000000003
1966,6,0.0,24.2,31.1,6.7,0.0,1966-06-01,30,201.0,-201.0,CRU-CY4.10,CRU-CY:Israel,gridded estimate; station support unavailable,30.0,-0.10666666666666669,30.0,-0.11333333333333329,30.0,0.5500000000000007,30.0,7.099999999999994,30.0,-7.206666666666649,30.0,-0.05000000000000001
1966,7,0.0,25.3,31.7,6.4,0.0,1966-07-01,31,198.4,-198.4,CRU-CY4.10,CRU-CY:Israel,gridded estimate; station support unavailable,30.0,0.0,30.0,-1.0,30.0,-0.4533333333333296,30.0,-3.616666666666731,30.0,3.616666666666731,30.0,0.0
1966,8,0.0,25.9,32.0,5.9,0.0,1966-08-01,31,182.9,-182.9,CRU-CY4.10,CRU-CY:Israel,gridded estimate; station support unavailable,30.0,0.0,30.0,-0.813333333333329,30.0,-0.4099999999999966,30.0,-3.5133333333333496,30.0,3.5133333333333496,30.0,0.0
1966,9,0.3,23.6,29.7,4.7,0.1,1966-09-01,30,141.0,-140.7,CRU-CY4.10,CRU-CY:Israel,gridded estimate; station support unavailable,30.0,-0.11333333333333329,30.0,-1.496666666666659,30.0,-1.1766666666666659,30.0,-6.400000000000006,30.0,6.286666666666662,30.0,0.006666666666666668
1966,10,29.9,21.7,28.3,3.7,4.5,1966-10-01,31,114.7,-84.80000000000001,CRU-CY4.10,CRU-CY:Israel,gridded estimate; station support unavailable,30.0,13.94,30.0,-0.7233333333333292,30.0,0.030000000000001137,30.0,2.3766666666666794,30.0,11.563333333333347,30.0,1.9200000000000004
1966,11,28.9,20.2,26.3,2.8,5.3,1966-11-01,30,84.0,-55.1,CRU-CY4.10,CRU-CY:Israel,gridded estimate; station support unavailable,30.0,-22.42666666666667,30.0,2.483333333333338,30.0,2.960000000000008,30.0,9.200000000000003,30.0,-31.626666666666676,30.0,0.36666666666666714
1966,12,193.3,14.4,19.3,1.9,12.2,1966-12-01,31,58.9,134.4,CRU-CY4.10,CRU-CY:Israel,gridded estimate; station support unavailable,30.0,101.81333333333335,30.0,0.6000000000000014,30.0,0.663333333333334,30.0,1.240000000000002,30.0,100.57333333333334,30.0,3.25
1967,1,148.4,11.0,15.9,1.7,12.4,1967-01-01,31,52.699999999999996,95.70000000000002,CRU-CY4.10,CRU-CY:Israel,gridded estimate; station support unavailable,30.0,39.87666666666665,30.0,-1.2333333333333307,30.0,-0.8866666666666649,30.0,-4.13333333333334,30.0,44.01000000000003,30.0,1.423333333333332
1967,2,67.6,10.6,15.6,2.3,9.8,1967-02-01,28,64.39999999999999,3.200000000000003,CRU-CY4.10,CRU-CY:Israel,gridded estimate; station support unavailable,30.0,-12.986666666666679,30.0,-2.246666666666666,30.0,-2.2433333333333305,30.0,-3.6200000000000045,30.0,-9.366666666666664,30.0,-0.5533333333333328
1967,3,108.2,11.8,17.0,2.7,10.7,1967-03-01,31,83.7,24.5,CRU-CY4.10,CRU-CY:Israel,gridded estimate; station support unavailable,30.0,64.03,30.0,-3.3633333333333315,30.0,-3.616666666666667,30.0,-16.53333333333333,30.0,80.56333333333333,30.0,4.336666666666665
1967,4,4.8,16.5,23.0,4.2,1.5,1967-04-01,30,126.0,-121.2,CRU-CY4.10,CRU-CY:Israel,gridded estimate; station support unavailable,30.0,-11.219999999999999,30.0,-1.8933333333333309,30.0,-1.649999999999995,30.0,-8.400000000000006,30.0,-2.819999999999993,30.0,-0.9933333333333332
1967,5,15.3,19.3,25.5,4.9,2.4,1967-05-01,31,151.9,-136.6,CRU-CY4.10,CRU-CY:Israel,gridded estimate; station support unavailable,30.0,10.716666666666669,30.0,-2.2566666666666677,30.0,-2.480000000000004,30.0,-15.810000000000002,30.0,26.52666666666667,30.0,1.2999999999999996
1967,6,0.0,22.4,29.0,6.2,0.0,1967-06-01,30,186.0,-186.0,CRU-CY4.10,CRU-CY:Israel,gridded estimate; station support unavailable,30.0,-0.10666666666666669,30.0,-1.913333333333334,30.0,-1.5500000000000007,30.0,-7.900000000000006,30.0,7.793333333333351,30.0,-0.05000000000000001
1967,7,0.0,24.8,30.8,6.2,0.0,1967-07-01,31,192.20000000000002,-192.20000000000002,CRU-CY4.10,CRU-CY:Israel,gridded estimate; station support unavailable,30.0,0.0,30.0,-1.5,30.0,-1.3533333333333282,30.0,-9.81666666666672,30.0,9.81666666666672,30.0,0.0
1967,8,0.0,25.2,31.5,5.8,0.0,1967-08-01,31,179.79999999999998,-179.79999999999998,CRU-CY4.10,CRU-CY:Israel,gridded estimate; station support unavailable,30.0,0.0,30.0,-1.5133333333333283,30.0,-0.9099999999999966,30.0,-6.613333333333372,30.0,6.613333333333372,30.0,0.0
1967,9,0.1,23.2,29.2,4.6,0.2,1967-09-01,30,138.0,-137.9,CRU-CY4.10,CRU-CY:Israel,gridded estimate; station support unavailable,30.0,-0.31333333333333324,30.0,-1.8966666666666612,30.0,-1.6766666666666659,30.0,-9.400000000000006,30.0,9.086666666666645,30.0,0.10666666666666667
1967,10,27.0,20.9,26.9,3.4,3.8,1967-10-01,31,105.39999999999999,-78.39999999999999,CRU-CY4.10,CRU-CY:Israel,gridded estimate; station support unavailable,30.0,11.040000000000001,30.0,-1.5233333333333299,30.0,-1.370000000000001,30.0,-6.923333333333332,30.0,17.963333333333367,30.0,1.2200000000000002
1967,11,86.4,16.2,21.5,2.3,7.5,1967-11-01,30,69.0,17.400000000000006,CRU-CY4.10,CRU-CY:Israel,gridded estimate; station support unavailable,30.0,35.07333333333334,30.0,-1.5166666666666622,30.0,-1.8399999999999928,30.0,-5.799999999999997,30.0,40.873333333333335,30.0,2.5666666666666673
1967,12,75.6,13.8,18.7,1.9,9.1,1967-12-01,31,58.9,16.699999999999996,CRU-CY4.10,CRU-CY:Israel,gridded estimate; station support unavailable,30.0,-15.88666666666667,30.0,1.7763568394002505e-15,30.0,0.06333333333333258,30.0,1.240000000000002,30.0,-17.126666666666672,30.0,0.15000000000000036
1968,1,147.9,11.0,15.6,1.7,13.3,1968-01-01,31,52.699999999999996,95.20000000000002,CRU-CY4.10,CRU-CY:Israel,gridded estimate; station support unavailable,30.0,39.37666666666665,30.0,-1.2333333333333307,30.0,-1.1866666666666656,30.0,-4.13333333333334,30.0,43.51000000000003,30.0,2.3233333333333324
1968,2,38.2,11.7,17.0,2.3,8.2,1968-02-01,29,66.69999999999999,-28.499999999999986,CRU-CY4.10,CRU-CY:Israel,gridded estimate; station support unavailable,30.0,-42.38666666666667,30.0,-1.1466666666666665,30.0,-0.8433333333333302,30.0,-1.3200000000000074,30.0,-41.06666666666665,30.0,-2.153333333333334
1968,3,21.5,13.3,18.9,3.0,5.1,1968-03-01,31,93.0,-71.5,CRU-CY4.10,CRU-CY:Israel,gridded estimate; station support unavailable,30.0,-22.669999999999995,30.0,-1.8633333333333315,30.0,-1.7166666666666686,30.0,-7.233333333333334,30.0,-15.436666666666675,30.0,-1.2633333333333345
1968,4,33.8,18.3,24.7,4.4,4.0,1968-04-01,30,132.0,-98.2,CRU-CY4.10,CRU-CY:Israel,gridded estimate; station support unavailable,30.0,17.779999999999998,30.0,-0.09333333333333016,30.0,0.05000000000000426,30.0,-2.4000000000000057,30.0,20.180000000000007,30.0,1.5066666666666668
1968,5,5.7,21.7,28.2,5.5,1.9,1968-05-01,31,170.5,-164.8,CRU-CY4.10,CRU-CY:Israel,gridded estimate; station support unavailable,30.0,1.1166666666666671,30.0,0.14333333333333087,30.0,0.2199999999999953,30.0,2.789999999999992,30.0,-1.6733333333333462,30.0,0.7999999999999996
1968,6,0.0,24.0,30.3,6.4,0.0,1968-06-01,30,192.0,-192.0,CRU-CY4.10,CRU-CY:Israel,gridded estimate; station support unavailable,30.0,-0.10666666666666669,30.0,-0.3133333333333326,30.0,-0.25,30.0,-1.9000000000000057,30.0,1.7933333333333508,30.0,-0.05000000000000001
1968,7,0.0,26.1,32.3,6.6,0.0,1968-07-01,31,204.6,-204.6,CRU-CY4.10,CRU-CY:Israel,gridded estimate; station support unavailable,30.0,0.0,30.0,-0.1999999999999993,30.0,0.14666666666666828,30.0,2.5833333333332575,30.0,-2.5833333333332575,30.0,0.0
1968,8,0.1,24.9,30.8,5.8,0.0,1968-08-01,31,179.79999999999998,-179.7,CRU-CY4.10,CRU-CY:Israel,gridded estimate; station support unavailable,30.0,0.1,30.0,-1.813333333333329,30.0,-1.6099999999999959,30.0,-6.613333333333372,30.0,6.713333333333367,30.0,0.0
1968,9,0.1,23.3,29.2,4.7,0.1,1968-09-01,30,141.0,-140.9,CRU-CY4.10,CRU-CY:Israel,gridded estimate; station support unavailable,30.0,-0.31333333333333324,30.0,-1.7966666666666598,30.0,-1.6766666666666659,30.0,-6.400000000000006,30.0,6.086666666666645,30.0,0.006666666666666668
1968,10,20.1,20.5,26.4,3.3,3.5,1968-10-01,31,102.3,-82.19999999999999,CRU-CY4.10,CRU-CY:Israel,gridded estimate; station support unavailable,30.0,4.140000000000002,30.0,-1.9233333333333285,30.0,-1.870000000000001,30.0,-10.023333333333326,30.0,14.16333333333337,30.0,0.9200000000000004
1968,11,51.2,17.3,22.8,2.4,7.2,1968-11-01,30,72.0,-20.799999999999997,CRU-CY4.10,CRU-CY:Israel,gridded estimate; station support unavailable,30.0,-0.12666666666666515,30.0,-0.41666666666666075,30.0,-0.539999999999992,30.0,-2.799999999999997,30.0,2.6733333333333285,30.0,2.2666666666666675
1968,12,152.8,14.2,18.6,1.8,11.7,1968-12-01,31,55.800000000000004,97.0,CRU-CY4.10,CRU-CY:Israel,gridded estimate; station support unavailable,30.0,61.31333333333335,30.0,0.40000000000000036,30.0,-0.03666666666666529,30.0,-1.8599999999999923,30.0,63.17333333333333,30.0,2.75
1969,1,184.4,11.4,15.5,1.6,14.2,1969-01-01,31,49.6,134.8,CRU-CY4.10,CRU-CY:Israel,gridded estimate; station support unavailable,30.0,75.87666666666665,30.0,-0.8333333333333304,30.0,-1.2866666666666653,30.0,-7.233333333333334,30.0,83.11000000000003,30.0,3.223333333333331
1969,2,23.1,13.6,18.9,2.6,5.2,1969-02-01,28,72.8,-49.699999999999996,CRU-CY4.10,CRU-CY:Israel,gridded estimate; station support unavailable,30.0,-57.48666666666667,30.0,0.7533333333333339,30.0,1.0566666666666684,30.0,4.780000000000001,30.0,-62.266666666666666,30.0,-5.153333333333333
1969,3,103.8,16.1,21.5,3.4,11.1,1969-03-01,31,105.39999999999999,-1.5999999999999943,CRU-CY4.10,CRU-CY:Israel,gridded estimate; station support unavailable,30.0,59.63,30.0,0.9366666666666692,30.0,0.8833333333333329,30.0,5.166666666666657,30.0,54.46333333333333,30.0,4.7366666666666655
1969,4,15.5,15.9,21.6,3.9,3.4,1969-04-01,30,117.0,-101.5,CRU-CY4.10,CRU-CY:Israel,gridded estimate; station support unavailable,30.0,-0.5199999999999996,30.0,-2.4933333333333305,30.0,-3.0499999999999936,30.0,-17.400000000000006,30.0,16.88000000000001,30.0,0.9066666666666667
1969,5,1.6,21.2,27.5,5.3,1.2,1969-05-01,31,164.29999999999998,-162.7,CRU-CY4.10,CRU-CY:Israel,gridded estimate; station support unavailable,30.0,-2.983333333333333,30.0,-0.35666666666666913,30.0,-0.480000000000004,30.0,-3.410000000000025,30.0,0.4266666666666765,30.0,0.09999999999999964
1969,6,0.0,24.6,31.0,6.5,0.0,1969-06-01,30,195.0,-195.0,CRU-CY4.10,CRU-CY:Israel,gridded estimate; station support unavailable,30.0,-0.10666666666666669,30.0,0.28666666666666885,30.0,0.4499999999999993,30.0,1.0999999999999943,30.0,-1.2066666666666492,30.0,-0.05000000000000001
1969,7,0.0,24.0,29.8,6.1,0.0,1969-07-01,31,189.1,-189.1,CRU-CY4.10,CRU-CY:Israel,gridded estimate; station support unavailable,30.0,0.0,30.0,-2.3000000000000007,30.0,-2.353333333333328,30.0,-12.916666666666742,30.0,12.916666666666742,30.0,0.0
1969,8,0.0,25.3,31.3,5.8,0.0,1969-08-01,31,179.79999999999998,-179.79999999999998,CRU-CY4.10,CRU-CY:Israel,gridded estimate; station support unavailable,30.0,0.0,30.0,-1.413333333333327,30.0,-1.1099999999999959,30.0,-6.613333333333372,30.0,6.613333333333372,30.0,0.0
1969,9,0.3,25.0,30.9,5.0,0.0,1969-09-01,30,150.0,-149.7,CRU-CY4.10,CRU-CY:Israel,gridded estimate; station support unavailable,30.0,-0.11333333333333329,30.0,-0.09666666666666046,30.0,0.023333333333333428,30.0,2.5999999999999943,30.0,-2.7133333333333383,30.0,-0.09333333333333334
1969,10,28.6,21.3,27.0,3.4,4.1,1969-10-01,31,105.39999999999999,-76.79999999999998,CRU-CY4.10,CRU-CY:Israel,gridded estimate; station support unavailable,30.0,12.640000000000002,30.0,-1.1233333333333277,30.0,-1.2699999999999996,30.0,-6.923333333333332,30.0,19.563333333333375,30.0,1.52
1969,11,47.1,17.1,23.0,2.6,6.0,1969-11-01,30,78.0,-30.9,CRU-CY4.10,CRU-CY:Israel,gridded estimate; station support unavailable,30.0,-4.226666666666667,30.0,-0.61666666666666,30.0,-0.33999999999999275,30.0,3.200000000000003,30.0,-7.426666666666673,30.0,1.0666666666666673
1969,12,45.6,14.3,19.3,1.9,6.7,1969-12-01,31,58.9,-13.299999999999997,CRU-CY4.10,CRU-CY:Israel,gridded estimate; station support unavailable,30.0,-45.88666666666666,30.0,0.5000000000000018,30.0,0.663333333333334,30.0,1.240000000000002,30.0,-47.126666666666665,30.0,-2.249999999999999
1970,1,121.2,13.0,17.6,1.9,11.3,1970-01-01,31,58.9,62.300000000000004,CRU-CY4.10,CRU-CY:Israel,gridded estimate; station support unavailable,30.0,12.676666666666648,30.0,0.7666666666666693,30.0,0.8133333333333361,30.0,2.066666666666663,30.0,10.61000000000002,30.0,0.32333333333333236
1970,2,34.9,13.4,18.9,2.4,6.8,1970-02-01,28,67.2,-32.300000000000004,CRU-CY4.10,CRU-CY:Israel,gridded estimate; station support unavailable,30.0,-45.686666666666675,30.0,0.5533333333333346,30.0,1.0566666666666684,30.0,-0.8199999999999932,30.0,-44.866666666666674,30.0,-3.5533333333333337
1970,3,85.6,15.7,21.2,3.3,8.9,1970-03-01,31,102.3,-16.700000000000003,CRU-CY4.10,CRU-CY:Israel,gridded estimate; station support unavailable,30.0,41.43,30.0,0.5366666666666671,30.0,0.5833333333333321,30.0,2.066666666666663,30.0,39.36333333333332,30.0,2.536666666666666
1970,4,22.1,19.0,25.7,4.6,3.1,1970-04-01,30,138.0,-115.9,CRU-CY4.10,CRU-CY:Israel,gridded estimate; station support unavailable,30.0,6.080000000000002,30.0,0.6066666666666691,30.0,1.0500000000000043,30.0,3.5999999999999943,30.0,2.480000000000004,30.0,0.6066666666666669
1970,5,2.5,20.4,27.2,5.4,0.9,1970-05-01,31,167.4,-164.9,CRU-CY4.10,CRU-CY:Israel,gridded estimate; station support unavailable,30.0,-2.083333333333333,30.0,-1.1566666666666698,30.0,-0.7800000000000047,30.0,-0.3100000000000023,30.0,-1.7733333333333405,30.0,-0.2000000000000003
1970,6,0.0,22.8,29.1,6.1,0.0,1970-06-01,30,183.0,-183.0,CRU-CY4.10,CRU-CY:Israel,gridded estimate; station support unavailable,30.0,-0.10666666666666669,30.0,-1.5133333333333319,30.0,-1.4499999999999993,30.0,-10.900000000000006,30.0,10.79333333333335,30.0,-0.05000000000000001
1970,7,0.0,24.5,30.5,6.1,0.0,1970-07-01,31,189.1,-189.1,CRU-CY4.10,CRU-CY:Israel,gridded estimate; station support unavailable,30.0,0.0,30.0,-1.8000000000000007,30.0,-1.6533333333333289,30.0,-12.916666666666742,30.0,12.916666666666742,30.0,0.0
1970,8,0.1,25.0,31.1,5.7,0.0,1970-08-01,31,176.70000000000002,-176.60000000000002,CRU-CY4.10,CRU-CY:Israel,gridded estimate; station support unavailable,30.0,0.1,30.0,-1.7133333333333276,30.0,-1.3099999999999952,30.0,-9.713333333333338,30.0,9.813333333333333,30.0,0.0
1970,9,0.6,23.6,29.6,4.7,0.2,1970-09-01,30,141.0,-140.4,CRU-CY4.10,CRU-CY:Israel,gridded estimate; station support unavailable,30.0,0.1866666666666667,30.0,-1.496666666666659,30.0,-1.2766666666666637,30.0,-6.400000000000006,30.0,6.586666666666645,30.0,0.10666666666666667
1970,10,11.7,19.9,25.8,3.3,2.4,1970-10-01,31,102.3,-90.6,CRU-CY4.10,CRU-CY:Israel,gridded estimate; station support unavailable,30.0,-4.26,30.0,-2.52333333333333,30.0,-2.469999999999999,30.0,-10.023333333333326,30.0,5.763333333333364,30.0,-0.17999999999999972
1970,11,35.9,17.5,22.9,2.4,5.4,1970-11-01,30,72.0,-36.1,CRU-CY4.10,CRU-CY:Israel,gridded estimate; station support unavailable,30.0,-15.42666666666667,30.0,-0.21666666666666146,30.0,-0.4399999999999942,30.0,-2.799999999999997,30.0,-12.626666666666676,30.0,0.4666666666666677
1970,12,83.6,11.6,16.3,1.6,9.4,1970-12-01,31,49.6,33.99999999999999,CRU-CY4.10,CRU-CY:Israel,gridded estimate; station support unavailable,30.0,-7.88666666666667,30.0,-2.1999999999999993,30.0,-2.336666666666666,30.0,-8.059999999999995,30.0,0.1733333333333249,30.0,0.45000000000000107
1971,1,80.7,13.9,19.0,2.1,10.6,1971-01-01,31,65.10000000000001,15.599999999999994,CRU-CY4.10,CRU-CY:Israel,gridded estimate; station support unavailable,30.0,-27.823333333333352,30.0,1.6666666666666696,30.0,2.2133333333333347,30.0,8.266666666666673,30.0,-36.08999999999999,30.0,-0.3766666666666687
1971,2,92.4,12.3,17.2,2.4,10.4,1971-02-01,28,67.2,25.200000000000003,CRU-CY4.10,CRU-CY:Israel,gridded estimate; station support unavailable,30.0,11.813333333333333,30.0,-0.5466666666666651,30.0,-0.6433333333333309,30.0,-0.8199999999999932,30.0,12.633333333333336,30.0,0.046666666666666856
1971,3,38.5,14.8,20.6,3.3,7.3,1971-03-01,31,102.3,-63.8,CRU-CY4.10,CRU-CY:Israel,gridded estimate; station support unavailable,30.0,-5.669999999999995,30.0,-0.3633333333333315,30.0,-0.01666666666666572,30.0,2.066666666666663,30.0,-7.736666666666672,30.0,0.9366666666666656
1971,4,111.5,15.6,21.3,3.8,8.0,1971-04-01,30,114.0,-2.5,CRU-CY4.10,CRU-CY:Israel,gridded estimate; station support unavailable,30.0,95.48,30.0,-2.7933333333333312,30.0,-3.3499999999999943,30.0,-20.400000000000006,30.0,115.88000000000001,30.0,5.506666666666667
1971,5,0.4,21.3,28.0,5.6,0.4,1971-05-01,31,173.6,-173.2,CRU-CY4.10,CRU-CY:Israel,gridded estimate; station support unavailable,30.0,-4.183333333333333,30.0,-0.2566666666666677,30.0,0.01999999999999602,30.0,5.889999999999986,30.0,-10.073333333333323,30.0,-0.7000000000000003
1971,6,0.5,22.8,29.1,6.3,0.1,1971-06-01,30,189.0,-188.5,CRU-CY4.10,CRU-CY:Israel,gridded estimate; station support unavailable,30.0,0.3933333333333333,30.0,-1.5133333333333319,30.0,-1.4499999999999993,30.0,-4.900000000000006,30.0,5.293333333333351,30.0,0.049999999999999996
1971,7,0.0,24.1,30.0,6.1,0.0,1971-07-01,31,189.1,-189.1,CRU-CY4.10,CRU-CY:Israel,gridded estimate; station support unavailable,30.0,0.0,30.0,-2.1999999999999993,30.0,-2.153333333333329,30.0,-12.916666666666742,30.0,12.916666666666742,30.0,0.0
1971,8,0.0,25.0,30.9,5.7,0.0,1971-08-01,31,176.70000000000002,-176.70000000000002,CRU-CY4.10,CRU-CY:Israel,gridded estimate; station support unavailable,30.0,0.0,30.0,-1.7133333333333276,30.0,-1.509999999999998,30.0,-9.713333333333338,30.0,9.713333333333338,30.0,0.0
1971,9,0.0,24.2,30.0,4.8,0.0,1971-09-01,30,144.0,-144.0,CRU-CY4.10,CRU-CY:Israel,gridded estimate; station support unavailable,30.0,-0.4133333333333333,30.0,-0.8966666666666612,30.0,-0.8766666666666652,30.0,-3.4000000000000057,30.0,2.9866666666666504,30.0,-0.09333333333333334
1971,10,5.4,20.0,26.3,3.5,1.5,1971-10-01,31,108.5,-103.1,CRU-CY4.10,CRU-CY:Israel,gridded estimate; station support unavailable,30.0,-10.559999999999999,30.0,-2.4233333333333285,30.0,-1.9699999999999989,30.0,-3.8233333333333235,30.0,-6.736666666666636,30.0,-1.0799999999999996
1971,11,47.3,16.3,22.1,2.4,5.4,1971-11-01,30,72.0,-24.700000000000003,CRU-CY4.10,CRU-CY:Israel,gridded estimate; station support unavailable,30.0,-4.026666666666671,30.0,-1.4166666666666607,30.0,-1.2399999999999913,30.0,-2.799999999999997,30.0,-1.2266666666666772,30.0,0.4666666666666677
1971,12,166.4,11.6,15.7,1.6,14.2,1971-12-01,31,49.6,116.80000000000001,CRU-CY4.10,CRU-CY:Israel,gridded estimate; station support unavailable,30.0,74.91333333333334,30.0,-2.1999999999999993,30.0,-2.9366666666666674,30.0,-8.059999999999995,30.0,82.97333333333334,30.0,5.25
1972,1,67.2,10.9,15.9,1.9,8.3,1972-01-01,31,58.9,8.300000000000004,CRU-CY4.10,CRU-CY:Israel,gridded estimate; station support unavailable,30.0,-41.32333333333335,30.0,-1.3333333333333304,30.0,-0.8866666666666649,30.0,2.066666666666663,30.0,-43.38999999999998,30.0,-2.6766666666666676
1972,2,97.4,10.7,15.9,2.3,11.1,1972-02-01,29,66.69999999999999,30.700000000000017,CRU-CY4.10,CRU-CY:Israel,gridded estimate; station support unavailable,30.0,16.813333333333333,30.0,-2.1466666666666665,30.0,-1.9433333333333298,30.0,-1.3200000000000074,30.0,18.13333333333335,30.0,0.7466666666666661
1972,3,71.1,13.9,19.3,3.1,9.3,1972-03-01,31,96.10000000000001,-25.000000000000014,CRU-CY4.10,CRU-CY:Israel,gridded estimate; station support unavailable,30.0,26.93,30.0,-1.2633333333333319,30.0,-1.3166666666666664,30.0,-4.133333333333326,30.0,31.06333333333331,30.0,2.9366666666666665
1972,4,28.8,18.9,25.0,4.4,4.1,1972-04-01,30,132.0,-103.2,CRU-CY4.10,CRU-CY:Israel,gridded estimate; station support unavailable,30.0,12.780000000000001,30.0,0.5066666666666677,30.0,0.350000000000005,30.0,-2.4000000000000057,30.0,15.180000000000007,30.0,1.6066666666666665
1972,5,3.3,19.7,25.9,5.1,1.4,1972-05-01,31,158.1,-154.79999999999998,CRU-CY4.10,CRU-CY:Israel,gridded estimate; station support unavailable,30.0,-1.2833333333333332,30.0,-1.8566666666666691,30.0,-2.0800000000000054,30.0,-9.610000000000014,30.0,8.326666666666682,30.0,0.2999999999999996
1972,6,0.8,22.6,28.7,6.1,0.3,1972-06-01,30,183.0,-182.2,CRU-CY4.10,CRU-CY:Israel,gridded estimate; station support unavailable,30.0,0.6933333333333334,30.0,-1.7133333333333312,30.0,-1.8500000000000014,30.0,-10.900000000000006,30.0,11.593333333333362,30.0,0.24999999999999997
1972,7,0.0,23.9,29.7,6.1,0.0,1972-07-01,31,189.1,-189.1,CRU-CY4.10,CRU-CY:Israel,gridded estimate; station support unavailable,30.0,0.0,30.0,-2.400000000000002,30.0,-2.4533333333333296,30.0,-12.916666666666742,30.0,12.916666666666742,30.0,0.0
1972,8,0.0,25.1,31.0,5.7,0.0,1972-08-01,31,176.70000000000002,-176.70000000000002,CRU-CY4.10,CRU-CY:Israel,gridded estimate; station support unavailable,30.0,0.0,30.0,-1.6133333333333262,30.0,-1.4099999999999966,30.0,-9.713333333333338,30.0,9.713333333333338,30.0,0.0
1972,9,0.3,24.4,30.6,4.9,0.1,1972-09-01,30,147.0,-146.7,CRU-CY4.10,CRU-CY:Israel,gridded estimate; station support unavailable,30.0,-0.11333333333333329,30.0,-0.6966666666666619,30.0,-0.27666666666666373,30.0,-0.4000000000000057,30.0,0.28666666666666174,30.0,0.006666666666666668
1972,10,4.5,22.1,28.1,3.6,1.9,1972-10-01,31,111.60000000000001,-107.10000000000001,CRU-CY4.10,CRU-CY:Israel,gridded estimate; station support unavailable,30.0,-11.459999999999999,30.0,-0.32333333333332703,30.0,-0.16999999999999815,30.0,-0.723333333333315,30.0,-10.73666666666665,30.0,-0.6799999999999997
1972,11,50.2,16.5,22.0,2.4,6.9,1972-11-01,30,72.0,-21.799999999999997,CRU-CY4.10,CRU-CY:Israel,gridded estimate; station support unavailable,30.0,-1.1266666666666652,30.0,-1.2166666666666615,30.0,-1.3399999999999928,30.0,-2.799999999999997,30.0,1.6733333333333285,30.0,1.9666666666666677
1972,12,43.9,10.9,16.4,1.8,6.6,1972-12-01,31,55.800000000000004,-11.900000000000006,CRU-CY4.10,CRU-CY:Israel,gridded estimate; station support unavailable,30.0,-47.586666666666666,30.0,-2.8999999999999986,30.0,-2.236666666666668,30.0,-1.8599999999999923,30.0,-45.726666666666674,30.0,-2.3499999999999996
1973,1,114.4,10.9,16.3,1.9,11.5,1973-01-01,31,58.9,55.50000000000001,CRU-CY4.10,CRU-CY:Israel,gridded estimate; station support unavailable,30.0,5.876666666666651,30.0,-1.3333333333333304,30.0,-0.4866666666666646,30.0,2.066666666666663,30.0,3.8100000000000236,30.0,0.5233333333333317
1973,2,16.8,14.1,19.7,2.6,5.2,1973-02-01,28,72.8,-56.0,CRU-CY4.10,CRU-CY:Israel,gridded estimate; station support unavailable,30.0,-63.786666666666676,30.0,1.2533333333333339,30.0,1.8566666666666691,30.0,4.780000000000001,30.0,-68.56666666666666,30.0,-5.153333333333333
1973,3,58.9,13.9,19.6,3.2,6.8,1973-03-01,31,99.2,-40.300000000000004,CRU-CY4.10,CRU-CY:Israel,gridded estimate; station support unavailable,30.0,14.730000000000004,30.0,-1.2633333333333319,30.0,-1.0166666666666657,30.0,-1.0333333333333314,30.0,15.763333333333321,30.0,0.43666666666666565
1973,4,9.0,17.0,23.2,4.2,2.3,1973-04-01,30,126.0,-117.0,CRU-CY4.10,CRU-CY:Israel,gridded estimate; station support unavailable,30.0,-7.02,30.0,-1.3933333333333309,30.0,-1.4499999999999957,30.0,-8.400000000000006,30.0,1.3800000000000097,30.0,-0.19333333333333336
1973,5,7.3,20.5,27.2,5.5,1.4,1973-05-01,31,170.5,-163.2,CRU-CY4.10,CRU-CY:Israel,gridded estimate; station support unavailable,30.0,2.716666666666667,30.0,-1.0566666666666684,30.0,-0.7800000000000047,30.0,2.789999999999992,30.0,-0.07333333333332348,30.0,0.2999999999999996
1973,6,0.2,22.5,28.7,6.2,0.3,1973-06-01,30,186.0,-185.8,CRU-CY4.10,CRU-CY:Israel,gridded estimate; station support unavailable,30.0,0.09333333333333332,30.0,-1.8133333333333326,30.0,-1.8500000000000014,30.0,-7.900000000000006,30.0,7.993333333333339,30.0,0.24999999999999997
1973,7,0.0,25.4,31.7,6.5,0.0,1973-07-01,31,201.5,-201.5,CRU-CY4.10,CRU-CY:Israel,gridded estimate; station support unavailable,30.0,0.0,30.0,-0.9000000000000021,30.0,-0.4533333333333296,30.0,-0.5166666666667368,30.0,0.5166666666667368,30.0,0.0
1973,8,0.0,25.1,30.8,5.7,0.0,1973-08-01,31,176.70000000000002,-176.70000000000002,CRU-CY4.10,CRU-CY:Israel,gridded estimate; station support unavailable,30.0,0.0,30.0,-1.6133333333333262,30.0,-1.6099999999999959,30.0,-9.713333333333338,30.0,9.713333333333338,30.0,0.0
1973,9,0.0,24.0,30.0,4.8,0.0,1973-09-01,30,144.0,-144.0,CRU-CY4.10,CRU-CY:Israel,gridded estimate; station support unavailable,30.0,-0.4133333333333333,30.0,-1.0966666666666605,30.0,-0.8766666666666652,30.0,-3.4000000000000057,30.0,2.9866666666666504,30.0,-0.09333333333333334
1973,10,10.7,21.9,28.0,3.7,2.1,1973-10-01,31,114.7,-104.0,CRU-CY4.10,CRU-CY:Israel,gridded estimate; station support unavailable,30.0,-5.26,30.0,-0.5233333333333299,30.0,-0.2699999999999996,30.0,2.3766666666666794,30.0,-7.636666666666642,30.0,-0.47999999999999954
1973,11,83.2,14.7,20.3,2.2,7.3,1973-11-01,30,66.0,17.200000000000003,CRU-CY4.10,CRU-CY:Israel,gridded estimate; station support unavailable,30.0,31.873333333333335,30.0,-3.016666666666662,30.0,-3.039999999999992,30.0,-8.799999999999997,30.0,40.67333333333333,30.0,2.366666666666667
1973,12,36.4,13.1,18.3,1.9,6.0,1973-12-01,31,58.9,-22.5,CRU-CY4.10,CRU-CY:Israel,gridded estimate; station support unavailable,30.0,-55.086666666666666,30.0,-0.6999999999999993,30.0,-0.336666666666666,30.0,1.240000000000002,30.0,-56.32666666666667,30.0,-2.9499999999999993
1974,1,293.6,10.0,14.2,1.6,17.9,1974-01-01,31,49.6,244.00000000000003,CRU-CY4.10,CRU-CY:Israel,gridded estimate; station support unavailable,30.0,185.07666666666665,30.0,-2.2333333333333307,30.0,-2.586666666666666,30.0,-7.233333333333334,30.0,192.31000000000006,30.0,6.92333333333333
1974,2,93.6,12.0,17.1,2.4,12.3,1974-02-01,28,67.2,26.39999999999999,CRU-CY4.10,CRU-CY:Israel,gridded estimate; station support unavailable,30.0,13.013333333333321,30.0,-0.8466666666666658,30.0,-0.7433333333333287,30.0,-0.8199999999999932,30.0,13.833333333333325,30.0,1.9466666666666672
1974,3,53.2,14.9,19.9,3.1,7.7,1974-03-01,31,96.10000000000001,-42.900000000000006,CRU-CY4.10,CRU-CY:Israel,gridded estimate; station support unavailable,30.0,9.030000000000008,30.0,-0.26333333333333186,30.0,-0.7166666666666686,30.0,-4.133333333333326,30.0,13.16333333333332,30.0,1.336666666666666
1974,4,34.8,17.4,23.5,4.2,4.2,1974-04-01,30,126.0,-91.2,CRU-CY4.10,CRU-CY:Israel,gridded estimate; station support unavailable,30.0,18.779999999999998,30.0,-0.9933333333333323,30.0,-1.149999999999995,30.0,-8.400000000000006,30.0,27.180000000000007,30.0,1.706666666666667
1974,5,0.0,19.7,26.5,5.3,0.0,1974-05-01,31,164.29999999999998,-164.29999999999998,CRU-CY4.10,CRU-CY:Israel,gridded estimate; station support unavailable,30.0,-4.583333333333333,30.0,-1.8566666666666691,30.0,-1.480000000000004,30.0,-3.410000000000025,30.0,-1.1733333333333178,30.0,-1.1000000000000003
1974,6,0.0,23.3,29.7,6.5,0.0,1974-06-01,30,195.0,-195.0,CRU-CY4.10,CRU-CY:Israel,gridded estimate; station support unavailable,30.0,-0.10666666666666669,30.0,-1.0133333333333319,30.0,-0.8500000000000014,30.0,1.0999999999999943,30.0,-1.2066666666666492,30.0,-0.05000000000000001
1974,7,0.0,25.1,31.3,6.5,0.0,1974-07-01,31,201.5,-201.5,CRU-CY4.10,CRU-CY:Israel,gridded estimate; station support unavailable,30.0,0.0,30.0,-1.1999999999999993,30.0,-0.8533333333333282,30.0,-0.5166666666667368,30.0,0.5166666666667368,30.0,0.0
1974,8,0.0,24.7,30.4,5.6,0.0,1974-08-01,31,173.6,-173.6,CRU-CY4.10,CRU-CY:Israel,gridded estimate; station support unavailable,30.0,0.0,30.0,-2.0133333333333283,30.0,-2.009999999999998,30.0,-12.813333333333361,30.0,12.813333333333361,30.0,0.0
1974,9,0.0,23.3,29.3,4.7,0.0,1974-09-01,30,141.0,-141.0,CRU-CY4.10,CRU-CY:Israel,gridded estimate; station support unavailable,30.0,-0.4133333333333333,30.0,-1.7966666666666598,30.0,-1.5766666666666644,30.0,-6.400000000000006,30.0,5.98666666666665,30.0,-0.09333333333333334
1974,10,1.1,22.5,28.6,3.7,0.6,1974-10-01,31,114.7,-113.60000000000001,CRU-CY4.10,CRU-CY:Israel,gridded estimate; station support unavailable,30.0,-14.86,30.0,0.07666666666667155,30.0,0.33000000000000185,30.0,2.3766666666666794,30.0,-17.23666666666665,30.0,-1.9799999999999995
1974,11,45.0,17.2,22.8,2.5,6.3,1974-11-01,30,75.0,-30.0,CRU-CY4.10,CRU-CY:Israel,gridded estimate; station support unavailable,30.0,-6.326666666666668,30.0,-0.5166666666666622,30.0,-0.539999999999992,30.0,0.20000000000000284,30.0,-6.526666666666674,30.0,1.3666666666666671
1974,12,116.2,12.0,16.4,1.6,11.1,1974-12-01,31,49.6,66.6,CRU-CY4.10,CRU-CY:Israel,gridded estimate; station support unavailable,30.0,24.71333333333334,30.0,-1.799999999999999,30.0,-2.236666666666668,30.0,-8.059999999999995,30.0,32.773333333333326,30.0,2.1500000000000004
1975,1,48.6,11.2,15.4,1.8,8.2,1975-01-01,31,55.800000000000004,-7.200000000000003,CRU-CY4.10,CRU-CY:Israel,gridded estimate; station support unavailable,30.0,-59.92333333333335,30.0,-1.0333333333333314,30.0,-1.386666666666665,30.0,-1.0333333333333314,30.0,-58.889999999999986,30.0,-2.776666666666669
1975,2,154.5,11.6,16.1,2.2,15.1,1975-02-01,28,61.60000000000001,92.89999999999999,CRU-CY4.10,CRU-CY:Israel,gridded estimate; station support unavailable,30.0,73.91333333333333,30.0,-1.2466666666666661,30.0,-1.7433333333333287,30.0,-6.4199999999999875,30.0,80.33333333333333,30.0,4.746666666666666
1975,3,36.6,14.5,20.5,3.3,5.6,1975-03-01,31,102.3,-65.69999999999999,CRU-CY4.10,CRU-CY:Israel,gridded estimate; station support unavailable,30.0,-7.569999999999993,30.0,-0.6633333333333322,30.0,-0.11666666666666714,30.0,2.066666666666663,30.0,-9.636666666666663,30.0,-0.7633333333333345
1975,4,7.1,19.3,25.7,4.6,2.1,1975-04-01,30,138.0,-130.9,CRU-CY4.10,CRU-CY:Israel,gridded estimate; station support unavailable,30.0,-8.92,30.0,0.9066666666666698,30.0,1.0500000000000043,30.0,3.5999999999999943,30.0,-12.519999999999996,30.0,-0.3933333333333331
1975,5,0.4,19.7,25.9,5.2,0.4,1975-05-01,31,161.20000000000002,-160.8,CRU-CY4.10,CRU-CY:Israel,gridded estimate; station support unavailable,30.0,-4.183333333333333,30.0,-1.8566666666666691,30.0,-2.0800000000000054,30.0,-6.509999999999991,30.0,2.326666666666654,30.0,-0.7000000000000003
1975,6,0.0,22.9,28.9,6.2,0.0,1975-06-01,30,186.0,-186.0,CRU-CY4.10,CRU-CY:Israel,gridded estimate; station support unavailable,30.0,-0.10666666666666669,30.0,-1.413333333333334,30.0,-1.6500000000000021,30.0,-7.900000000000006,30.0,7.793333333333351,30.0,-0.05000000000000001
1975,7,0.0,24.8,30.7,6.4,0.0,1975-07-01,31,198.4,-198.4,CRU-CY4.10,CRU-CY:Israel,gridded estimate; station support unavailable,30.0,0.0,30.0,-1.5,30.0,-1.4533333333333296,30.0,-3.616666666666731,30.0,3.616666666666731,30.0,0.0
1975,8,0.0,24.4,30.2,5.6,0.0,1975-08-01,31,173.6,-173.6,CRU-CY4.10,CRU-CY:Israel,gridded estimate; station support unavailable,30.0,0.0,30.0,-2.313333333333329,30.0,-2.2099999999999973,30.0,-12.813333333333361,30.0,12.813333333333361,30.0,0.0
1975,9,2.0,23.5,29.2,4.6,0.1,1975-09-01,30,138.0,-136.0,CRU-CY4.10,CRU-CY:Israel,gridded estimate; station support unavailable,30.0,1.5866666666666667,30.0,-1.5966666666666605,30.0,-1.6766666666666659,30.0,-9.400000000000006,30.0,10.98666666666665,30.0,0.006666666666666668
1975,10,3.7,20.3,26.4,3.5,1.3,1975-10-01,31,108.5,-104.8,CRU-CY4.10,CRU-CY:Israel,gridded estimate; station support unavailable,30.0,-12.259999999999998,30.0,-2.1233333333333277,30.0,-1.870000000000001,30.0,-3.8233333333333235,30.0,-8.436666666666639,30.0,-1.2799999999999996
1975,11,43.9,16.7,22.4,2.4,5.3,1975-11-01,30,72.0,-28.1,CRU-CY4.10,CRU-CY:Israel,gridded estimate; station support unavailable,30.0,-7.426666666666669,30.0,-1.0166666666666622,30.0,-0.9399999999999942,30.0,-2.799999999999997,30.0,-4.626666666666676,30.0,0.36666666666666714
1975,12,93.7,12.2,16.6,1.8,10.9,1975-12-01,31,55.800000000000004,37.9,CRU-CY4.10,CRU-CY:Israel,gridded estimate; station support unavailable,30.0,2.2133333333333383,30.0,-1.5999999999999996,30.0,-2.0366666666666653,30.0,-1.8599999999999923,30.0,4.073333333333331,30.0,1.950000000000001
1976,1,50.0,11.6,16.3,1.8,7.1,1976-01-01,31,55.800000000000004,-5.800000000000004,CRU-CY4.10,CRU-CY:Israel,gridded estimate; station support unavailable,30.0,-58.523333333333355,30.0,-0.6333333333333311,30.0,-0.4866666666666646,30.0,-1.0333333333333314,30.0,-57.48999999999999,30.0,-3.8766666666666687
1976,2,89.2,10.6,15.2,2.1,10.9,1976-02-01,29,60.900000000000006,28.299999999999997,CRU-CY4.10,CRU-CY:Israel,gridded estimate; station support unavailable,30.0,8.61333333333333,30.0,-2.246666666666666,30.0,-2.643333333333331,30.0,-7.11999999999999,30.0,15.73333333333333,30.0,0.5466666666666669
1976,3,66.5,13.7,19.1,3.1,9.2,1976-03-01,31,96.10000000000001,-29.60000000000001,CRU-CY4.10,CRU-CY:Israel,gridded estimate; station support unavailable,30.0,22.330000000000005,30.0,-1.463333333333333,30.0,-1.5166666666666657,30.0,-4.133333333333326,30.0,26.463333333333317,30.0,2.836666666666665
1976,4,25.5,17.1,23.0,4.0,3.5,1976-04-01,30,120.0,-94.5,CRU-CY4.10,CRU-CY:Israel,gridded estimate; station support unavailable,30.0,9.48,30.0,-1.2933333333333294,30.0,-1.649999999999995,30.0,-14.400000000000006,30.0,23.88000000000001,30.0,1.0066666666666668
1976,5,8.3,20.4,26.5,5.2,2.2,1976-05-01,31,161.20000000000002,-152.9,CRU-CY4.10,CRU-CY:Israel,gridded estimate; station support unavailable,30.0,3.7166666666666677,30.0,-1.1566666666666698,30.0,-1.480000000000004,30.0,-6.509999999999991,30.0,10.22666666666666,30.0,1.0999999999999999
1976,6,0.2,22.6,28.7,6.2,0.0,1976-06-01,30,186.0,-185.8,CRU-CY4.10,CRU-CY:Israel,gridded estimate; station support unavailable,30.0,0.09333333333333332,30.0,-1.7133333333333312,30.0,-1.8500000000000014,30.0,-7.900000000000006,30.0,7.993333333333339,30.0,-0.05000000000000001
1976,7,0.0,23.9,29.6,6.1,0.0,1976-07-01,31,189.1,-189.1,CRU-CY4.10,CRU-CY:Israel,gridded estimate; station support unavailable,30.0,0.0,30.0,-2.400000000000002,30.0,-2.5533333333333275,30.0,-12.916666666666742,30.0,12.916666666666742,30.0,0.0
1976,8,0.0,23.8,29.4,5.5,0.0,1976-08-01,31,170.5,-170.5,CRU-CY4.10,CRU-CY:Israel,gridded estimate; station support unavailable,30.0,0.0,30.0,-2.913333333333327,30.0,-3.009999999999998,30.0,-15.913333333333355,30.0,15.913333333333355,30.0,0.0
1976,9,0.4,23.1,29.0,4.7,0.1,1976-09-01,30,141.0,-140.6,CRU-CY4.10,CRU-CY:Israel,gridded estimate; station support unavailable,30.0,-0.013333333333333253,30.0,-1.996666666666659,30.0,-1.8766666666666652,30.0,-6.400000000000006,30.0,6.386666666666656,30.0,0.006666666666666668
1976,10,18.7,21.8,27.5,3.4,3.3,1976-10-01,31,105.39999999999999,-86.69999999999999,CRU-CY4.10,CRU-CY:Israel,gridded estimate; station support unavailable,30.0,2.74,30.0,-0.6233333333333277,30.0,-0.7699999999999996,30.0,-6.923333333333332,30.0,9.66333333333337,30.0,0.7200000000000002
1976,11,76.5,17.7,23.5,2.5,5.5,1976-11-01,30,75.0,1.5,CRU-CY4.10,CRU-CY:Israel,gridded estimate; station support unavailable,30.0,25.173333333333332,30.0,-0.016666666666662167,30.0,0.16000000000000725,30.0,0.20000000000000284,30.0,24.973333333333326,30.0,0.5666666666666673
1976,12,42.2,14.1,19.1,1.9,6.0,1976-12-01,31,58.9,-16.699999999999996,CRU-CY4.10,CRU-CY:Israel,gridded estimate; station support unavailable,30.0,-49.28666666666666,30.0,0.3000000000000007,30.0,0.4633333333333347,30.0,1.240000000000002,30.0,-50.526666666666664,30.0,-2.9499999999999993
1977,1,107.4,10.9,15.4,1.7,11.5,1977-01-01,31,52.699999999999996,54.70000000000001,CRU-CY4.10,CRU-CY:Israel,gridded estimate; station support unavailable,30.0,-1.123333333333349,30.0,-1.3333333333333304,30.0,-1.386666666666665,30.0,-4.13333333333334,30.0,3.0100000000000264,30.0,0.5233333333333317
1977,2,36.9,14.6,20.0,2.7,7.2,1977-02-01,28,75.60000000000001,-38.70000000000001,CRU-CY4.10,CRU-CY:Israel,gridded estimate; station support unavailable,30.0,-43.686666666666675,30.0,1.7533333333333339,30.0,2.15666666666667,30.0,7.5800000000000125,30.0,-51.26666666666668,30.0,-3.1533333333333333
1977,3,67.1,13.8,19.1,3.1,7.7,1977-03-01,31,96.10000000000001,-29.000000000000014,CRU-CY4.10,CRU-CY:Israel,gridded estimate; station support unavailable,30.0,22.93,30.0,-1.3633333333333315,30.0,-1.5166666666666657,30.0,-4.133333333333326,30.0,27.06333333333331,30.0,1.336666666666666
1977,4,70.2,16.7,22.5,4.0,6.1,1977-04-01,30,120.0,-49.8,CRU-CY4.10,CRU-CY:Israel,gridded estimate; station support unavailable,30.0,54.18000000000001,30.0,-1.6933333333333316,30.0,-2.149999999999995,30.0,-14.400000000000006,30.0,68.58000000000001,30.0,3.6066666666666665
1977,5,2.1,20.7,27.1,5.4,1.4,1977-05-01,31,167.4,-165.3,CRU-CY4.10,CRU-CY:Israel,gridded estimate; station support unavailable,30.0,-2.483333333333333,30.0,-0.8566666666666691,30.0,-0.8800000000000026,30.0,-0.3100000000000023,30.0,-2.173333333333346,30.0,0.2999999999999996
1977,6,0.1,23.2,29.3,6.3,0.1,1977-06-01,30,189.0,-188.9,CRU-CY4.10,CRU-CY:Israel,gridded estimate; station support unavailable,30.0,-0.006666666666666682,30.0,-1.1133333333333333,30.0,-1.25,30.0,-4.900000000000006,30.0,4.893333333333345,30.0,0.049999999999999996
1977,7,0.0,25.4,31.5,6.5,0.0,1977-07-01,31,201.5,-201.5,CRU-CY4.10,CRU-CY:Israel,gridded estimate; station support unavailable,30.0,0.0,30.0,-0.9000000000000021,30.0,-0.6533333333333289,30.0,-0.5166666666667368,30.0,0.5166666666667368,30.0,0.0
1977,8,0.0,26.0,32.0,5.9,0.0,1977-08-01,31,182.9,-182.9,CRU-CY4.10,CRU-CY:Israel,gridded estimate; station support unavailable,30.0,0.0,30.0,-0.7133333333333276,30.0,-0.4099999999999966,30.0,-3.5133333333333496,30.0,3.5133333333333496,30.0,0.0
1977,9,0.6,23.6,29.3,4.7,0.1,1977-09-01,30,141.0,-140.4,CRU-CY4.10,CRU-CY:Israel,gridded estimate; station support unavailable,30.0,0.1866666666666667,30.0,-1.496666666666659,30.0,-1.5766666666666644,30.0,-6.400000000000006,30.0,6.586666666666645,30.0,0.006666666666666668
1977,10,42.1,19.4,25.1,3.3,4.3,1977-10-01,31,102.3,-60.199999999999996,CRU-CY4.10,CRU-CY:Israel,gridded estimate; station support unavailable,30.0,26.14,30.0,-3.02333333333333,30.0,-3.169999999999998,30.0,-10.023333333333326,30.0,36.16333333333336,30.0,1.7200000000000002
1977,11,13.9,16.6,22.9,2.6,3.7,1977-11-01,30,78.0,-64.1,CRU-CY4.10,CRU-CY:Israel,gridded estimate; station support unavailable,30.0,-37.42666666666667,30.0,-1.11666666666666,30.0,-0.4399999999999942,30.0,3.200000000000003,30.0,-40.626666666666665,30.0,-1.2333333333333325
1977,12,160.6,12.2,16.6,1.6,12.6,1977-12-01,31,49.6,111.0,CRU-CY4.10,CRU-CY:Israel,gridded estimate; station support unavailable,30.0,69.11333333333333,30.0,-1.5999999999999996,30.0,-2.0366666666666653,30.0,-8.059999999999995,30.0,77.17333333333333,30.0,3.6500000000000004
1978,1,76.1,11.9,16.3,1.8,9.6,1978-01-01,31,55.800000000000004,20.29999999999999,CRU-CY4.10,CRU-CY:Israel,gridded estimate; station support unavailable,30.0,-32.42333333333336,30.0,-0.3333333333333304,30.0,-0.4866666666666646,30.0,-1.0333333333333314,30.0,-31.389999999999993,30.0,-1.3766666666666687
1978,2,47.4,13.5,18.7,2.5,8.9,1978-02-01,28,70.0,-22.6,CRU-CY4.10,CRU-CY:Israel,gridded estimate; station support unavailable,30.0,-33.186666666666675,30.0,0.6533333333333342,30.0,0.8566666666666691,30.0,1.980000000000004,30.0,-35.16666666666667,30.0,-1.4533333333333331
1978,3,61.9,14.6,19.9,3.2,7.8,1978-03-01,31,99.2,-37.300000000000004,CRU-CY4.10,CRU-CY:Israel,gridded estimate; station support unavailable,30.0,17.730000000000004,30.0,-0.5633333333333326,30.0,-0.7166666666666686,30.0,-1.0333333333333314,30.0,18.76333333333332,30.0,1.4366666666666656
1978,4,10.8,17.5,24.1,4.3,2.2,1978-04-01,30,129.0,-118.2,CRU-CY4.10,CRU-CY:Israel,gridded estimate; station support unavailable,30.0,-5.219999999999999,30.0,-0.8933333333333309,30.0,-0.5499999999999936,30.0,-5.400000000000006,30.0,0.18000000000000682,30.0,-0.293333333333333
1978,5,0.3,21.8,28.8,5.8,0.2,1978-05-01,31,179.79999999999998,-179.49999999999997,CRU-CY4.10,CRU-CY:Israel,gridded estimate; station support unavailable,30.0,-4.283333333333333,30.0,0.2433333333333323,30.0,0.8199999999999967,30.0,12.089999999999975,30.0,-16.373333333333306,30.0,-0.9000000000000004
1978,6,0.5,22.9,29.1,6.3,0.3,1978-06-01,30,189.0,-188.5,CRU-CY4.10,CRU-CY:Israel,gridded estimate; station support unavailable,30.0,0.3933333333333333,30.0,-1.413333333333334,30.0,-1.4499999999999993,30.0,-4.900000000000006,30.0,5.293333333333351,30.0,0.24999999999999997
1978,7,0.0,26.3,32.3,6.7,0.0,1978-07-01,31,207.70000000000002,-207.70000000000002,CRU-CY4.10,CRU-CY:Israel,gridded estimate; station support unavailable,30.0,0.0,30.0,0.0,30.0,0.14666666666666828,30.0,5.68333333333328,30.0,-5.68333333333328,30.0,0.0
1978,8,0.0,24.0,29.8,5.6,0.0,1978-08-01,31,173.6,-173.6,CRU-CY4.10,CRU-CY:Israel,gridded estimate; station support unavailable,30.0,0.0,30.0,-2.7133333333333276,30.0,-2.609999999999996,30.0,-12.813333333333361,30.0,12.813333333333361,30.0,0.0
1978,9,0.0,23.1,28.8,4.5,0.1,1978-09-01,30,135.0,-135.0,CRU-CY4.10,CRU-CY:Israel,gridded estimate; station support unavailable,30.0,-0.4133333333333333,30.0,-1.996666666666659,30.0,-2.0766666666666644,30.0,-12.400000000000006,30.0,11.98666666666665,30.0,0.006666666666666668
1978,10,28.2,22.1,27.8,3.6,3.4,1978-10-01,31,111.60000000000001,-83.4,CRU-CY4.10,CRU-CY:Israel,gridded estimate; station support unavailable,30.0,12.24,30.0,-0.32333333333332703,30.0,-0.46999999999999886,30.0,-0.723333333333315,30.0,12.963333333333352,30.0,0.8200000000000003
1978,11,13.9,14.6,20.1,2.3,2.7,1978-11-01,30,69.0,-55.1,CRU-CY4.10,CRU-CY:Israel,gridded estimate; station support unavailable,30.0,-37.42666666666667,30.0,-3.116666666666662,30.0,-3.2399999999999913,30.0,-5.799999999999997,30.0,-31.626666666666676,30.0,-2.2333333333333325
1978,12,92.2,13.7,18.3,1.8,10.4,1978-12-01,31,55.800000000000004,36.4,CRU-CY4.10,CRU-CY:Israel,gridded estimate; station support unavailable,30.0,0.7133333333333383,30.0,-0.09999999999999964,30.0,-0.336666666666666,30.0,-1.8599999999999923,30.0,2.5733333333333306,30.0,1.450000000000001
1979,1,66.9,12.3,16.7,1.7,9.4,1979-01-01,31,52.699999999999996,14.20000000000001,CRU-CY4.10,CRU-CY:Israel,gridded estimate; station support unavailable,30.0,-41.62333333333335,30.0,0.06666666666666998,30.0,-0.086666666666666,30.0,-4.13333333333334,30.0,-37.489999999999974,30.0,-1.576666666666668
1979,2,29.9,14.2,19.3,2.6,7.6,1979-02-01,28,72.8,-42.9,CRU-CY4.10,CRU-CY:Israel,gridded estimate; station support unavailable,30.0,-50.686666666666675,30.0,1.3533333333333335,30.0,1.4566666666666706,30.0,4.780000000000001,30.0,-55.46666666666667,30.0,-2.753333333333334
1979,3,50.5,15.5,21.0,3.4,7.3,1979-03-01,31,105.39999999999999,-54.89999999999999,CRU-CY4.10,CRU-CY:Israel,gridded estimate; station support unavailable,30.0,6.330000000000005,30.0,0.3366666666666678,30.0,0.38333333333333286,30.0,5.166666666666657,30.0,1.163333333333334,30.0,0.9366666666666656
1979,4,5.7,18.9,25.2,4.5,1.8,1979-04-01,30,135.0,-129.3,CRU-CY4.10,CRU-CY:Israel,gridded estimate; station support unavailable,30.0,-10.32,30.0,0.5066666666666677,30.0,0.5500000000000043,30.0,0.5999999999999943,30.0,-10.920000000000002,30.0,-0.6933333333333331
1979,5,2.7,20.3,26.6,5.2,1.0,1979-05-01,31,161.20000000000002,-158.50000000000003,CRU-CY4.10,CRU-CY:Israel,gridded estimate; station support unavailable,30.0,-1.8833333333333329,30.0,-1.2566666666666677,30.0,-1.3800000000000026,30.0,-6.509999999999991,30.0,4.626666666666637,30.0,-0.10000000000000031
1979,6,0.1,23.9,30.1,6.5,0.1,1979-06-01,30,195.0,-194.9,CRU-CY4.10,CRU-CY:Israel,gridded estimate; station support unavailable,30.0,-0.006666666666666682,30.0,-0.413333333333334,30.0,-0.4499999999999993,30.0,1.0999999999999943,30.0,-1.106666666666655,30.0,0.049999999999999996
1979,7,0.0,24.8,30.6,6.4,0.0,1979-07-01,31,198.4,-198.4,CRU-CY4.10,CRU-CY:Israel,gridded estimate; station support unavailable,30.0,0.0,30.0,-1.5,30.0,-1.5533333333333275,30.0,-3.616666666666731,30.0,3.616666666666731,30.0,0.0
1979,8,0.0,25.0,30.9,5.7,0.0,1979-08-01,31,176.70000000000002,-176.70000000000002,CRU-CY4.10,CRU-CY:Israel,gridded estimate; station support unavailable,30.0,0.0,30.0,-1.7133333333333276,30.0,-1.509999999999998,30.0,-9.713333333333338,30.0,9.713333333333338,30.0,0.0
1979,9,0.0,24.3,29.9,4.7,0.0,1979-09-01,30,141.0,-141.0,CRU-CY4.10,CRU-CY:Israel,gridded estimate; station support unavailable,30.0,-0.4133333333333333,30.0,-0.7966666666666598,30.0,-0.9766666666666666,30.0,-6.400000000000006,30.0,5.98666666666665,30.0,-0.09333333333333334
1979,10,48.0,21.7,27.5,3.4,4.8,1979-10-01,31,105.39999999999999,-57.39999999999999,CRU-CY4.10,CRU-CY:Israel,gridded estimate; station support unavailable,30.0,32.04,30.0,-0.7233333333333292,30.0,-0.7699999999999996,30.0,-6.923333333333332,30.0,38.96333333333337,30.0,2.22
1979,11,107.9,18.8,24.1,2.6,7.6,1979-11-01,30,78.0,29.900000000000006,CRU-CY4.10,CRU-CY:Israel,gridded estimate; station support unavailable,30.0,56.57333333333334,30.0,1.0833333333333393,30.0,0.7600000000000087,30.0,3.200000000000003,30.0,53.373333333333335,30.0,2.666666666666667
1979,12,184.1,12.2,16.4,1.6,12.4,1979-12-01,31,49.6,134.5,CRU-CY4.10,CRU-CY:Israel,gridded estimate; station support unavailable,30.0,92.61333333333333,30.0,-1.5999999999999996,30.0,-2.236666666666668,30.0,-8.059999999999995,30.0,100.67333333333333,30.0,3.450000000000001
1980,1,96.9,10.9,15.1,1.8,10.9,1980-01-01,31,55.800000000000004,41.1,CRU-CY4.10,CRU-CY:Israel,gridded estimate; station support unavailable,30.0,-11.623333333333349,30.0,-1.3333333333333304,30.0,-1.6866666666666656,30.0,-1.0333333333333314,30.0,-10.589999999999982,30.0,-0.07666666666666799
1980,2,122.4,11.4,15.4,2.2,13.6,1980-02-01,29,63.800000000000004,58.6,CRU-CY4.10,CRU-CY:Israel,gridded estimate; station support unavailable,30.0,41.81333333333333,30.0,-1.4466666666666654,30.0,-2.44333333333333,30.0,-4.219999999999992,30.0,46.03333333333333,30.0,3.246666666666666
1980,3,70.6,13.8,18.9,3.0,8.9,1980-03-01,31,93.0,-22.400000000000006,CRU-CY4.10,CRU-CY:Israel,gridded estimate; station support unavailable,30.0,26.43,30.0,-1.3633333333333315,30.0,-1.7166666666666686,30.0,-7.233333333333334,30.0,33.66333333333332,30.0,2.536666666666666
1980,4,22.9,17.4,23.6,4.3,3.3,1980-04-01,30,129.0,-106.1,CRU-CY4.10,CRU-CY:Israel,gridded estimate; station support unavailable,30.0,6.879999999999999,30.0,-0.9933333333333323,30.0,-1.0499999999999936,30.0,-5.400000000000006,30.0,12.280000000000015,30.0,0.8066666666666666
1980,5,0.8,21.0,27.8,5.5,0.4,1980-05-01,31,170.5,-169.7,CRU-CY4.10,CRU-CY:Israel,gridded estimate; station support unavailable,30.0,-3.783333333333333,30.0,-0.5566666666666684,30.0,-0.18000000000000327,30.0,2.789999999999992,30.0,-6.5733333333333235,30.0,-0.7000000000000003
1980,6,0.0,23.6,29.9,6.5,0.0,1980-06-01,30,195.0,-195.0,CRU-CY4.10,CRU-CY:Israel,gridded estimate; station support unavailable,30.0,-0.10666666666666669,30.0,-0.7133333333333312,30.0,-0.6500000000000021,30.0,1.0999999999999943,30.0,-1.2066666666666492,30.0,-0.05000000000000001
1980,7,0.0,25.5,31.3,6.4,0.0,1980-07-01,31,198.4,-198.4,CRU-CY4.10,CRU-CY:Israel,gridded estimate; station support unavailable,30.0,0.0,30.0,-0.8000000000000007,30.0,-0.8533333333333282,30.0,-3.616666666666731,30.0,3.616666666666731,30.0,0.0
1980,8,0.0,25.4,31.1,5.8,0.0,1980-08-01,31,179.79999999999998,-179.79999999999998,CRU-CY4.10,CRU-CY:Israel,gridded estimate; station support unavailable,30.0,0.0,30.0,-1.313333333333329,30.0,-1.3099999999999952,30.0,-6.613333333333372,30.0,6.613333333333372,30.0,0.0
1980,9,0.0,22.8,28.5,4.6,0.0,1980-09-01,30,138.0,-138.0,CRU-CY4.10,CRU-CY:Israel,gridded estimate; station support unavailable,30.0,-0.4133333333333333,30.0,-2.2966666666666598,30.0,-2.376666666666665,30.0,-9.400000000000006,30.0,8.98666666666665,30.0,-0.09333333333333334
1980,10,18.8,21.3,27.2,3.6,2.7,1980-10-01,31,111.60000000000001,-92.80000000000001,CRU-CY4.10,CRU-CY:Israel,gridded estimate; station support unavailable,30.0,2.8400000000000016,30.0,-1.1233333333333277,30.0,-1.0700000000000003,30.0,-0.723333333333315,30.0,3.563333333333347,30.0,0.12000000000000055
1980,11,9.5,18.1,23.8,2.6,2.3,1980-11-01,30,78.0,-68.5,CRU-CY4.10,CRU-CY:Israel,gridded estimate; station support unavailable,30.0,-41.82666666666667,30.0,0.38333333333333997,30.0,0.46000000000000796,30.0,3.200000000000003,30.0,-45.02666666666667,30.0,-2.633333333333333
1980,12,166.1,13.5,18.1,1.8,15.0,1980-12-01,31,55.800000000000004,110.29999999999998,CRU-CY4.10,CRU-CY:Israel,gridded estimate; station support unavailable,30.0,74.61333333333333,30.0,-0.29999999999999893,30.0,-0.5366666666666653,30.0,-1.8599999999999923,30.0,76.47333333333331,30.0,6.050000000000001
1981,1,147.3,11.0,15.2,1.6,11.5,1981-01-01,31,49.6,97.70000000000002,CRU-CY4.10,CRU-CY:Israel,gridded estimate; station support unavailable,30.0,38.77666666666666,30.0,-1.2333333333333307,30.0,-1.586666666666666,30.0,-7.233333333333334,30.0,46.01000000000003,30.0,0.5233333333333317
1981,2,70.3,11.9,16.3,2.2,9.4,1981-02-01,28,61.60000000000001,8.699999999999989,CRU-CY4.10,CRU-CY:Israel,gridded estimate; station support unavailable,30.0,-10.286666666666676,30.0,-0.9466666666666654,30.0,-1.5433333333333294,30.0,-6.4199999999999875,30.0,-3.866666666666678,30.0,-0.9533333333333331
1981,3,46.3,14.9,20.1,3.2,6.9,1981-03-01,31,99.2,-52.900000000000006,CRU-CY4.10,CRU-CY:Israel,gridded estimate; station support unavailable,30.0,2.1300000000000026,30.0,-0.26333333333333186,30.0,-0.5166666666666657,30.0,-1.0333333333333314,30.0,3.16333333333332,30.0,0.5366666666666662
1981,4,18.9,17.4,23.9,4.4,4.1,1981-04-01,30,132.0,-113.1,CRU-CY4.10,CRU-CY:Israel,gridded estimate; station support unavailable,30.0,2.879999999999999,30.0,-0.9933333333333323,30.0,-0.7499999999999964,30.0,-2.4000000000000057,30.0,5.280000000000015,30.0,1.6066666666666665
1981,5,0.7,19.3,25.7,5.1,0.6,1981-05-01,31,158.1,-157.4,CRU-CY4.10,CRU-CY:Israel,gridded estimate; station support unavailable,30.0,-3.883333333333333,30.0,-2.2566666666666677,30.0,-2.2800000000000047,30.0,-9.610000000000014,30.0,5.7266666666666595,30.0,-0.5000000000000003
1981,6,0.2,23.3,29.4,6.3,0.2,1981-06-01,30,189.0,-188.8,CRU-CY4.10,CRU-CY:Israel,gridded estimate; station support unavailable,30.0,0.09333333333333332,30.0,-1.0133333333333319,30.0,-1.1500000000000021,30.0,-4.900000000000006,30.0,4.993333333333339,30.0,0.15
1981,7,0.0,25.2,30.9,6.3,0.0,1981-07-01,31,195.29999999999998,-195.29999999999998,CRU-CY4.10,CRU-CY:Israel,gridded estimate; station support unavailable,30.0,0.0,30.0,-1.1000000000000014,30.0,-1.2533333333333303,30.0,-6.716666666666754,30.0,6.716666666666754,30.0,0.0
1981,8,0.0,25.4,31.0,5.8,0.0,1981-08-01,31,179.79999999999998,-179.79999999999998,CRU-CY4.10,CRU-CY:Israel,gridded estimate; station support unavailable,30.0,0.0,30.0,-1.313333333333329,30.0,-1.4099999999999966,30.0,-6.613333333333372,30.0,6.613333333333372,30.0,0.0
1981,9,0.4,24.5,30.3,4.9,0.0,1981-09-01,30,147.0,-146.6,CRU-CY4.10,CRU-CY:Israel,gridded estimate; station support unavailable,30.0,-0.013333333333333253,30.0,-0.5966666666666605,30.0,-0.5766666666666644,30.0,-0.4000000000000057,30.0,0.38666666666665606,30.0,-0.09333333333333334
1981,10,1.8,22.3,28.4,3.7,0.8,1981-10-01,31,114.7,-112.9,CRU-CY4.10,CRU-CY:Israel,gridded estimate; station support unavailable,30.0,-14.159999999999998,30.0,-0.12333333333332774,30.0,0.129999999999999,30.0,2.3766666666666794,30.0,-16.536666666666648,30.0,-1.7799999999999996
1981,11,63.4,15.2,20.3,2.3,5.9,1981-11-01,30,69.0,-5.600000000000001,CRU-CY4.10,CRU-CY:Israel,gridded estimate; station support unavailable,30.0,12.07333333333333,30.0,-2.516666666666662,30.0,-3.039999999999992,30.0,-5.799999999999997,30.0,17.873333333333324,30.0,0.9666666666666677
1981,12,19.8,14.3,19.5,1.9,3.9,1981-12-01,31,58.9,-39.099999999999994,CRU-CY4.10,CRU-CY:Israel,gridded estimate; station support unavailable,30.0,-71.68666666666667,30.0,0.5000000000000018,30.0,0.8633333333333333,30.0,1.240000000000002,30.0,-72.92666666666666,30.0,-5.049999999999999
1982,1,81.4,12.4,17.0,1.9,11.3,1982-01-01,31,58.9,22.500000000000007,CRU-CY4.10,CRU-CY:Israel,gridded estimate; station support unavailable,30.0,-27.12333333333335,30.0,0.16666666666666963,30.0,0.2133333333333347,30.0,2.066666666666663,30.0,-29.189999999999976,30.0,0.32333333333333236
1982,2,111.7,10.6,15.0,2.1,12.4,1982-02-01,28,58.800000000000004,52.9,CRU-CY4.10,CRU-CY:Israel,gridded estimate; station support unavailable,30.0,31.11333333333333,30.0,-2.246666666666666,30.0,-2.84333333333333,30.0,-9.219999999999992,30.0,40.33333333333333,30.0,2.046666666666667
1982,3,65.7,12.5,17.6,2.9,8.8,1982-03-01,31,89.89999999999999,-24.19999999999999,CRU-CY4.10,CRU-CY:Israel,gridded estimate; station support unavailable,30.0,21.53000000000001,30.0,-2.663333333333332,30.0,-3.0166666666666657,30.0,-10.333333333333343,30.0,31.863333333333337,30.0,2.4366666666666665
1982,4,9.7,18.7,24.6,4.3,3.0,1982-04-01,30,129.0,-119.3,CRU-CY4.10,CRU-CY:Israel,gridded estimate; station support unavailable,30.0,-6.32,30.0,0.3066666666666684,30.0,-0.049999999999993605,30.0,-5.400000000000006,30.0,-0.9199999999999875,30.0,0.5066666666666668
1982,5,7.8,19.4,25.5,5.0,1.8,1982-05-01,31,155.0,-147.2,CRU-CY4.10,CRU-CY:Israel,gridded estimate; station support unavailable,30.0,3.216666666666667,30.0,-2.15666666666667,30.0,-2.480000000000004,30.0,-12.710000000000008,30.0,15.926666666666677,30.0,0.6999999999999997
1982,6,0.0,22.7,29.0,6.3,0.1,1982-06-01,30,189.0,-189.0,CRU-CY4.10,CRU-CY:Israel,gridded estimate; station support unavailable,30.0,-0.10666666666666669,30.0,-1.6133333333333333,30.0,-1.5500000000000007,30.0,-4.900000000000006,30.0,4.793333333333351,30.0,0.049999999999999996
1982,7,0.0,24.1,29.8,6.2,0.0,1982-07-01,31,192.20000000000002,-192.20000000000002,CRU-CY4.10,CRU-CY:Israel,gridded estimate; station support unavailable,30.0,0.0,30.0,-2.1999999999999993,30.0,-2.353333333333328,30.0,-9.81666666666672,30.0,9.81666666666672,30.0,0.0
1982,8,0.0,25.0,30.7,5.7,0.0,1982-08-01,31,176.70000000000002,-176.70000000000002,CRU-CY4.10,CRU-CY:Israel,gridded estimate; station support unavailable,30.0,0.0,30.0,-1.7133333333333276,30.0,-1.7099999999999973,30.0,-9.713333333333338,30.0,9.713333333333338,30.0,0.0
1982,9,1.9,23.8,29.7,4.7,0.0,1982-09-01,30,141.0,-139.1,CRU-CY4.10,CRU-CY:Israel,gridded estimate; station support unavailable,30.0,1.4866666666666666,30.0,-1.2966666666666598,30.0,-1.1766666666666659,30.0,-6.400000000000006,30.0,7.886666666666656,30.0,-0.09333333333333334
1982,10,5.9,21.2,27.1,3.5,2.3,1982-10-01,31,108.5,-102.6,CRU-CY4.10,CRU-CY:Israel,gridded estimate; station support unavailable,30.0,-10.059999999999999,30.0,-1.2233333333333292,30.0,-1.1699999999999982,30.0,-3.8233333333333235,30.0,-6.236666666666636,30.0,-0.2799999999999998
1982,11,95.7,14.2,19.6,2.2,8.3,1982-11-01,30,66.0,29.700000000000003,CRU-CY4.10,CRU-CY:Israel,gridded estimate; station support unavailable,30.0,44.373333333333335,30.0,-3.516666666666662,30.0,-3.7399999999999913,30.0,-8.799999999999997,30.0,53.17333333333333,30.0,3.366666666666668
1982,12,79.3,11.4,16.1,1.7,9.1,1982-12-01,31,52.699999999999996,26.6,CRU-CY4.10,CRU-CY:Israel,gridded estimate; station support unavailable,30.0,-12.186666666666667,30.0,-2.3999999999999986,30.0,-2.5366666666666653,30.0,-4.960000000000001,30.0,-7.226666666666667,30.0,0.15000000000000036
1983,1,149.0,9.2,13.2,1.5,12.6,1983-01-01,31,46.5,102.5,CRU-CY4.10,CRU-CY:Israel,gridded estimate; station support unavailable,30.0,40.476666666666645,30.0,-3.0333333333333314,30.0,-3.586666666666666,30.0,-10.333333333333336,30.0,50.81000000000002,30.0,1.6233333333333313
1983,2,132.8,10.3,14.7,2.1,12.8,1983-02-01,28,58.800000000000004,74.0,CRU-CY4.10,CRU-CY:Israel,gridded estimate; station support unavailable,30.0,52.21333333333334,30.0,-2.546666666666665,30.0,-3.143333333333331,30.0,-9.219999999999992,30.0,61.43333333333334,30.0,2.446666666666667
1983,3,83.9,12.5,17.7,2.9,9.8,1983-03-01,31,89.89999999999999,-5.999999999999986,CRU-CY4.10,CRU-CY:Israel,gridded estimate; station support unavailable,30.0,39.73000000000001,30.0,-2.663333333333332,30.0,-2.916666666666668,30.0,-10.333333333333343,30.0,50.06333333333334,30.0,3.4366666666666665
1983,4,15.2,16.2,22.1,4.1,2.9,1983-04-01,30,122.99999999999999,-107.79999999999998,CRU-CY4.10,CRU-CY:Israel,gridded estimate; station support unavailable,30.0,-0.8200000000000003,30.0,-2.1933333333333316,30.0,-2.5499999999999936,30.0,-11.40000000000002,30.0,10.580000000000027,30.0,0.40666666666666673
1983,5,5.7,20.0,26.5,5.2,1.3,1983-05-01,31,161.20000000000002,-155.50000000000003,CRU-CY4.10,CRU-CY:Israel,gridded estimate; station support unavailable,30.0,1.1166666666666671,30.0,-1.5566666666666684,30.0,-1.480000000000004,30.0,-6.509999999999991,30.0,7.626666666666637,30.0,0.19999999999999973
1983,6,0.4,22.8,29.1,6.2,0.3,1983-06-01,30,186.0,-185.6,CRU-CY4.10,CRU-CY:Israel,gridded estimate; station support unavailable,30.0,0.29333333333333333,30.0,-1.5133333333333319,30.0,-1.4499999999999993,30.0,-7.900000000000006,30.0,8.193333333333356,30.0,0.24999999999999997
1983,7,0.0,24.8,30.7,6.3,0.0,1983-07-01,31,195.29999999999998,-195.29999999999998,CRU-CY4.10,CRU-CY:Israel,gridded estimate; station support unavailable,30.0,0.0,30.0,-1.5,30.0,-1.4533333333333296,30.0,-6.716666666666754,30.0,6.716666666666754,30.0,0.0
1983,8,0.0,24.6,30.4,5.7,0.0,1983-08-01,31,176.70000000000002,-176.70000000000002,CRU-CY4.10,CRU-CY:Israel,gridded estimate; station support unavailable,30.0,0.0,30.0,-2.113333333333326,30.0,-2.009999999999998,30.0,-9.713333333333338,30.0,9.713333333333338,30.0,0.0
1983,9,0.0,23.4,29.5,4.7,0.0,1983-09-01,30,141.0,-141.0,CRU-CY4.10,CRU-CY:Israel,gridded estimate; station support unavailable,30.0,-0.4133333333333333,30.0,-1.6966666666666619,30.0,-1.3766666666666652,30.0,-6.400000000000006,30.0,5.98666666666665,30.0,-0.09333333333333334
1983,10,3.5,19.9,25.7,3.4,1.2,1983-10-01,31,105.39999999999999,-101.89999999999999,CRU-CY4.10,CRU-CY:Israel,gridded estimate; station support unavailable,30.0,-12.459999999999999,30.0,-2.52333333333333,30.0,-2.5700000000000003,30.0,-6.923333333333332,30.0,-5.536666666666633,30.0,-1.3799999999999997
1983,11,57.3,17.8,23.4,2.5,5.0,1983-11-01,30,75.0,-17.700000000000003,CRU-CY4.10,CRU-CY:Israel,gridded estimate; station support unavailable,30.0,5.973333333333329,30.0,0.08333333333333925,30.0,0.060000000000005826,30.0,0.20000000000000284,30.0,5.773333333333323,30.0,0.06666666666666732
1983,12,38.6,13.4,18.7,1.9,6.5,1983-12-01,31,58.9,-20.299999999999997,CRU-CY4.10,CRU-CY:Israel,gridded estimate; station support unavailable,30.0,-52.88666666666666,30.0,-0.3999999999999986,30.0,0.06333333333333258,30.0,1.240000000000002,30.0,-54.126666666666665,30.0,-2.4499999999999993
1984,1,100.9,12.0,16.4,1.8,10.5,1984-01-01,31,55.800000000000004,45.1,CRU-CY4.10,CRU-CY:Israel,gridded estimate; station support unavailable,30.0,-7.623333333333349,30.0,-0.23333333333333073,30.0,-0.3866666666666667,30.0,-1.0333333333333314,30.0,-6.589999999999982,30.0,-0.47666666666666835
1984,2,31.5,13.0,18.6,2.6,6.3,1984-02-01,29,75.4,-43.900000000000006,CRU-CY4.10,CRU-CY:Israel,gridded estimate; station support unavailable,30.0,-49.08666666666667,30.0,0.1533333333333342,30.0,0.7566666666666713,30.0,7.38000000000001,30.0,-56.46666666666667,30.0,-4.053333333333334
1984,3,82.2,14.8,20.0,3.1,9.6,1984-03-01,31,96.10000000000001,-13.900000000000006,CRU-CY4.10,CRU-CY:Israel,gridded estimate; station support unavailable,30.0,38.03000000000001,30.0,-0.3633333333333315,30.0,-0.6166666666666671,30.0,-4.133333333333326,30.0,42.16333333333332,30.0,3.2366666666666655
1984,4,37.8,16.5,22.4,4.1,3.6,1984-04-01,30,122.99999999999999,-85.19999999999999,CRU-CY4.10,CRU-CY:Israel,gridded estimate; station support unavailable,30.0,21.779999999999998,30.0,-1.8933333333333309,30.0,-2.2499999999999964,30.0,-11.40000000000002,30.0,33.18000000000002,30.0,1.106666666666667
1984,5,0.0,21.4,28.2,5.7,0.0,1984-05-01,31,176.70000000000002,-176.70000000000002,CRU-CY4.10,CRU-CY:Israel,gridded estimate; station support unavailable,30.0,-4.583333333333333,30.0,-0.15666666666666984,30.0,0.2199999999999953,30.0,8.990000000000009,30.0,-13.573333333333352,30.0,-1.1000000000000003
1984,6,0.1,22.5,28.7,6.2,0.1,1984-06-01,30,186.0,-185.9,CRU-CY4.10,CRU-CY:Israel,gridded estimate; station support unavailable,30.0,-0.006666666666666682,30.0,-1.8133333333333326,30.0,-1.8500000000000014,30.0,-7.900000000000006,30.0,7.893333333333345,30.0,0.049999999999999996
1984,7,0.0,24.2,30.1,6.3,0.0,1984-07-01,31,195.29999999999998,-195.29999999999998,CRU-CY4.10,CRU-CY:Israel,gridded estimate; station support unavailable,30.0,0.0,30.0,-2.1000000000000014,30.0,-2.0533333333333275,30.0,-6.716666666666754,30.0,6.716666666666754,30.0,0.0
1984,8,0.0,23.8,29.5,5.5,0.0,1984-08-01,31,170.5,-170.5,CRU-CY4.10,CRU-CY:Israel,gridded estimate; station support unavailable,30.0,0.0,30.0,-2.913333333333327,30.0,-2.9099999999999966,30.0,-15.913333333333355,30.0,15.913333333333355,30.0,0.0
1984,9,0.0,23.9,30.2,4.9,0.0,1984-09-01,30,147.0,-147.0,CRU-CY4.10,CRU-CY:Israel,gridded estimate; station support unavailable,30.0,-0.4133333333333333,30.0,-1.1966666666666619,30.0,-0.6766666666666659,30.0,-0.4000000000000057,30.0,-0.013333333333349628,30.0,-0.09333333333333334
1984,10,25.1,21.4,27.6,3.7,3.2,1984-10-01,31,114.7,-89.6,CRU-CY4.10,CRU-CY:Israel,gridded estimate; station support unavailable,30.0,9.140000000000002,30.0,-1.0233333333333299,30.0,-0.6699999999999982,30.0,2.3766666666666794,30.0,6.763333333333364,30.0,0.6200000000000006
1984,11,39.0,16.5,21.8,2.3,5.2,1984-11-01,30,69.0,-30.0,CRU-CY4.10,CRU-CY:Israel,gridded estimate; station support unavailable,30.0,-12.326666666666668,30.0,-1.2166666666666615,30.0,-1.539999999999992,30.0,-5.799999999999997,30.0,-6.526666666666674,30.0,0.2666666666666675
1984,12,72.8,11.7,16.6,1.7,8.3,1984-12-01,31,52.699999999999996,20.1,CRU-CY4.10,CRU-CY:Israel,gridded estimate; station support unavailable,30.0,-18.686666666666667,30.0,-2.0999999999999996,30.0,-2.0366666666666653,30.0,-4.960000000000001,30.0,-13.726666666666667,30.0,-0.6499999999999986
1985,1,53.6,13.7,18.2,1.9,7.4,1985-01-01,31,58.9,-5.299999999999997,CRU-CY4.10,CRU-CY:Israel,gridded estimate; station support unavailable,30.0,-54.92333333333335,30.0,1.4666666666666686,30.0,1.413333333333334,30.0,2.066666666666663,30.0,-56.98999999999998,30.0,-3.576666666666668
1985,2,155.9,11.2,15.8,2.2,13.2,1985-02-01,28,61.60000000000001,94.3,CRU-CY4.10,CRU-CY:Israel,gridded estimate; station support unavailable,30.0,75.31333333333333,30.0,-1.6466666666666665,30.0,-2.0433333333333294,30.0,-6.4199999999999875,30.0,81.73333333333333,30.0,2.846666666666666
1985,3,31.9,14.0,19.7,3.3,6.9,1985-03-01,31,102.3,-70.4,CRU-CY4.10,CRU-CY:Israel,gridded estimate; station support unavailable,30.0,-12.269999999999996,30.0,-1.1633333333333322,30.0,-0.9166666666666679,30.0,2.066666666666663,30.0,-14.33666666666668,30.0,0.5366666666666662
1985,4,30.5,17.4,23.5,4.2,3.3,1985-04-01,30,126.0,-95.5,CRU-CY4.10,CRU-CY:Israel,gridded estimate; station support unavailable,30.0,14.48,30.0,-0.9933333333333323,30.0,-1.149999999999995,30.0,-8.400000000000006,30.0,22.88000000000001,30.0,0.8066666666666666
1985,5,1.7,21.3,27.3,5.3,1.1,1985-05-01,31,164.29999999999998,-162.6,CRU-CY4.10,CRU-CY:Israel,gridded estimate; station support unavailable,30.0,-2.883333333333333,30.0,-0.2566666666666677,30.0,-0.6800000000000033,30.0,-3.410000000000025,30.0,0.5266666666666708,30.0,-2.220446049250313e-16
1985,6,0.0,23.3,29.4,6.4,0.0,1985-06-01,30,192.0,-192.0,CRU-CY4.10,CRU-CY:Israel,gridded estimate; station support unavailable,30.0,-0.10666666666666669,30.0,-1.0133333333333319,30.0,-1.1500000000000021,30.0,-1.9000000000000057,30.0,1.7933333333333508,30.0,-0.05000000000000001
1985,7,0.0,24.5,30.5,6.3,0.0,1985-07-01,31,195.29999999999998,-195.29999999999998,CRU-CY4.10,CRU-CY:Israel,gridded estimate; station support unavailable,30.0,0.0,30.0,-1.8000000000000007,30.0,-1.6533333333333289,30.0,-6.716666666666754,30.0,6.716666666666754,30.0,0.0
1985,8,0.0,26.8,32.5,6.0,0.0,1985-08-01,31,186.0,-186.0,CRU-CY4.10,CRU-CY:Israel,gridded estimate; station support unavailable,30.0,0.0,30.0,0.08666666666667311,30.0,0.09000000000000341,30.0,-0.4133333333333553,30.0,0.4133333333333553,30.0,0.0
1985,9,0.3,23.8,29.6,4.7,0.1,1985-09-01,30,141.0,-140.7,CRU-CY4.10,CRU-CY:Israel,gridded estimate; station support unavailable,30.0,-0.11333333333333329,30.0,-1.2966666666666598,30.0,-1.2766666666666637,30.0,-6.400000000000006,30.0,6.286666666666662,30.0,0.006666666666666668
1985,10,21.4,19.7,25.3,3.3,3.6,1985-10-01,31,102.3,-80.9,CRU-CY4.10,CRU-CY:Israel,gridded estimate; station support unavailable,30.0,5.4399999999999995,30.0,-2.723333333333329,30.0,-2.969999999999999,30.0,-10.023333333333326,30.0,15.463333333333352,30.0,1.0200000000000005
1985,11,17.6,18.2,23.7,2.5,3.4,1985-11-01,30,75.0,-57.4,CRU-CY4.10,CRU-CY:Israel,gridded estimate; station support unavailable,30.0,-33.72666666666667,30.0,0.48333333333333783,30.0,0.36000000000000654,30.0,0.20000000000000284,30.0,-33.92666666666668,30.0,-1.5333333333333328
1985,12,67.7,13.6,18.1,1.8,10.0,1985-12-01,31,55.800000000000004,11.899999999999999,CRU-CY4.10,CRU-CY:Israel,gridded estimate; station support unavailable,30.0,-23.78666666666666,30.0,-0.1999999999999993,30.0,-0.5366666666666653,30.0,-1.8599999999999923,30.0,-21.92666666666667,30.0,1.0500000000000007
1986,1,71.9,12.5,17.3,1.9,8.1,1986-01-01,31,58.9,13.000000000000007,CRU-CY4.10,CRU-CY:Israel,gridded estimate; station support unavailable,30.0,-36.62333333333335,30.0,0.26666666666666927,30.0,0.5133333333333354,30.0,2.066666666666663,30.0,-38.689999999999976,30.0,-2.8766666666666687
1986,2,91.9,13.4,18.4,2.5,10.5,1986-02-01,28,70.0,21.900000000000006,CRU-CY4.10,CRU-CY:Israel,gridded estimate; station support unavailable,30.0,11.313333333333333,30.0,0.5533333333333346,30.0,0.5566666666666684,30.0,1.980000000000004,30.0,9.33333333333334,30.0,0.1466666666666665
1986,3,14.3,15.4,21.0,3.4,3.8,1986-03-01,31,105.39999999999999,-91.1,CRU-CY4.10,CRU-CY:Israel,gridded estimate; station support unavailable,30.0,-29.869999999999994,30.0,0.23666666666666814,30.0,0.38333333333333286,30.0,5.166666666666657,30.0,-35.03666666666667,30.0,-2.5633333333333344
1986,4,23.9,19.2,25.4,4.5,3.9,1986-04-01,30,135.0,-111.1,CRU-CY4.10,CRU-CY:Israel,gridded estimate; station support unavailable,30.0,7.879999999999999,30.0,0.8066666666666684,30.0,0.7500000000000036,30.0,0.5999999999999943,30.0,7.280000000000015,30.0,1.4066666666666667
1986,5,19.9,18.3,24.0,4.7,2.4,1986-05-01,31,145.70000000000002,-125.80000000000001,CRU-CY4.10,CRU-CY:Israel,gridded estimate; station support unavailable,30.0,15.316666666666666,30.0,-3.2566666666666677,30.0,-3.980000000000004,30.0,-22.00999999999999,30.0,37.326666666666654,30.0,1.2999999999999996
1986,6,0.4,23.2,29.1,6.3,0.2,1986-06-01,30,189.0,-188.6,CRU-CY4.10,CRU-CY:Israel,gridded estimate; station support unavailable,30.0,0.29333333333333333,30.0,-1.1133333333333333,30.0,-1.4499999999999993,30.0,-4.900000000000006,30.0,5.1933333333333564,30.0,0.15
1986,7,0.0,25.1,31.2,6.5,0.0,1986-07-01,31,201.5,-201.5,CRU-CY4.10,CRU-CY:Israel,gridded estimate; station support unavailable,30.0,0.0,30.0,-1.1999999999999993,30.0,-0.9533333333333296,30.0,-0.5166666666667368,30.0,0.5166666666667368,30.0,0.0
1986,8,0.0,25.5,31.4,5.8,0.0,1986-08-01,31,179.79999999999998,-179.79999999999998,CRU-CY4.10,CRU-CY:Israel,gridded estimate; station support unavailable,30.0,0.0,30.0,-1.2133333333333276,30.0,-1.009999999999998,30.0,-6.613333333333372,30.0,6.613333333333372,30.0,0.0
1986,9,1.1,25.6,31.3,5.0,0.2,1986-09-01,30,150.0,-148.9,CRU-CY4.10,CRU-CY:Israel,gridded estimate; station support unavailable,30.0,0.6866666666666668,30.0,0.503333333333341,30.0,0.42333333333333556,30.0,2.5999999999999943,30.0,-1.9133333333333553,30.0,0.10666666666666667
1986,10,33.2,21.2,27.0,3.5,4.0,1986-10-01,31,108.5,-75.3,CRU-CY4.10,CRU-CY:Israel,gridded estimate; station support unavailable,30.0,17.240000000000002,30.0,-1.2233333333333292,30.0,-1.2699999999999996,30.0,-3.8233333333333235,30.0,21.06333333333336,30.0,1.4200000000000004
1986,11,214.5,14.5,19.3,2.1,11.4,1986-11-01,30,63.0,151.5,CRU-CY4.10,CRU-CY:Israel,gridded estimate; station support unavailable,30.0,163.17333333333335,30.0,-3.2166666666666615,30.0,-4.039999999999992,30.0,-11.799999999999997,30.0,174.97333333333333,30.0,6.466666666666668
1986,12,90.1,11.9,16.6,1.7,9.3,1986-12-01,31,52.699999999999996,37.4,CRU-CY4.10,CRU-CY:Israel,gridded estimate; station support unavailable,30.0,-1.3866666666666703,30.0,-1.8999999999999986,30.0,-2.0366666666666653,30.0,-4.960000000000001,30.0,3.5733333333333306,30.0,0.3500000000000014
1987,1,75.4,12.5,17.1,1.9,8.1,1987-01-01,31,58.9,16.500000000000007,CRU-CY4.10,CRU-CY:Israel,gridded estimate; station support unavailable,30.0,-33.12333333333335,30.0,0.26666666666666927,30.0,0.31333333333333613,30.0,2.066666666666663,30.0,-35.189999999999976,30.0,-2.8766666666666687
1987,2,41.3,14.2,19.2,2.6,8.5,1987-02-01,28,72.8,-31.5,CRU-CY4.10,CRU-CY:Israel,gridded estimate; station support unavailable,30.0,-39.286666666666676,30.0,1.3533333333333335,30.0,1.3566666666666691,30.0,4.780000000000001,30.0,-44.06666666666666,30.0,-1.8533333333333335
1987,3,69.9,11.9,16.7,2.7,11.3,1987-03-01,31,83.7,-13.799999999999997,CRU-CY4.10,CRU-CY:Israel,gridded estimate; station support unavailable,30.0,25.73000000000001,30.0,-3.263333333333332,30.0,-3.916666666666668,30.0,-16.53333333333333,30.0,42.26333333333333,30.0,4.9366666666666665
1987,4,3.1,16.2,22.0,4.2,1.2,1987-04-01,30,126.0,-122.9,CRU-CY4.10,CRU-CY:Israel,gridded estimate; station support unavailable,30.0,-12.92,30.0,-2.1933333333333316,30.0,-2.649999999999995,30.0,-8.400000000000006,30.0,-4.519999999999996,30.0,-1.2933333333333332
1987,5,0.2,20.7,27.4,5.5,0.2,1987-05-01,31,170.5,-170.3,CRU-CY4.10,CRU-CY:Israel,gridded estimate; station support unavailable,30.0,-4.383333333333333,30.0,-0.8566666666666691,30.0,-0.5800000000000054,30.0,2.789999999999992,30.0,-7.173333333333346,30.0,-0.9000000000000004
1987,6,0.0,22.8,28.9,6.2,0.0,1987-06-01,30,186.0,-186.0,CRU-CY4.10,CRU-CY:Israel,gridded estimate; station support unavailable,30.0,-0.10666666666666669,30.0,-1.5133333333333319,30.0,-1.6500000000000021,30.0,-7.900000000000006,30.0,7.793333333333351,30.0,-0.05000000000000001
1987,7,0.0,26.1,32.1,6.7,0.0,1987-07-01,31,207.70000000000002,-207.70000000000002,CRU-CY4.10,CRU-CY:Israel,gridded estimate; station support unavailable,30.0,0.0,30.0,-0.1999999999999993,30.0,-0.05333333333332746,30.0,5.68333333333328,30.0,-5.68333333333328,30.0,0.0
1987,8,0.0,26.1,31.9,5.8,0.0,1987-08-01,31,179.79999999999998,-179.79999999999998,CRU-CY4.10,CRU-CY:Israel,gridded estimate; station support unavailable,30.0,0.0,30.0,-0.6133333333333262,30.0,-0.509999999999998,30.0,-6.613333333333372,30.0,6.613333333333372,30.0,0.0
1987,9,0.0,24.2,30.2,4.9,0.0,1987-09-01,30,147.0,-147.0,CRU-CY4.10,CRU-CY:Israel,gridded estimate; station support unavailable,30.0,-0.4133333333333333,30.0,-0.8966666666666612,30.0,-0.6766666666666659,30.0,-0.4000000000000057,30.0,-0.013333333333349628,30.0,-0.09333333333333334
1987,10,42.2,20.1,25.6,3.3,5.5,1987-10-01,31,102.3,-60.099999999999994,CRU-CY4.10,CRU-CY:Israel,gridded estimate; station support unavailable,30.0,26.240000000000002,30.0,-2.323333333333327,30.0,-2.669999999999998,30.0,-10.023333333333326,30.0,36.263333333333364,30.0,2.9200000000000004
1987,11,16.9,16.8,22.6,2.5,3.0,1987-11-01,30,75.0,-58.1,CRU-CY4.10,CRU-CY:Israel,gridded estimate; station support unavailable,30.0,-34.42666666666667,30.0,-0.9166666666666607,30.0,-0.7399999999999913,30.0,0.20000000000000284,30.0,-34.62666666666668,30.0,-1.9333333333333327
1987,12,154.8,13.9,17.9,1.7,13.2,1987-12-01,31,52.699999999999996,102.10000000000002,CRU-CY4.10,CRU-CY:Israel,gridded estimate; station support unavailable,30.0,63.31333333333335,30.0,0.10000000000000142,30.0,-0.7366666666666681,30.0,-4.960000000000001,30.0,68.27333333333335,30.0,4.25
1988,1,128.0,12.0,16.3,1.8,13.3,1988-01-01,31,55.800000000000004,72.19999999999999,CRU-CY4.10,CRU-CY:Israel,gridded estimate; station support unavailable,30.0,19.476666666666645,30.0,-0.23333333333333073,30.0,-0.4866666666666646,30.0,-1.0333333333333314,30.0,20.510000000000005,30.0,2.3233333333333324
1988,2,152.3,11.9,16.4,2.2,13.1,1988-02-01,29,63.800000000000004,88.5,CRU-CY4.10,CRU-CY:Israel,gridded estimate; station support unavailable,30.0,71.71333333333334,30.0,-0.9466666666666654,30.0,-1.4433333333333316,30.0,-4.219999999999992,30.0,75.93333333333334,30.0,2.746666666666666
1988,3,59.4,13.5,18.4,3.0,9.5,1988-03-01,31,93.0,-33.6,CRU-CY4.10,CRU-CY:Israel,gridded estimate; station support unavailable,30.0,15.230000000000004,30.0,-1.6633333333333322,30.0,-2.2166666666666686,30.0,-7.233333333333334,30.0,22.463333333333324,30.0,3.136666666666666
1988,4,12.7,17.7,23.9,4.4,3.1,1988-04-01,30,132.0,-119.3,CRU-CY4.10,CRU-CY:Israel,gridded estimate; station support unavailable,30.0,-3.3200000000000003,30.0,-0.6933333333333316,30.0,-0.7499999999999964,30.0,-2.4000000000000057,30.0,-0.9199999999999875,30.0,0.6066666666666669
1988,5,0.1,22.0,28.6,5.7,0.3,1988-05-01,31,176.70000000000002,-176.60000000000002,CRU-CY4.10,CRU-CY:Israel,gridded estimate; station support unavailable,30.0,-4.483333333333333,30.0,0.4433333333333316,30.0,0.6199999999999974,30.0,8.990000000000009,30.0,-13.473333333333358,30.0,-0.8000000000000003
1988,6,0.0,23.8,29.9,6.3,0.1,1988-06-01,30,189.0,-189.0,CRU-CY4.10,CRU-CY:Israel,gridded estimate; station support unavailable,30.0,-0.10666666666666669,30.0,-0.5133333333333319,30.0,-0.6500000000000021,30.0,-4.900000000000006,30.0,4.793333333333351,30.0,0.049999999999999996
1988,7,0.0,26.3,32.1,6.6,0.0,1988-07-01,31,204.6,-204.6,CRU-CY4.10,CRU-CY:Israel,gridded estimate; station support unavailable,30.0,0.0,30.0,0.0,30.0,-0.05333333333332746,30.0,2.5833333333332575,30.0,-2.5833333333332575,30.0,0.0
1988,8,0.0,25.9,31.7,5.9,0.0,1988-08-01,31,182.9,-182.9,CRU-CY4.10,CRU-CY:Israel,gridded estimate; station support unavailable,30.0,0.0,30.0,-0.813333333333329,30.0,-0.7099999999999973,30.0,-3.5133333333333496,30.0,3.5133333333333496,30.0,0.0
1988,9,0.0,24.6,30.7,5.0,0.0,1988-09-01,30,150.0,-150.0,CRU-CY4.10,CRU-CY:Israel,gridded estimate; station support unavailable,30.0,-0.4133333333333333,30.0,-0.49666666666665904,30.0,-0.17666666666666586,30.0,2.5999999999999943,30.0,-3.0133333333333496,30.0,-0.09333333333333334
1988,10,9.9,20.4,25.8,3.3,3.8,1988-10-01,31,102.3,-92.39999999999999,CRU-CY4.10,CRU-CY:Israel,gridded estimate; station support unavailable,30.0,-6.059999999999999,30.0,-2.02333333333333,30.0,-2.469999999999999,30.0,-10.023333333333326,30.0,3.9633333333333667,30.0,1.2200000000000002
1988,11,43.2,15.0,20.4,2.3,4.9,1988-11-01,30,69.0,-25.799999999999997,CRU-CY4.10,CRU-CY:Israel,gridded estimate; station support unavailable,30.0,-8.126666666666665,30.0,-2.7166666666666615,30.0,-2.939999999999994,30.0,-5.799999999999997,30.0,-2.3266666666666715,30.0,-0.03333333333333233
1988,12,148.0,12.9,17.6,1.7,13.7,1988-12-01,31,52.699999999999996,95.30000000000001,CRU-CY4.10,CRU-CY:Israel,gridded estimate; station support unavailable,30.0,56.513333333333335,30.0,-0.8999999999999986,30.0,-1.0366666666666653,30.0,-4.960000000000001,30.0,61.47333333333334,30.0,4.75
1989,1,71.9,9.3,14.1,1.7,10.9,1989-01-01,31,52.699999999999996,19.20000000000001,CRU-CY4.10,CRU-CY:Israel,gridded estimate; station support unavailable,30.0,-36.62333333333335,30.0,-2.93333333333333,30.0,-2.6866666666666656,30.0,-4.13333333333334,30.0,-32.489999999999974,30.0,-0.07666666666666799
1989,2,45.7,10.8,16.2,2.3,8.1,1989-02-01,28,64.39999999999999,-18.69999999999999,CRU-CY4.10,CRU-CY:Israel,gridded estimate; station support unavailable,30.0,-34.88666666666667,30.0,-2.046666666666665,30.0,-1.6433333333333309,30.0,-3.6200000000000045,30.0,-31.266666666666655,30.0,-2.253333333333334
1989,3,61.3,14.3,19.6,3.2,7.8,1989-03-01,31,99.2,-37.900000000000006,CRU-CY4.10,CRU-CY:Israel,gridded estimate; station support unavailable,30.0,17.130000000000003,30.0,-0.8633333333333315,30.0,-1.0166666666666657,30.0,-1.0333333333333314,30.0,18.16333333333332,30.0,1.4366666666666656
1989,4,0.5,20.4,27.7,5.1,0.3,1989-04-01,30,153.0,-152.5,CRU-CY4.10,CRU-CY:Israel,gridded estimate; station support unavailable,30.0,-15.52,30.0,2.0066666666666677,30.0,3.0500000000000043,30.0,18.599999999999994,30.0,-34.11999999999999,30.0,-2.1933333333333334
1989,5,0.1,21.8,28.4,5.7,0.2,1989-05-01,31,176.70000000000002,-176.60000000000002,CRU-CY4.10,CRU-CY:Israel,gridded estimate; station support unavailable,30.0,-4.483333333333333,30.0,0.2433333333333323,30.0,0.4199999999999946,30.0,8.990000000000009,30.0,-13.473333333333358,30.0,-0.9000000000000004
1989,6,0.0,23.0,29.2,6.3,0.0,1989-06-01,30,189.0,-189.0,CRU-CY4.10,CRU-CY:Israel,gridded estimate; station support unavailable,30.0,-0.10666666666666669,30.0,-1.3133333333333326,30.0,-1.3500000000000014,30.0,-4.900000000000006,30.0,4.793333333333351,30.0,-0.05000000000000001
1989,7,0.0,25.3,31.2,6.5,0.0,1989-07-01,31,201.5,-201.5,CRU-CY4.10,CRU-CY:Israel,gridded estimate; station support unavailable,30.0,0.0,30.0,-1.0,30.0,-0.9533333333333296,30.0,-0.5166666666667368,30.0,0.5166666666667368,30.0,0.0
1989,8,0.0,25.5,31.3,5.9,0.0,1989-08-01,31,182.9,-182.9,CRU-CY4.10,CRU-CY:Israel,gridded estimate; station support unavailable,30.0,0.0,30.0,-1.2133333333333276,30.0,-1.1099999999999959,30.0,-3.5133333333333496,30.0,3.5133333333333496,30.0,0.0
1989,9,0.0,24.2,30.1,4.8,0.0,1989-09-01,30,144.0,-144.0,CRU-CY4.10,CRU-CY:Israel,gridded estimate; station support unavailable,30.0,-0.4133333333333333,30.0,-0.8966666666666612,30.0,-0.7766666666666637,30.0,-3.4000000000000057,30.0,2.9866666666666504,30.0,-0.09333333333333334
1989,10,16.6,20.5,26.1,3.4,2.2,1989-10-01,31,105.39999999999999,-88.79999999999998,CRU-CY4.10,CRU-CY:Israel,gridded estimate; station support unavailable,30.0,0.6400000000000023,30.0,-1.9233333333333285,30.0,-2.169999999999998,30.0,-6.923333333333332,30.0,7.563333333333375,30.0,-0.37999999999999945
1989,11,69.8,17.3,22.6,2.5,5.8,1989-11-01,30,75.0,-5.200000000000003,CRU-CY4.10,CRU-CY:Israel,gridded estimate; station support unavailable,30.0,18.47333333333333,30.0,-0.41666666666666075,30.0,-0.7399999999999913,30.0,0.20000000000000284,30.0,18.273333333333323,30.0,0.8666666666666671
1989,12,62.6,13.0,18.0,1.9,7.0,1989-12-01,31,58.9,3.700000000000003,CRU-CY4.10,CRU-CY:Israel,gridded estimate; station support unavailable,30.0,-28.886666666666663,30.0,-0.7999999999999989,30.0,-0.6366666666666667,30.0,1.240000000000002,30.0,-30.126666666666665,30.0,-1.9499999999999993
1990,1,114.2,11.0,15.8,1.8,10.9,1990-01-01,31,55.800000000000004,58.4,CRU-CY4.10,CRU-CY:Israel,gridded estimate; station support unavailable,30.0,5.676666666666648,30.0,-1.2333333333333307,30.0,-0.9866666666666646,30.0,-1.0333333333333314,30.0,6.710000000000015,30.0,-0.07666666666666799
1990,2,62.2,11.3,15.8,2.2,9.5,1990-02-01,28,61.60000000000001,0.5999999999999943,CRU-CY4.10,CRU-CY:Israel,gridded estimate; station support unavailable,30.0,-18.38666666666667,30.0,-1.546666666666665,30.0,-2.0433333333333294,30.0,-6.4199999999999875,30.0,-11.966666666666672,30.0,-0.8533333333333335
1990,3,60.7,13.8,19.4,3.3,9.0,1990-03-01,31,102.3,-41.599999999999994,CRU-CY4.10,CRU-CY:Israel,gridded estimate; station support unavailable,30.0,16.53000000000001,30.0,-1.3633333333333315,30.0,-1.2166666666666686,30.0,2.066666666666663,30.0,14.463333333333331,30.0,2.636666666666666
1990,4,30.9,17.7,23.9,4.3,4.1,1990-04-01,30,129.0,-98.1,CRU-CY4.10,CRU-CY:Israel,gridded estimate; station support unavailable,30.0,14.879999999999999,30.0,-0.6933333333333316,30.0,-0.7499999999999964,30.0,-5.400000000000006,30.0,20.280000000000015,30.0,1.6066666666666665
1990,5,0.9,20.3,26.5,5.2,1.0,1990-05-01,31,161.20000000000002,-160.3,CRU-CY4.10,CRU-CY:Israel,gridded estimate; station support unavailable,30.0,-3.683333333333333,30.0,-1.2566666666666677,30.0,-1.480000000000004,30.0,-6.509999999999991,30.0,2.826666666666654,30.0,-0.10000000000000031
1990,6,0.0,23.3,29.4,6.4,0.0,1990-06-01,30,192.0,-192.0,CRU-CY4.10,CRU-CY:Israel,gridded estimate; station support unavailable,30.0,-0.10666666666666669,30.0,-1.0133333333333319,30.0,-1.1500000000000021,30.0,-1.9000000000000057,30.0,1.7933333333333508,30.0,-0.05000000000000001
1990,7,0.0,25.3,31.1,6.4,0.0,1990-07-01,31,198.4,-198.4,CRU-CY4.10,CRU-CY:Israel,gridded estimate; station support unavailable,30.0,0.0,30.0,-1.0,30.0,-1.0533333333333275,30.0,-3.616666666666731,30.0,3.616666666666731,30.0,0.0
1990,8,0.0,25.4,31.2,5.8,0.0,1990-08-01,31,179.79999999999998,-179.79999999999998,CRU-CY4.10,CRU-CY:Israel,gridded estimate; station support unavailable,30.0,0.0,30.0,-1.313333333333329,30.0,-1.2099999999999973,30.0,-6.613333333333372,30.0,6.613333333333372,30.0,0.0
1990,9,0.1,23.8,29.3,4.7,0.0,1990-09-01,30,141.0,-140.9,CRU-CY4.10,CRU-CY:Israel,gridded estimate; station support unavailable,30.0,-0.31333333333333324,30.0,-1.2966666666666598,30.0,-1.5766666666666644,30.0,-6.400000000000006,30.0,6.086666666666645,30.0,-0.09333333333333334
1990,10,9.6,22.2,28.0,3.6,3.2,1990-10-01,31,111.60000000000001,-102.00000000000001,CRU-CY4.10,CRU-CY:Israel,gridded estimate; station support unavailable,30.0,-6.359999999999999,30.0,-0.22333333333332916,30.0,-0.2699999999999996,30.0,-0.723333333333315,30.0,-5.636666666666656,30.0,0.6200000000000006
1990,11,20.5,19.3,25.2,2.7,3.1,1990-11-01,30,81.0,-60.5,CRU-CY4.10,CRU-CY:Israel,gridded estimate; station support unavailable,30.0,-30.826666666666668,30.0,1.5833333333333393,30.0,1.8600000000000065,30.0,6.200000000000003,30.0,-37.02666666666667,30.0,-1.8333333333333326
1990,12,20.8,15.3,20.4,2.1,3.7,1990-12-01,31,65.10000000000001,-44.30000000000001,CRU-CY4.10,CRU-CY:Israel,gridded estimate; station support unavailable,30.0,-70.68666666666667,30.0,1.5000000000000018,30.0,1.7633333333333319,30.0,7.440000000000012,30.0,-78.12666666666668,30.0,-5.249999999999999
1991,1,145.1,11.8,16.4,1.9,13.4,1991-01-01,31,58.9,86.19999999999999,CRU-CY4.10,CRU-CY:Israel,gridded estimate; station support unavailable,30.0,36.57666666666664,30.0,-0.43333333333333,30.0,-0.3866666666666667,30.0,2.066666666666663,30.0,34.510000000000005,30.0,2.423333333333332
1991,2,58.6,12.3,17.2,2.4,9.4,1991-02-01,28,67.2,-8.600000000000001,CRU-CY4.10,CRU-CY:Israel,gridded estimate; station support unavailable,30.0,-21.98666666666667,30.0,-0.5466666666666651,30.0,-0.6433333333333309,30.0,-0.8199999999999932,30.0,-21.166666666666668,30.0,-0.9533333333333331
1991,3,93.4,15.7,20.7,3.2,11.5,1991-03-01,31,99.2,-5.799999999999997,CRU-CY4.10,CRU-CY:Israel,gridded estimate; station support unavailable,30.0,49.23000000000001,30.0,0.5366666666666671,30.0,0.08333333333333215,30.0,-1.0333333333333314,30.0,50.26333333333333,30.0,5.136666666666666
1991,4,15.0,19.2,25.4,4.6,2.6,1991-04-01,30,138.0,-123.0,CRU-CY4.10,CRU-CY:Israel,gridded estimate; station support unavailable,30.0,-1.0199999999999996,30.0,0.8066666666666684,30.0,0.7500000000000036,30.0,3.5999999999999943,30.0,-4.61999999999999,30.0,0.10666666666666691
1991,5,2.7,20.5,26.7,5.2,1.2,1991-05-01,31,161.20000000000002,-158.50000000000003,CRU-CY4.10,CRU-CY:Israel,gridded estimate; station support unavailable,30.0,-1.8833333333333329,30.0,-1.0566666666666684,30.0,-1.2800000000000047,30.0,-6.509999999999991,30.0,4.626666666666637,30.0,0.09999999999999964
1991,6,0.0,23.6,29.8,6.4,0.0,1991-06-01,30,192.0,-192.0,CRU-CY4.10,CRU-CY:Israel,gridded estimate; station support unavailable,30.0,-0.10666666666666669,30.0,-0.7133333333333312,30.0,-0.75,30.0,-1.9000000000000057,30.0,1.7933333333333508,30.0,-0.05000000000000001
1991,7,0.0,24.7,30.4,6.2,0.0,1991-07-01,31,192.20000000000002,-192.20000000000002,CRU-CY4.10,CRU-CY:Israel,gridded estimate; station support unavailable,30.0,0.0,30.0,-1.6000000000000014,30.0,-1.7533333333333303,30.0,-9.81666666666672,30.0,9.81666666666672,30.0,0.0
1991,8,0.0,25.1,30.6,5.6,0.0,1991-08-01,31,173.6,-173.6,CRU-CY4.10,CRU-CY:Israel,gridded estimate; station support unavailable,30.0,0.0,30.0,-1.6133333333333262,30.0,-1.8099999999999952,30.0,-12.813333333333361,30.0,12.813333333333361,30.0,0.0
1991,9,1.0,23.9,29.6,4.6,0.0,1991-09-01,30,138.0,-137.0,CRU-CY4.10,CRU-CY:Israel,gridded estimate; station support unavailable,30.0,0.5866666666666667,30.0,-1.1966666666666619,30.0,-1.2766666666666637,30.0,-9.400000000000006,30.0,9.98666666666665,30.0,-0.09333333333333334
1991,10,11.6,22.1,27.8,3.5,3.1,1991-10-01,31,108.5,-96.9,CRU-CY4.10,CRU-CY:Israel,gridded estimate; station support unavailable,30.0,-4.359999999999999,30.0,-0.32333333333332703,30.0,-0.46999999999999886,30.0,-3.8233333333333235,30.0,-0.5366666666666475,30.0,0.5200000000000005
1991,11,91.9,17.8,23.3,2.5,7.0,1991-11-01,30,75.0,16.900000000000006,CRU-CY4.10,CRU-CY:Israel,gridded estimate; station support unavailable,30.0,40.57333333333334,30.0,0.08333333333333925,30.0,-0.03999999999999204,30.0,0.20000000000000284,30.0,40.373333333333335,30.0,2.0666666666666673
1991,12,239.3,11.3,15.5,1.6,15.2,1991-12-01,31,49.6,189.70000000000002,CRU-CY4.10,CRU-CY:Israel,gridded estimate; station support unavailable,30.0,147.81333333333333,30.0,-2.4999999999999982,30.0,-3.1366666666666667,30.0,-8.059999999999995,30.0,155.87333333333333,30.0,6.25
1992,1,161.6,9.4,13.7,1.6,13.6,1992-01-01,31,49.6,112.0,CRU-CY4.10,CRU-CY:Israel,gridded estimate; station support unavailable,30.0,53.07666666666664,30.0,-2.8333333333333304,30.0,-3.086666666666666,30.0,-7.233333333333334,30.0,60.31000000000002,30.0,2.6233333333333313
1992,2,171.1,9.2,13.5,1.9,14.4,1992-02-01,29,55.099999999999994,116.0,CRU-CY4.10,CRU-CY:Israel,gridded estimate; station support unavailable,30.0,90.51333333333332,30.0,-3.6466666666666665,30.0,-4.34333333333333,30.0,-12.920000000000002,30.0,103.43333333333334,30.0,4.046666666666667
1992,3,27.3,12.6,17.7,2.9,5.8,1992-03-01,31,89.89999999999999,-62.599999999999994,CRU-CY4.10,CRU-CY:Israel,gridded estimate; station support unavailable,30.0,-16.869999999999994,30.0,-2.5633333333333326,30.0,-2.916666666666668,30.0,-10.333333333333343,30.0,-6.536666666666669,30.0,-0.5633333333333344
1992,4,6.8,16.8,22.9,4.2,1.1,1992-04-01,30,126.0,-119.2,CRU-CY4.10,CRU-CY:Israel,gridded estimate; station support unavailable,30.0,-9.219999999999999,30.0,-1.5933333333333302,30.0,-1.7499999999999964,30.0,-8.400000000000006,30.0,-0.8199999999999932,30.0,-1.393333333333333
1992,5,7.7,19.8,26.0,5.0,2.2,1992-05-01,31,155.0,-147.3,CRU-CY4.10,CRU-CY:Israel,gridded estimate; station support unavailable,30.0,3.116666666666667,30.0,-1.7566666666666677,30.0,-1.980000000000004,30.0,-12.710000000000008,30.0,15.826666666666654,30.0,1.0999999999999999
1992,6,1.6,23.2,29.3,6.2,0.5,1992-06-01,30,186.0,-184.4,CRU-CY4.10,CRU-CY:Israel,gridded estimate; station support unavailable,30.0,1.4933333333333334,30.0,-1.1133333333333333,30.0,-1.25,30.0,-7.900000000000006,30.0,9.393333333333345,30.0,0.45
1992,7,0.0,24.4,30.3,6.2,0.0,1992-07-01,31,192.20000000000002,-192.20000000000002,CRU-CY4.10,CRU-CY:Israel,gridded estimate; station support unavailable,30.0,0.0,30.0,-1.9000000000000021,30.0,-1.8533333333333282,30.0,-9.81666666666672,30.0,9.81666666666672,30.0,0.0
1992,8,0.0,25.9,31.7,5.9,0.0,1992-08-01,31,182.9,-182.9,CRU-CY4.10,CRU-CY:Israel,gridded estimate; station support unavailable,30.0,0.0,30.0,-0.813333333333329,30.0,-0.7099999999999973,30.0,-3.5133333333333496,30.0,3.5133333333333496,30.0,0.0
1992,9,0.1,23.7,29.6,4.8,0.1,1992-09-01,30,144.0,-143.9,CRU-CY4.10,CRU-CY:Israel,gridded estimate; station support unavailable,30.0,-0.31333333333333324,30.0,-1.3966666666666612,30.0,-1.2766666666666637,30.0,-3.4000000000000057,30.0,3.0866666666666447,30.0,0.006666666666666668
1992,10,0.4,22.3,28.7,3.8,0.1,1992-10-01,31,117.8,-117.39999999999999,CRU-CY4.10,CRU-CY:Israel,gridded estimate; station support unavailable,30.0,-15.559999999999999,30.0,-0.12333333333332774,30.0,0.4299999999999997,30.0,5.476666666666674,30.0,-21.036666666666633,30.0,-2.4799999999999995
1992,11,65.0,17.0,22.5,2.4,5.6,1992-11-01,30,72.0,-7.0,CRU-CY4.10,CRU-CY:Israel,gridded estimate; station support unavailable,30.0,13.673333333333332,30.0,-0.7166666666666615,30.0,-0.8399999999999928,30.0,-2.799999999999997,30.0,16.473333333333326,30.0,0.666666666666667
1992,12,201.3,11.2,15.6,1.6,15.0,1992-12-01,31,49.6,151.70000000000002,CRU-CY4.10,CRU-CY:Israel,gridded estimate; station support unavailable,30.0,109.81333333333335,30.0,-2.5999999999999996,30.0,-3.036666666666667,30.0,-8.059999999999995,30.0,117.87333333333335,30.0,6.050000000000001
1993,1,101.7,10.5,15.0,1.7,9.9,1993-01-01,31,52.699999999999996,49.00000000000001,CRU-CY4.10,CRU-CY:Israel,gridded estimate; station support unavailable,30.0,-6.823333333333352,30.0,-1.7333333333333307,30.0,-1.7866666666666653,30.0,-4.13333333333334,30.0,-2.6899999999999764,30.0,-1.076666666666668
1993,2,82.2,10.1,15.0,2.1,10.7,1993-02-01,28,58.800000000000004,23.4,CRU-CY4.10,CRU-CY:Israel,gridded estimate; station support unavailable,30.0,1.6133333333333297,30.0,-2.746666666666666,30.0,-2.84333333333333,30.0,-9.219999999999992,30.0,10.833333333333332,30.0,0.3466666666666658
1993,3,27.5,14.0,19.5,3.2,6.1,1993-03-01,31,99.2,-71.7,CRU-CY4.10,CRU-CY:Israel,gridded estimate; station support unavailable,30.0,-16.669999999999995,30.0,-1.1633333333333322,30.0,-1.1166666666666671,30.0,-1.0333333333333314,30.0,-15.636666666666677,30.0,-0.26333333333333453
1993,4,1.4,18.1,24.2,4.5,0.9,1993-04-01,30,135.0,-133.6,CRU-CY4.10,CRU-CY:Israel,gridded estimate; station support unavailable,30.0,-14.62,30.0,-0.29333333333332945,30.0,-0.44999999999999574,30.0,0.5999999999999943,30.0,-15.219999999999985,30.0,-1.5933333333333333
1993,5,11.7,19.7,25.6,5.0,2.1,1993-05-01,31,155.0,-143.3,CRU-CY4.10,CRU-CY:Israel,gridded estimate; station support unavailable,30.0,7.116666666666666,30.0,-1.8566666666666691,30.0,-2.3800000000000026,30.0,-12.710000000000008,30.0,19.826666666666654,30.0,0.9999999999999998
1993,6,0.1,23.9,30.3,6.4,0.1,1993-06-01,30,192.0,-191.9,CRU-CY4.10,CRU-CY:Israel,gridded estimate; station support unavailable,30.0,-0.006666666666666682,30.0,-0.413333333333334,30.0,-0.25,30.0,-1.9000000000000057,30.0,1.893333333333345,30.0,0.049999999999999996
1993,7,0.0,25.3,31.4,6.4,0.0,1993-07-01,31,198.4,-198.4,CRU-CY4.10,CRU-CY:Israel,gridded estimate; station support unavailable,30.0,0.0,30.0,-1.0,30.0,-0.7533333333333303,30.0,-3.616666666666731,30.0,3.616666666666731,30.0,0.0
1993,8,0.0,26.3,32.2,5.9,0.0,1993-08-01,31,182.9,-182.9,CRU-CY4.10,CRU-CY:Israel,gridded estimate; station support unavailable,30.0,0.0,30.0,-0.4133333333333269,30.0,-0.20999999999999375,30.0,-3.5133333333333496,30.0,3.5133333333333496,30.0,0.0
1993,9,0.0,24.3,30.2,4.9,0.0,1993-09-01,30,147.0,-147.0,CRU-CY4.10,CRU-CY:Israel,gridded estimate; station support unavailable,30.0,-0.4133333333333333,30.0,-0.7966666666666598,30.0,-0.6766666666666659,30.0,-0.4000000000000057,30.0,-0.013333333333349628,30.0,-0.09333333333333334
1993,10,16.8,23.3,29.1,3.8,3.2,1993-10-01,31,117.8,-101.0,CRU-CY4.10,CRU-CY:Israel,gridded estimate; station support unavailable,30.0,0.8400000000000016,30.0,0.8766666666666723,30.0,0.8300000000000018,30.0,5.476666666666674,30.0,-4.636666666666642,30.0,0.6200000000000006
1993,11,28.7,16.8,22.4,2.5,4.7,1993-11-01,30,75.0,-46.3,CRU-CY4.10,CRU-CY:Israel,gridded estimate; station support unavailable,30.0,-22.62666666666667,30.0,-0.9166666666666607,30.0,-0.9399999999999942,30.0,0.20000000000000284,30.0,-22.82666666666667,30.0,-0.2333333333333325
1993,12,59.2,14.3,19.2,2.0,7.0,1993-12-01,31,62.0,-2.799999999999997,CRU-CY4.10,CRU-CY:Israel,gridded estimate; station support unavailable,30.0,-32.28666666666666,30.0,0.5000000000000018,30.0,0.5633333333333326,30.0,4.340000000000003,30.0,-36.626666666666665,30.0,-1.9499999999999993
1994,1,127.8,13.8,18.2,1.9,13.8,1994-01-01,31,58.9,68.9,CRU-CY4.10,CRU-CY:Israel,gridded estimate; station support unavailable,30.0,19.276666666666642,30.0,1.56666666666667,30.0,1.413333333333334,30.0,2.066666666666663,30.0,17.210000000000022,30.0,2.8233333333333324
1994,2,84.2,12.5,17.3,2.4,10.3,1994-02-01,28,67.2,17.0,CRU-CY4.10,CRU-CY:Israel,gridded estimate; station support unavailable,30.0,3.6133333333333297,30.0,-0.3466666666666658,30.0,-0.5433333333333294,30.0,-0.8199999999999932,30.0,4.433333333333334,30.0,-0.05333333333333279
1994,3,60.3,14.2,19.2,3.0,8.7,1994-03-01,31,93.0,-32.7,CRU-CY4.10,CRU-CY:Israel,gridded estimate; station support unavailable,30.0,16.130000000000003,30.0,-0.9633333333333329,30.0,-1.4166666666666679,30.0,-7.233333333333334,30.0,23.363333333333323,30.0,2.336666666666665
1994,4,8.7,19.9,26.4,4.9,1.9,1994-04-01,30,147.0,-138.3,CRU-CY4.10,CRU-CY:Israel,gridded estimate; station support unavailable,30.0,-7.32,30.0,1.5066666666666677,30.0,1.7500000000000036,30.0,12.599999999999994,30.0,-19.92,30.0,-0.5933333333333333
1994,5,4.2,21.8,28.3,5.6,1.1,1994-05-01,31,173.6,-169.4,CRU-CY4.10,CRU-CY:Israel,gridded estimate; station support unavailable,30.0,-0.38333333333333286,30.0,0.2433333333333323,30.0,0.31999999999999673,30.0,5.889999999999986,30.0,-6.2733333333333405,30.0,-2.220446049250313e-16
1994,6,0.0,23.4,29.6,6.3,0.0,1994-06-01,30,189.0,-189.0,CRU-CY4.10,CRU-CY:Israel,gridded estimate; station support unavailable,30.0,-0.10666666666666669,30.0,-0.913333333333334,30.0,-0.9499999999999993,30.0,-4.900000000000006,30.0,4.793333333333351,30.0,-0.05000000000000001
1994,7,0.0,25.2,30.9,6.3,0.0,1994-07-01,31,195.29999999999998,-195.29999999999998,CRU-CY4.10,CRU-CY:Israel,gridded estimate; station support unavailable,30.0,0.0,30.0,-1.1000000000000014,30.0,-1.2533333333333303,30.0,-6.716666666666754,30.0,6.716666666666754,30.0,0.0
1994,8,0.0,25.9,31.8,5.9,0.0,1994-08-01,31,182.9,-182.9,CRU-CY4.10,CRU-CY:Israel,gridded estimate; station support unavailable,30.0,0.0,30.0,-0.813333333333329,30.0,-0.6099999999999959,30.0,-3.5133333333333496,30.0,3.5133333333333496,30.0,0.0
1994,9,0.4,26.0,31.9,5.1,0.2,1994-09-01,30,153.0,-152.6,CRU-CY4.10,CRU-CY:Israel,gridded estimate; station support unavailable,30.0,-0.013333333333333253,30.0,0.9033333333333395,30.0,1.0233333333333334,30.0,5.599999999999994,30.0,-5.613333333333344,30.0,0.10666666666666667
1994,10,18.0,24.0,30.2,3.8,3.8,1994-10-01,31,117.8,-99.8,CRU-CY4.10,CRU-CY:Israel,gridded estimate; station support unavailable,30.0,2.040000000000001,30.0,1.5766666666666715,30.0,1.9299999999999997,30.0,5.476666666666674,30.0,-3.436666666666639,30.0,1.2200000000000002
1994,11,207.3,16.2,21.2,2.2,12.0,1994-11-01,30,66.0,141.3,CRU-CY4.10,CRU-CY:Israel,gridded estimate; station support unavailable,30.0,155.97333333333336,30.0,-1.5166666666666622,30.0,-2.1399999999999935,30.0,-8.799999999999997,30.0,164.77333333333334,30.0,7.066666666666667
1994,12,127.1,11.3,15.9,1.7,11.2,1994-12-01,31,52.699999999999996,74.4,CRU-CY4.10,CRU-CY:Israel,gridded estimate; station support unavailable,30.0,35.61333333333333,30.0,-2.4999999999999982,30.0,-2.7366666666666664,30.0,-4.960000000000001,30.0,40.57333333333334,30.0,2.25
1995,1,26.2,12.4,17.0,1.9,4.4,1995-01-01,31,58.9,-32.7,CRU-CY4.10,CRU-CY:Israel,gridded estimate; station support unavailable,30.0,-82.32333333333335,30.0,0.16666666666666963,30.0,0.2133333333333347,30.0,2.066666666666663,30.0,-84.38999999999999,30.0,-6.576666666666668
1995,2,77.6,12.7,17.6,2.4,10.4,1995-02-01,28,67.2,10.399999999999991,CRU-CY4.10,CRU-CY:Israel,gridded estimate; station support unavailable,30.0,-2.986666666666679,30.0,-0.1466666666666665,30.0,-0.24333333333332874,30.0,-0.8199999999999932,30.0,-2.166666666666675,30.0,0.046666666666666856
1995,3,33.8,14.8,20.3,3.3,5.3,1995-03-01,31,102.3,-68.5,CRU-CY4.10,CRU-CY:Israel,gridded estimate; station support unavailable,30.0,-10.369999999999997,30.0,-0.3633333333333315,30.0,-0.31666666666666643,30.0,2.066666666666663,30.0,-12.436666666666675,30.0,-1.0633333333333344
1995,4,22.4,16.9,23.2,4.4,3.5,1995-04-01,30,132.0,-109.6,CRU-CY4.10,CRU-CY:Israel,gridded estimate; station support unavailable,30.0,6.379999999999999,30.0,-1.4933333333333323,30.0,-1.4499999999999957,30.0,-2.4000000000000057,30.0,8.780000000000015,30.0,1.0066666666666668
1995,5,2.3,21.2,27.9,5.5,0.6,1995-05-01,31,170.5,-168.2,CRU-CY4.10,CRU-CY:Israel,gridded estimate; station support unavailable,30.0,-2.283333333333333,30.0,-0.35666666666666913,30.0,-0.0800000000000054,30.0,2.789999999999992,30.0,-5.0733333333333235,30.0,-0.5000000000000003
1995,6,0.0,25.0,31.6,6.7,0.0,1995-06-01,30,201.0,-201.0,CRU-CY4.10,CRU-CY:Israel,gridded estimate; station support unavailable,30.0,-0.10666666666666669,30.0,0.6866666666666674,30.0,1.0500000000000007,30.0,7.099999999999994,30.0,-7.206666666666649,30.0,-0.05000000000000001
1995,7,0.0,25.6,31.6,6.4,0.0,1995-07-01,31,198.4,-198.4,CRU-CY4.10,CRU-CY:Israel,gridded estimate; station support unavailable,30.0,0.0,30.0,-0.6999999999999993,30.0,-0.5533333333333275,30.0,-3.616666666666731,30.0,3.616666666666731,30.0,0.0
1995,8,0.0,26.3,32.0,6.0,0.0,1995-08-01,31,186.0,-186.0,CRU-CY4.10,CRU-CY:Israel,gridded estimate; station support unavailable,30.0,0.0,30.0,-0.4133333333333269,30.0,-0.4099999999999966,30.0,-0.4133333333333553,30.0,0.4133333333333553,30.0,0.0
1995,9,0.0,25.0,31.1,4.9,0.0,1995-09-01,30,147.0,-147.0,CRU-CY4.10,CRU-CY:Israel,gridded estimate; station support unavailable,30.0,-0.4133333333333333,30.0,-0.09666666666666046,30.0,0.22333333333333627,30.0,-0.4000000000000057,30.0,-0.013333333333349628,30.0,-0.09333333333333334
1995,10,0.9,21.1,27.2,3.5,0.5,1995-10-01,31,108.5,-107.6,CRU-CY4.10,CRU-CY:Israel,gridded estimate; station support unavailable,30.0,-15.059999999999999,30.0,-1.323333333333327,30.0,-1.0700000000000003,30.0,-3.8233333333333235,30.0,-11.236666666666636,30.0,-2.0799999999999996
1995,11,68.4,15.6,21.4,2.4,6.8,1995-11-01,30,72.0,-3.5999999999999943,CRU-CY4.10,CRU-CY:Israel,gridded estimate; station support unavailable,30.0,17.073333333333338,30.0,-2.116666666666662,30.0,-1.9399999999999942,30.0,-2.799999999999997,30.0,19.87333333333333,30.0,1.8666666666666671
1995,12,32.5,12.9,18.0,1.8,7.5,1995-12-01,31,55.800000000000004,-23.300000000000004,CRU-CY4.10,CRU-CY:Israel,gridded estimate; station support unavailable,30.0,-58.986666666666665,30.0,-0.8999999999999986,30.0,-0.6366666666666667,30.0,-1.8599999999999923,30.0,-57.12666666666667,30.0,-1.4499999999999993
1996,1,137.2,12.4,16.8,1.8,14.2,1996-01-01,31,55.800000000000004,81.39999999999998,CRU-CY4.10,CRU-CY:Israel,gridded estimate; station support unavailable,30.0,28.676666666666634,30.0,0.16666666666666963,30.0,0.013333333333335418,30.0,-1.0333333333333314,30.0,29.709999999999994,30.0,3.223333333333331
1996,2,34.6,13.7,18.5,2.5,8.9,1996-02-01,29,72.5,-37.9,CRU-CY4.10,CRU-CY:Israel,gridded estimate; station support unavailable,30.0,-45.98666666666667,30.0,0.8533333333333335,30.0,0.6566666666666698,30.0,4.480000000000004,30.0,-50.46666666666667,30.0,-1.4533333333333331
1996,3,85.4,14.0,19.1,2.9,10.2,1996-03-01,31,89.89999999999999,-4.499999999999986,CRU-CY4.10,CRU-CY:Israel,gridded estimate; station support unavailable,30.0,41.23000000000001,30.0,-1.1633333333333322,30.0,-1.5166666666666657,30.0,-10.333333333333343,30.0,51.56333333333334,30.0,3.836666666666665
1996,4,17.1,17.1,23.3,4.4,2.8,1996-04-01,30,132.0,-114.9,CRU-CY4.10,CRU-CY:Israel,gridded estimate; station support unavailable,30.0,1.0800000000000018,30.0,-1.2933333333333294,30.0,-1.3499999999999943,30.0,-2.4000000000000057,30.0,3.480000000000004,30.0,0.30666666666666664
1996,5,0.5,22.6,29.1,5.6,0.1,1996-05-01,31,173.6,-173.1,CRU-CY4.10,CRU-CY:Israel,gridded estimate; station support unavailable,30.0,-4.083333333333333,30.0,1.043333333333333,30.0,1.1199999999999974,30.0,5.889999999999986,30.0,-9.97333333333333,30.0,-1.0000000000000002
1996,6,0.0,23.8,30.0,6.5,0.0,1996-06-01,30,195.0,-195.0,CRU-CY4.10,CRU-CY:Israel,gridded estimate; station support unavailable,30.0,-0.10666666666666669,30.0,-0.5133333333333319,30.0,-0.5500000000000007,30.0,1.0999999999999943,30.0,-1.2066666666666492,30.0,-0.05000000000000001
1996,7,0.0,26.6,32.3,6.4,0.0,1996-07-01,31,198.4,-198.4,CRU-CY4.10,CRU-CY:Israel,gridded estimate; station support unavailable,30.0,0.0,30.0,0.3000000000000007,30.0,0.14666666666666828,30.0,-3.616666666666731,30.0,3.616666666666731,30.0,0.0
1996,8,0.0,26.4,32.3,6.0,0.0,1996-08-01,31,186.0,-186.0,CRU-CY4.10,CRU-CY:Israel,gridded estimate; station support unavailable,30.0,0.0,30.0,-0.313333333333329,30.0,-0.10999999999999943,30.0,-0.4133333333333553,30.0,0.4133333333333553,30.0,0.0
1996,9,0.6,25.0,31.0,4.9,0.1,1996-09-01,30,147.0,-146.4,CRU-CY4.10,CRU-CY:Israel,gridded estimate; station support unavailable,30.0,0.1866666666666667,30.0,-0.09666666666666046,30.0,0.12333333333333485,30.0,-0.4000000000000057,30.0,0.5866666666666447,30.0,0.006666666666666668
1996,10,27.6,20.8,26.6,3.5,3.2,1996-10-01,31,108.5,-80.9,CRU-CY4.10,CRU-CY:Israel,gridded estimate; station support unavailable,30.0,11.640000000000002,30.0,-1.6233333333333277,30.0,-1.6699999999999982,30.0,-3.8233333333333235,30.0,15.463333333333352,30.0,0.6200000000000006
1996,11,18.4,18.0,23.7,2.6,4.3,1996-11-01,30,78.0,-59.6,CRU-CY4.10,CRU-CY:Israel,gridded estimate; station support unavailable,30.0,-32.92666666666667,30.0,0.28333333333333854,30.0,0.36000000000000654,30.0,3.200000000000003,30.0,-36.12666666666668,30.0,-0.6333333333333329
1996,12,55.3,15.1,19.9,1.9,7.5,1996-12-01,31,58.9,-3.6000000000000014,CRU-CY4.10,CRU-CY:Israel,gridded estimate; station support unavailable,30.0,-36.18666666666667,30.0,1.3000000000000007,30.0,1.2633333333333319,30.0,1.240000000000002,30.0,-37.42666666666667,30.0,-1.4499999999999993
1997,1,92.9,13.0,17.7,2.0,12.1,1997-01-01,31,62.0,30.900000000000006,CRU-CY4.10,CRU-CY:Israel,gridded estimate; station support unavailable,30.0,-15.623333333333349,30.0,0.7666666666666693,30.0,0.913333333333334,30.0,5.166666666666664,30.0,-20.789999999999978,30.0,1.1233333333333313
1997,2,115.6,10.2,15.2,2.2,11.3,1997-02-01,28,61.60000000000001,53.999999999999986,CRU-CY4.10,CRU-CY:Israel,gridded estimate; station support unavailable,30.0,35.01333333333332,30.0,-2.6466666666666665,30.0,-2.643333333333331,30.0,-6.4199999999999875,30.0,41.43333333333332,30.0,0.9466666666666672
1997,3,81.9,12.4,17.5,2.9,10.1,1997-03-01,31,89.89999999999999,-7.999999999999986,CRU-CY4.10,CRU-CY:Israel,gridded estimate; station support unavailable,30.0,37.73000000000001,30.0,-2.763333333333332,30.0,-3.116666666666667,30.0,-10.333333333333343,30.0,48.06333333333334,30.0,3.7366666666666655
1997,4,13.9,16.2,22.2,4.0,2.2,1997-04-01,30,120.0,-106.1,CRU-CY4.10,CRU-CY:Israel,gridded estimate; station support unavailable,30.0,-2.119999999999999,30.0,-2.1933333333333316,30.0,-2.4499999999999957,30.0,-14.400000000000006,30.0,12.280000000000015,30.0,-0.293333333333333
1997,5,7.0,21.9,28.4,5.7,1.9,1997-05-01,31,176.70000000000002,-169.70000000000002,CRU-CY4.10,CRU-CY:Israel,gridded estimate; station support unavailable,30.0,2.416666666666667,30.0,0.34333333333333016,30.0,0.4199999999999946,30.0,8.990000000000009,30.0,-6.573333333333352,30.0,0.7999999999999996
1997,6,0.2,24.1,30.4,6.4,0.0,1997-06-01,30,192.0,-191.8,CRU-CY4.10,CRU-CY:Israel,gridded estimate; station support unavailable,30.0,0.09333333333333332,30.0,-0.21333333333333115,30.0,-0.15000000000000213,30.0,-1.9000000000000057,30.0,1.9933333333333394,30.0,-0.05000000000000001
1997,7,0.0,26.1,31.9,6.6,0.0,1997-07-01,31,204.6,-204.6,CRU-CY4.10,CRU-CY:Israel,gridded estimate; station support unavailable,30.0,0.0,30.0,-0.1999999999999993,30.0,-0.2533333333333303,30.0,2.5833333333332575,30.0,-2.5833333333332575,30.0,0.0
1997,8,0.0,24.7,30.2,5.7,0.0,1997-08-01,31,176.70000000000002,-176.70000000000002,CRU-CY4.10,CRU-CY:Israel,gridded estimate; station support unavailable,30.0,0.0,30.0,-2.0133333333333283,30.0,-2.2099999999999973,30.0,-9.713333333333338,30.0,9.713333333333338,30.0,0.0
1997,9,1.2,23.7,29.6,4.8,0.4,1997-09-01,30,144.0,-142.8,CRU-CY4.10,CRU-CY:Israel,gridded estimate; station support unavailable,30.0,0.7866666666666666,30.0,-1.3966666666666612,30.0,-1.2766666666666637,30.0,-3.4000000000000057,30.0,4.186666666666639,30.0,0.3066666666666667
1997,10,25.5,21.9,27.5,3.5,4.4,1997-10-01,31,108.5,-83.0,CRU-CY4.10,CRU-CY:Israel,gridded estimate; station support unavailable,30.0,9.540000000000001,30.0,-0.5233333333333299,30.0,-0.7699999999999996,30.0,-3.8233333333333235,30.0,13.363333333333358,30.0,1.8200000000000007
1997,11,53.6,17.8,23.3,2.5,6.2,1997-11-01,30,75.0,-21.4,CRU-CY4.10,CRU-CY:Israel,gridded estimate; station support unavailable,30.0,2.2733333333333334,30.0,0.08333333333333925,30.0,-0.03999999999999204,30.0,0.20000000000000284,30.0,2.073333333333327,30.0,1.2666666666666675
1997,12,95.1,14.1,18.5,1.8,10.0,1997-12-01,31,55.800000000000004,39.29999999999999,CRU-CY4.10,CRU-CY:Israel,gridded estimate; station support unavailable,30.0,3.6133333333333297,30.0,0.3000000000000007,30.0,-0.13666666666666671,30.0,-1.8599999999999923,30.0,5.473333333333322,30.0,1.0500000000000007
1998,1,99.8,12.1,16.4,1.8,12.3,1998-01-01,31,55.800000000000004,43.99999999999999,CRU-CY4.10,CRU-CY:Israel,gridded estimate; station support unavailable,30.0,-8.723333333333358,30.0,-0.13333333333333108,30.0,-0.3866666666666667,30.0,-1.0333333333333314,30.0,-7.689999999999991,30.0,1.3233333333333324
1998,2,56.0,12.9,17.9,2.5,9.1,1998-02-01,28,70.0,-14.0,CRU-CY4.10,CRU-CY:Israel,gridded estimate; station support unavailable,30.0,-24.586666666666673,30.0,0.053333333333334565,30.0,0.05666666666666842,30.0,1.980000000000004,30.0,-26.566666666666666,30.0,-1.2533333333333339
1998,3,96.3,13.4,18.7,2.9,10.1,1998-03-01,31,89.89999999999999,6.400000000000006,CRU-CY4.10,CRU-CY:Israel,gridded estimate; station support unavailable,30.0,52.13,30.0,-1.7633333333333319,30.0,-1.9166666666666679,30.0,-10.333333333333343,30.0,62.46333333333333,30.0,3.7366666666666655
1998,4,8.1,19.3,25.6,4.7,1.7,1998-04-01,30,141.0,-132.9,CRU-CY4.10,CRU-CY:Israel,gridded estimate; station support unavailable,30.0,-7.92,30.0,0.9066666666666698,30.0,0.9500000000000064,30.0,6.599999999999994,30.0,-14.519999999999996,30.0,-0.7933333333333332
1998,5,7.6,21.6,27.7,5.2,2.0,1998-05-01,31,161.20000000000002,-153.60000000000002,CRU-CY4.10,CRU-CY:Israel,gridded estimate; station support unavailable,30.0,3.0166666666666666,30.0,0.043333333333333,30.0,-0.2800000000000047,30.0,-6.509999999999991,30.0,9.526666666666642,30.0,0.8999999999999997
1998,6,0.0,24.1,30.2,6.4,0.0,1998-06-01,30,192.0,-192.0,CRU-CY4.10,CRU-CY:Israel,gridded estimate; station support unavailable,30.0,-0.10666666666666669,30.0,-0.21333333333333115,30.0,-0.3500000000000014,30.0,-1.9000000000000057,30.0,1.7933333333333508,30.0,-0.05000000000000001
1998,7,0.0,26.6,32.7,6.6,0.0,1998-07-01,31,204.6,-204.6,CRU-CY4.10,CRU-CY:Israel,gridded estimate; station support unavailable,30.0,0.0,30.0,0.3000000000000007,30.0,0.546666666666674,30.0,2.5833333333332575,30.0,-2.5833333333332575,30.0,0.0
1998,8,0.0,28.0,33.9,6.2,0.0,1998-08-01,31,192.20000000000002,-192.20000000000002,CRU-CY4.10,CRU-CY:Israel,gridded estimate; station support unavailable,30.0,0.0,30.0,1.2866666666666724,30.0,1.490000000000002,30.0,5.786666666666662,30.0,-5.786666666666662,30.0,0.0
1998,9,0.5,25.5,31.4,5.0,0.2,1998-09-01,30,150.0,-149.5,CRU-CY4.10,CRU-CY:Israel,gridded estimate; station support unavailable,30.0,0.08666666666666673,30.0,0.40333333333333954,30.0,0.5233333333333334,30.0,2.5999999999999943,30.0,-2.5133333333333496,30.0,0.10666666666666667
1998,10,1.8,22.6,28.8,3.8,0.9,1998-10-01,31,117.8,-116.0,CRU-CY4.10,CRU-CY:Israel,gridded estimate; station support unavailable,30.0,-14.159999999999998,30.0,0.17666666666667297,30.0,0.5300000000000011,30.0,5.476666666666674,30.0,-19.636666666666642,30.0,-1.6799999999999997
1998,11,5.6,19.5,25.3,2.7,2.0,1998-11-01,30,81.0,-75.4,CRU-CY4.10,CRU-CY:Israel,gridded estimate; station support unavailable,30.0,-45.72666666666667,30.0,1.7833333333333385,30.0,1.960000000000008,30.0,6.200000000000003,30.0,-51.92666666666668,30.0,-2.9333333333333327
1998,12,45.4,14.8,19.7,1.9,5.6,1998-12-01,31,58.9,-13.5,CRU-CY4.10,CRU-CY:Israel,gridded estimate; station support unavailable,30.0,-46.086666666666666,30.0,1.0000000000000018,30.0,1.0633333333333326,30.0,1.240000000000002,30.0,-47.32666666666667,30.0,-3.3499999999999996
1999,1,69.7,13.1,17.7,1.9,8.8,1999-01-01,31,58.9,10.800000000000004,CRU-CY4.10,CRU-CY:Israel,gridded estimate; station support unavailable,30.0,-38.82333333333335,30.0,0.8666666666666689,30.0,0.913333333333334,30.0,2.066666666666663,30.0,-40.88999999999998,30.0,-2.1766666666666676
1999,2,61.8,13.2,18.4,2.4,10.2,1999-02-01,28,67.2,-5.400000000000006,CRU-CY4.10,CRU-CY:Israel,gridded estimate; station support unavailable,30.0,-18.786666666666676,30.0,0.3533333333333335,30.0,0.5566666666666684,30.0,-0.8199999999999932,30.0,-17.966666666666672,30.0,-0.1533333333333342
1999,3,32.3,15.1,20.7,3.3,4.4,1999-03-01,31,102.3,-70.0,CRU-CY4.10,CRU-CY:Israel,gridded estimate; station support unavailable,30.0,-11.869999999999997,30.0,-0.06333333333333258,30.0,0.08333333333333215,30.0,2.066666666666663,30.0,-13.936666666666675,30.0,-1.9633333333333338
1999,4,13.0,18.0,24.3,4.5,2.6,1999-04-01,30,135.0,-122.0,CRU-CY4.10,CRU-CY:Israel,gridded estimate; station support unavailable,30.0,-3.0199999999999996,30.0,-0.39333333333333087,30.0,-0.3499999999999943,30.0,0.5999999999999943,30.0,-3.6199999999999903,30.0,0.10666666666666691
1999,5,0.0,22.3,28.9,5.6,0.0,1999-05-01,31,173.6,-173.6,CRU-CY4.10,CRU-CY:Israel,gridded estimate; station support unavailable,30.0,-4.583333333333333,30.0,0.7433333333333323,30.0,0.9199999999999946,30.0,5.889999999999986,30.0,-10.47333333333333,30.0,-1.1000000000000003
1999,6,0.0,24.0,30.0,6.3,0.0,1999-06-01,30,189.0,-189.0,CRU-CY4.10,CRU-CY:Israel,gridded estimate; station support unavailable,30.0,-0.10666666666666669,30.0,-0.3133333333333326,30.0,-0.5500000000000007,30.0,-4.900000000000006,30.0,4.793333333333351,30.0,-0.05000000000000001
1999,7,0.0,26.0,31.8,6.5,0.0,1999-07-01,31,201.5,-201.5,CRU-CY4.10,CRU-CY:Israel,gridded estimate; station support unavailable,30.0,0.0,30.0,-0.3000000000000007,30.0,-0.35333333333332817,30.0,-0.5166666666667368,30.0,0.5166666666667368,30.0,0.0
1999,8,0.0,27.0,32.8,6.0,0.0,1999-08-01,31,186.0,-186.0,CRU-CY4.10,CRU-CY:Israel,gridded estimate; station support unavailable,30.0,0.0,30.0,0.2866666666666724,30.0,0.39000000000000057,30.0,-0.4133333333333553,30.0,0.4133333333333553,30.0,0.0
1999,9,0.3,25.0,30.8,4.9,0.1,1999-09-01,30,147.0,-146.7,CRU-CY4.10,CRU-CY:Israel,gridded estimate; station support unavailable,30.0,-0.11333333333333329,30.0,-0.09666666666666046,30.0,-0.07666666666666444,30.0,-0.4000000000000057,30.0,0.28666666666666174,30.0,0.006666666666666668
1999,10,6.8,22.4,27.9,3.6,1.7,1999-10-01,31,111.60000000000001,-104.80000000000001,CRU-CY4.10,CRU-CY:Israel,gridded estimate; station support unavailable,30.0,-9.16,30.0,-0.023333333333329875,30.0,-0.370000000000001,30.0,-0.723333333333315,30.0,-8.436666666666653,30.0,-0.8799999999999997
1999,11,11.6,17.9,23.9,2.6,2.4,1999-11-01,30,78.0,-66.4,CRU-CY4.10,CRU-CY:Israel,gridded estimate; station support unavailable,30.0,-39.72666666666667,30.0,0.18333333333333712,30.0,0.5600000000000058,30.0,3.200000000000003,30.0,-42.92666666666668,30.0,-2.5333333333333328
1999,12,20.8,14.3,19.9,2.0,4.3,1999-12-01,31,62.0,-41.2,CRU-CY4.10,CRU-CY:Israel,gridded estimate; station support unavailable,30.0,-70.68666666666667,30.0,0.5000000000000018,30.0,1.2633333333333319,30.0,4.340000000000003,30.0,-75.02666666666667,30.0,-4.6499999999999995
2000,1,182.2,11.3,16.1,1.8,14.2,2000-01-01,31,55.800000000000004,126.39999999999998,CRU-CY4.10,CRU-CY:Israel,gridded estimate; station support unavailable,30.0,73.67666666666663,30.0,-0.93333333333333,30.0,-0.6866666666666639,30.0,-1.0333333333333314,30.0,74.71,30.0,3.223333333333331
2000,2,38.2,11.7,16.9,2.4,7.0,2000-02-01,29,69.6,-31.39999999999999,CRU-CY4.10,CRU-CY:Israel,gridded estimate; station support unavailable,30.0,-42.38666666666667,30.0,-1.1466666666666665,30.0,-0.9433333333333316,30.0,1.5799999999999983,30.0,-43.966666666666654,30.0,-3.3533333333333335
2000,3,41.4,13.2,18.8,3.1,6.8,2000-03-01,31,96.10000000000001,-54.70000000000001,CRU-CY4.10,CRU-CY:Israel,gridded estimate; station support unavailable,30.0,-2.769999999999996,30.0,-1.963333333333333,30.0,-1.8166666666666664,30.0,-4.133333333333326,30.0,1.3633333333333155,30.0,0.43666666666666565
2000,4,4.5,19.2,25.9,4.6,1.2,2000-04-01,30,138.0,-133.5,CRU-CY4.10,CRU-CY:Israel,gridded estimate; station support unavailable,30.0,-11.52,30.0,0.8066666666666684,30.0,1.2500000000000036,30.0,3.5999999999999943,30.0,-15.11999999999999,30.0,-1.2933333333333332
2000,5,0.1,20.9,27.9,5.5,0.1,2000-05-01,31,170.5,-170.4,CRU-CY4.10,CRU-CY:Israel,gridded estimate; station support unavailable,30.0,-4.483333333333333,30.0,-0.6566666666666698,30.0,-0.0800000000000054,30.0,2.789999999999992,30.0,-7.2733333333333405,30.0,-1.0000000000000002
2000,6,0.0,24.4,31.0,6.6,0.0,2000-06-01,30,198.0,-198.0,CRU-CY4.10,CRU-CY:Israel,gridded estimate; station support unavailable,30.0,-0.10666666666666669,30.0,0.086666666666666,30.0,0.4499999999999993,30.0,4.099999999999994,30.0,-4.206666666666649,30.0,-0.05000000000000001
2000,7,0.0,27.3,33.5,6.5,0.0,2000-07-01,31,201.5,-201.5,CRU-CY4.10,CRU-CY:Israel,gridded estimate; station support unavailable,30.0,0.0,30.0,1.0,30.0,1.3466666666666711,30.0,-0.5166666666667368,30.0,0.5166666666667368,30.0,0.0
2000,8,0.0,26.8,32.5,6.0,0.0,2000-08-01,31,186.0,-186.0,CRU-CY4.10,CRU-CY:Israel,gridded estimate; station support unavailable,30.0,0.0,30.0,0.08666666666667311,30.0,0.09000000000000341,30.0,-0.4133333333333553,30.0,0.4133333333333553,30.0,0.0
2000,9,0.5,24.8,30.5,4.8,0.1,2000-09-01,30,144.0,-143.5,CRU-CY4.10,CRU-CY:Israel,gridded estimate; station support unavailable,30.0,0.08666666666666673,30.0,-0.29666666666665975,30.0,-0.37666666666666515,30.0,-3.4000000000000057,30.0,3.4866666666666504,30.0,0.006666666666666668
2000,10,47.4,20.8,26.4,3.4,5.3,2000-10-01,31,105.39999999999999,-57.99999999999999,CRU-CY4.10,CRU-CY:Israel,gridded estimate; station support unavailable,30.0,31.439999999999998,30.0,-1.6233333333333277,30.0,-1.870000000000001,30.0,-6.923333333333332,30.0,38.363333333333365,30.0,2.72
2000,11,25.0,17.3,23.2,2.5,4.8,2000-11-01,30,75.0,-50.0,CRU-CY4.10,CRU-CY:Israel,gridded estimate; station support unavailable,30.0,-26.326666666666668,30.0,-0.41666666666666075,30.0,-0.13999999999999346,30.0,0.20000000000000284,30.0,-26.526666666666674,30.0,-0.13333333333333286
2000,12,101.9,13.9,18.7,1.9,10.0,2000-12-01,31,58.9,43.00000000000001,CRU-CY4.10,CRU-CY:Israel,gridded estimate; station support unavailable,30.0,10.413333333333341,30.0,0.10000000000000142,30.0,0.06333333333333258,30.0,1.240000000000002,30.0,9.17333333333334,30.0,1.0500000000000007
2001,1,73.8,12.9,17.7,1.9,9.3,2001-01-01,31,58.9,14.899999999999999,CRU-CY4.10,CRU-CY:Israel,gridded estimate; station support unavailable,30.0,-34.72333333333336,30.0,0.6666666666666696,30.0,0.913333333333334,30.0,2.066666666666663,30.0,-36.789999999999985,30.0,-1.6766666666666676
2001,2,86.7,12.8,17.9,2.4,11.0,2001-02-01,28,67.2,19.5,CRU-CY4.10,CRU-CY:Israel,gridded estimate; station support unavailable,30.0,6.11333333333333,30.0,-0.04666666666666508,30.0,0.05666666666666842,30.0,-0.8199999999999932,30.0,6.933333333333334,30.0,0.6466666666666665
2001,3,20.4,17.5,23.0,3.6,5.2,2001-03-01,31,111.60000000000001,-91.20000000000002,CRU-CY4.10,CRU-CY:Israel,gridded estimate; station support unavailable,30.0,-23.769999999999996,30.0,2.336666666666668,30.0,2.383333333333333,30.0,11.366666666666674,30.0,-35.13666666666669,30.0,-1.163333333333334
2001,4,19.3,18.9,25.3,4.5,3.4,2001-04-01,30,135.0,-115.7,CRU-CY4.10,CRU-CY:Israel,gridded estimate; station support unavailable,30.0,3.280000000000001,30.0,0.5066666666666677,30.0,0.6500000000000057,30.0,0.5999999999999943,30.0,2.680000000000007,30.0,0.9066666666666667
2001,5,10.9,21.4,27.6,5.3,2.1,2001-05-01,31,164.29999999999998,-153.39999999999998,CRU-CY4.10,CRU-CY:Israel,gridded estimate; station support unavailable,30.0,6.316666666666667,30.0,-0.15666666666666984,30.0,-0.38000000000000256,30.0,-3.410000000000025,30.0,9.726666666666688,30.0,0.9999999999999998
2001,6,0.0,24.3,30.5,6.4,0.0,2001-06-01,30,192.0,-192.0,CRU-CY4.10,CRU-CY:Israel,gridded estimate; station support unavailable,30.0,-0.10666666666666669,30.0,-0.013333333333331865,30.0,-0.05000000000000071,30.0,-1.9000000000000057,30.0,1.7933333333333508,30.0,-0.05000000000000001
2001,7,0.0,26.4,32.3,6.5,0.0,2001-07-01,31,201.5,-201.5,CRU-CY4.10,CRU-CY:Israel,gridded estimate; station support unavailable,30.0,0.0,30.0,0.09999999999999787,30.0,0.14666666666666828,30.0,-0.5166666666667368,30.0,0.5166666666667368,30.0,0.0
2001,8,0.0,27.1,32.7,6.0,0.0,2001-08-01,31,186.0,-186.0,CRU-CY4.10,CRU-CY:Israel,gridded estimate; station support unavailable,30.0,0.0,30.0,0.3866666666666738,30.0,0.29000000000000625,30.0,-0.4133333333333553,30.0,0.4133333333333553,30.0,0.0
2001,9,0.0,25.1,30.9,4.9,0.0,2001-09-01,30,147.0,-147.0,CRU-CY4.10,CRU-CY:Israel,gridded estimate; station support unavailable,30.0,-0.4133333333333333,30.0,0.00333333333334096,30.0,0.023333333333333428,30.0,-0.4000000000000057,30.0,-0.013333333333349628,30.0,-0.09333333333333334
2001,10,14.4,22.2,27.6,3.6,2.5,2001-10-01,31,111.60000000000001,-97.2,CRU-CY4.10,CRU-CY:Israel,gridded estimate; station support unavailable,30.0,-1.5599999999999987,30.0,-0.22333333333332916,30.0,-0.6699999999999982,30.0,-0.723333333333315,30.0,-0.8366666666666447,30.0,-0.07999999999999963
2001,11,56.1,17.2,22.6,2.4,5.5,2001-11-01,30,72.0,-15.899999999999999,CRU-CY4.10,CRU-CY:Israel,gridded estimate; station support unavailable,30.0,4.773333333333333,30.0,-0.5166666666666622,30.0,-0.7399999999999913,30.0,-2.799999999999997,30.0,7.573333333333327,30.0,0.5666666666666673
2001,12,114.3,14.0,18.4,1.8,10.0,2001-12-01,31,55.800000000000004,58.49999999999999,CRU-CY4.10,CRU-CY:Israel,gridded estimate; station support unavailable,30.0,22.813333333333333,30.0,0.20000000000000107,30.0,-0.23666666666666814,30.0,-1.8599999999999923,30.0,24.673333333333325,30.0,1.0500000000000007
2002,1,155.1,10.9,15.5,1.7,13.9,2002-01-01,31,52.699999999999996,102.4,CRU-CY4.10,CRU-CY:Israel,gridded estimate; station support unavailable,30.0,46.57666666666664,30.0,-1.3333333333333304,30.0,-1.2866666666666653,30.0,-4.13333333333334,30.0,50.71000000000002,30.0,2.923333333333332
2002,2,55.0,14.4,19.8,2.7,9.4,2002-02-01,28,75.60000000000001,-20.60000000000001,CRU-CY4.10,CRU-CY:Israel,gridded estimate; station support unavailable,30.0,-25.586666666666673,30.0,1.5533333333333346,30.0,1.9566666666666706,30.0,7.5800000000000125,30.0,-33.16666666666667,30.0,-0.9533333333333331
2002,3,47.0,16.3,21.5,3.4,6.5,2002-03-01,31,105.39999999999999,-58.39999999999999,CRU-CY4.10,CRU-CY:Israel,gridded estimate; station support unavailable,30.0,2.8300000000000054,30.0,1.1366666666666685,30.0,0.8833333333333329,30.0,5.166666666666657,30.0,-2.336666666666666,30.0,0.13666666666666583
2002,4,35.4,17.7,23.4,4.1,3.7,2002-04-01,30,122.99999999999999,-87.6,CRU-CY4.10,CRU-CY:Israel,gridded estimate; station support unavailable,30.0,19.38,30.0,-0.6933333333333316,30.0,-1.2499999999999964,30.0,-11.40000000000002,30.0,30.780000000000015,30.0,1.206666666666667
2002,5,4.5,20.7,27.0,5.4,1.3,2002-05-01,31,167.4,-162.9,CRU-CY4.10,CRU-CY:Israel,gridded estimate; station support unavailable,30.0,-0.08333333333333304,30.0,-0.8566666666666691,30.0,-0.980000000000004,30.0,-0.3100000000000023,30.0,0.22666666666665947,30.0,0.19999999999999973
2002,6,0.0,23.9,30.2,6.3,0.0,2002-06-01,30,189.0,-189.0,CRU-CY4.10,CRU-CY:Israel,gridded estimate; station support unavailable,30.0,-0.10666666666666669,30.0,-0.413333333333334,30.0,-0.3500000000000014,30.0,-4.900000000000006,30.0,4.793333333333351,30.0,-0.05000000000000001
2002,7,0.0,27.2,32.9,6.7,0.0,2002-07-01,31,207.70000000000002,-207.70000000000002,CRU-CY4.10,CRU-CY:Israel,gridded estimate; station support unavailable,30.0,0.0,30.0,0.8999999999999986,30.0,0.7466666666666697,30.0,5.68333333333328,30.0,-5.68333333333328,30.0,0.0
2002,8,0.0,26.7,32.1,6.0,0.0,2002-08-01,31,186.0,-186.0,CRU-CY4.10,CRU-CY:Israel,gridded estimate; station support unavailable,30.0,0.0,30.0,-0.013333333333328312,30.0,-0.30999999999999517,30.0,-0.4133333333333553,30.0,0.4133333333333553,30.0,0.0
2002,9,0.3,25.3,30.8,4.8,0.1,2002-09-01,30,144.0,-143.7,CRU-CY4.10,CRU-CY:Israel,gridded estimate; station support unavailable,30.0,-0.11333333333333329,30.0,0.20333333333334025,30.0,-0.07666666666666444,30.0,-3.4000000000000057,30.0,3.2866666666666617,30.0,0.006666666666666668
2002,10,12.0,22.8,28.1,3.5,3.4,2002-10-01,31,108.5,-96.5,CRU-CY4.10,CRU-CY:Israel,gridded estimate; station support unavailable,30.0,-3.959999999999999,30.0,0.37666666666667226,30.0,-0.16999999999999815,30.0,-3.8233333333333235,30.0,-0.13666666666664185,30.0,0.8200000000000003
2002,11,48.2,18.5,24.4,2.6,6.2,2002-11-01,30,78.0,-29.799999999999997,CRU-CY4.10,CRU-CY:Israel,gridded estimate; station support unavailable,30.0,-3.126666666666665,30.0,0.7833333333333385,30.0,1.0600000000000058,30.0,3.200000000000003,30.0,-6.3266666666666715,30.0,1.2666666666666675
2002,12,132.3,14.0,18.3,1.8,11.4,2002-12-01,31,55.800000000000004,76.5,CRU-CY4.10,CRU-CY:Israel,gridded estimate; station support unavailable,30.0,40.81333333333335,30.0,0.20000000000000107,30.0,-0.336666666666666,30.0,-1.8599999999999923,30.0,42.67333333333333,30.0,2.450000000000001
2003,1,91.7,14.0,18.4,1.9,10.1,2003-01-01,31,58.9,32.800000000000004,CRU-CY4.10,CRU-CY:Israel,gridded estimate; station support unavailable,30.0,-16.823333333333352,30.0,1.7666666666666693,30.0,1.6133333333333333,30.0,2.066666666666663,30.0,-18.88999999999998,30.0,-0.8766666666666687
2003,2,177.1,11.8,16.5,2.2,11.9,2003-02-01,28,61.60000000000001,115.49999999999999,CRU-CY4.10,CRU-CY:Israel,gridded estimate; station support unavailable,30.0,96.51333333333332,30.0,-1.046666666666665,30.0,-1.3433333333333302,30.0,-6.4199999999999875,30.0,102.93333333333332,30.0,1.5466666666666669
2003,3,96.7,13.0,17.8,2.8,9.9,2003-03-01,31,86.8,9.900000000000006,CRU-CY4.10,CRU-CY:Israel,gridded estimate; station support unavailable,30.0,52.53000000000001,30.0,-2.163333333333332,30.0,-2.8166666666666664,30.0,-13.433333333333337,30.0,65.96333333333334,30.0,3.536666666666666
2003,4,13.4,18.2,24.1,4.3,2.8,2003-04-01,30,129.0,-115.6,CRU-CY4.10,CRU-CY:Israel,gridded estimate; station support unavailable,30.0,-2.619999999999999,30.0,-0.19333333333333158,30.0,-0.5499999999999936,30.0,-5.400000000000006,30.0,2.7800000000000153,30.0,0.30666666666666664
2003,5,0.4,23.3,29.8,5.7,0.3,2003-05-01,31,176.70000000000002,-176.3,CRU-CY4.10,CRU-CY:Israel,gridded estimate; station support unavailable,30.0,-4.183333333333333,30.0,1.7433333333333323,30.0,1.8199999999999967,30.0,8.990000000000009,30.0,-13.173333333333346,30.0,-0.8000000000000003
2003,6,0.1,24.6,30.6,6.5,0.1,2003-06-01,30,195.0,-194.9,CRU-CY4.10,CRU-CY:Israel,gridded estimate; station support unavailable,30.0,-0.006666666666666682,30.0,0.28666666666666885,30.0,0.05000000000000071,30.0,1.0999999999999943,30.0,-1.106666666666655,30.0,0.049999999999999996
2003,7,0.0,26.2,31.9,6.5,0.0,2003-07-01,31,201.5,-201.5,CRU-CY4.10,CRU-CY:Israel,gridded estimate; station support unavailable,30.0,0.0,30.0,-0.10000000000000142,30.0,-0.2533333333333303,30.0,-0.5166666666667368,30.0,0.5166666666667368,30.0,0.0
2003,8,0.0,27.2,32.8,6.1,0.0,2003-08-01,31,189.1,-189.1,CRU-CY4.10,CRU-CY:Israel,gridded estimate; station support unavailable,30.0,0.0,30.0,0.4866666666666717,30.0,0.39000000000000057,30.0,2.686666666666639,30.0,-2.686666666666639,30.0,0.0
2003,9,0.2,24.5,30.0,4.8,0.1,2003-09-01,30,144.0,-143.8,CRU-CY4.10,CRU-CY:Israel,gridded estimate; station support unavailable,30.0,-0.21333333333333326,30.0,-0.5966666666666605,30.0,-0.8766666666666652,30.0,-3.4000000000000057,30.0,3.186666666666639,30.0,0.006666666666666668
2003,10,1.7,22.7,28.3,3.6,0.8,2003-10-01,31,111.60000000000001,-109.9,CRU-CY4.10,CRU-CY:Israel,gridded estimate; station support unavailable,30.0,-14.26,30.0,0.27666666666667084,30.0,0.030000000000001137,30.0,-0.723333333333315,30.0,-13.536666666666648,30.0,-1.7799999999999996
2003,11,34.8,18.2,23.8,2.5,3.1,2003-11-01,30,75.0,-40.2,CRU-CY4.10,CRU-CY:Israel,gridded estimate; station support unavailable,30.0,-16.52666666666667,30.0,0.48333333333333783,30.0,0.46000000000000796,30.0,0.20000000000000284,30.0,-16.726666666666677,30.0,-1.8333333333333326
2003,12,138.0,13.9,18.5,1.8,12.3,2003-12-01,31,55.800000000000004,82.19999999999999,CRU-CY4.10,CRU-CY:Israel,gridded estimate; station support unavailable,30.0,46.513333333333335,30.0,0.10000000000000142,30.0,-0.13666666666666671,30.0,-1.8599999999999923,30.0,48.37333333333332,30.0,3.3500000000000014
2004,1,142.1,12.7,16.9,1.8,13.6,2004-01-01,31,55.800000000000004,86.29999999999998,CRU-CY4.10,CRU-CY:Israel,gridded estimate; station support unavailable,30.0,33.57666666666664,30.0,0.46666666666666856,30.0,0.11333333333333329,30.0,-1.0333333333333314,30.0,34.61,30.0,2.6233333333333313
2004,2,71.1,12.8,17.9,2.4,11.4,2004-02-01,29,69.6,1.5,CRU-CY4.10,CRU-CY:Israel,gridded estimate; station support unavailable,30.0,-9.486666666666679,30.0,-0.04666666666666508,30.0,0.05666666666666842,30.0,1.5799999999999983,30.0,-11.066666666666666,30.0,1.0466666666666669
2004,3,30.7,16.0,21.6,3.3,3.6,2004-03-01,31,102.3,-71.6,CRU-CY4.10,CRU-CY:Israel,gridded estimate; station support unavailable,30.0,-13.469999999999995,30.0,0.8366666666666678,30.0,0.9833333333333343,30.0,2.066666666666663,30.0,-15.536666666666669,30.0,-2.763333333333334
2004,4,4.4,18.1,24.4,4.4,1.1,2004-04-01,30,132.0,-127.6,CRU-CY4.10,CRU-CY:Israel,gridded estimate; station support unavailable,30.0,-11.62,30.0,-0.29333333333332945,30.0,-0.24999999999999645,30.0,-2.4000000000000057,30.0,-9.219999999999985,30.0,-1.393333333333333
2004,5,2.1,21.3,27.7,5.3,0.6,2004-05-01,31,164.29999999999998,-162.2,CRU-CY4.10,CRU-CY:Israel,gridded estimate; station support unavailable,30.0,-2.483333333333333,30.0,-0.2566666666666677,30.0,-0.2800000000000047,30.0,-3.410000000000025,30.0,0.9266666666666765,30.0,-0.5000000000000003
2004,6,0.0,23.7,29.9,6.4,0.0,2004-06-01,30,192.0,-192.0,CRU-CY4.10,CRU-CY:Israel,gridded estimate; station support unavailable,30.0,-0.10666666666666669,30.0,-0.6133333333333333,30.0,-0.6500000000000021,30.0,-1.9000000000000057,30.0,1.7933333333333508,30.0,-0.05000000000000001
2004,7,0.0,26.6,32.5,6.6,0.0,2004-07-01,31,204.6,-204.6,CRU-CY4.10,CRU-CY:Israel,gridded estimate; station support unavailable,30.0,0.0,30.0,0.3000000000000007,30.0,0.3466666666666711,30.0,2.5833333333332575,30.0,-2.5833333333332575,30.0,0.0
2004,8,0.0,26.0,31.6,5.9,0.0,2004-08-01,31,182.9,-182.9,CRU-CY4.10,CRU-CY:Israel,gridded estimate; station support unavailable,30.0,0.0,30.0,-0.7133333333333276,30.0,-0.8099999999999952,30.0,-3.5133333333333496,30.0,3.5133333333333496,30.0,0.0
2004,9,0.0,24.6,30.6,4.8,0.0,2004-09-01,30,144.0,-144.0,CRU-CY4.10,CRU-CY:Israel,gridded estimate; station support unavailable,30.0,-0.4133333333333333,30.0,-0.49666666666665904,30.0,-0.27666666666666373,30.0,-3.4000000000000057,30.0,2.9866666666666504,30.0,-0.09333333333333334
2004,10,2.6,23.0,28.8,3.6,0.7,2004-10-01,31,111.60000000000001,-109.00000000000001,CRU-CY4.10,CRU-CY:Israel,gridded estimate; station support unavailable,30.0,-13.36,30.0,0.5766666666666715,30.0,0.5300000000000011,30.0,-0.723333333333315,30.0,-12.636666666666656,30.0,-1.8799999999999997
2004,11,63.4,18.1,23.4,2.5,4.7,2004-11-01,30,75.0,-11.600000000000001,CRU-CY4.10,CRU-CY:Israel,gridded estimate; station support unavailable,30.0,12.07333333333333,30.0,0.38333333333333997,30.0,0.060000000000005826,30.0,0.20000000000000284,30.0,11.873333333333324,30.0,-0.2333333333333325
2004,12,63.9,12.7,17.7,1.8,9.3,2004-12-01,31,55.800000000000004,8.099999999999994,CRU-CY4.10,CRU-CY:Israel,gridded estimate; station support unavailable,30.0,-27.586666666666666,30.0,-1.0999999999999996,30.0,-0.9366666666666674,30.0,-1.8599999999999923,30.0,-25.726666666666674,30.0,0.3500000000000014
2005,1,94.6,12.8,17.5,1.9,10.5,2005-01-01,31,58.9,35.699999999999996,CRU-CY4.10,CRU-CY:Israel,gridded estimate; station support unavailable,30.0,-13.92333333333336,30.0,0.56666666666667,30.0,0.7133333333333347,30.0,2.066666666666663,30.0,-15.989999999999988,30.0,-0.47666666666666835
2005,2,66.7,12.5,17.4,2.3,8.8,2005-02-01,28,64.39999999999999,2.3000000000000114,CRU-CY4.10,CRU-CY:Israel,gridded estimate; station support unavailable,30.0,-13.88666666666667,30.0,-0.3466666666666658,30.0,-0.4433333333333316,30.0,-3.6200000000000045,30.0,-10.266666666666655,30.0,-1.5533333333333328
2005,3,31.3,15.3,20.7,3.3,7.3,2005-03-01,31,102.3,-71.0,CRU-CY4.10,CRU-CY:Israel,gridded estimate; station support unavailable,30.0,-12.869999999999994,30.0,0.1366666666666685,30.0,0.08333333333333215,30.0,2.066666666666663,30.0,-14.936666666666675,30.0,0.9366666666666656
2005,4,15.1,18.6,24.7,4.5,2.7,2005-04-01,30,135.0,-119.9,CRU-CY4.10,CRU-CY:Israel,gridded estimate; station support unavailable,30.0,-0.9199999999999999,30.0,0.20666666666667055,30.0,0.05000000000000426,30.0,0.5999999999999943,30.0,-1.519999999999996,30.0,0.206666666666667
2005,5,3.4,20.7,27.0,5.3,0.5,2005-05-01,31,164.29999999999998,-160.89999999999998,CRU-CY4.10,CRU-CY:Israel,gridded estimate; station support unavailable,30.0,-1.1833333333333331,30.0,-0.8566666666666691,30.0,-0.980000000000004,30.0,-3.410000000000025,30.0,2.226666666666688,30.0,-0.6000000000000003
2005,6,0.3,23.6,29.6,6.3,0.1,2005-06-01,30,189.0,-188.7,CRU-CY4.10,CRU-CY:Israel,gridded estimate; station support unavailable,30.0,0.1933333333333333,30.0,-0.7133333333333312,30.0,-0.9499999999999993,30.0,-4.900000000000006,30.0,5.093333333333362,30.0,0.049999999999999996
2005,7,0.0,26.3,32.1,6.5,0.0,2005-07-01,31,201.5,-201.5,CRU-CY4.10,CRU-CY:Israel,gridded estimate; station support unavailable,30.0,0.0,30.0,0.0,30.0,-0.05333333333332746,30.0,-0.5166666666667368,30.0,0.5166666666667368,30.0,0.0
2005,8,0.0,26.6,32.1,6.0,0.0,2005-08-01,31,186.0,-186.0,CRU-CY4.10,CRU-CY:Israel,gridded estimate; station support unavailable,30.0,0.0,30.0,-0.11333333333332618,30.0,-0.30999999999999517,30.0,-0.4133333333333553,30.0,0.4133333333333553,30.0,0.0
2005,9,0.6,24.6,30.5,4.9,0.1,2005-09-01,30,147.0,-146.4,CRU-CY4.10,CRU-CY:Israel,gridded estimate; station support unavailable,30.0,0.1866666666666667,30.0,-0.49666666666665904,30.0,-0.37666666666666515,30.0,-0.4000000000000057,30.0,0.5866666666666447,30.0,0.006666666666666668
2005,10,22.0,21.0,26.8,3.5,1.8,2005-10-01,31,108.5,-86.5,CRU-CY4.10,CRU-CY:Israel,gridded estimate; station support unavailable,30.0,6.040000000000001,30.0,-1.4233333333333285,30.0,-1.4699999999999989,30.0,-3.8233333333333235,30.0,9.863333333333358,30.0,-0.7799999999999996
2005,11,56.0,16.5,22.0,2.4,4.0,2005-11-01,30,72.0,-16.0,CRU-CY4.10,CRU-CY:Israel,gridded estimate; station support unavailable,30.0,4.673333333333332,30.0,-1.2166666666666615,30.0,-1.3399999999999928,30.0,-2.799999999999997,30.0,7.473333333333326,30.0,-0.9333333333333327
2005,12,68.0,15.3,20.4,2.0,6.5,2005-12-01,31,62.0,6.0,CRU-CY4.10,CRU-CY:Israel,gridded estimate; station support unavailable,30.0,-23.486666666666665,30.0,1.5000000000000018,30.0,1.7633333333333319,30.0,4.340000000000003,30.0,-27.826666666666668,30.0,-2.4499999999999993
2006,1,89.6,12.2,16.7,1.8,11.1,2006-01-01,31,55.800000000000004,33.79999999999999,CRU-CY4.10,CRU-CY:Israel,gridded estimate; station support unavailable,30.0,-18.92333333333336,30.0,-0.03333333333333144,30.0,-0.086666666666666,30.0,-1.0333333333333314,30.0,-17.889999999999993,30.0,0.1233333333333313
2006,2,66.1,13.7,18.6,2.4,9.7,2006-02-01,28,67.2,-1.1000000000000085,CRU-CY4.10,CRU-CY:Israel,gridded estimate; station support unavailable,30.0,-14.486666666666679,30.0,0.8533333333333335,30.0,0.7566666666666713,30.0,-0.8199999999999932,30.0,-13.666666666666675,30.0,-0.6533333333333342
2006,3,8.7,15.4,21.2,3.3,2.9,2006-03-01,31,102.3,-93.6,CRU-CY4.10,CRU-CY:Israel,gridded estimate; station support unavailable,30.0,-35.47,30.0,0.23666666666666814,30.0,0.5833333333333321,30.0,2.066666666666663,30.0,-37.53666666666667,30.0,-3.4633333333333343
2006,4,61.9,18.2,24.3,4.4,5.8,2006-04-01,30,132.0,-70.1,CRU-CY4.10,CRU-CY:Israel,gridded estimate; station support unavailable,30.0,45.879999999999995,30.0,-0.19333333333333158,30.0,-0.3499999999999943,30.0,-2.4000000000000057,30.0,48.280000000000015,30.0,3.3066666666666666
2006,5,0.1,20.8,27.2,5.3,0.1,2006-05-01,31,164.29999999999998,-164.2,CRU-CY4.10,CRU-CY:Israel,gridded estimate; station support unavailable,30.0,-4.483333333333333,30.0,-0.7566666666666677,30.0,-0.7800000000000047,30.0,-3.410000000000025,30.0,-1.0733333333333235,30.0,-1.0000000000000002
2006,6,0.0,24.5,30.9,6.5,0.0,2006-06-01,30,195.0,-195.0,CRU-CY4.10,CRU-CY:Israel,gridded estimate; station support unavailable,30.0,-0.10666666666666669,30.0,0.18666666666666742,30.0,0.34999999999999787,30.0,1.0999999999999943,30.0,-1.2066666666666492,30.0,-0.05000000000000001
2006,7,0.0,25.5,31.1,6.4,0.0,2006-07-01,31,198.4,-198.4,CRU-CY4.10,CRU-CY:Israel,gridded estimate; station support unavailable,30.0,0.0,30.0,-0.8000000000000007,30.0,-1.0533333333333275,30.0,-3.616666666666731,30.0,3.616666666666731,30.0,0.0
2006,8,0.0,27.0,32.9,6.1,0.0,2006-08-01,31,189.1,-189.1,CRU-CY4.10,CRU-CY:Israel,gridded estimate; station support unavailable,30.0,0.0,30.0,0.2866666666666724,30.0,0.490000000000002,30.0,2.686666666666639,30.0,-2.686666666666639,30.0,0.0
2006,9,0.1,25.0,31.0,5.0,0.1,2006-09-01,30,150.0,-149.9,CRU-CY4.10,CRU-CY:Israel,gridded estimate; station support unavailable,30.0,-0.31333333333333324,30.0,-0.09666666666666046,30.0,0.12333333333333485,30.0,2.5999999999999943,30.0,-2.9133333333333553,30.0,0.006666666666666668
2006,10,44.4,22.0,27.5,3.5,3.9,2006-10-01,31,108.5,-64.1,CRU-CY4.10,CRU-CY:Israel,gridded estimate; station support unavailable,30.0,28.439999999999998,30.0,-0.42333333333332845,30.0,-0.7699999999999996,30.0,-3.8233333333333235,30.0,32.263333333333364,30.0,1.3200000000000003
2006,11,17.2,16.0,21.8,2.4,3.1,2006-11-01,30,72.0,-54.8,CRU-CY4.10,CRU-CY:Israel,gridded estimate; station support unavailable,30.0,-34.126666666666665,30.0,-1.7166666666666615,30.0,-1.539999999999992,30.0,-2.799999999999997,30.0,-31.32666666666667,30.0,-1.8333333333333326
2006,12,60.9,12.6,18.2,1.9,8.9,2006-12-01,31,58.9,2.0,CRU-CY4.10,CRU-CY:Israel,gridded estimate; station support unavailable,30.0,-30.586666666666666,30.0,-1.1999999999999993,30.0,-0.4366666666666674,30.0,1.240000000000002,30.0,-31.826666666666668,30.0,-0.049999999999998934
2007,1,78.6,11.9,16.9,1.9,10.4,2007-01-01,31,58.9,19.699999999999996,CRU-CY4.10,CRU-CY:Israel,gridded estimate; station support unavailable,30.0,-29.92333333333336,30.0,-0.3333333333333304,30.0,0.11333333333333329,30.0,2.066666666666663,30.0,-31.989999999999988,30.0,-0.576666666666668
2007,2,90.6,13.2,18.0,2.4,12.5,2007-02-01,28,67.2,23.39999999999999,CRU-CY4.10,CRU-CY:Israel,gridded estimate; station support unavailable,30.0,10.013333333333321,30.0,0.3533333333333335,30.0,0.15666666666666984,30.0,-0.8199999999999932,30.0,10.833333333333325,30.0,2.1466666666666665
2007,3,41.0,14.6,20.1,3.1,6.8,2007-03-01,31,96.10000000000001,-55.10000000000001,CRU-CY4.10,CRU-CY:Israel,gridded estimate; station support unavailable,30.0,-3.1699999999999946,30.0,-0.5633333333333326,30.0,-0.5166666666666657,30.0,-4.133333333333326,30.0,0.9633333333333169,30.0,0.43666666666666565
2007,4,14.7,17.0,23.1,4.2,3.1,2007-04-01,30,126.0,-111.3,CRU-CY4.10,CRU-CY:Israel,gridded estimate; station support unavailable,30.0,-1.3200000000000003,30.0,-1.3933333333333309,30.0,-1.5499999999999936,30.0,-8.400000000000006,30.0,7.0800000000000125,30.0,0.6066666666666669
2007,5,9.1,22.3,28.8,5.4,1.8,2007-05-01,31,167.4,-158.3,CRU-CY4.10,CRU-CY:Israel,gridded estimate; station support unavailable,30.0,4.516666666666667,30.0,0.7433333333333323,30.0,0.8199999999999967,30.0,-0.3100000000000023,30.0,4.826666666666654,30.0,0.6999999999999997
2007,6,0.0,24.6,31.1,6.6,0.0,2007-06-01,30,198.0,-198.0,CRU-CY4.10,CRU-CY:Israel,gridded estimate; station support unavailable,30.0,-0.10666666666666669,30.0,0.28666666666666885,30.0,0.5500000000000007,30.0,4.099999999999994,30.0,-4.206666666666649,30.0,-0.05000000000000001
2007,7,0.0,26.7,32.6,6.6,0.0,2007-07-01,31,204.6,-204.6,CRU-CY4.10,CRU-CY:Israel,gridded estimate; station support unavailable,30.0,0.0,30.0,0.3999999999999986,30.0,0.44666666666667254,30.0,2.5833333333332575,30.0,-2.5833333333332575,30.0,0.0
2007,8,0.0,26.6,32.3,6.0,0.0,2007-08-01,31,186.0,-186.0,CRU-CY4.10,CRU-CY:Israel,gridded estimate; station support unavailable,30.0,0.0,30.0,-0.11333333333332618,30.0,-0.10999999999999943,30.0,-0.4133333333333553,30.0,0.4133333333333553,30.0,0.0
2007,9,0.0,24.8,30.7,4.8,0.0,2007-09-01,30,144.0,-144.0,CRU-CY4.10,CRU-CY:Israel,gridded estimate; station support unavailable,30.0,-0.4133333333333333,30.0,-0.29666666666665975,30.0,-0.17666666666666586,30.0,-3.4000000000000057,30.0,2.9866666666666504,30.0,-0.09333333333333334
2007,10,2.1,22.9,29.0,3.7,0.7,2007-10-01,31,114.7,-112.60000000000001,CRU-CY4.10,CRU-CY:Israel,gridded estimate; station support unavailable,30.0,-13.86,30.0,0.4766666666666701,30.0,0.7300000000000004,30.0,2.3766666666666794,30.0,-16.23666666666665,30.0,-1.8799999999999997
2007,11,54.5,18.0,23.6,2.5,4.8,2007-11-01,30,75.0,-20.5,CRU-CY4.10,CRU-CY:Israel,gridded estimate; station support unavailable,30.0,3.173333333333332,30.0,0.28333333333333854,30.0,0.26000000000000867,30.0,0.20000000000000284,30.0,2.9733333333333256,30.0,-0.13333333333333286
2007,12,38.8,13.6,18.5,1.9,6.2,2007-12-01,31,58.9,-20.1,CRU-CY4.10,CRU-CY:Israel,gridded estimate; station support unavailable,30.0,-52.68666666666667,30.0,-0.1999999999999993,30.0,-0.13666666666666671,30.0,1.240000000000002,30.0,-53.92666666666667,30.0,-2.749999999999999
2008,1,135.5,9.8,14.6,1.7,13.4,2008-01-01,31,52.699999999999996,82.80000000000001,CRU-CY4.10,CRU-CY:Israel,gridded estimate; station support unavailable,30.0,26.976666666666645,30.0,-2.43333333333333,30.0,-2.1866666666666656,30.0,-4.13333333333334,30.0,31.110000000000028,30.0,2.423333333333332
2008,2,50.7,11.9,17.3,2.4,8.5,2008-02-01,29,69.6,-18.89999999999999,CRU-CY4.10,CRU-CY:Israel,gridded estimate; station support unavailable,30.0,-29.88666666666667,30.0,-0.9466666666666654,30.0,-0.5433333333333294,30.0,1.5799999999999983,30.0,-31.466666666666658,30.0,-1.8533333333333335
2008,3,4.1,18.0,24.0,3.8,1.5,2008-03-01,31,117.8,-113.7,CRU-CY4.10,CRU-CY:Israel,gridded estimate; station support unavailable,30.0,-40.06999999999999,30.0,2.836666666666668,30.0,3.383333333333333,30.0,17.566666666666663,30.0,-57.63666666666668,30.0,-4.863333333333334
2008,4,0.4,20.0,26.7,4.7,0.4,2008-04-01,30,141.0,-140.6,CRU-CY4.10,CRU-CY:Israel,gridded estimate; station support unavailable,30.0,-15.62,30.0,1.6066666666666691,30.0,2.0500000000000043,30.0,6.599999999999994,30.0,-22.219999999999985,30.0,-2.0933333333333333
2008,5,3.0,20.7,27.3,5.4,1.0,2008-05-01,31,167.4,-164.4,CRU-CY4.10,CRU-CY:Israel,gridded estimate; station support unavailable,30.0,-1.583333333333333,30.0,-0.8566666666666691,30.0,-0.6800000000000033,30.0,-0.3100000000000023,30.0,-1.2733333333333405,30.0,-0.10000000000000031
2008,6,0.0,25.2,31.8,6.7,0.0,2008-06-01,30,201.0,-201.0,CRU-CY4.10,CRU-CY:Israel,gridded estimate; station support unavailable,30.0,-0.10666666666666669,30.0,0.8866666666666667,30.0,1.25,30.0,7.099999999999994,30.0,-7.206666666666649,30.0,-0.05000000000000001
2008,7,0.0,26.5,32.5,6.7,0.0,2008-07-01,31,207.70000000000002,-207.70000000000002,CRU-CY4.10,CRU-CY:Israel,gridded estimate; station support unavailable,30.0,0.0,30.0,0.1999999999999993,30.0,0.3466666666666711,30.0,5.68333333333328,30.0,-5.68333333333328,30.0,0.0
2008,8,0.0,27.2,33.0,6.1,0.0,2008-08-01,31,189.1,-189.1,CRU-CY4.10,CRU-CY:Israel,gridded estimate; station support unavailable,30.0,0.0,30.0,0.4866666666666717,30.0,0.5900000000000034,30.0,2.686666666666639,30.0,-2.686666666666639,30.0,0.0
2008,9,1.5,25.5,31.2,4.9,0.4,2008-09-01,30,147.0,-145.5,CRU-CY4.10,CRU-CY:Israel,gridded estimate; station support unavailable,30.0,1.0866666666666667,30.0,0.40333333333333954,30.0,0.32333333333333414,30.0,-0.4000000000000057,30.0,1.4866666666666504,30.0,0.3066666666666667
2008,10,25.2,21.7,27.4,3.5,4.0,2008-10-01,31,108.5,-83.3,CRU-CY4.10,CRU-CY:Israel,gridded estimate; station support unavailable,30.0,9.24,30.0,-0.7233333333333292,30.0,-0.870000000000001,30.0,-3.8233333333333235,30.0,13.063333333333361,30.0,1.4200000000000004
2008,11,14.7,18.3,24.0,2.6,2.6,2008-11-01,30,78.0,-63.3,CRU-CY4.10,CRU-CY:Israel,gridded estimate; station support unavailable,30.0,-36.626666666666665,30.0,0.5833333333333393,30.0,0.6600000000000072,30.0,3.200000000000003,30.0,-39.82666666666667,30.0,-2.3333333333333326
2008,12,53.1,14.4,19.6,2.0,6.5,2008-12-01,31,62.0,-8.899999999999999,CRU-CY4.10,CRU-CY:Israel,gridded estimate; station support unavailable,30.0,-38.38666666666666,30.0,0.6000000000000014,30.0,0.9633333333333347,30.0,4.340000000000003,30.0,-42.72666666666667,30.0,-2.4499999999999993
2009,1,26.6,12.4,17.3,1.9,4.5,2009-01-01,31,58.9,-32.3,CRU-CY4.10,CRU-CY:Israel,gridded estimate; station support unavailable,30.0,-81.92333333333335,30.0,0.16666666666666963,30.0,0.5133333333333354,30.0,2.066666666666663,30.0,-83.98999999999998,30.0,-6.476666666666668
2009,2,111.9,13.5,18.5,2.4,10.8,2009-02-01,28,67.2,44.7,CRU-CY4.10,CRU-CY:Israel,gridded estimate; station support unavailable,30.0,31.313333333333333,30.0,0.6533333333333342,30.0,0.6566666666666698,30.0,-0.8199999999999932,30.0,32.13333333333334,30.0,0.4466666666666672
2009,3,38.5,14.1,19.5,3.0,6.4,2009-03-01,31,93.0,-54.5,CRU-CY4.10,CRU-CY:Israel,gridded estimate; station support unavailable,30.0,-5.669999999999995,30.0,-1.0633333333333326,30.0,-1.1166666666666671,30.0,-7.233333333333334,30.0,1.5633333333333255,30.0,0.03666666666666618
2009,4,3.9,18.3,24.7,4.5,1.0,2009-04-01,30,135.0,-131.1,CRU-CY4.10,CRU-CY:Israel,gridded estimate; station support unavailable,30.0,-12.12,30.0,-0.09333333333333016,30.0,0.05000000000000426,30.0,0.5999999999999943,30.0,-12.719999999999985,30.0,-1.4933333333333332
2009,5,1.5,21.0,27.4,5.2,0.3,2009-05-01,31,161.20000000000002,-159.70000000000002,CRU-CY4.10,CRU-CY:Israel,gridded estimate; station support unavailable,30.0,-3.083333333333333,30.0,-0.5566666666666684,30.0,-0.5800000000000054,30.0,-6.509999999999991,30.0,3.426666666666648,30.0,-0.8000000000000003
2009,6,0.0,25.2,31.6,6.6,0.0,2009-06-01,30,198.0,-198.0,CRU-CY4.10,CRU-CY:Israel,gridded estimate; station support unavailable,30.0,-0.10666666666666669,30.0,0.8866666666666667,30.0,1.0500000000000007,30.0,4.099999999999994,30.0,-4.206666666666649,30.0,-0.05000000000000001
2009,7,0.0,26.3,32.0,6.6,0.0,2009-07-01,31,204.6,-204.6,CRU-CY4.10,CRU-CY:Israel,gridded estimate; station support unavailable,30.0,0.0,30.0,0.0,30.0,-0.15333333333332888,30.0,2.5833333333332575,30.0,-2.5833333333332575,30.0,0.0
2009,8,0.0,26.6,32.3,6.0,0.0,2009-08-01,31,186.0,-186.0,CRU-CY4.10,CRU-CY:Israel,gridded estimate; station support unavailable,30.0,0.0,30.0,-0.11333333333332618,30.0,-0.10999999999999943,30.0,-0.4133333333333553,30.0,0.4133333333333553,30.0,0.0
2009,9,0.8,24.3,29.9,4.7,0.1,2009-09-01,30,141.0,-140.2,CRU-CY4.10,CRU-CY:Israel,gridded estimate; station support unavailable,30.0,0.38666666666666677,30.0,-0.7966666666666598,30.0,-0.9766666666666666,30.0,-6.400000000000006,30.0,6.786666666666662,30.0,0.006666666666666668
2009,10,31.2,23.6,29.6,3.8,3.0,2009-10-01,31,117.8,-86.6,CRU-CY4.10,CRU-CY:Israel,gridded estimate; station support unavailable,30.0,15.24,30.0,1.176666666666673,30.0,1.3300000000000018,30.0,5.476666666666674,30.0,9.763333333333364,30.0,0.4200000000000004
2009,11,50.0,17.2,22.8,2.5,4.8,2009-11-01,30,75.0,-25.0,CRU-CY4.10,CRU-CY:Israel,gridded estimate; station support unavailable,30.0,-1.326666666666668,30.0,-0.5166666666666622,30.0,-0.539999999999992,30.0,0.20000000000000284,30.0,-1.5266666666666744,30.0,-0.13333333333333286
2009,12,76.3,15.4,20.1,2.0,9.4,2009-12-01,31,62.0,14.299999999999997,CRU-CY4.10,CRU-CY:Israel,gridded estimate; station support unavailable,30.0,-15.186666666666667,30.0,1.6000000000000014,30.0,1.4633333333333347,30.0,4.340000000000003,30.0,-19.52666666666667,30.0,0.45000000000000107
2010,1,118.3,14.9,19.6,2.1,11.7,2010-01-01,31,65.10000000000001,53.19999999999999,CRU-CY4.10,CRU-CY:Israel,gridded estimate; station support unavailable,30.0,9.776666666666642,30.0,2.6666666666666696,30.0,2.813333333333336,30.0,8.266666666666673,30.0,1.5100000000000051,30.0,0.7233333333333309
2010,2,115.5,15.3,20.3,2.6,13.4,2010-02-01,28,72.8,42.7,CRU-CY4.10,CRU-CY:Israel,gridded estimate; station support unavailable,30.0,34.91333333333333,30.0,2.453333333333335,30.0,2.4566666666666706,30.0,4.780000000000001,30.0,30.133333333333336,30.0,3.046666666666667
2010,3,14.7,17.6,23.3,3.5,4.8,2010-03-01,31,108.5,-93.8,CRU-CY4.10,CRU-CY:Israel,gridded estimate; station support unavailable,30.0,-29.469999999999995,30.0,2.436666666666669,30.0,2.6833333333333336,30.0,8.266666666666666,30.0,-37.73666666666667,30.0,-1.5633333333333344
2010,4,2.8,19.6,26.1,4.8,0.8,2010-04-01,30,144.0,-141.2,CRU-CY4.10,CRU-CY:Israel,gridded estimate; station support unavailable,30.0,-13.219999999999999,30.0,1.2066666666666706,30.0,1.4500000000000064,30.0,9.599999999999994,30.0,-22.81999999999998,30.0,-1.6933333333333331
2010,5,1.5,22.2,28.8,5.4,0.7,2010-05-01,31,167.4,-165.9,CRU-CY4.10,CRU-CY:Israel,gridded estimate; station support unavailable,30.0,-3.083333333333333,30.0,0.6433333333333309,30.0,0.8199999999999967,30.0,-0.3100000000000023,30.0,-2.7733333333333405,30.0,-0.40000000000000036
2010,6,0.2,25.1,31.3,6.7,0.1,2010-06-01,30,201.0,-200.8,CRU-CY4.10,CRU-CY:Israel,gridded estimate; station support unavailable,30.0,0.09333333333333332,30.0,0.7866666666666688,30.0,0.75,30.0,7.099999999999994,30.0,-7.006666666666661,30.0,0.049999999999999996
2010,7,0.0,26.8,32.8,6.6,0.0,2010-07-01,31,204.6,-204.6,CRU-CY4.10,CRU-CY:Israel,gridded estimate; station support unavailable,30.0,0.0,30.0,0.5,30.0,0.6466666666666683,30.0,2.5833333333332575,30.0,-2.5833333333332575,30.0,0.0
2010,8,0.0,28.5,34.5,6.4,0.0,2010-08-01,31,198.4,-198.4,CRU-CY4.10,CRU-CY:Israel,gridded estimate; station support unavailable,30.0,0.0,30.0,1.7866666666666724,30.0,2.0900000000000034,30.0,11.98666666666665,30.0,-11.98666666666665,30.0,0.0
2010,9,0.1,26.4,32.3,5.2,0.0,2010-09-01,30,156.0,-155.9,CRU-CY4.10,CRU-CY:Israel,gridded estimate; station support unavailable,30.0,-0.31333333333333324,30.0,1.3033333333333381,30.0,1.423333333333332,30.0,8.599999999999994,30.0,-8.913333333333355,30.0,-0.09333333333333334
2010,10,5.0,24.2,30.2,3.9,1.9,2010-10-01,31,120.89999999999999,-115.89999999999999,CRU-CY4.10,CRU-CY:Israel,gridded estimate; station support unavailable,30.0,-10.959999999999999,30.0,1.7766666666666708,30.0,1.9299999999999997,30.0,8.576666666666668,30.0,-19.536666666666633,30.0,-0.6799999999999997
2010,11,2.4,20.2,26.8,2.9,0.8,2010-11-01,30,87.0,-84.6,CRU-CY4.10,CRU-CY:Israel,gridded estimate; station support unavailable,30.0,-48.92666666666667,30.0,2.483333333333338,30.0,3.460000000000008,30.0,12.200000000000003,30.0,-61.126666666666665,30.0,-4.133333333333333
2010,12,94.4,15.4,20.8,2.1,9.7,2010-12-01,31,65.10000000000001,29.299999999999997,CRU-CY4.10,CRU-CY:Israel,gridded estimate; station support unavailable,30.0,2.913333333333341,30.0,1.6000000000000014,30.0,2.163333333333334,30.0,7.440000000000012,30.0,-4.526666666666671,30.0,0.75
2011,1,76.6,13.3,18.0,1.9,10.6,2011-01-01,31,58.9,17.699999999999996,CRU-CY4.10,CRU-CY:Israel,gridded estimate; station support unavailable,30.0,-31.92333333333336,30.0,1.06666666666667,30.0,1.2133333333333347,30.0,2.066666666666663,30.0,-33.98999999999999,30.0,-0.3766666666666687
2011,2,94.4,13.6,18.5,2.4,10.7,2011-02-01,28,67.2,27.200000000000003,CRU-CY4.10,CRU-CY:Israel,gridded estimate; station support unavailable,30.0,13.813333333333333,30.0,0.7533333333333339,30.0,0.6566666666666698,30.0,-0.8199999999999932,30.0,14.633333333333336,30.0,0.3466666666666658
2011,3,52.7,14.8,20.4,3.3,6.4,2011-03-01,31,102.3,-49.599999999999994,CRU-CY4.10,CRU-CY:Israel,gridded estimate; station support unavailable,30.0,8.530000000000008,30.0,-0.3633333333333315,30.0,-0.21666666666666856,30.0,2.066666666666663,30.0,6.463333333333331,30.0,0.03666666666666618
2011,4,41.4,17.9,23.9,4.3,5.3,2011-04-01,30,129.0,-87.6,CRU-CY4.10,CRU-CY:Israel,gridded estimate; station support unavailable,30.0,25.38,30.0,-0.4933333333333323,30.0,-0.7499999999999964,30.0,-5.400000000000006,30.0,30.780000000000015,30.0,2.8066666666666666
2011,5,5.3,20.8,27.0,5.1,1.4,2011-05-01,31,158.1,-152.79999999999998,CRU-CY4.10,CRU-CY:Israel,gridded estimate; station support unavailable,30.0,0.7166666666666668,30.0,-0.7566666666666677,30.0,-0.980000000000004,30.0,-9.610000000000014,30.0,10.326666666666682,30.0,0.2999999999999996
2011,6,0.2,23.9,29.8,6.4,0.1,2011-06-01,30,192.0,-191.8,CRU-CY4.10,CRU-CY:Israel,gridded estimate; station support unavailable,30.0,0.09333333333333332,30.0,-0.413333333333334,30.0,-0.75,30.0,-1.9000000000000057,30.0,1.9933333333333394,30.0,0.049999999999999996
2011,7,0.0,27.0,32.9,6.6,0.0,2011-07-01,31,204.6,-204.6,CRU-CY4.10,CRU-CY:Israel,gridded estimate; station support unavailable,30.0,0.0,30.0,0.6999999999999993,30.0,0.7466666666666697,30.0,2.5833333333332575,30.0,-2.5833333333332575,30.0,0.0
2011,8,0.0,26.6,32.4,5.9,0.0,2011-08-01,31,182.9,-182.9,CRU-CY4.10,CRU-CY:Israel,gridded estimate; station support unavailable,30.0,0.0,30.0,-0.11333333333332618,30.0,-0.00999999999999801,30.0,-3.5133333333333496,30.0,3.5133333333333496,30.0,0.0
2011,9,1.5,25.3,30.8,4.9,0.3,2011-09-01,30,147.0,-145.5,CRU-CY4.10,CRU-CY:Israel,gridded estimate; station support unavailable,30.0,1.0866666666666667,30.0,0.20333333333334025,30.0,-0.07666666666666444,30.0,-0.4000000000000057,30.0,1.4866666666666504,30.0,0.20666666666666667
2011,10,3.9,21.4,27.3,3.5,1.0,2011-10-01,31,108.5,-104.6,CRU-CY4.10,CRU-CY:Israel,gridded estimate; station support unavailable,30.0,-12.059999999999999,30.0,-1.0233333333333299,30.0,-0.9699999999999989,30.0,-3.8233333333333235,30.0,-8.236666666666636,30.0,-1.5799999999999996
2011,11,81.4,14.6,19.9,2.2,6.0,2011-11-01,30,66.0,15.400000000000006,CRU-CY4.10,CRU-CY:Israel,gridded estimate; station support unavailable,30.0,30.073333333333338,30.0,-3.116666666666662,30.0,-3.439999999999994,30.0,-8.799999999999997,30.0,38.873333333333335,30.0,1.0666666666666673
2011,12,43.3,13.0,18.2,1.8,5.2,2011-12-01,31,55.800000000000004,-12.500000000000007,CRU-CY4.10,CRU-CY:Israel,gridded estimate; station support unavailable,30.0,-48.18666666666667,30.0,-0.7999999999999989,30.0,-0.4366666666666674,30.0,-1.8599999999999923,30.0,-46.326666666666675,30.0,-3.749999999999999
2012,1,134.0,11.4,15.7,1.7,10.8,2012-01-01,31,52.699999999999996,81.30000000000001,CRU-CY4.10,CRU-CY:Israel,gridded estimate; station support unavailable,30.0,25.476666666666645,30.0,-0.8333333333333304,30.0,-1.086666666666666,30.0,-4.13333333333334,30.0,29.610000000000028,30.0,-0.17666666666666764
2012,2,80.0,11.7,16.8,2.3,9.6,2012-02-01,29,66.69999999999999,13.300000000000011,CRU-CY4.10,CRU-CY:Israel,gridded estimate; station support unavailable,30.0,-0.5866666666666731,30.0,-1.1466666666666665,30.0,-1.0433333333333294,30.0,-1.3200000000000074,30.0,0.7333333333333449,30.0,-0.7533333333333339
2012,3,68.2,13.4,18.7,2.9,7.0,2012-03-01,31,89.89999999999999,-21.69999999999999,CRU-CY4.10,CRU-CY:Israel,gridded estimate; station support unavailable,30.0,24.03000000000001,30.0,-1.7633333333333319,30.0,-1.9166666666666679,30.0,-10.333333333333343,30.0,34.36333333333334,30.0,0.6366666666666658
2012,4,1.2,19.5,26.2,4.8,0.4,2012-04-01,30,144.0,-142.8,CRU-CY4.10,CRU-CY:Israel,gridded estimate; station support unavailable,30.0,-14.82,30.0,1.1066666666666691,30.0,1.5500000000000043,30.0,9.599999999999994,30.0,-24.42,30.0,-2.0933333333333333
2012,5,2.5,22.0,28.4,5.4,0.8,2012-05-01,31,167.4,-164.9,CRU-CY4.10,CRU-CY:Israel,gridded estimate; station support unavailable,30.0,-2.083333333333333,30.0,0.4433333333333316,30.0,0.4199999999999946,30.0,-0.3100000000000023,30.0,-1.7733333333333405,30.0,-0.30000000000000027
2012,6,0.1,25.6,32.0,6.7,0.1,2012-06-01,30,201.0,-200.9,CRU-CY4.10,CRU-CY:Israel,gridded estimate; station support unavailable,30.0,-0.006666666666666682,30.0,1.2866666666666688,30.0,1.4499999999999993,30.0,7.099999999999994,30.0,-7.106666666666655,30.0,0.049999999999999996
2012,7,0.0,27.7,33.6,6.8,0.0,2012-07-01,31,210.79999999999998,-210.79999999999998,CRU-CY4.10,CRU-CY:Israel,gridded estimate; station support unavailable,30.0,0.0,30.0,1.3999999999999986,30.0,1.4466666666666725,30.0,8.783333333333246,30.0,-8.783333333333246,30.0,0.0
2012,8,0.0,27.2,32.9,6.2,0.0,2012-08-01,31,192.20000000000002,-192.20000000000002,CRU-CY4.10,CRU-CY:Israel,gridded estimate; station support unavailable,30.0,0.0,30.0,0.4866666666666717,30.0,0.490000000000002,30.0,5.786666666666662,30.0,-5.786666666666662,30.0,0.0
2012,9,0.4,25.7,31.7,5.1,0.0,2012-09-01,30,153.0,-152.6,CRU-CY4.10,CRU-CY:Israel,gridded estimate; station support unavailable,30.0,-0.013333333333333253,30.0,0.6033333333333388,30.0,0.8233333333333341,30.0,5.599999999999994,30.0,-5.613333333333344,30.0,-0.09333333333333334
2012,10,8.5,23.4,29.3,3.6,2.4,2012-10-01,31,111.60000000000001,-103.10000000000001,CRU-CY4.10,CRU-CY:Israel,gridded estimate; station support unavailable,30.0,-7.459999999999999,30.0,0.9766666666666701,30.0,1.0300000000000011,30.0,-0.723333333333315,30.0,-6.73666666666665,30.0,-0.17999999999999972
2012,11,93.8,19.2,24.5,2.5,9.5,2012-11-01,30,75.0,18.799999999999997,CRU-CY4.10,CRU-CY:Israel,gridded estimate; station support unavailable,30.0,42.47333333333333,30.0,1.4833333333333378,30.0,1.1600000000000072,30.0,0.20000000000000284,30.0,42.273333333333326,30.0,4.566666666666667
2012,12,79.8,14.5,19.2,1.9,7.2,2012-12-01,31,58.9,20.9,CRU-CY4.10,CRU-CY:Israel,gridded estimate; station support unavailable,30.0,-11.686666666666667,30.0,0.7000000000000011,30.0,0.5633333333333326,30.0,1.240000000000002,30.0,-12.92666666666667,30.0,-1.7499999999999991
2013,1,189.0,13.0,17.5,1.9,14.5,2013-01-01,31,58.9,130.1,CRU-CY4.10,CRU-CY:Israel,gridded estimate; station support unavailable,30.0,80.47666666666665,30.0,0.7666666666666693,30.0,0.7133333333333347,30.0,2.066666666666663,30.0,78.41000000000001,30.0,3.5233333333333317
2013,2,67.0,14.6,19.6,2.6,8.6,2013-02-01,28,72.8,-5.799999999999997,CRU-CY4.10,CRU-CY:Israel,gridded estimate; station support unavailable,30.0,-13.586666666666673,30.0,1.7533333333333339,30.0,1.7566666666666713,30.0,4.780000000000001,30.0,-18.366666666666664,30.0,-1.7533333333333339
2013,3,3.0,17.0,23.0,3.6,1.2,2013-03-01,31,111.60000000000001,-108.60000000000001,CRU-CY4.10,CRU-CY:Israel,gridded estimate; station support unavailable,30.0,-41.169999999999995,30.0,1.8366666666666678,30.0,2.383333333333333,30.0,11.366666666666674,30.0,-52.53666666666668,30.0,-5.163333333333334
2013,4,21.3,18.2,24.5,4.6,3.2,2013-04-01,30,138.0,-116.7,CRU-CY4.10,CRU-CY:Israel,gridded estimate; station support unavailable,30.0,5.280000000000001,30.0,-0.19333333333333158,30.0,-0.14999999999999503,30.0,3.5999999999999943,30.0,1.6800000000000068,30.0,0.706666666666667
2013,5,6.4,22.6,29.1,5.6,1.7,2013-05-01,31,173.6,-167.2,CRU-CY4.10,CRU-CY:Israel,gridded estimate; station support unavailable,30.0,1.8166666666666673,30.0,1.043333333333333,30.0,1.1199999999999974,30.0,5.889999999999986,30.0,-4.0733333333333235,30.0,0.5999999999999996
2013,6,0.0,24.2,30.4,6.4,0.0,2013-06-01,30,192.0,-192.0,CRU-CY4.10,CRU-CY:Israel,gridded estimate; station support unavailable,30.0,-0.10666666666666669,30.0,-0.11333333333333329,30.0,-0.15000000000000213,30.0,-1.9000000000000057,30.0,1.7933333333333508,30.0,-0.05000000000000001
2013,7,0.0,25.6,31.3,6.3,0.0,2013-07-01,31,195.29999999999998,-195.29999999999998,CRU-CY4.10,CRU-CY:Israel,gridded estimate; station support unavailable,30.0,0.0,30.0,-0.6999999999999993,30.0,-0.8533333333333282,30.0,-6.716666666666754,30.0,6.716666666666754,30.0,0.0
2013,8,0.0,26.3,32.2,6.0,0.0,2013-08-01,31,186.0,-186.0,CRU-CY4.10,CRU-CY:Israel,gridded estimate; station support unavailable,30.0,0.0,30.0,-0.4133333333333269,30.0,-0.20999999999999375,30.0,-0.4133333333333553,30.0,0.4133333333333553,30.0,0.0
2013,9,0.8,24.4,30.0,4.8,0.2,2013-09-01,30,144.0,-143.2,CRU-CY4.10,CRU-CY:Israel,gridded estimate; station support unavailable,30.0,0.38666666666666677,30.0,-0.6966666666666619,30.0,-0.8766666666666652,30.0,-3.4000000000000057,30.0,3.7866666666666617,30.0,0.10666666666666667
2013,10,2.8,20.5,26.6,3.5,0.9,2013-10-01,31,108.5,-105.7,CRU-CY4.10,CRU-CY:Israel,gridded estimate; station support unavailable,30.0,-13.16,30.0,-1.9233333333333285,30.0,-1.6699999999999982,30.0,-3.8233333333333235,30.0,-9.336666666666645,30.0,-1.6799999999999997
2013,11,22.1,19.2,24.9,2.6,1.0,2013-11-01,30,78.0,-55.9,CRU-CY4.10,CRU-CY:Israel,gridded estimate; station support unavailable,30.0,-29.226666666666667,30.0,1.4833333333333378,30.0,1.5600000000000058,30.0,3.200000000000003,30.0,-32.42666666666668,30.0,-3.9333333333333327
2013,12,135.9,12.5,17.3,1.7,10.3,2013-12-01,31,52.699999999999996,83.20000000000002,CRU-CY4.10,CRU-CY:Israel,gridded estimate; station support unavailable,30.0,44.41333333333334,30.0,-1.299999999999999,30.0,-1.336666666666666,30.0,-4.960000000000001,30.0,49.37333333333335,30.0,1.3500000000000014
2014,1,54.1,13.4,18.1,2.0,8.0,2014-01-01,31,62.0,-7.899999999999999,CRU-CY4.10,CRU-CY:Israel,gridded estimate; station support unavailable,30.0,-54.42333333333335,30.0,1.1666666666666696,30.0,1.3133333333333361,30.0,5.166666666666664,30.0,-59.58999999999998,30.0,-2.9766666666666683
2014,2,25.9,14.1,19.5,2.7,6.1,2014-02-01,28,75.60000000000001,-49.70000000000001,CRU-CY4.10,CRU-CY:Israel,gridded estimate; station support unavailable,30.0,-54.686666666666675,30.0,1.2533333333333339,30.0,1.6566666666666698,30.0,7.5800000000000125,30.0,-62.26666666666668,30.0,-4.253333333333334
2014,3,64.1,16.2,21.9,3.4,8.8,2014-03-01,31,105.39999999999999,-41.3,CRU-CY4.10,CRU-CY:Israel,gridded estimate; station support unavailable,30.0,19.93,30.0,1.036666666666667,30.0,1.2833333333333314,30.0,5.166666666666657,30.0,14.763333333333328,30.0,2.4366666666666665
2014,4,0.6,19.7,26.0,4.8,0.3,2014-04-01,30,144.0,-143.4,CRU-CY4.10,CRU-CY:Israel,gridded estimate; station support unavailable,30.0,-15.42,30.0,1.3066666666666684,30.0,1.350000000000005,30.0,9.599999999999994,30.0,-25.019999999999996,30.0,-2.1933333333333334
2014,5,16.9,21.6,28.0,5.3,2.6,2014-05-01,31,164.29999999999998,-147.39999999999998,CRU-CY4.10,CRU-CY:Israel,gridded estimate; station support unavailable,30.0,12.316666666666666,30.0,0.043333333333333,30.0,0.01999999999999602,30.0,-3.410000000000025,30.0,15.726666666666688,30.0,1.4999999999999998
2014,6,0.1,24.0,30.2,6.4,0.1,2014-06-01,30,192.0,-191.9,CRU-CY4.10,CRU-CY:Israel,gridded estimate; station support unavailable,30.0,-0.006666666666666682,30.0,-0.3133333333333326,30.0,-0.3500000000000014,30.0,-1.9000000000000057,30.0,1.893333333333345,30.0,0.049999999999999996
2014,7,0.0,26.0,31.7,6.5,0.0,2014-07-01,31,201.5,-201.5,CRU-CY4.10,CRU-CY:Israel,gridded estimate; station support unavailable,30.0,0.0,30.0,-0.3000000000000007,30.0,-0.4533333333333296,30.0,-0.5166666666667368,30.0,0.5166666666667368,30.0,0.0
2014,8,0.0,27.0,32.7,6.1,0.0,2014-08-01,31,189.1,-189.1,CRU-CY4.10,CRU-CY:Israel,gridded estimate; station support unavailable,30.0,0.0,30.0,0.2866666666666724,30.0,0.29000000000000625,30.0,2.686666666666639,30.0,-2.686666666666639,30.0,0.0
2014,9,1.3,24.6,30.2,4.8,0.1,2014-09-01,30,144.0,-142.7,CRU-CY4.10,CRU-CY:Israel,gridded estimate; station support unavailable,30.0,0.8866666666666667,30.0,-0.49666666666665904,30.0,-0.6766666666666659,30.0,-3.4000000000000057,30.0,4.286666666666662,30.0,0.006666666666666668
2014,10,21.8,21.5,27.3,3.5,4.0,2014-10-01,31,108.5,-86.7,CRU-CY4.10,CRU-CY:Israel,gridded estimate; station support unavailable,30.0,5.840000000000002,30.0,-0.9233333333333285,30.0,-0.9699999999999989,30.0,-3.8233333333333235,30.0,9.663333333333355,30.0,1.4200000000000004
2014,11,108.3,17.3,22.6,2.4,7.5,2014-11-01,30,72.0,36.3,CRU-CY4.10,CRU-CY:Israel,gridded estimate; station support unavailable,30.0,56.97333333333333,30.0,-0.41666666666666075,30.0,-0.7399999999999913,30.0,-2.799999999999997,30.0,59.773333333333326,30.0,2.5666666666666673
2014,12,80.1,15.4,20.1,2.0,8.8,2014-12-01,31,62.0,18.099999999999994,CRU-CY4.10,CRU-CY:Israel,gridded estimate; station support unavailable,30.0,-11.38666666666667,30.0,1.6000000000000014,30.0,1.4633333333333347,30.0,4.340000000000003,30.0,-15.726666666666674,30.0,-0.14999999999999858
2015,1,123.9,12.0,16.5,1.8,11.7,2015-01-01,31,55.800000000000004,68.1,CRU-CY4.10,CRU-CY:Israel,gridded estimate; station support unavailable,30.0,15.376666666666651,30.0,-0.23333333333333073,30.0,-0.2866666666666653,30.0,-1.0333333333333314,30.0,16.41000000000001,30.0,0.7233333333333309
2015,2,77.2,13.0,17.8,2.4,9.6,2015-02-01,28,67.2,10.0,CRU-CY4.10,CRU-CY:Israel,gridded estimate; station support unavailable,30.0,-3.3866666666666703,30.0,0.1533333333333342,30.0,-0.04333333333332945,30.0,-0.8199999999999932,30.0,-2.5666666666666664,30.0,-0.7533333333333339
2015,3,28.9,16.3,21.9,3.4,6.2,2015-03-01,31,105.39999999999999,-76.5,CRU-CY4.10,CRU-CY:Israel,gridded estimate; station support unavailable,30.0,-15.269999999999996,30.0,1.1366666666666685,30.0,1.2833333333333314,30.0,5.166666666666657,30.0,-20.436666666666675,30.0,-0.163333333333334
2015,4,29.1,17.3,23.6,4.4,3.7,2015-04-01,30,132.0,-102.9,CRU-CY4.10,CRU-CY:Israel,gridded estimate; station support unavailable,30.0,13.080000000000002,30.0,-1.0933333333333302,30.0,-1.0499999999999936,30.0,-2.4000000000000057,30.0,15.480000000000004,30.0,1.206666666666667
2015,5,0.5,22.2,28.6,5.5,0.2,2015-05-01,31,170.5,-170.0,CRU-CY4.10,CRU-CY:Israel,gridded estimate; station support unavailable,30.0,-4.083333333333333,30.0,0.6433333333333309,30.0,0.6199999999999974,30.0,2.789999999999992,30.0,-6.873333333333335,30.0,-0.9000000000000004
2015,6,0.0,23.0,29.2,6.1,0.1,2015-06-01,30,183.0,-183.0,CRU-CY4.10,CRU-CY:Israel,gridded estimate; station support unavailable,30.0,-0.10666666666666669,30.0,-1.3133333333333326,30.0,-1.3500000000000014,30.0,-10.900000000000006,30.0,10.79333333333335,30.0,0.049999999999999996
2015,7,0.0,26.2,32.3,6.5,0.0,2015-07-01,31,201.5,-201.5,CRU-CY4.10,CRU-CY:Israel,gridded estimate; station support unavailable,30.0,0.0,30.0,-0.10000000000000142,30.0,0.14666666666666828,30.0,-0.5166666666667368,30.0,0.5166666666667368,30.0,0.0
2015,8,0.0,27.2,32.6,6.2,0.0,2015-08-01,31,192.20000000000002,-192.20000000000002,CRU-CY4.10,CRU-CY:Israel,gridded estimate; station support unavailable,30.0,0.0,30.0,0.4866666666666717,30.0,0.19000000000000483,30.0,5.786666666666662,30.0,-5.786666666666662,30.0,0.0
2015,9,0.0,26.9,32.6,5.1,0.0,2015-09-01,30,153.0,-153.0,CRU-CY4.10,CRU-CY:Israel,gridded estimate; station support unavailable,30.0,-0.4133333333333333,30.0,1.8033333333333381,30.0,1.7233333333333363,30.0,5.599999999999994,30.0,-6.01333333333335,30.0,-0.09333333333333334
2015,10,49.4,23.3,29.0,3.5,6.0,2015-10-01,31,108.5,-59.1,CRU-CY4.10,CRU-CY:Israel,gridded estimate; station support unavailable,30.0,33.44,30.0,0.8766666666666723,30.0,0.7300000000000004,30.0,-3.8233333333333235,30.0,37.26333333333336,30.0,3.4200000000000004
2015,11,48.2,18.4,23.9,2.5,6.2,2015-11-01,30,75.0,-26.799999999999997,CRU-CY4.10,CRU-CY:Israel,gridded estimate; station support unavailable,30.0,-3.126666666666665,30.0,0.6833333333333371,30.0,0.5600000000000058,30.0,0.20000000000000284,30.0,-3.3266666666666715,30.0,1.2666666666666675
2015,12,69.0,12.9,18.1,1.8,7.3,2015-12-01,31,55.800000000000004,13.199999999999996,CRU-CY4.10,CRU-CY:Israel,gridded estimate; station support unavailable,30.0,-22.486666666666665,30.0,-0.8999999999999986,30.0,-0.5366666666666653,30.0,-1.8599999999999923,30.0,-20.626666666666672,30.0,-1.6499999999999995
2016,1,68.8,11.8,16.2,1.8,7.1,2016-01-01,31,55.800000000000004,12.999999999999993,CRU-CY4.10,CRU-CY:Israel,gridded estimate; station support unavailable,30.0,-39.72333333333336,30.0,-0.43333333333333,30.0,-0.586666666666666,30.0,-1.0333333333333314,30.0,-38.68999999999999,30.0,-3.8766666666666687
2016,2,49.4,15.1,20.4,2.7,8.5,2016-02-01,29,78.30000000000001,-28.900000000000013,CRU-CY4.10,CRU-CY:Israel,gridded estimate; station support unavailable,30.0,-31.186666666666675,30.0,2.253333333333334,30.0,2.5566666666666684,30.0,10.280000000000015,30.0,-41.46666666666668,30.0,-1.8533333333333335
2016,3,41.3,16.5,22.2,3.4,5.9,2016-03-01,31,105.39999999999999,-64.1,CRU-CY4.10,CRU-CY:Israel,gridded estimate; station support unavailable,30.0,-2.8699999999999974,30.0,1.3366666666666678,30.0,1.5833333333333321,30.0,5.166666666666657,30.0,-8.036666666666669,30.0,-0.4633333333333338
2016,4,18.2,21.0,27.4,5.0,3.2,2016-04-01,30,150.0,-131.8,CRU-CY4.10,CRU-CY:Israel,gridded estimate; station support unavailable,30.0,2.1799999999999997,30.0,2.606666666666669,30.0,2.7500000000000036,30.0,15.599999999999994,30.0,-13.420000000000002,30.0,0.706666666666667
2016,5,3.5,21.7,28.1,5.5,1.1,2016-05-01,31,170.5,-167.0,CRU-CY4.10,CRU-CY:Israel,gridded estimate; station support unavailable,30.0,-1.083333333333333,30.0,0.14333333333333087,30.0,0.11999999999999744,30.0,2.789999999999992,30.0,-3.873333333333335,30.0,-2.220446049250313e-16
2016,6,0.0,25.9,32.3,6.8,0.0,2016-06-01,30,204.0,-204.0,CRU-CY4.10,CRU-CY:Israel,gridded estimate; station support unavailable,30.0,-0.10666666666666669,30.0,1.586666666666666,30.0,1.7499999999999964,30.0,10.099999999999994,30.0,-10.20666666666665,30.0,-0.05000000000000001
2016,7,0.0,26.7,32.6,6.6,0.0,2016-07-01,31,204.6,-204.6,CRU-CY4.10,CRU-CY:Israel,gridded estimate; station support unavailable,30.0,0.0,30.0,0.3999999999999986,30.0,0.44666666666667254,30.0,2.5833333333332575,30.0,-2.5833333333332575,30.0,0.0
2016,8,0.0,27.5,33.0,6.1,0.0,2016-08-01,31,189.1,-189.1,CRU-CY4.10,CRU-CY:Israel,gridded estimate; station support unavailable,30.0,0.0,30.0,0.7866666666666724,30.0,0.5900000000000034,30.0,2.686666666666639,30.0,-2.686666666666639,30.0,0.0
2016,9,0.0,24.9,30.6,4.9,0.0,2016-09-01,30,147.0,-147.0,CRU-CY4.10,CRU-CY:Israel,gridded estimate; station support unavailable,30.0,-0.4133333333333333,30.0,-0.19666666666666188,30.0,-0.27666666666666373,30.0,-0.4000000000000057,30.0,-0.013333333333349628,30.0,-0.09333333333333334
2016,10,25.0,22.9,29.2,3.8,4.1,2016-10-01,31,117.8,-92.8,CRU-CY4.10,CRU-CY:Israel,gridded estimate; station support unavailable,30.0,9.040000000000001,30.0,0.4766666666666701,30.0,0.9299999999999997,30.0,5.476666666666674,30.0,3.563333333333361,30.0,1.52
2016,11,7.3,18.1,24.0,2.5,1.8,2016-11-01,30,75.0,-67.7,CRU-CY4.10,CRU-CY:Israel,gridded estimate; station support unavailable,30.0,-44.02666666666667,30.0,0.38333333333333997,30.0,0.6600000000000072,30.0,0.20000000000000284,30.0,-44.226666666666674,30.0,-3.133333333333333
2016,12,169.6,11.8,16.4,1.6,13.1,2016-12-01,31,49.6,120.0,CRU-CY4.10,CRU-CY:Israel,gridded estimate; station support unavailable,30.0,78.11333333333333,30.0,-1.9999999999999982,30.0,-2.236666666666668,30.0,-8.059999999999995,30.0,86.17333333333333,30.0,4.15
2017,1,39.8,11.2,15.7,1.7,4.8,2017-01-01,31,52.699999999999996,-12.899999999999999,CRU-CY4.10,CRU-CY:Israel,gridded estimate; station support unavailable,30.0,-68.72333333333336,30.0,-1.0333333333333314,30.0,-1.086666666666666,30.0,-4.13333333333334,30.0,-64.58999999999997,30.0,-6.1766666666666685
2017,2,52.8,11.7,17.1,2.4,9.8,2017-02-01,28,67.2,-14.400000000000006,CRU-CY4.10,CRU-CY:Israel,gridded estimate; station support unavailable,30.0,-27.786666666666676,30.0,-1.1466666666666665,30.0,-0.7433333333333287,30.0,-0.8199999999999932,30.0,-26.966666666666672,30.0,-0.5533333333333328
2017,3,21.9,15.5,21.0,3.2,3.9,2017-03-01,31,99.2,-77.30000000000001,CRU-CY4.10,CRU-CY:Israel,gridded estimate; station support unavailable,30.0,-22.269999999999996,30.0,0.3366666666666678,30.0,0.38333333333333286,30.0,-1.0333333333333314,30.0,-21.236666666666686,30.0,-2.4633333333333343
2017,4,15.1,18.6,24.9,4.3,2.8,2017-04-01,30,129.0,-113.9,CRU-CY4.10,CRU-CY:Israel,gridded estimate; station support unavailable,30.0,-0.9199999999999999,30.0,0.20666666666667055,30.0,0.25000000000000355,30.0,-5.400000000000006,30.0,4.480000000000004,30.0,0.30666666666666664
2017,5,1.7,21.8,28.2,5.5,0.6,2017-05-01,31,170.5,-168.8,CRU-CY4.10,CRU-CY:Israel,gridded estimate; station support unavailable,30.0,-2.883333333333333,30.0,0.2433333333333323,30.0,0.2199999999999953,30.0,2.789999999999992,30.0,-5.673333333333346,30.0,-0.5000000000000003
2017,6,0.1,24.8,31.1,6.6,0.1,2017-06-01,30,198.0,-197.9,CRU-CY4.10,CRU-CY:Israel,gridded estimate; station support unavailable,30.0,-0.006666666666666682,30.0,0.48666666666666814,30.0,0.5500000000000007,30.0,4.099999999999994,30.0,-4.106666666666655,30.0,0.049999999999999996
2017,7,0.0,27.5,33.4,6.6,0.0,2017-07-01,31,204.6,-204.6,CRU-CY4.10,CRU-CY:Israel,gridded estimate; station support unavailable,30.0,0.0,30.0,1.1999999999999993,30.0,1.2466666666666697,30.0,2.5833333333332575,30.0,-2.5833333333332575,30.0,0.0
2017,8,0.0,27.3,32.8,6.0,0.0,2017-08-01,31,186.0,-186.0,CRU-CY4.10,CRU-CY:Israel,gridded estimate; station support unavailable,30.0,0.0,30.0,0.5866666666666731,30.0,0.39000000000000057,30.0,-0.4133333333333553,30.0,0.4133333333333553,30.0,0.0
2017,9,0.0,25.8,31.7,5.0,0.0,2017-09-01,30,150.0,-150.0,CRU-CY4.10,CRU-CY:Israel,gridded estimate; station support unavailable,30.0,-0.4133333333333333,30.0,0.7033333333333402,30.0,0.8233333333333341,30.0,2.5999999999999943,30.0,-3.0133333333333496,30.0,-0.09333333333333334
2017,10,7.4,21.5,27.5,3.5,1.7,2017-10-01,31,108.5,-101.1,CRU-CY4.10,CRU-CY:Israel,gridded estimate; station support unavailable,30.0,-8.559999999999999,30.0,-0.9233333333333285,30.0,-0.7699999999999996,30.0,-3.8233333333333235,30.0,-4.736666666666636,30.0,-0.8799999999999997
2017,11,19.1,17.6,23.3,2.5,2.8,2017-11-01,30,75.0,-55.9,CRU-CY4.10,CRU-CY:Israel,gridded estimate; station support unavailable,30.0,-32.22666666666667,30.0,-0.11666666666666003,30.0,-0.03999999999999204,30.0,0.20000000000000284,30.0,-32.42666666666668,30.0,-2.133333333333333
2017,12,27.7,15.9,21.0,2.0,4.1,2017-12-01,31,62.0,-34.3,CRU-CY4.10,CRU-CY:Israel,gridded estimate; station support unavailable,30.0,-63.78666666666666,30.0,2.1000000000000014,30.0,2.3633333333333333,30.0,4.340000000000003,30.0,-68.12666666666667,30.0,-4.85
2018,1,133.4,12.9,17.3,1.8,12.6,2018-01-01,31,55.800000000000004,77.6,CRU-CY4.10,CRU-CY:Israel,gridded estimate; station support unavailable,30.0,24.87666666666665,30.0,0.6666666666666696,30.0,0.5133333333333354,30.0,-1.0333333333333314,30.0,25.91000000000001,30.0,1.6233333333333313
2018,2,88.8,15.3,20.3,2.6,13.0,2018-02-01,28,72.8,16.0,CRU-CY4.10,CRU-CY:Israel,gridded estimate; station support unavailable,30.0,8.213333333333324,30.0,2.453333333333335,30.0,2.4566666666666706,30.0,4.780000000000001,30.0,3.4333333333333336,30.0,2.6466666666666665
2018,3,6.5,18.2,24.2,3.8,2.3,2018-03-01,31,117.8,-111.3,CRU-CY4.10,CRU-CY:Israel,gridded estimate; station support unavailable,30.0,-37.669999999999995,30.0,3.036666666666667,30.0,3.583333333333332,30.0,17.566666666666663,30.0,-55.23666666666667,30.0,-4.063333333333334
2018,4,33.2,19.6,26.0,4.6,4.1,2018-04-01,30,138.0,-104.8,CRU-CY4.10,CRU-CY:Israel,gridded estimate; station support unavailable,30.0,17.180000000000003,30.0,1.2066666666666706,30.0,1.350000000000005,30.0,3.5999999999999943,30.0,13.580000000000013,30.0,1.6066666666666665
2018,5,10.2,22.9,29.2,5.6,2.4,2018-05-01,31,173.6,-163.4,CRU-CY4.10,CRU-CY:Israel,gridded estimate; station support unavailable,30.0,5.616666666666666,30.0,1.3433333333333302,30.0,1.2199999999999953,30.0,5.889999999999986,30.0,-0.27333333333334053,30.0,1.2999999999999996
2018,6,0.0,24.9,30.8,6.5,0.0,2018-06-01,30,195.0,-195.0,CRU-CY4.10,CRU-CY:Israel,gridded estimate; station support unavailable,30.0,-0.10666666666666669,30.0,0.586666666666666,30.0,0.25,30.0,1.0999999999999943,30.0,-1.2066666666666492,30.0,-0.05000000000000001
2018,7,0.0,26.6,32.4,6.6,0.0,2018-07-01,31,204.6,-204.6,CRU-CY4.10,CRU-CY:Israel,gridded estimate; station support unavailable,30.0,0.0,30.0,0.3000000000000007,30.0,0.2466666666666697,30.0,2.5833333333332575,30.0,-2.5833333333332575,30.0,0.0
2018,8,0.0,26.8,32.4,6.0,0.0,2018-08-01,31,186.0,-186.0,CRU-CY4.10,CRU-CY:Israel,gridded estimate; station support unavailable,30.0,0.0,30.0,0.08666666666667311,30.0,-0.00999999999999801,30.0,-0.4133333333333553,30.0,0.4133333333333553,30.0,0.0
2018,9,0.0,25.8,31.5,5.0,0.0,2018-09-01,30,150.0,-150.0,CRU-CY4.10,CRU-CY:Israel,gridded estimate; station support unavailable,30.0,-0.4133333333333333,30.0,0.7033333333333402,30.0,0.6233333333333348,30.0,2.5999999999999943,30.0,-3.0133333333333496,30.0,-0.09333333333333334
2018,10,22.8,22.8,28.4,3.6,4.1,2018-10-01,31,111.60000000000001,-88.80000000000001,CRU-CY4.10,CRU-CY:Israel,gridded estimate; station support unavailable,30.0,6.840000000000002,30.0,0.37666666666667226,30.0,0.129999999999999,30.0,-0.723333333333315,30.0,7.563333333333347,30.0,1.52
2018,11,47.5,17.9,23.1,2.4,6.2,2018-11-01,30,72.0,-24.5,CRU-CY4.10,CRU-CY:Israel,gridded estimate; station support unavailable,30.0,-3.826666666666668,30.0,0.18333333333333712,30.0,-0.23999999999999133,30.0,-2.799999999999997,30.0,-1.0266666666666744,30.0,1.2666666666666675
2018,12,141.0,14.0,18.2,1.8,11.9,2018-12-01,31,55.800000000000004,85.19999999999999,CRU-CY4.10,CRU-CY:Israel,gridded estimate; station support unavailable,30.0,49.513333333333335,30.0,0.20000000000000107,30.0,-0.4366666666666674,30.0,-1.8599999999999923,30.0,51.37333333333332,30.0,2.950000000000001
2019,1,103.6,11.9,16.4,1.8,9.9,2019-01-01,31,55.800000000000004,47.79999999999999,CRU-CY4.10,CRU-CY:Israel,gridded estimate; station support unavailable,30.0,-4.92333333333336,30.0,-0.3333333333333304,30.0,-0.3866666666666667,30.0,-1.0333333333333314,30.0,-3.8899999999999935,30.0,-1.076666666666668
2019,2,128.8,12.9,17.8,2.3,14.1,2019-02-01,28,64.39999999999999,64.40000000000002,CRU-CY4.10,CRU-CY:Israel,gridded estimate; station support unavailable,30.0,48.21333333333334,30.0,0.053333333333334565,30.0,-0.04333333333332945,30.0,-3.6200000000000045,30.0,51.83333333333336,30.0,3.746666666666666
2019,3,60.6,14.3,19.4,3.0,7.5,2019-03-01,31,93.0,-32.4,CRU-CY4.10,CRU-CY:Israel,gridded estimate; station support unavailable,30.0,16.430000000000007,30.0,-0.8633333333333315,30.0,-1.2166666666666686,30.0,-7.233333333333334,30.0,23.663333333333327,30.0,1.1366666666666658
2019,4,20.3,16.9,23.0,4.1,3.4,2019-04-01,30,122.99999999999999,-102.69999999999999,CRU-CY4.10,CRU-CY:Israel,gridded estimate; station support unavailable,30.0,4.280000000000001,30.0,-1.4933333333333323,30.0,-1.649999999999995,30.0,-11.40000000000002,30.0,15.680000000000021,30.0,0.9066666666666667
2019,5,0.0,23.0,29.7,5.7,0.0,2019-05-01,31,176.70000000000002,-176.70000000000002,CRU-CY4.10,CRU-CY:Israel,gridded estimate; station support unavailable,30.0,-4.583333333333333,30.0,1.4433333333333316,30.0,1.7199999999999953,30.0,8.990000000000009,30.0,-13.573333333333352,30.0,-1.1000000000000003
2019,6,0.2,25.5,31.5,6.6,0.0,2019-06-01,30,198.0,-197.8,CRU-CY4.10,CRU-CY:Israel,gridded estimate; station support unavailable,30.0,0.09333333333333332,30.0,1.1866666666666674,30.0,0.9499999999999993,30.0,4.099999999999994,30.0,-4.006666666666661,30.0,-0.05000000000000001
2019,7,0.0,26.5,32.3,6.6,0.0,2019-07-01,31,204.6,-204.6,CRU-CY4.10,CRU-CY:Israel,gridded estimate; station support unavailable,30.0,0.0,30.0,0.1999999999999993,30.0,0.14666666666666828,30.0,2.5833333333332575,30.0,-2.5833333333332575,30.0,0.0
2019,8,0.0,26.8,32.4,6.0,0.0,2019-08-01,31,186.0,-186.0,CRU-CY4.10,CRU-CY:Israel,gridded estimate; station support unavailable,30.0,0.0,30.0,0.08666666666667311,30.0,-0.00999999999999801,30.0,-0.4133333333333553,30.0,0.4133333333333553,30.0,0.0
2019,9,0.2,25.4,30.8,4.9,0.1,2019-09-01,30,147.0,-146.8,CRU-CY4.10,CRU-CY:Israel,gridded estimate; station support unavailable,30.0,-0.21333333333333326,30.0,0.3033333333333381,30.0,-0.07666666666666444,30.0,-0.4000000000000057,30.0,0.186666666666639,30.0,0.006666666666666668
2019,10,19.8,23.4,29.3,3.7,4.3,2019-10-01,31,114.7,-94.9,CRU-CY4.10,CRU-CY:Israel,gridded estimate; station support unavailable,30.0,3.8400000000000016,30.0,0.9766666666666701,30.0,1.0300000000000011,30.0,2.3766666666666794,30.0,1.4633333333333525,30.0,1.7200000000000002
2019,11,5.2,19.3,25.3,2.6,1.7,2019-11-01,30,78.0,-72.8,CRU-CY4.10,CRU-CY:Israel,gridded estimate; station support unavailable,30.0,-46.126666666666665,30.0,1.5833333333333393,30.0,1.960000000000008,30.0,3.200000000000003,30.0,-49.32666666666667,30.0,-3.2333333333333325
2019,12,116.9,14.3,19.1,1.9,8.5,2019-12-01,31,58.9,58.00000000000001,CRU-CY4.10,CRU-CY:Israel,gridded estimate; station support unavailable,30.0,25.41333333333334,30.0,0.5000000000000018,30.0,0.4633333333333347,30.0,1.240000000000002,30.0,24.17333333333334,30.0,-0.4499999999999993
2020,1,182.4,11.8,16.1,1.7,14.1,2020-01-01,31,52.699999999999996,129.70000000000002,CRU-CY4.10,CRU-CY:Israel,gridded estimate; station support unavailable,30.0,73.87666666666665,30.0,-0.43333333333333,30.0,-0.6866666666666639,30.0,-4.13333333333334,30.0,78.01000000000003,30.0,3.1233333333333313
2020,2,82.0,13.0,17.8,2.4,11.5,2020-02-01,29,69.6,12.400000000000006,CRU-CY4.10,CRU-CY:Israel,gridded estimate; station support unavailable,30.0,1.413333333333327,30.0,0.1533333333333342,30.0,-0.04333333333332945,30.0,1.5799999999999983,30.0,-0.16666666666666075,30.0,1.1466666666666665
2020,3,65.2,15.5,20.9,3.2,7.8,2020-03-01,31,99.2,-34.0,CRU-CY4.10,CRU-CY:Israel,gridded estimate; station support unavailable,30.0,21.03000000000001,30.0,0.3366666666666678,30.0,0.28333333333333144,30.0,-1.0333333333333314,30.0,22.063333333333325,30.0,1.4366666666666656
2020,4,18.0,17.8,23.8,4.3,3.1,2020-04-01,30,129.0,-111.0,CRU-CY4.10,CRU-CY:Israel,gridded estimate; station support unavailable,30.0,1.9800000000000004,30.0,-0.5933333333333302,30.0,-0.8499999999999943,30.0,-5.400000000000006,30.0,7.38000000000001,30.0,0.6066666666666669
2020,5,10.2,21.4,28.0,5.5,2.2,2020-05-01,31,170.5,-160.3,CRU-CY4.10,CRU-CY:Israel,gridded estimate; station support unavailable,30.0,5.616666666666666,30.0,-0.15666666666666984,30.0,0.01999999999999602,30.0,2.789999999999992,30.0,2.826666666666654,30.0,1.0999999999999999
2020,6,0.0,23.4,29.5,6.2,0.1,2020-06-01,30,186.0,-186.0,CRU-CY4.10,CRU-CY:Israel,gridded estimate; station support unavailable,30.0,-0.10666666666666669,30.0,-0.913333333333334,30.0,-1.0500000000000007,30.0,-7.900000000000006,30.0,7.793333333333351,30.0,0.049999999999999996
2020,7,0.0,26.9,32.6,6.6,0.0,2020-07-01,31,204.6,-204.6,CRU-CY4.10,CRU-CY:Israel,gridded estimate; station support unavailable,30.0,0.0,30.0,0.5999999999999979,30.0,0.44666666666667254,30.0,2.5833333333332575,30.0,-2.5833333333332575,30.0,0.0
2020,8,0.0,26.8,32.6,6.1,0.0,2020-08-01,31,189.1,-189.1,CRU-CY4.10,CRU-CY:Israel,gridded estimate; station support unavailable,30.0,0.0,30.0,0.08666666666667311,30.0,0.19000000000000483,30.0,2.686666666666639,30.0,-2.686666666666639,30.0,0.0
2020,9,0.0,27.1,32.8,5.4,0.0,2020-09-01,30,162.0,-162.0,CRU-CY4.10,CRU-CY:Israel,gridded estimate; station support unavailable,30.0,-0.4133333333333333,30.0,2.003333333333341,30.0,1.923333333333332,30.0,14.599999999999994,30.0,-15.01333333333335,30.0,-0.09333333333333334
2020,10,0.0,24.6,30.7,4.1,0.0,2020-10-01,31,127.1,-127.1,CRU-CY4.10,CRU-CY:Israel,gridded estimate; station support unavailable,30.0,-15.959999999999999,30.0,2.176666666666673,30.0,2.4299999999999997,30.0,14.77666666666667,30.0,-30.736666666666636,30.0,-2.5799999999999996
2020,11,134.1,17.8,23.3,2.4,9.9,2020-11-01,30,72.0,62.099999999999994,CRU-CY4.10,CRU-CY:Israel,gridded estimate; station support unavailable,30.0,82.77333333333333,30.0,0.08333333333333925,30.0,-0.03999999999999204,30.0,-2.799999999999997,30.0,85.57333333333332,30.0,4.966666666666668
2020,12,63.4,15.2,20.1,2.0,8.6,2020-12-01,31,62.0,1.3999999999999986,CRU-CY4.10,CRU-CY:Israel,gridded estimate; station support unavailable,30.0,-28.086666666666666,30.0,1.4000000000000004,30.0,1.4633333333333347,30.0,4.340000000000003,30.0,-32.42666666666667,30.0,-0.34999999999999964
2021,1,87.3,14.2,18.9,2.0,9.4,2021-01-01,31,62.0,25.299999999999997,CRU-CY4.10,CRU-CY:Israel,gridded estimate; station support unavailable,30.0,-21.223333333333358,30.0,1.9666666666666686,30.0,2.1133333333333333,30.0,5.166666666666664,30.0,-26.389999999999986,30.0,-1.576666666666668
2021,2,80.7,14.1,19.3,2.6,11.0,2021-02-01,28,72.8,7.900000000000006,CRU-CY4.10,CRU-CY:Israel,gridded estimate; station support unavailable,30.0,0.11333333333332973,30.0,1.2533333333333339,30.0,1.4566666666666706,30.0,4.780000000000001,30.0,-4.666666666666661,30.0,0.6466666666666665
2021,3,21.3,15.1,20.7,3.2,4.5,2021-03-01,31,99.2,-77.9,CRU-CY4.10,CRU-CY:Israel,gridded estimate; station support unavailable,30.0,-22.869999999999994,30.0,-0.06333333333333258,30.0,0.08333333333333215,30.0,-1.0333333333333314,30.0,-21.83666666666668,30.0,-1.8633333333333342
2021,4,8.2,19.2,25.6,4.6,2.0,2021-04-01,30,138.0,-129.8,CRU-CY4.10,CRU-CY:Israel,gridded estimate; station support unavailable,30.0,-7.82,30.0,0.8066666666666684,30.0,0.9500000000000064,30.0,3.5999999999999943,30.0,-11.420000000000002,30.0,-0.4933333333333332
2021,5,0.1,23.3,30.1,6.0,0.1,2021-05-01,31,186.0,-185.9,CRU-CY4.10,CRU-CY:Israel,gridded estimate; station support unavailable,30.0,-4.483333333333333,30.0,1.7433333333333323,30.0,2.1199999999999974,30.0,18.289999999999992,30.0,-22.77333333333334,30.0,-1.0000000000000002
2021,6,0.0,23.9,30.0,6.4,0.0,2021-06-01,30,192.0,-192.0,CRU-CY4.10,CRU-CY:Israel,gridded estimate; station support unavailable,30.0,-0.10666666666666669,30.0,-0.413333333333334,30.0,-0.5500000000000007,30.0,-1.9000000000000057,30.0,1.7933333333333508,30.0,-0.05000000000000001
2021,7,0.0,27.1,32.8,6.7,0.0,2021-07-01,31,207.70000000000002,-207.70000000000002,CRU-CY4.10,CRU-CY:Israel,gridded estimate; station support unavailable,30.0,0.0,30.0,0.8000000000000007,30.0,0.6466666666666683,30.0,5.68333333333328,30.0,-5.68333333333328,30.0,0.0
2021,8,0.0,27.6,33.2,6.1,0.0,2021-08-01,31,189.1,-189.1,CRU-CY4.10,CRU-CY:Israel,gridded estimate; station support unavailable,30.0,0.0,30.0,0.8866666666666738,30.0,0.7900000000000063,30.0,2.686666666666639,30.0,-2.686666666666639,30.0,0.0
2021,9,0.0,24.9,30.5,4.8,0.0,2021-09-01,30,144.0,-144.0,CRU-CY4.10,CRU-CY:Israel,gridded estimate; station support unavailable,30.0,-0.4133333333333333,30.0,-0.19666666666666188,30.0,-0.37666666666666515,30.0,-3.4000000000000057,30.0,2.9866666666666504,30.0,-0.09333333333333334
2021,10,3.9,22.3,28.2,3.6,1.2,2021-10-01,31,111.60000000000001,-107.7,CRU-CY4.10,CRU-CY:Israel,gridded estimate; station support unavailable,30.0,-12.059999999999999,30.0,-0.12333333333332774,30.0,-0.07000000000000028,30.0,-0.723333333333315,30.0,-11.336666666666645,30.0,-1.3799999999999997
2021,11,37.6,19.2,25.0,2.6,5.8,2021-11-01,30,78.0,-40.4,CRU-CY4.10,CRU-CY:Israel,gridded estimate; station support unavailable,30.0,-13.726666666666667,30.0,1.4833333333333378,30.0,1.6600000000000072,30.0,3.200000000000003,30.0,-16.926666666666673,30.0,0.8666666666666671
2021,12,152.9,14.2,18.9,1.8,11.6,2021-12-01,31,55.800000000000004,97.1,CRU-CY4.10,CRU-CY:Israel,gridded estimate; station support unavailable,30.0,61.41333333333334,30.0,0.40000000000000036,30.0,0.26333333333333186,30.0,-1.8599999999999923,30.0,63.273333333333326,30.0,2.6500000000000004
2022,1,176.8,11.0,15.3,1.7,15.2,2022-01-01,31,52.699999999999996,124.10000000000002,CRU-CY4.10,CRU-CY:Israel,gridded estimate; station support unavailable,30.0,68.27666666666666,30.0,-1.2333333333333307,30.0,-1.4866666666666646,30.0,-4.13333333333334,30.0,72.41000000000004,30.0,4.223333333333331
2022,2,68.2,12.7,17.6,2.4,10.5,2022-02-01,28,67.2,1.0,CRU-CY4.10,CRU-CY:Israel,gridded estimate; station support unavailable,30.0,-12.38666666666667,30.0,-0.1466666666666665,30.0,-0.24333333333332874,30.0,-0.8199999999999932,30.0,-11.566666666666666,30.0,0.1466666666666665
2022,3,51.9,11.9,17.0,2.8,7.1,2022-03-01,31,86.8,-34.9,CRU-CY4.10,CRU-CY:Israel,gridded estimate; station support unavailable,30.0,7.730000000000004,30.0,-3.263333333333332,30.0,-3.616666666666667,30.0,-13.433333333333337,30.0,21.163333333333327,30.0,0.7366666666666655
2022,4,0.1,20.2,26.7,4.7,0.0,2022-04-01,30,141.0,-140.9,CRU-CY4.10,CRU-CY:Israel,gridded estimate; station support unavailable,30.0,-15.92,30.0,1.8066666666666684,30.0,2.0500000000000043,30.0,6.599999999999994,30.0,-22.519999999999996,30.0,-2.493333333333333
2022,5,0.6,21.2,27.6,5.3,0.3,2022-05-01,31,164.29999999999998,-163.7,CRU-CY4.10,CRU-CY:Israel,gridded estimate; station support unavailable,30.0,-3.983333333333333,30.0,-0.35666666666666913,30.0,-0.38000000000000256,30.0,-3.410000000000025,30.0,-0.5733333333333235,30.0,-0.8000000000000003
2022,6,0.3,24.7,30.6,6.4,0.0,2022-06-01,30,192.0,-191.7,CRU-CY4.10,CRU-CY:Israel,gridded estimate; station support unavailable,30.0,0.1933333333333333,30.0,0.3866666666666667,30.0,0.05000000000000071,30.0,-1.9000000000000057,30.0,2.093333333333362,30.0,-0.05000000000000001
2022,7,0.0,26.1,31.8,6.5,0.0,2022-07-01,31,201.5,-201.5,CRU-CY4.10,CRU-CY:Israel,gridded estimate; station support unavailable,30.0,0.0,30.0,-0.1999999999999993,30.0,-0.35333333333332817,30.0,-0.5166666666667368,30.0,0.5166666666667368,30.0,0.0
2022,8,0.0,27.4,33.0,6.1,0.0,2022-08-01,31,189.1,-189.1,CRU-CY4.10,CRU-CY:Israel,gridded estimate; station support unavailable,30.0,0.0,30.0,0.686666666666671,30.0,0.5900000000000034,30.0,2.686666666666639,30.0,-2.686666666666639,30.0,0.0
2022,9,0.5,25.9,31.5,5.0,0.1,2022-09-01,30,150.0,-149.5,CRU-CY4.10,CRU-CY:Israel,gridded estimate; station support unavailable,30.0,0.08666666666666673,30.0,0.8033333333333381,30.0,0.6233333333333348,30.0,2.5999999999999943,30.0,-2.5133333333333496,30.0,0.006666666666666668
2022,10,23.0,22.4,28.1,3.6,3.7,2022-10-01,31,111.60000000000001,-88.60000000000001,CRU-CY4.10,CRU-CY:Israel,gridded estimate; station support unavailable,30.0,7.040000000000001,30.0,-0.023333333333329875,30.0,-0.16999999999999815,30.0,-0.723333333333315,30.0,7.76333333333335,30.0,1.1200000000000006
2022,11,90.6,18.4,23.7,2.5,8.7,2022-11-01,30,75.0,15.599999999999994,CRU-CY4.10,CRU-CY:Israel,gridded estimate; station support unavailable,30.0,39.273333333333326,30.0,0.6833333333333371,30.0,0.36000000000000654,30.0,0.20000000000000284,30.0,39.07333333333332,30.0,3.7666666666666666
2022,12,76.1,15.6,20.6,2.0,9.5,2022-12-01,31,62.0,14.099999999999994,CRU-CY4.10,CRU-CY:Israel,gridded estimate; station support unavailable,30.0,-15.38666666666667,30.0,1.8000000000000007,30.0,1.9633333333333347,30.0,4.340000000000003,30.0,-19.726666666666674,30.0,0.5500000000000007
2023,1,156.3,13.9,18.5,2.0,13.0,2023-01-01,31,62.0,94.30000000000001,CRU-CY4.10,CRU-CY:Israel,gridded estimate; station support unavailable,30.0,47.77666666666666,30.0,1.6666666666666696,30.0,1.7133333333333347,30.0,5.166666666666664,30.0,42.61000000000003,30.0,2.0233333333333317
2023,2,72.9,12.1,17.3,2.4,8.7,2023-02-01,28,67.2,5.700000000000003,CRU-CY4.10,CRU-CY:Israel,gridded estimate; station support unavailable,30.0,-7.686666666666667,30.0,-0.7466666666666661,30.0,-0.5433333333333294,30.0,-0.8199999999999932,30.0,-6.866666666666664,30.0,-1.6533333333333342
2023,3,31.2,16.1,21.6,3.4,5.2,2023-03-01,31,105.39999999999999,-74.19999999999999,CRU-CY4.10,CRU-CY:Israel,gridded estimate; station support unavailable,30.0,-12.969999999999995,30.0,0.9366666666666692,30.0,0.9833333333333343,30.0,5.166666666666657,30.0,-18.136666666666663,30.0,-1.163333333333334
2023,4,52.5,18.3,24.5,4.3,5.4,2023-04-01,30,129.0,-76.5,CRU-CY4.10,CRU-CY:Israel,gridded estimate; station support unavailable,30.0,36.480000000000004,30.0,-0.09333333333333016,30.0,-0.14999999999999503,30.0,-5.400000000000006,30.0,41.88000000000001,30.0,2.906666666666667
2023,5,8.9,21.0,27.4,5.2,1.7,2023-05-01,31,161.20000000000002,-152.3,CRU-CY4.10,CRU-CY:Israel,gridded estimate; station support unavailable,30.0,4.316666666666667,30.0,-0.5566666666666684,30.0,-0.5800000000000054,30.0,-6.509999999999991,30.0,10.826666666666654,30.0,0.5999999999999996
2023,6,0.0,24.3,30.3,6.3,0.1,2023-06-01,30,189.0,-189.0,CRU-CY4.10,CRU-CY:Israel,gridded estimate; station support unavailable,30.0,-0.10666666666666669,30.0,-0.013333333333331865,30.0,-0.25,30.0,-4.900000000000006,30.0,4.793333333333351,30.0,0.049999999999999996
2023,7,0.0,27.5,33.3,6.7,0.0,2023-07-01,31,207.70000000000002,-207.70000000000002,CRU-CY4.10,CRU-CY:Israel,gridded estimate; station support unavailable,30.0,0.0,30.0,1.1999999999999993,30.0,1.1466666666666683,30.0,5.68333333333328,30.0,-5.68333333333328,30.0,0.0
2023,8,0.0,28.2,33.8,6.3,0.0,2023-08-01,31,195.29999999999998,-195.29999999999998,CRU-CY4.10,CRU-CY:Israel,gridded estimate; station support unavailable,30.0,0.0,30.0,1.4866666666666717,30.0,1.3900000000000006,30.0,8.886666666666628,30.0,-8.886666666666628,30.0,0.0
2023,9,0.0,26.4,32.2,5.1,0.0,2023-09-01,30,153.0,-153.0,CRU-CY4.10,CRU-CY:Israel,gridded estimate; station support unavailable,30.0,-0.4133333333333333,30.0,1.3033333333333381,30.0,1.3233333333333377,30.0,5.599999999999994,30.0,-6.01333333333335,30.0,-0.09333333333333334
2023,10,7.8,23.4,29.1,3.7,2.0,2023-10-01,31,114.7,-106.9,CRU-CY4.10,CRU-CY:Israel,gridded estimate; station support unavailable,30.0,-8.16,30.0,0.9766666666666701,30.0,0.8300000000000018,30.0,2.3766666666666794,30.0,-10.536666666666648,30.0,-0.5799999999999996
2023,11,81.5,20.1,25.6,2.7,7.4,2023-11-01,30,81.0,0.5,CRU-CY4.10,CRU-CY:Israel,gridded estimate; station support unavailable,30.0,30.173333333333332,30.0,2.38333333333334,30.0,2.2600000000000087,30.0,6.200000000000003,30.0,23.973333333333326,30.0,2.4666666666666677
2023,12,92.7,16.5,21.3,2.1,10.3,2023-12-01,31,65.10000000000001,27.599999999999994,CRU-CY4.10,CRU-CY:Israel,gridded estimate; station support unavailable,30.0,1.2133333333333383,30.0,2.700000000000001,30.0,2.663333333333334,30.0,7.440000000000012,30.0,-6.226666666666674,30.0,1.3500000000000014
2024,1,135.8,14.3,18.7,2.0,10.9,2024-01-01,31,62.0,73.80000000000001,CRU-CY4.10,CRU-CY:Israel,gridded estimate; station support unavailable,30.0,27.276666666666657,30.0,2.06666666666667,30.0,1.913333333333334,30.0,5.166666666666664,30.0,22.110000000000028,30.0,-0.07666666666666799
2024,2,83.7,14.1,19.2,2.5,11.0,2024-02-01,29,72.5,11.200000000000003,CRU-CY4.10,CRU-CY:Israel,gridded estimate; station support unavailable,30.0,3.1133333333333297,30.0,1.2533333333333339,30.0,1.3566666666666691,30.0,4.480000000000004,30.0,-1.3666666666666636,30.0,0.6466666666666665
2024,3,25.0,16.2,21.7,3.4,5.1,2024-03-01,31,105.39999999999999,-80.39999999999999,CRU-CY4.10,CRU-CY:Israel,gridded estimate; station support unavailable,30.0,-19.169999999999995,30.0,1.036666666666667,30.0,1.0833333333333321,30.0,5.166666666666657,30.0,-24.336666666666666,30.0,-1.2633333333333345
2024,4,15.6,20.6,27.0,4.9,3.1,2024-04-01,30,147.0,-131.4,CRU-CY4.10,CRU-CY:Israel,gridded estimate; station support unavailable,30.0,-0.41999999999999993,30.0,2.2066666666666706,30.0,2.350000000000005,30.0,12.599999999999994,30.0,-13.019999999999996,30.0,0.6066666666666669
2024,5,9.3,21.8,28.2,5.4,2.1,2024-05-01,31,167.4,-158.1,CRU-CY4.10,CRU-CY:Israel,gridded estimate; station support unavailable,30.0,4.716666666666668,30.0,0.2433333333333323,30.0,0.2199999999999953,30.0,-0.3100000000000023,30.0,5.026666666666671,30.0,0.9999999999999998
2024,6,0.0,25.3,31.5,6.8,0.0,2024-06-01,30,204.0,-204.0,CRU-CY4.10,CRU-CY:Israel,gridded estimate; station support unavailable,30.0,-0.10666666666666669,30.0,0.9866666666666681,30.0,0.9499999999999993,30.0,10.099999999999994,30.0,-10.20666666666665,30.0,-0.05000000000000001
2024,7,0.0,27.4,32.8,6.7,0.0,2024-07-01,31,207.70000000000002,-207.70000000000002,CRU-CY4.10,CRU-CY:Israel,gridded estimate; station support unavailable,30.0,0.0,30.0,1.0999999999999979,30.0,0.6466666666666683,30.0,5.68333333333328,30.0,-5.68333333333328,30.0,0.0
2024,8,0.0,27.7,33.3,6.3,0.0,2024-08-01,31,195.29999999999998,-195.29999999999998,CRU-CY4.10,CRU-CY:Israel,gridded estimate; station support unavailable,30.0,0.0,30.0,0.9866666666666717,30.0,0.8900000000000006,30.0,8.886666666666628,30.0,-8.886666666666628,30.0,0.0
2024,9,0.8,25.7,31.0,4.9,0.3,2024-09-01,30,147.0,-146.2,CRU-CY4.10,CRU-CY:Israel,gridded estimate; station support unavailable,30.0,0.38666666666666677,30.0,0.6033333333333388,30.0,0.12333333333333485,30.0,-0.4000000000000057,30.0,0.7866666666666617,30.0,0.20666666666666667
2024,10,1.0,22.2,28.1,3.6,0.3,2024-10-01,31,111.60000000000001,-110.60000000000001,CRU-CY4.10,CRU-CY:Israel,gridded estimate; station support unavailable,30.0,-14.959999999999999,30.0,-0.22333333333332916,30.0,-0.16999999999999815,30.0,-0.723333333333315,30.0,-14.23666666666665,30.0,-2.28
2024,11,28.7,17.5,23.2,2.5,3.6,2024-11-01,30,75.0,-46.3,CRU-CY4.10,CRU-CY:Israel,gridded estimate; station support unavailable,30.0,-22.62666666666667,30.0,-0.21666666666666146,30.0,-0.13999999999999346,30.0,0.20000000000000284,30.0,-22.82666666666667,30.0,-1.3333333333333326
2024,12,71.7,14.3,19.2,1.9,8.0,2024-12-01,31,58.9,12.800000000000004,CRU-CY4.10,CRU-CY:Israel,gridded estimate; station support unavailable,30.0,-19.78666666666666,30.0,0.5000000000000018,30.0,0.5633333333333326,30.0,1.240000000000002,30.0,-21.026666666666664,30.0,-0.9499999999999993
2025,1,16.6,14.3,19.2,2.2,4.4,2025-01-01,31,68.2,-51.6,CRU-CY4.10,CRU-CY:Israel,gridded estimate; station support unavailable,30.0,-91.92333333333335,30.0,2.06666666666667,30.0,2.413333333333334,30.0,11.366666666666667,30.0,-103.28999999999999,30.0,-6.576666666666668
2025,2,48.9,11.5,16.5,2.3,7.6,2025-02-01,28,64.39999999999999,-15.499999999999993,CRU-CY4.10,CRU-CY:Israel,gridded estimate; station support unavailable,30.0,-31.686666666666675,30.0,-1.3466666666666658,30.0,-1.3433333333333302,30.0,-3.6200000000000045,30.0,-28.06666666666666,30.0,-2.753333333333334
2025,3,44.0,17.3,23.2,3.7,6.5,2025-03-01,31,114.7,-70.7,CRU-CY4.10,CRU-CY:Israel,gridded estimate; station support unavailable,30.0,-0.1699999999999946,30.0,2.1366666666666685,30.0,2.583333333333332,30.0,14.466666666666669,30.0,-14.636666666666677,30.0,0.13666666666666583
2025,4,5.9,19.1,25.4,4.5,1.8,2025-04-01,30,135.0,-129.1,CRU-CY4.10,CRU-CY:Israel,gridded estimate; station support unavailable,30.0,-10.12,30.0,0.7066666666666706,30.0,0.7500000000000036,30.0,0.5999999999999943,30.0,-10.719999999999985,30.0,-0.6933333333333331
2025,5,1.3,22.0,28.5,5.5,0.9,2025-05-01,31,170.5,-169.2,CRU-CY4.10,CRU-CY:Israel,gridded estimate; station support unavailable,30.0,-3.283333333333333,30.0,0.4433333333333316,30.0,0.519999999999996,30.0,2.789999999999992,30.0,-6.0733333333333235,30.0,-0.2000000000000003
2025,6,0.0,25.0,31.2,6.6,0.0,2025-06-01,30,198.0,-198.0,CRU-CY4.10,CRU-CY:Israel,gridded estimate; station support unavailable,30.0,-0.10666666666666669,30.0,0.6866666666666674,30.0,0.6499999999999986,30.0,4.099999999999994,30.0,-4.206666666666649,30.0,-0.05000000000000001
2025,7,0.0,27.6,33.4,6.9,0.0,2025-07-01,31,213.9,-213.9,CRU-CY4.10,CRU-CY:Israel,gridded estimate; station support unavailable,30.0,0.0,30.0,1.3000000000000007,30.0,1.2466666666666697,30.0,11.883333333333269,30.0,-11.883333333333269,30.0,0.0
2025,8,0.0,27.9,33.5,6.3,0.0,2025-08-01,31,195.29999999999998,-195.29999999999998,CRU-CY4.10,CRU-CY:Israel,gridded estimate; station support unavailable,30.0,0.0,30.0,1.186666666666671,30.0,1.0900000000000034,30.0,8.886666666666628,30.0,-8.886666666666628,30.0,0.0
2025,9,0.7,25.3,30.8,4.9,0.0,2025-09-01,30,147.0,-146.3,CRU-CY4.10,CRU-CY:Israel,gridded estimate; station support unavailable,30.0,0.2866666666666667,30.0,0.20333333333334025,30.0,-0.07666666666666444,30.0,-0.4000000000000057,30.0,0.686666666666639,30.0,-0.09333333333333334
2025,10,1.6,22.5,28.5,3.7,0.8,2025-10-01,31,114.7,-113.10000000000001,CRU-CY4.10,CRU-CY:Israel,gridded estimate; station support unavailable,30.0,-14.36,30.0,0.07666666666667155,30.0,0.23000000000000043,30.0,2.3766666666666794,30.0,-16.73666666666665,30.0,-1.7799999999999996
2025,11,29.8,20.6,26.6,3.0,4.5,2025-11-01,30,90.0,-60.2,CRU-CY4.10,CRU-CY:Israel,gridded estimate; station support unavailable,30.0,-21.526666666666667,30.0,2.88333333333334,30.0,3.2600000000000087,30.0,15.200000000000003,30.0,-36.726666666666674,30.0,-0.4333333333333327
2025,12,152.1,15.0,19.7,1.9,13.0,2025-12-01,31,58.9,93.19999999999999,CRU-CY4.10,CRU-CY:Israel,gridded estimate; station support unavailable,30.0,60.61333333333333,30.0,1.200000000000001,30.0,1.0633333333333326,30.0,1.240000000000002,30.0,59.37333333333332,30.0,4.050000000000001
