year,month,pre,tmp,tmx,pet,wet,date,days_in_month,pet_mm,balance_mm,product,geography_id,source_status,pre_baseline_n,pre_anomaly,tmp_baseline_n,tmp_anomaly,tmx_baseline_n,tmx_anomaly,pet_mm_baseline_n,pet_mm_anomaly,balance_mm_baseline_n,balance_mm_anomaly,wet_baseline_n,wet_anomaly
1901,1,139.8,10.8,15.8,1.9,13.8,1901-01-01,31,58.9,80.9,CRU-CY4.08,CRU-CY:Israel,gridded estimate; station support unavailable,30.0,31.14333333333333,30.0,-1.4233333333333338,30.0,-0.9466666666666654,30.0,2.06666666666667,30.0,29.076666666666668,30.0,2.813333333333331
1901,2,9.6,14.7,20.9,2.8,1.8,1901-02-01,28,78.39999999999999,-68.8,CRU-CY4.08,CRU-CY:Israel,gridded estimate; station support unavailable,30.0,-68.54000000000002,30.0,1.8599999999999959,30.0,3.0700000000000003,30.0,10.469999999999985,30.0,-79.00999999999999,30.0,-8.533333333333331
1901,3,17.3,15.3,21.9,3.4,3.6,1901-03-01,31,105.39999999999999,-88.1,CRU-CY4.08,CRU-CY:Israel,gridded estimate; station support unavailable,30.0,-26.38333333333333,30.0,0.1533333333333342,30.0,1.3200000000000003,30.0,4.649999999999977,30.0,-31.03333333333334,30.0,-2.766666666666668
1901,4,7.1,17.5,24.8,4.7,1.7,1901-04-01,30,141.0,-133.9,CRU-CY4.08,CRU-CY:Israel,gridded estimate; station support unavailable,30.0,-9.16666666666667,30.0,-0.8933333333333309,30.0,0.1700000000000017,30.0,6.5,30.0,-15.666666666666686,30.0,-0.7933333333333332
1901,5,21.2,18.5,25.5,5.2,3.2,1901-05-01,31,161.20000000000002,-140.00000000000003,CRU-CY4.08,CRU-CY:Israel,gridded estimate; station support unavailable,30.0,16.82333333333333,30.0,-3.0466666666666704,30.0,-2.436666666666664,30.0,-6.406666666666638,30.0,23.22999999999996,30.0,2.0999999999999996
1901,6,0.1,22.5,30.0,6.7,0.0,1901-06-01,30,201.0,-200.9,CRU-CY4.08,CRU-CY:Israel,gridded estimate; station support unavailable,30.0,-0.006666666666666682,30.0,-1.8033333333333346,30.0,-0.5133333333333319,30.0,6.800000000000011,30.0,-6.8066666666667,30.0,-0.05000000000000001
1901,7,0.0,24.4,31.0,6.4,0.0,1901-07-01,31,198.4,-198.4,CRU-CY4.08,CRU-CY:Israel,gridded estimate; station support unavailable,30.0,0.0,30.0,-1.870000000000001,30.0,-1.1000000000000014,30.0,-3.306666666666672,30.0,3.306666666666672,30.0,0.0
1901,8,0.0,24.7,31.3,5.9,0.0,1901-08-01,31,182.9,-182.9,CRU-CY4.08,CRU-CY:Israel,gridded estimate; station support unavailable,30.0,0.0,30.0,-2.003333333333334,30.0,-1.0500000000000007,30.0,-3.409999999999968,30.0,3.409999999999968,30.0,0.0
1901,9,0.2,22.7,29.5,4.9,0.1,1901-09-01,30,147.0,-146.8,CRU-CY4.08,CRU-CY:Israel,gridded estimate; station support unavailable,30.0,-0.24,30.0,-2.3933333333333273,30.0,-1.3266666666666644,30.0,-0.5999999999999943,30.0,0.3599999999999852,30.0,0.006666666666666668
1901,10,5.4,20.8,27.6,3.7,1.5,1901-10-01,31,114.7,-109.3,CRU-CY4.08,CRU-CY:Israel,gridded estimate; station support unavailable,30.0,-10.273333333333333,30.0,-1.6199999999999974,30.0,-0.5899999999999999,30.0,2.8933333333333593,30.0,-13.166666666666657,30.0,-1.0999999999999996
1901,11,40.4,16.2,22.4,2.5,4.7,1901-11-01,30,75.0,-34.6,CRU-CY4.08,CRU-CY:Israel,gridded estimate; station support unavailable,30.0,-10.840000000000003,30.0,-1.5166666666666657,30.0,-0.879999999999999,30.0,0.20000000000000284,30.0,-11.040000000000003,30.0,-0.2333333333333325
1901,12,103.8,13.5,19.0,1.9,10.2,1901-12-01,31,58.9,44.9,CRU-CY4.08,CRU-CY:Israel,gridded estimate; station support unavailable,30.0,10.076666666666668,30.0,-0.26333333333333364,30.0,0.39333333333333087,30.0,1.2399999999999949,30.0,8.836666666666673,30.0,1.2200000000000006
1902,1,147.0,10.9,15.5,1.8,14.1,1902-01-01,31,55.800000000000004,91.19999999999999,CRU-CY4.08,CRU-CY:Israel,gridded estimate; station support unavailable,30.0,38.34333333333332,30.0,-1.3233333333333341,30.0,-1.2466666666666661,30.0,-1.0333333333333243,30.0,39.37666666666665,30.0,3.1133333333333297
1902,2,39.6,14.1,19.0,2.5,7.6,1902-02-01,28,70.0,-30.4,CRU-CY4.08,CRU-CY:Israel,gridded estimate; station support unavailable,30.0,-38.54000000000001,30.0,1.2599999999999962,30.0,1.1700000000000017,30.0,2.069999999999993,30.0,-40.61,30.0,-2.7333333333333325
1902,3,43.1,13.4,18.8,3.2,6.7,1902-03-01,31,99.2,-56.1,CRU-CY4.08,CRU-CY:Israel,gridded estimate; station support unavailable,30.0,-0.5833333333333286,30.0,-1.7466666666666661,30.0,-1.7799999999999976,30.0,-1.5500000000000114,30.0,0.9666666666666544,30.0,0.33333333333333215
1902,4,30.1,16.5,22.7,4.2,4.5,1902-04-01,30,126.0,-95.9,CRU-CY4.08,CRU-CY:Israel,gridded estimate; station support unavailable,30.0,13.833333333333332,30.0,-1.8933333333333309,30.0,-1.9299999999999997,30.0,-8.5,30.0,22.333333333333314,30.0,2.006666666666667
1902,5,1.0,19.4,25.8,5.2,0.5,1902-05-01,31,161.20000000000002,-160.20000000000002,CRU-CY4.08,CRU-CY:Israel,gridded estimate; station support unavailable,30.0,-3.376666666666667,30.0,-2.146666666666672,30.0,-2.136666666666663,30.0,-6.406666666666638,30.0,3.0299999999999727,30.0,-0.6000000000000003
1902,6,0.0,21.0,27.2,5.9,0.0,1902-06-01,30,177.0,-177.0,CRU-CY4.08,CRU-CY:Israel,gridded estimate; station support unavailable,30.0,-0.10666666666666669,30.0,-3.3033333333333346,30.0,-3.3133333333333326,30.0,-17.19999999999999,30.0,17.093333333333305,30.0,-0.05000000000000001
1902,7,0.1,23.6,29.5,6.0,0.0,1902-07-01,31,186.0,-185.9,CRU-CY4.08,CRU-CY:Israel,gridded estimate; station support unavailable,30.0,0.1,30.0,-2.669999999999998,30.0,-2.6000000000000014,30.0,-15.706666666666678,30.0,15.806666666666672,30.0,0.0
1902,8,0.0,24.0,29.9,5.6,0.0,1902-08-01,31,173.6,-173.6,CRU-CY4.08,CRU-CY:Israel,gridded estimate; station support unavailable,30.0,0.0,30.0,-2.703333333333333,30.0,-2.450000000000003,30.0,-12.70999999999998,30.0,12.70999999999998,30.0,0.0
1902,9,0.1,23.5,29.4,4.8,0.0,1902-09-01,30,144.0,-143.9,CRU-CY4.08,CRU-CY:Israel,gridded estimate; station support unavailable,30.0,-0.33999999999999997,30.0,-1.5933333333333266,30.0,-1.4266666666666659,30.0,-3.5999999999999943,30.0,3.259999999999991,30.0,-0.09333333333333334
1902,10,13.0,21.2,27.1,3.5,2.5,1902-10-01,31,108.5,-95.5,CRU-CY4.08,CRU-CY:Israel,gridded estimate; station support unavailable,30.0,-2.673333333333334,30.0,-1.2199999999999989,30.0,-1.0899999999999999,30.0,-3.3066666666666436,30.0,0.63333333333334,30.0,-0.09999999999999964
1902,11,112.3,15.9,21.5,2.4,9.3,1902-11-01,30,72.0,40.3,CRU-CY4.08,CRU-CY:Israel,gridded estimate; station support unavailable,30.0,61.059999999999995,30.0,-1.8166666666666647,30.0,-1.7799999999999976,30.0,-2.799999999999997,30.0,63.86,30.0,4.366666666666668
1902,12,112.7,11.8,16.6,1.7,9.6,1902-12-01,31,52.699999999999996,60.00000000000001,CRU-CY4.08,CRU-CY:Israel,gridded estimate; station support unavailable,30.0,18.976666666666674,30.0,-1.963333333333333,30.0,-2.0066666666666677,30.0,-4.960000000000008,30.0,23.93666666666668,30.0,0.620000000000001
1903,1,102.4,9.9,14.5,1.7,10.9,1903-01-01,31,52.699999999999996,49.70000000000001,CRU-CY4.08,CRU-CY:Israel,gridded estimate; station support unavailable,30.0,-6.256666666666675,30.0,-2.323333333333334,30.0,-2.246666666666666,30.0,-4.133333333333333,30.0,-2.1233333333333277,30.0,-0.08666666666666956
1903,2,79.6,10.0,14.9,2.2,10.4,1903-02-01,28,61.60000000000001,17.999999999999986,CRU-CY4.08,CRU-CY:Israel,gridded estimate; station support unavailable,30.0,1.4599999999999795,30.0,-2.8400000000000034,30.0,-2.929999999999998,30.0,-6.329999999999998,30.0,7.789999999999985,30.0,0.0666666666666682
1903,3,53.7,13.0,18.4,3.1,8.4,1903-03-01,31,96.10000000000001,-42.400000000000006,CRU-CY4.08,CRU-CY:Israel,gridded estimate; station support unavailable,30.0,10.016666666666673,30.0,-2.1466666666666665,30.0,-2.1799999999999997,30.0,-4.650000000000006,30.0,14.66666666666665,30.0,2.0333333333333323
1903,4,5.4,16.4,22.7,4.2,1.4,1903-04-01,30,126.0,-120.6,CRU-CY4.08,CRU-CY:Israel,gridded estimate; station support unavailable,30.0,-10.866666666666669,30.0,-1.9933333333333323,30.0,-1.9299999999999997,30.0,-8.5,30.0,-2.3666666666666742,30.0,-1.0933333333333333
1903,5,1.5,19.8,26.3,5.2,0.3,1903-05-01,31,161.20000000000002,-159.70000000000002,CRU-CY4.08,CRU-CY:Israel,gridded estimate; station support unavailable,30.0,-2.876666666666667,30.0,-1.7466666666666697,30.0,-1.6366666666666632,30.0,-6.406666666666638,30.0,3.5299999999999727,30.0,-0.8000000000000003
1903,6,0.3,21.1,27.3,6.0,0.3,1903-06-01,30,180.0,-179.7,CRU-CY4.08,CRU-CY:Israel,gridded estimate; station support unavailable,30.0,0.1933333333333333,30.0,-3.203333333333333,30.0,-3.213333333333331,30.0,-14.199999999999989,30.0,14.393333333333317,30.0,0.24999999999999997
1903,7,0.0,22.5,28.4,5.9,0.0,1903-07-01,31,182.9,-182.9,CRU-CY4.08,CRU-CY:Israel,gridded estimate; station support unavailable,30.0,0.0,30.0,-3.7699999999999996,30.0,-3.700000000000003,30.0,-18.806666666666672,30.0,18.806666666666672,30.0,0.0
1903,8,0.0,23.7,29.5,5.6,0.0,1903-08-01,31,173.6,-173.6,CRU-CY4.08,CRU-CY:Israel,gridded estimate; station support unavailable,30.0,0.0,30.0,-3.003333333333334,30.0,-2.8500000000000014,30.0,-12.70999999999998,30.0,12.70999999999998,30.0,0.0
1903,9,0.0,21.3,27.2,4.5,0.0,1903-09-01,30,135.0,-135.0,CRU-CY4.08,CRU-CY:Israel,gridded estimate; station support unavailable,30.0,-0.44,30.0,-3.793333333333326,30.0,-3.626666666666665,30.0,-12.599999999999994,30.0,12.159999999999997,30.0,-0.09333333333333334
1903,10,6.7,19.0,24.9,3.3,1.4,1903-10-01,31,102.3,-95.6,CRU-CY4.08,CRU-CY:Israel,gridded estimate; station support unavailable,30.0,-8.973333333333333,30.0,-3.419999999999998,30.0,-3.2900000000000027,30.0,-9.506666666666646,30.0,0.5333333333333456,30.0,-1.1999999999999997
1903,11,48.5,14.8,20.4,2.3,4.9,1903-11-01,30,69.0,-20.5,CRU-CY4.08,CRU-CY:Israel,gridded estimate; station support unavailable,30.0,-2.740000000000002,30.0,-2.9166666666666643,30.0,-2.879999999999999,30.0,-5.799999999999997,30.0,3.0599999999999987,30.0,-0.03333333333333233
1903,12,78.8,12.6,17.4,1.7,8.4,1903-12-01,31,52.699999999999996,26.1,CRU-CY4.08,CRU-CY:Israel,gridded estimate; station support unavailable,30.0,-14.923333333333332,30.0,-1.163333333333334,30.0,-1.2066666666666706,30.0,-4.960000000000008,30.0,-9.963333333333324,30.0,-0.5799999999999983
1904,1,138.2,10.8,15.4,1.7,13.8,1904-01-01,31,52.699999999999996,85.5,CRU-CY4.08,CRU-CY:Israel,gridded estimate; station support unavailable,30.0,29.543333333333308,30.0,-1.4233333333333338,30.0,-1.3466666666666658,30.0,-4.133333333333333,30.0,33.67666666666666,30.0,2.813333333333331
1904,2,61.6,12.4,17.4,2.4,9.4,1904-02-01,29,69.6,-7.999999999999993,CRU-CY4.08,CRU-CY:Israel,gridded estimate; station support unavailable,30.0,-16.540000000000013,30.0,-0.44000000000000306,30.0,-0.4299999999999997,30.0,1.6699999999999875,30.0,-18.209999999999994,30.0,-0.9333333333333318
1904,3,53.6,13.7,19.1,3.1,6.8,1904-03-01,31,96.10000000000001,-42.50000000000001,CRU-CY4.08,CRU-CY:Israel,gridded estimate; station support unavailable,30.0,9.916666666666671,30.0,-1.4466666666666672,30.0,-1.4799999999999969,30.0,-4.650000000000006,30.0,14.566666666666649,30.0,0.4333333333333318
1904,4,36.8,15.5,21.7,4.1,4.8,1904-04-01,30,122.99999999999999,-86.19999999999999,CRU-CY4.08,CRU-CY:Israel,gridded estimate; station support unavailable,30.0,20.533333333333328,30.0,-2.893333333333331,30.0,-2.9299999999999997,30.0,-11.500000000000014,30.0,32.03333333333333,30.0,2.3066666666666666
1904,5,7.4,18.5,25.0,5.1,1.2,1904-05-01,31,158.1,-150.7,CRU-CY4.08,CRU-CY:Israel,gridded estimate; station support unavailable,30.0,3.0233333333333334,30.0,-3.0466666666666704,30.0,-2.936666666666664,30.0,-9.50666666666666,30.0,12.530000000000001,30.0,0.09999999999999964
1904,6,0.4,21.3,27.6,6.0,0.3,1904-06-01,30,180.0,-179.6,CRU-CY4.08,CRU-CY:Israel,gridded estimate; station support unavailable,30.0,0.29333333333333333,30.0,-3.003333333333334,30.0,-2.9133333333333304,30.0,-14.199999999999989,30.0,14.493333333333311,30.0,0.24999999999999997
1904,7,0.0,23.7,29.6,6.0,0.0,1904-07-01,31,186.0,-186.0,CRU-CY4.08,CRU-CY:Israel,gridded estimate; station support unavailable,30.0,0.0,30.0,-2.5700000000000003,30.0,-2.5,30.0,-15.706666666666678,30.0,15.706666666666678,30.0,0.0
1904,8,0.0,24.1,29.9,5.6,0.0,1904-08-01,31,173.6,-173.6,CRU-CY4.08,CRU-CY:Israel,gridded estimate; station support unavailable,30.0,0.0,30.0,-2.6033333333333317,30.0,-2.450000000000003,30.0,-12.70999999999998,30.0,12.70999999999998,30.0,0.0
1904,9,0.2,22.6,28.5,4.6,0.1,1904-09-01,30,138.0,-137.8,CRU-CY4.08,CRU-CY:Israel,gridded estimate; station support unavailable,30.0,-0.24,30.0,-2.493333333333325,30.0,-2.3266666666666644,30.0,-9.599999999999994,30.0,9.359999999999985,30.0,0.006666666666666668
1904,10,22.3,21.8,27.7,3.6,3.3,1904-10-01,31,111.60000000000001,-89.30000000000001,CRU-CY4.08,CRU-CY:Israel,gridded estimate; station support unavailable,30.0,6.626666666666667,30.0,-0.6199999999999974,30.0,-0.490000000000002,30.0,-0.20666666666663502,30.0,6.833333333333329,30.0,0.7000000000000002
1904,11,94.9,15.5,21.1,2.3,8.7,1904-11-01,30,69.0,25.900000000000006,CRU-CY4.08,CRU-CY:Israel,gridded estimate; station support unavailable,30.0,43.660000000000004,30.0,-2.216666666666665,30.0,-2.179999999999996,30.0,-5.799999999999997,30.0,49.46000000000001,30.0,3.7666666666666666
1904,12,214.1,11.0,15.8,1.7,15.4,1904-12-01,31,52.699999999999996,161.4,CRU-CY4.08,CRU-CY:Israel,gridded estimate; station support unavailable,30.0,120.37666666666667,30.0,-2.7633333333333336,30.0,-2.8066666666666684,30.0,-4.960000000000008,30.0,125.33666666666667,30.0,6.420000000000002
1905,1,99.4,9.4,14.0,1.7,11.1,1905-01-01,31,52.699999999999996,46.70000000000001,CRU-CY4.08,CRU-CY:Israel,gridded estimate; station support unavailable,30.0,-9.256666666666675,30.0,-2.823333333333334,30.0,-2.746666666666666,30.0,-4.133333333333333,30.0,-5.123333333333328,30.0,0.11333333333332973
1905,2,93.4,9.3,14.2,2.1,11.1,1905-02-01,28,58.800000000000004,34.6,CRU-CY4.08,CRU-CY:Israel,gridded estimate; station support unavailable,30.0,15.259999999999991,30.0,-3.5400000000000027,30.0,-3.629999999999999,30.0,-9.130000000000003,30.0,24.39,30.0,0.7666666666666675
1905,3,88.3,12.2,17.6,3.0,10.7,1905-03-01,31,93.0,-4.700000000000003,CRU-CY4.08,CRU-CY:Israel,gridded estimate; station support unavailable,30.0,44.61666666666667,30.0,-2.946666666666667,30.0,-2.979999999999997,30.0,-7.750000000000014,30.0,52.36666666666665,30.0,4.333333333333331
1905,4,31.5,16.7,22.9,4.2,4.1,1905-04-01,30,126.0,-94.5,CRU-CY4.08,CRU-CY:Israel,gridded estimate; station support unavailable,30.0,15.23333333333333,30.0,-1.6933333333333316,30.0,-1.7300000000000004,30.0,-8.5,30.0,23.73333333333332,30.0,1.6066666666666665
1905,5,3.1,20.2,26.6,5.3,0.7,1905-05-01,31,164.29999999999998,-161.2,CRU-CY4.08,CRU-CY:Israel,gridded estimate; station support unavailable,30.0,-1.2766666666666668,30.0,-1.3466666666666711,30.0,-1.3366666666666625,30.0,-3.306666666666672,30.0,2.030000000000001,30.0,-0.40000000000000036
1905,6,0.1,22.1,28.3,6.1,0.3,1905-06-01,30,183.0,-182.9,CRU-CY4.08,CRU-CY:Israel,gridded estimate; station support unavailable,30.0,-0.006666666666666682,30.0,-2.203333333333333,30.0,-2.213333333333331,30.0,-11.199999999999989,30.0,11.1933333333333,30.0,0.24999999999999997
1905,7,0.0,24.8,30.8,6.3,0.0,1905-07-01,31,195.29999999999998,-195.29999999999998,CRU-CY4.08,CRU-CY:Israel,gridded estimate; station support unavailable,30.0,0.0,30.0,-1.4699999999999989,30.0,-1.3000000000000007,30.0,-6.406666666666695,30.0,6.406666666666695,30.0,0.0
1905,8,0.0,24.9,30.7,5.7,0.0,1905-08-01,31,176.70000000000002,-176.70000000000002,CRU-CY4.08,CRU-CY:Israel,gridded estimate; station support unavailable,30.0,0.0,30.0,-1.8033333333333346,30.0,-1.6500000000000021,30.0,-9.609999999999957,30.0,9.609999999999957,30.0,0.0
1905,9,0.3,23.6,29.6,4.7,0.1,1905-09-01,30,141.0,-140.7,CRU-CY4.08,CRU-CY:Israel,gridded estimate; station support unavailable,30.0,-0.14,30.0,-1.4933333333333252,30.0,-1.226666666666663,30.0,-6.599999999999994,30.0,6.460000000000008,30.0,0.006666666666666668
1905,10,15.6,22.2,28.1,3.6,3.0,1905-10-01,31,111.60000000000001,-96.00000000000001,CRU-CY4.08,CRU-CY:Israel,gridded estimate; station support unavailable,30.0,-0.07333333333333414,30.0,-0.21999999999999886,30.0,-0.08999999999999986,30.0,-0.20666666666663502,30.0,0.13333333333332575,30.0,0.40000000000000036
1905,11,25.3,18.2,23.8,2.6,2.2,1905-11-01,30,78.0,-52.7,CRU-CY4.08,CRU-CY:Israel,gridded estimate; station support unavailable,30.0,-25.94,30.0,0.4833333333333343,30.0,0.5200000000000031,30.0,3.200000000000003,30.0,-29.140000000000004,30.0,-2.7333333333333325
1905,12,197.6,11.6,16.4,1.7,14.0,1905-12-01,31,52.699999999999996,144.9,CRU-CY4.08,CRU-CY:Israel,gridded estimate; station support unavailable,30.0,103.87666666666667,30.0,-2.163333333333334,30.0,-2.2066666666666706,30.0,-4.960000000000008,30.0,108.83666666666667,30.0,5.020000000000001
1906,1,109.3,11.0,15.5,1.8,12.0,1906-01-01,31,55.800000000000004,53.49999999999999,CRU-CY4.08,CRU-CY:Israel,gridded estimate; station support unavailable,30.0,0.6433333333333167,30.0,-1.2233333333333345,30.0,-1.2466666666666661,30.0,-1.0333333333333243,30.0,1.6766666666666552,30.0,1.01333333333333
1906,2,94.6,11.8,16.7,2.3,10.5,1906-02-01,28,64.39999999999999,30.200000000000003,CRU-CY4.08,CRU-CY:Israel,gridded estimate; station support unavailable,30.0,16.45999999999998,30.0,-1.0400000000000027,30.0,-1.129999999999999,30.0,-3.5300000000000153,30.0,19.990000000000002,30.0,0.16666666666666785
1906,3,47.4,13.8,19.2,3.2,7.4,1906-03-01,31,99.2,-51.800000000000004,CRU-CY4.08,CRU-CY:Israel,gridded estimate; station support unavailable,30.0,3.7166666666666686,30.0,-1.3466666666666658,30.0,-1.379999999999999,30.0,-1.5500000000000114,30.0,5.2666666666666515,30.0,1.0333333333333323
1906,4,51.8,16.8,23.0,4.3,3.8,1906-04-01,30,129.0,-77.2,CRU-CY4.08,CRU-CY:Israel,gridded estimate; station support unavailable,30.0,35.53333333333333,30.0,-1.5933333333333302,30.0,-1.629999999999999,30.0,-5.5,30.0,41.03333333333332,30.0,1.3066666666666666
1906,5,21.7,18.9,25.4,5.2,3.5,1906-05-01,31,161.20000000000002,-139.50000000000003,CRU-CY4.08,CRU-CY:Israel,gridded estimate; station support unavailable,30.0,17.32333333333333,30.0,-2.646666666666672,30.0,-2.5366666666666653,30.0,-6.406666666666638,30.0,23.72999999999996,30.0,2.3999999999999995
1906,6,0.4,22.7,29.0,6.2,0.5,1906-06-01,30,186.0,-185.6,CRU-CY4.08,CRU-CY:Israel,gridded estimate; station support unavailable,30.0,0.29333333333333333,30.0,-1.6033333333333353,30.0,-1.5133333333333319,30.0,-8.199999999999989,30.0,8.493333333333311,30.0,0.45
1906,7,0.0,24.5,30.5,6.2,0.0,1906-07-01,31,192.20000000000002,-192.20000000000002,CRU-CY4.08,CRU-CY:Israel,gridded estimate; station support unavailable,30.0,0.0,30.0,-1.7699999999999996,30.0,-1.6000000000000014,30.0,-9.50666666666666,30.0,9.50666666666666,30.0,0.0
1906,8,0.0,24.7,30.5,5.7,0.0,1906-08-01,31,176.70000000000002,-176.70000000000002,CRU-CY4.08,CRU-CY:Israel,gridded estimate; station support unavailable,30.0,0.0,30.0,-2.003333333333334,30.0,-1.8500000000000014,30.0,-9.609999999999957,30.0,9.609999999999957,30.0,0.0
1906,9,0.0,22.5,28.4,4.6,0.0,1906-09-01,30,138.0,-138.0,CRU-CY4.08,CRU-CY:Israel,gridded estimate; station support unavailable,30.0,-0.44,30.0,-2.5933333333333266,30.0,-2.426666666666666,30.0,-9.599999999999994,30.0,9.159999999999997,30.0,-0.09333333333333334
1906,10,16.0,21.0,26.9,3.5,2.2,1906-10-01,31,108.5,-92.5,CRU-CY4.08,CRU-CY:Israel,gridded estimate; station support unavailable,30.0,0.3266666666666662,30.0,-1.4199999999999982,30.0,-1.2900000000000027,30.0,-3.3066666666666436,30.0,3.63333333333334,30.0,-0.39999999999999947
1906,11,55.2,17.1,22.7,2.5,4.8,1906-11-01,30,75.0,-19.799999999999997,CRU-CY4.08,CRU-CY:Israel,gridded estimate; station support unavailable,30.0,3.960000000000001,30.0,-0.6166666666666636,30.0,-0.5799999999999983,30.0,0.20000000000000284,30.0,3.7600000000000016,30.0,-0.13333333333333286
1906,12,64.3,14.2,18.9,1.9,5.8,1906-12-01,31,58.9,5.399999999999999,CRU-CY4.08,CRU-CY:Israel,gridded estimate; station support unavailable,30.0,-29.423333333333332,30.0,0.43666666666666565,30.0,0.29333333333332945,30.0,1.2399999999999949,30.0,-30.663333333333327,30.0,-3.179999999999999
1907,1,209.6,10.9,15.5,1.8,17.3,1907-01-01,31,55.800000000000004,153.79999999999998,CRU-CY4.08,CRU-CY:Israel,gridded estimate; station support unavailable,30.0,100.94333333333331,30.0,-1.3233333333333341,30.0,-1.2466666666666661,30.0,-1.0333333333333243,30.0,101.97666666666665,30.0,6.313333333333331
1907,2,88.7,11.7,16.6,2.3,12.1,1907-02-01,28,64.39999999999999,24.30000000000001,CRU-CY4.08,CRU-CY:Israel,gridded estimate; station support unavailable,30.0,10.559999999999988,30.0,-1.1400000000000041,30.0,-1.2299999999999969,30.0,-3.5300000000000153,30.0,14.09000000000001,30.0,1.7666666666666675
1907,3,69.1,11.5,16.9,2.9,8.7,1907-03-01,31,89.89999999999999,-20.799999999999997,CRU-CY4.08,CRU-CY:Israel,gridded estimate; station support unavailable,30.0,25.416666666666664,30.0,-3.6466666666666665,30.0,-3.6799999999999997,30.0,-10.850000000000023,30.0,36.26666666666666,30.0,2.3333333333333313
1907,4,15.0,16.0,22.2,4.1,2.5,1907-04-01,30,122.99999999999999,-107.99999999999999,CRU-CY4.08,CRU-CY:Israel,gridded estimate; station support unavailable,30.0,-1.2666666666666693,30.0,-2.393333333333331,30.0,-2.4299999999999997,30.0,-11.500000000000014,30.0,10.233333333333334,30.0,0.006666666666666821
1907,5,0.9,19.4,25.9,5.2,0.3,1907-05-01,31,161.20000000000002,-160.3,CRU-CY4.08,CRU-CY:Israel,gridded estimate; station support unavailable,30.0,-3.476666666666667,30.0,-2.146666666666672,30.0,-2.0366666666666653,30.0,-6.406666666666638,30.0,2.9299999999999784,30.0,-0.8000000000000003
1907,6,0.0,22.1,28.4,6.1,0.1,1907-06-01,30,183.0,-183.0,CRU-CY4.08,CRU-CY:Israel,gridded estimate; station support unavailable,30.0,-0.10666666666666669,30.0,-2.203333333333333,30.0,-2.1133333333333333,30.0,-11.199999999999989,30.0,11.093333333333305,30.0,0.049999999999999996
1907,7,0.0,24.4,30.4,6.2,0.0,1907-07-01,31,192.20000000000002,-192.20000000000002,CRU-CY4.08,CRU-CY:Israel,gridded estimate; station support unavailable,30.0,0.0,30.0,-1.870000000000001,30.0,-1.7000000000000028,30.0,-9.50666666666666,30.0,9.50666666666666,30.0,0.0
1907,8,0.0,24.8,30.6,5.7,0.0,1907-08-01,31,176.70000000000002,-176.70000000000002,CRU-CY4.08,CRU-CY:Israel,gridded estimate; station support unavailable,30.0,0.0,30.0,-1.9033333333333324,30.0,-1.75,30.0,-9.609999999999957,30.0,9.609999999999957,30.0,0.0
1907,9,0.7,22.2,28.2,4.6,0.2,1907-09-01,30,138.0,-137.3,CRU-CY4.08,CRU-CY:Israel,gridded estimate; station support unavailable,30.0,0.25999999999999995,30.0,-2.8933333333333273,30.0,-2.626666666666665,30.0,-9.599999999999994,30.0,9.859999999999985,30.0,0.10666666666666667
1907,10,11.9,20.2,26.1,3.4,2.2,1907-10-01,31,105.39999999999999,-93.49999999999999,CRU-CY4.08,CRU-CY:Israel,gridded estimate; station support unavailable,30.0,-3.7733333333333334,30.0,-2.219999999999999,30.0,-2.09,30.0,-6.406666666666652,30.0,2.633333333333354,30.0,-0.39999999999999947
1907,11,87.5,15.5,21.0,2.4,6.6,1907-11-01,30,72.0,15.5,CRU-CY4.08,CRU-CY:Israel,gridded estimate; station support unavailable,30.0,36.26,30.0,-2.216666666666665,30.0,-2.2799999999999976,30.0,-2.799999999999997,30.0,39.06,30.0,1.666666666666667
1907,12,85.0,12.8,17.5,1.8,8.4,1907-12-01,31,55.800000000000004,29.199999999999996,CRU-CY4.08,CRU-CY:Israel,gridded estimate; station support unavailable,30.0,-8.72333333333333,30.0,-0.9633333333333329,30.0,-1.1066666666666691,30.0,-1.8599999999999994,30.0,-6.86333333333333,30.0,-0.5799999999999983
1908,1,152.1,11.3,15.9,1.8,13.9,1908-01-01,31,55.800000000000004,96.29999999999998,CRU-CY4.08,CRU-CY:Israel,gridded estimate; station support unavailable,30.0,43.443333333333314,30.0,-0.9233333333333338,30.0,-0.8466666666666658,30.0,-1.0333333333333243,30.0,44.476666666666645,30.0,2.9133333333333304
1908,2,97.0,11.4,16.3,2.4,12.4,1908-02-01,29,69.6,27.400000000000006,CRU-CY4.08,CRU-CY:Israel,gridded estimate; station support unavailable,30.0,18.859999999999985,30.0,-1.440000000000003,30.0,-1.5299999999999976,30.0,1.6699999999999875,30.0,17.190000000000005,30.0,2.066666666666668
1908,3,87.2,13.8,19.2,3.2,10.5,1908-03-01,31,99.2,-12.0,CRU-CY4.08,CRU-CY:Israel,gridded estimate; station support unavailable,30.0,43.51666666666667,30.0,-1.3466666666666658,30.0,-1.379999999999999,30.0,-1.5500000000000114,30.0,45.066666666666656,30.0,4.133333333333332
1908,4,31.2,16.8,23.0,4.3,4.4,1908-04-01,30,129.0,-97.8,CRU-CY4.08,CRU-CY:Israel,gridded estimate; station support unavailable,30.0,14.93333333333333,30.0,-1.5933333333333302,30.0,-1.629999999999999,30.0,-5.5,30.0,20.433333333333323,30.0,1.9066666666666672
1908,5,2.1,20.7,27.1,5.4,0.9,1908-05-01,31,167.4,-165.3,CRU-CY4.08,CRU-CY:Israel,gridded estimate; station support unavailable,30.0,-2.276666666666667,30.0,-0.8466666666666711,30.0,-0.8366666666666625,30.0,-0.20666666666664923,30.0,-2.0700000000000216,30.0,-0.2000000000000003
1908,6,0.5,22.5,28.8,6.2,0.4,1908-06-01,30,186.0,-185.5,CRU-CY4.08,CRU-CY:Israel,gridded estimate; station support unavailable,30.0,0.3933333333333333,30.0,-1.8033333333333346,30.0,-1.7133333333333312,30.0,-8.199999999999989,30.0,8.593333333333305,30.0,0.35000000000000003
1908,7,0.0,23.9,29.8,6.2,0.0,1908-07-01,31,192.20000000000002,-192.20000000000002,CRU-CY4.08,CRU-CY:Israel,gridded estimate; station support unavailable,30.0,0.0,30.0,-2.370000000000001,30.0,-2.3000000000000007,30.0,-9.50666666666666,30.0,9.50666666666666,30.0,0.0
1908,8,0.0,24.3,30.1,5.7,0.0,1908-08-01,31,176.70000000000002,-176.70000000000002,CRU-CY4.08,CRU-CY:Israel,gridded estimate; station support unavailable,30.0,0.0,30.0,-2.4033333333333324,30.0,-2.25,30.0,-9.609999999999957,30.0,9.609999999999957,30.0,0.0
1908,9,0.1,22.6,28.5,4.6,0.0,1908-09-01,30,138.0,-137.9,CRU-CY4.08,CRU-CY:Israel,gridded estimate; station support unavailable,30.0,-0.33999999999999997,30.0,-2.493333333333325,30.0,-2.3266666666666644,30.0,-9.599999999999994,30.0,9.259999999999991,30.0,-0.09333333333333334
1908,10,2.3,20.5,26.4,3.5,0.4,1908-10-01,31,108.5,-106.2,CRU-CY4.08,CRU-CY:Israel,gridded estimate; station support unavailable,30.0,-13.373333333333335,30.0,-1.9199999999999982,30.0,-1.7900000000000027,30.0,-3.3066666666666436,30.0,-10.066666666666663,30.0,-2.1999999999999997
1908,11,77.7,15.4,21.0,2.4,6.5,1908-11-01,30,72.0,5.700000000000003,CRU-CY4.08,CRU-CY:Israel,gridded estimate; station support unavailable,30.0,26.46,30.0,-2.3166666666666647,30.0,-2.2799999999999976,30.0,-2.799999999999997,30.0,29.26,30.0,1.5666666666666673
1908,12,113.6,11.1,15.8,1.7,9.3,1908-12-01,31,52.699999999999996,60.9,CRU-CY4.08,CRU-CY:Israel,gridded estimate; station support unavailable,30.0,19.876666666666665,30.0,-2.663333333333334,30.0,-2.8066666666666684,30.0,-4.960000000000008,30.0,24.836666666666673,30.0,0.32000000000000206
1909,1,99.6,11.0,15.5,1.8,11.0,1909-01-01,31,55.800000000000004,43.79999999999999,CRU-CY4.08,CRU-CY:Israel,gridded estimate; station support unavailable,30.0,-9.056666666666686,30.0,-1.2233333333333345,30.0,-1.2466666666666661,30.0,-1.0333333333333243,30.0,-8.023333333333348,30.0,0.013333333333330089
1909,2,53.4,11.8,16.7,2.3,6.8,1909-02-01,28,64.39999999999999,-10.999999999999993,CRU-CY4.08,CRU-CY:Israel,gridded estimate; station support unavailable,30.0,-24.740000000000016,30.0,-1.0400000000000027,30.0,-1.129999999999999,30.0,-3.5300000000000153,30.0,-21.209999999999994,30.0,-3.5333333333333323
1909,3,26.5,15.6,21.0,3.3,5.1,1909-03-01,31,102.3,-75.8,CRU-CY4.08,CRU-CY:Israel,gridded estimate; station support unavailable,30.0,-17.18333333333333,30.0,0.45333333333333314,30.0,0.4200000000000017,30.0,1.549999999999983,30.0,-18.73333333333334,30.0,-1.2666666666666684
1909,4,57.1,15.1,21.3,4.1,6.5,1909-04-01,30,122.99999999999999,-65.89999999999998,CRU-CY4.08,CRU-CY:Israel,gridded estimate; station support unavailable,30.0,40.83333333333333,30.0,-3.2933333333333312,30.0,-3.3299999999999983,30.0,-11.500000000000014,30.0,52.33333333333334,30.0,4.006666666666667
1909,5,7.3,22.6,29.1,5.6,1.8,1909-05-01,31,173.6,-166.29999999999998,CRU-CY4.08,CRU-CY:Israel,gridded estimate; station support unavailable,30.0,2.923333333333333,30.0,1.053333333333331,30.0,1.1633333333333375,30.0,5.993333333333339,30.0,-3.069999999999993,30.0,0.6999999999999997
1909,6,0.1,23.2,29.4,6.3,0.1,1909-06-01,30,189.0,-188.9,CRU-CY4.08,CRU-CY:Israel,gridded estimate; station support unavailable,30.0,-0.006666666666666682,30.0,-1.1033333333333353,30.0,-1.1133333333333333,30.0,-5.199999999999989,30.0,5.1933333333333,30.0,0.049999999999999996
1909,7,0.0,25.4,31.3,6.3,0.0,1909-07-01,31,195.29999999999998,-195.29999999999998,CRU-CY4.08,CRU-CY:Israel,gridded estimate; station support unavailable,30.0,0.0,30.0,-0.870000000000001,30.0,-0.8000000000000007,30.0,-6.406666666666695,30.0,6.406666666666695,30.0,0.0
1909,8,0.0,25.7,31.5,5.8,0.0,1909-08-01,31,179.79999999999998,-179.79999999999998,CRU-CY4.08,CRU-CY:Israel,gridded estimate; station support unavailable,30.0,0.0,30.0,-1.0033333333333339,30.0,-0.8500000000000014,30.0,-6.509999999999991,30.0,6.509999999999991,30.0,0.0
1909,9,1.3,23.7,29.6,4.7,0.4,1909-09-01,30,141.0,-139.7,CRU-CY4.08,CRU-CY:Israel,gridded estimate; station support unavailable,30.0,0.8600000000000001,30.0,-1.3933333333333273,30.0,-1.226666666666663,30.0,-6.599999999999994,30.0,7.460000000000008,30.0,0.3066666666666667
1909,10,41.5,21.1,27.0,3.5,4.2,1909-10-01,31,108.5,-67.0,CRU-CY4.08,CRU-CY:Israel,gridded estimate; station support unavailable,30.0,25.826666666666668,30.0,-1.3199999999999967,30.0,-1.1900000000000013,30.0,-3.3066666666666436,30.0,29.13333333333334,30.0,1.6000000000000005
1909,11,49.1,17.8,23.3,2.5,5.7,1909-11-01,30,75.0,-25.9,CRU-CY4.08,CRU-CY:Israel,gridded estimate; station support unavailable,30.0,-2.1400000000000006,30.0,0.0833333333333357,30.0,0.020000000000003126,30.0,0.20000000000000284,30.0,-2.34,30.0,0.7666666666666675
1909,12,65.0,14.4,19.2,1.9,7.2,1909-12-01,31,58.9,6.100000000000001,CRU-CY4.08,CRU-CY:Israel,gridded estimate; station support unavailable,30.0,-28.72333333333333,30.0,0.6366666666666667,30.0,0.5933333333333302,30.0,1.2399999999999949,30.0,-29.963333333333324,30.0,-1.7799999999999985
1910,1,113.6,10.8,15.4,1.8,10.7,1910-01-01,31,55.800000000000004,57.79999999999999,CRU-CY4.08,CRU-CY:Israel,gridded estimate; station support unavailable,30.0,4.943333333333314,30.0,-1.4233333333333338,30.0,-1.3466666666666658,30.0,-1.0333333333333243,30.0,5.976666666666652,30.0,-0.2866666666666706
1910,2,35.0,12.4,17.4,2.4,6.1,1910-02-01,28,67.2,-32.2,CRU-CY4.08,CRU-CY:Israel,gridded estimate; station support unavailable,30.0,-43.140000000000015,30.0,-0.44000000000000306,30.0,-0.4299999999999997,30.0,-0.730000000000004,30.0,-42.410000000000004,30.0,-4.2333333333333325
1910,3,102.9,11.2,16.6,2.9,10.3,1910-03-01,31,89.89999999999999,13.000000000000014,CRU-CY4.08,CRU-CY:Israel,gridded estimate; station support unavailable,30.0,59.216666666666676,30.0,-3.946666666666667,30.0,-3.979999999999997,30.0,-10.850000000000023,30.0,70.06666666666666,30.0,3.9333333333333327
1910,4,25.7,17.8,24.0,4.4,4.0,1910-04-01,30,132.0,-106.3,CRU-CY4.08,CRU-CY:Israel,gridded estimate; station support unavailable,30.0,9.43333333333333,30.0,-0.5933333333333302,30.0,-0.629999999999999,30.0,-2.5,30.0,11.933333333333323,30.0,1.5066666666666668
1910,5,5.9,20.1,26.5,5.3,1.7,1910-05-01,31,164.29999999999998,-158.39999999999998,CRU-CY4.08,CRU-CY:Israel,gridded estimate; station support unavailable,30.0,1.5233333333333334,30.0,-1.446666666666669,30.0,-1.4366666666666639,30.0,-3.306666666666672,30.0,4.8300000000000125,30.0,0.5999999999999996
1910,6,0.3,22.0,28.3,6.1,0.2,1910-06-01,30,183.0,-182.7,CRU-CY4.08,CRU-CY:Israel,gridded estimate; station support unavailable,30.0,0.1933333333333333,30.0,-2.3033333333333346,30.0,-2.213333333333331,30.0,-11.199999999999989,30.0,11.393333333333317,30.0,0.15
1910,7,0.0,24.6,30.5,6.3,0.0,1910-07-01,31,195.29999999999998,-195.29999999999998,CRU-CY4.08,CRU-CY:Israel,gridded estimate; station support unavailable,30.0,0.0,30.0,-1.6699999999999982,30.0,-1.6000000000000014,30.0,-6.406666666666695,30.0,6.406666666666695,30.0,0.0
1910,8,0.0,25.3,31.1,5.9,0.0,1910-08-01,31,182.9,-182.9,CRU-CY4.08,CRU-CY:Israel,gridded estimate; station support unavailable,30.0,0.0,30.0,-1.4033333333333324,30.0,-1.25,30.0,-3.409999999999968,30.0,3.409999999999968,30.0,0.0
1910,9,0.4,23.2,29.1,4.7,0.3,1910-09-01,30,141.0,-140.6,CRU-CY4.08,CRU-CY:Israel,gridded estimate; station support unavailable,30.0,-0.03999999999999998,30.0,-1.8933333333333273,30.0,-1.726666666666663,30.0,-6.599999999999994,30.0,6.560000000000002,30.0,0.20666666666666667
1910,10,16.5,19.6,25.5,3.4,2.5,1910-10-01,31,105.39999999999999,-88.89999999999999,CRU-CY4.08,CRU-CY:Israel,gridded estimate; station support unavailable,30.0,0.8266666666666662,30.0,-2.8199999999999967,30.0,-2.6900000000000013,30.0,-6.406666666666652,30.0,7.2333333333333485,30.0,-0.09999999999999964
1910,11,43.4,15.9,21.5,2.4,5.1,1910-11-01,30,72.0,-28.6,CRU-CY4.08,CRU-CY:Israel,gridded estimate; station support unavailable,30.0,-7.840000000000003,30.0,-1.8166666666666647,30.0,-1.7799999999999976,30.0,-2.799999999999997,30.0,-5.040000000000003,30.0,0.16666666666666696
1910,12,56.5,11.6,16.4,1.7,7.5,1910-12-01,31,52.699999999999996,3.8000000000000043,CRU-CY4.08,CRU-CY:Israel,gridded estimate; station support unavailable,30.0,-37.22333333333333,30.0,-2.163333333333334,30.0,-2.2066666666666706,30.0,-4.960000000000008,30.0,-32.26333333333332,30.0,-1.4799999999999986
1911,1,166.8,10.4,15.0,1.8,14.7,1911-01-01,31,55.800000000000004,111.0,CRU-CY4.08,CRU-CY:Israel,gridded estimate; station support unavailable,30.0,58.14333333333333,30.0,-1.8233333333333341,30.0,-1.7466666666666661,30.0,-1.0333333333333243,30.0,59.17666666666666,30.0,3.7133333333333294
1911,2,137.7,9.6,14.5,2.2,14.2,1911-02-01,28,61.60000000000001,76.09999999999998,CRU-CY4.08,CRU-CY:Israel,gridded estimate; station support unavailable,30.0,59.559999999999974,30.0,-3.2400000000000038,30.0,-3.3299999999999983,30.0,-6.329999999999998,30.0,65.88999999999999,30.0,3.866666666666667
1911,3,68.7,12.6,18.0,3.1,8.0,1911-03-01,31,96.10000000000001,-27.400000000000006,CRU-CY4.08,CRU-CY:Israel,gridded estimate; station support unavailable,30.0,25.016666666666673,30.0,-2.546666666666667,30.0,-2.5799999999999983,30.0,-4.650000000000006,30.0,29.66666666666665,30.0,1.633333333333332
1911,4,53.4,16.3,22.5,4.2,5.3,1911-04-01,30,126.0,-72.6,CRU-CY4.08,CRU-CY:Israel,gridded estimate; station support unavailable,30.0,37.133333333333326,30.0,-2.09333333333333,30.0,-2.129999999999999,30.0,-8.5,30.0,45.633333333333326,30.0,2.8066666666666666
1911,5,4.7,19.9,26.4,5.3,1.1,1911-05-01,31,164.29999999999998,-159.6,CRU-CY4.08,CRU-CY:Israel,gridded estimate; station support unavailable,30.0,0.32333333333333325,30.0,-1.6466666666666718,30.0,-1.5366666666666653,30.0,-3.306666666666672,30.0,3.6299999999999955,30.0,-2.220446049250313e-16
1911,6,0.1,22.1,28.4,6.2,0.0,1911-06-01,30,186.0,-185.9,CRU-CY4.08,CRU-CY:Israel,gridded estimate; station support unavailable,30.0,-0.006666666666666682,30.0,-2.203333333333333,30.0,-2.1133333333333333,30.0,-8.199999999999989,30.0,8.1933333333333,30.0,-0.05000000000000001
1911,7,0.0,24.3,30.2,6.2,0.0,1911-07-01,31,192.20000000000002,-192.20000000000002,CRU-CY4.08,CRU-CY:Israel,gridded estimate; station support unavailable,30.0,0.0,30.0,-1.9699999999999989,30.0,-1.9000000000000021,30.0,-9.50666666666666,30.0,9.50666666666666,30.0,0.0
1911,8,0.0,24.7,30.5,5.8,0.0,1911-08-01,31,179.79999999999998,-179.79999999999998,CRU-CY4.08,CRU-CY:Israel,gridded estimate; station support unavailable,30.0,0.0,30.0,-2.003333333333334,30.0,-1.8500000000000014,30.0,-6.509999999999991,30.0,6.509999999999991,30.0,0.0
1911,9,0.3,22.5,28.5,4.6,0.3,1911-09-01,30,138.0,-137.7,CRU-CY4.08,CRU-CY:Israel,gridded estimate; station support unavailable,30.0,-0.14,30.0,-2.5933333333333266,30.0,-2.3266666666666644,30.0,-9.599999999999994,30.0,9.460000000000008,30.0,0.20666666666666667
1911,10,17.8,21.0,26.9,3.5,3.2,1911-10-01,31,108.5,-90.7,CRU-CY4.08,CRU-CY:Israel,gridded estimate; station support unavailable,30.0,2.126666666666667,30.0,-1.4199999999999982,30.0,-1.2900000000000027,30.0,-3.3066666666666436,30.0,5.433333333333337,30.0,0.6000000000000005
1911,11,52.5,17.0,22.6,2.5,6.6,1911-11-01,30,75.0,-22.5,CRU-CY4.08,CRU-CY:Israel,gridded estimate; station support unavailable,30.0,1.259999999999998,30.0,-0.716666666666665,30.0,-0.6799999999999962,30.0,0.20000000000000284,30.0,1.0599999999999987,30.0,1.666666666666667
1911,12,205.9,13.0,17.7,1.8,14.3,1911-12-01,31,55.800000000000004,150.1,CRU-CY4.08,CRU-CY:Israel,gridded estimate; station support unavailable,30.0,112.17666666666668,30.0,-0.7633333333333336,30.0,-0.9066666666666698,30.0,-1.8599999999999994,30.0,114.03666666666666,30.0,5.320000000000002
1912,1,146.4,10.7,15.3,1.8,14.2,1912-01-01,31,55.800000000000004,90.6,CRU-CY4.08,CRU-CY:Israel,gridded estimate; station support unavailable,30.0,37.743333333333325,30.0,-1.5233333333333352,30.0,-1.4466666666666654,30.0,-1.0333333333333243,30.0,38.77666666666666,30.0,3.2133333333333294
1912,2,72.3,12.7,17.7,2.4,10.2,1912-02-01,29,69.6,2.700000000000003,CRU-CY4.08,CRU-CY:Israel,gridded estimate; station support unavailable,30.0,-5.840000000000018,30.0,-0.14000000000000412,30.0,-0.129999999999999,30.0,1.6699999999999875,30.0,-7.509999999999998,30.0,-0.13333333333333286
1912,3,45.8,13.6,19.0,3.1,7.3,1912-03-01,31,96.10000000000001,-50.30000000000001,CRU-CY4.08,CRU-CY:Israel,gridded estimate; station support unavailable,30.0,2.116666666666667,30.0,-1.5466666666666669,30.0,-1.5799999999999983,30.0,-4.650000000000006,30.0,6.766666666666644,30.0,0.9333333333333318
1912,4,19.4,16.6,22.8,4.2,2.9,1912-04-01,30,126.0,-106.6,CRU-CY4.08,CRU-CY:Israel,gridded estimate; station support unavailable,30.0,3.1333333333333293,30.0,-1.7933333333333294,30.0,-1.8299999999999983,30.0,-8.5,30.0,11.633333333333326,30.0,0.40666666666666673
1912,5,11.5,18.4,24.8,5.1,2.3,1912-05-01,31,158.1,-146.6,CRU-CY4.08,CRU-CY:Israel,gridded estimate; station support unavailable,30.0,7.123333333333333,30.0,-3.146666666666672,30.0,-3.136666666666663,30.0,-9.50666666666666,30.0,16.629999999999995,30.0,1.1999999999999995
1912,6,0.1,22.3,28.5,6.1,0.0,1912-06-01,30,183.0,-182.9,CRU-CY4.08,CRU-CY:Israel,gridded estimate; station support unavailable,30.0,-0.006666666666666682,30.0,-2.003333333333334,30.0,-2.013333333333332,30.0,-11.199999999999989,30.0,11.1933333333333,30.0,-0.05000000000000001
1912,7,0.0,23.8,29.8,6.2,0.0,1912-07-01,31,192.20000000000002,-192.20000000000002,CRU-CY4.08,CRU-CY:Israel,gridded estimate; station support unavailable,30.0,0.0,30.0,-2.469999999999999,30.0,-2.3000000000000007,30.0,-9.50666666666666,30.0,9.50666666666666,30.0,0.0
1912,8,0.0,24.5,30.4,5.6,0.0,1912-08-01,31,173.6,-173.6,CRU-CY4.08,CRU-CY:Israel,gridded estimate; station support unavailable,30.0,0.0,30.0,-2.203333333333333,30.0,-1.9500000000000028,30.0,-12.70999999999998,30.0,12.70999999999998,30.0,0.0
1912,9,0.1,22.8,28.7,4.7,0.2,1912-09-01,30,141.0,-140.9,CRU-CY4.08,CRU-CY:Israel,gridded estimate; station support unavailable,30.0,-0.33999999999999997,30.0,-2.293333333333326,30.0,-2.126666666666665,30.0,-6.599999999999994,30.0,6.259999999999991,30.0,0.10666666666666667
1912,10,38.4,21.0,26.9,3.5,4.1,1912-10-01,31,108.5,-70.1,CRU-CY4.08,CRU-CY:Israel,gridded estimate; station support unavailable,30.0,22.726666666666667,30.0,-1.4199999999999982,30.0,-1.2900000000000027,30.0,-3.3066666666666436,30.0,26.033333333333346,30.0,1.5
1912,11,40.9,16.6,22.2,2.4,5.1,1912-11-01,30,72.0,-31.1,CRU-CY4.08,CRU-CY:Israel,gridded estimate; station support unavailable,30.0,-10.340000000000003,30.0,-1.1166666666666636,30.0,-1.0799999999999983,30.0,-2.799999999999997,30.0,-7.540000000000003,30.0,0.16666666666666696
1912,12,134.2,12.1,16.9,1.7,12.6,1912-12-01,31,52.699999999999996,81.5,CRU-CY4.08,CRU-CY:Israel,gridded estimate; station support unavailable,30.0,40.47666666666666,30.0,-1.663333333333334,30.0,-1.7066666666666706,30.0,-4.960000000000008,30.0,45.436666666666675,30.0,3.620000000000001
1913,1,120.5,11.5,16.0,1.8,11.3,1913-01-01,31,55.800000000000004,64.69999999999999,CRU-CY4.08,CRU-CY:Israel,gridded estimate; station support unavailable,30.0,11.84333333333332,30.0,-0.7233333333333345,30.0,-0.7466666666666661,30.0,-1.0333333333333243,30.0,12.876666666666651,30.0,0.3133333333333308
1913,2,112.9,11.4,16.4,2.3,12.7,1913-02-01,28,64.39999999999999,48.500000000000014,CRU-CY4.08,CRU-CY:Israel,gridded estimate; station support unavailable,30.0,34.75999999999999,30.0,-1.440000000000003,30.0,-1.4299999999999997,30.0,-3.5300000000000153,30.0,38.29000000000001,30.0,2.366666666666667
1913,3,35.8,12.8,18.2,3.0,6.2,1913-03-01,31,93.0,-57.2,CRU-CY4.08,CRU-CY:Israel,gridded estimate; station support unavailable,30.0,-7.883333333333333,30.0,-2.346666666666666,30.0,-2.379999999999999,30.0,-7.750000000000014,30.0,-0.13333333333334707,30.0,-0.16666666666666785
1913,4,19.7,17.1,23.3,4.3,3.0,1913-04-01,30,129.0,-109.3,CRU-CY4.08,CRU-CY:Israel,gridded estimate; station support unavailable,30.0,3.43333333333333,30.0,-1.2933333333333294,30.0,-1.3299999999999983,30.0,-5.5,30.0,8.933333333333323,30.0,0.5066666666666668
1913,5,4.5,19.1,25.6,5.2,1.1,1913-05-01,31,161.20000000000002,-156.70000000000002,CRU-CY4.08,CRU-CY:Israel,gridded estimate; station support unavailable,30.0,0.12333333333333307,30.0,-2.446666666666669,30.0,-2.3366666666666625,30.0,-6.406666666666638,30.0,6.529999999999973,30.0,-2.220446049250313e-16
1913,6,0.1,21.6,27.9,6.0,0.2,1913-06-01,30,180.0,-179.9,CRU-CY4.08,CRU-CY:Israel,gridded estimate; station support unavailable,30.0,-0.006666666666666682,30.0,-2.703333333333333,30.0,-2.6133333333333333,30.0,-14.199999999999989,30.0,14.1933333333333,30.0,0.15
1913,7,0.0,24.2,30.1,6.2,0.0,1913-07-01,31,192.20000000000002,-192.20000000000002,CRU-CY4.08,CRU-CY:Israel,gridded estimate; station support unavailable,30.0,0.0,30.0,-2.0700000000000003,30.0,-2.0,30.0,-9.50666666666666,30.0,9.50666666666666,30.0,0.0
1913,8,0.0,24.7,30.5,5.7,0.0,1913-08-01,31,176.70000000000002,-176.70000000000002,CRU-CY4.08,CRU-CY:Israel,gridded estimate; station support unavailable,30.0,0.0,30.0,-2.003333333333334,30.0,-1.8500000000000014,30.0,-9.609999999999957,30.0,9.609999999999957,30.0,0.0
1913,9,0.5,23.7,29.6,4.7,0.1,1913-09-01,30,141.0,-140.5,CRU-CY4.08,CRU-CY:Israel,gridded estimate; station support unavailable,30.0,0.06,30.0,-1.3933333333333273,30.0,-1.226666666666663,30.0,-6.599999999999994,30.0,6.659999999999997,30.0,0.006666666666666668
1913,10,31.9,21.5,27.4,3.5,4.5,1913-10-01,31,108.5,-76.6,CRU-CY4.08,CRU-CY:Israel,gridded estimate; station support unavailable,30.0,16.226666666666667,30.0,-0.9199999999999982,30.0,-0.7900000000000027,30.0,-3.3066666666666436,30.0,19.533333333333346,30.0,1.9000000000000004
1913,11,42.3,15.9,21.5,2.4,5.4,1913-11-01,30,72.0,-29.700000000000003,CRU-CY4.08,CRU-CY:Israel,gridded estimate; station support unavailable,30.0,-8.940000000000005,30.0,-1.8166666666666647,30.0,-1.7799999999999976,30.0,-2.799999999999997,30.0,-6.140000000000004,30.0,0.4666666666666677
1913,12,131.7,12.0,16.7,1.7,11.0,1913-12-01,31,52.699999999999996,79.0,CRU-CY4.08,CRU-CY:Israel,gridded estimate; station support unavailable,30.0,37.97666666666666,30.0,-1.7633333333333336,30.0,-1.9066666666666698,30.0,-4.960000000000008,30.0,42.936666666666675,30.0,2.0200000000000014
1914,1,79.9,11.2,15.8,1.8,8.4,1914-01-01,31,55.800000000000004,24.1,CRU-CY4.08,CRU-CY:Israel,gridded estimate; station support unavailable,30.0,-28.756666666666675,30.0,-1.0233333333333352,30.0,-0.9466666666666654,30.0,-1.0333333333333243,30.0,-27.723333333333336,30.0,-2.5866666666666696
1914,2,31.8,12.0,16.9,2.3,6.8,1914-02-01,28,64.39999999999999,-32.599999999999994,CRU-CY4.08,CRU-CY:Israel,gridded estimate; station support unavailable,30.0,-46.34000000000002,30.0,-0.8400000000000034,30.0,-0.9299999999999997,30.0,-3.5300000000000153,30.0,-42.809999999999995,30.0,-3.5333333333333323
1914,3,43.5,15.0,20.4,3.3,6.5,1914-03-01,31,102.3,-58.8,CRU-CY4.08,CRU-CY:Israel,gridded estimate; station support unavailable,30.0,-0.18333333333333002,30.0,-0.1466666666666665,30.0,-0.17999999999999972,30.0,1.549999999999983,30.0,-1.7333333333333414,30.0,0.13333333333333197
1914,4,53.6,14.9,21.1,4.0,5.9,1914-04-01,30,120.0,-66.4,CRU-CY4.08,CRU-CY:Israel,gridded estimate; station support unavailable,30.0,37.33333333333333,30.0,-3.4933333333333305,30.0,-3.5299999999999976,30.0,-14.5,30.0,51.833333333333314,30.0,3.406666666666667
1914,5,6.1,20.4,26.9,5.3,1.7,1914-05-01,31,164.29999999999998,-158.2,CRU-CY4.08,CRU-CY:Israel,gridded estimate; station support unavailable,30.0,1.7233333333333327,30.0,-1.1466666666666718,30.0,-1.0366666666666653,30.0,-3.306666666666672,30.0,5.030000000000001,30.0,0.5999999999999996
1914,6,0.5,22.9,29.2,6.2,0.3,1914-06-01,30,186.0,-185.5,CRU-CY4.08,CRU-CY:Israel,gridded estimate; station support unavailable,30.0,0.3933333333333333,30.0,-1.403333333333336,30.0,-1.3133333333333326,30.0,-8.199999999999989,30.0,8.593333333333305,30.0,0.24999999999999997
1914,7,0.0,24.7,30.7,6.2,0.0,1914-07-01,31,192.20000000000002,-192.20000000000002,CRU-CY4.08,CRU-CY:Israel,gridded estimate; station support unavailable,30.0,0.0,30.0,-1.5700000000000003,30.0,-1.4000000000000021,30.0,-9.50666666666666,30.0,9.50666666666666,30.0,0.0
1914,8,0.0,25.7,31.6,5.8,0.0,1914-08-01,31,179.79999999999998,-179.79999999999998,CRU-CY4.08,CRU-CY:Israel,gridded estimate; station support unavailable,30.0,0.0,30.0,-1.0033333333333339,30.0,-0.75,30.0,-6.509999999999991,30.0,6.509999999999991,30.0,0.0
1914,9,0.1,23.5,29.5,4.7,0.0,1914-09-01,30,141.0,-140.9,CRU-CY4.08,CRU-CY:Israel,gridded estimate; station support unavailable,30.0,-0.33999999999999997,30.0,-1.5933333333333266,30.0,-1.3266666666666644,30.0,-6.599999999999994,30.0,6.259999999999991,30.0,-0.09333333333333334
1914,10,6.9,20.5,26.5,3.5,1.8,1914-10-01,31,108.5,-101.6,CRU-CY4.08,CRU-CY:Israel,gridded estimate; station support unavailable,30.0,-8.773333333333333,30.0,-1.9199999999999982,30.0,-1.6900000000000013,30.0,-3.3066666666666436,30.0,-5.466666666666654,30.0,-0.7999999999999996
1914,11,147.8,17.2,22.8,2.5,10.1,1914-11-01,30,75.0,72.80000000000001,CRU-CY4.08,CRU-CY:Israel,gridded estimate; station support unavailable,30.0,96.56,30.0,-0.5166666666666657,30.0,-0.4799999999999969,30.0,0.20000000000000284,30.0,96.36000000000001,30.0,5.166666666666667
1914,12,104.9,13.2,18.0,1.8,10.2,1914-12-01,31,55.800000000000004,49.1,CRU-CY4.08,CRU-CY:Israel,gridded estimate; station support unavailable,30.0,11.176666666666677,30.0,-0.5633333333333344,30.0,-0.6066666666666691,30.0,-1.8599999999999994,30.0,13.036666666666676,30.0,1.2200000000000006
1915,1,44.3,13.2,17.7,2.0,6.5,1915-01-01,31,62.0,-17.700000000000003,CRU-CY4.08,CRU-CY:Israel,gridded estimate; station support unavailable,30.0,-64.35666666666668,30.0,0.9766666666666648,30.0,0.9533333333333331,30.0,5.166666666666671,30.0,-69.52333333333334,30.0,-4.48666666666667
1915,2,54.7,13.4,18.3,2.5,8.2,1915-02-01,28,70.0,-15.299999999999997,CRU-CY4.08,CRU-CY:Israel,gridded estimate; station support unavailable,30.0,-23.440000000000012,30.0,0.559999999999997,30.0,0.4700000000000024,30.0,2.069999999999993,30.0,-25.509999999999998,30.0,-2.133333333333333
1915,3,61.7,14.8,20.2,3.2,8.6,1915-03-01,31,99.2,-37.5,CRU-CY4.08,CRU-CY:Israel,gridded estimate; station support unavailable,30.0,18.016666666666673,30.0,-0.3466666666666658,30.0,-0.379999999999999,30.0,-1.5500000000000114,30.0,19.566666666666656,30.0,2.2333333333333316
1915,4,28.5,16.8,23.0,4.3,4.4,1915-04-01,30,129.0,-100.5,CRU-CY4.08,CRU-CY:Israel,gridded estimate; station support unavailable,30.0,12.23333333333333,30.0,-1.5933333333333302,30.0,-1.629999999999999,30.0,-5.5,30.0,17.73333333333332,30.0,1.9066666666666672
1915,5,0.8,20.0,26.4,5.3,0.5,1915-05-01,31,164.29999999999998,-163.49999999999997,CRU-CY4.08,CRU-CY:Israel,gridded estimate; station support unavailable,30.0,-3.576666666666667,30.0,-1.5466666666666704,30.0,-1.5366666666666653,30.0,-3.306666666666672,30.0,-0.2699999999999818,30.0,-0.6000000000000003
1915,6,0.1,24.2,30.4,6.5,0.1,1915-06-01,30,195.0,-194.9,CRU-CY4.08,CRU-CY:Israel,gridded estimate; station support unavailable,30.0,-0.006666666666666682,30.0,-0.10333333333333528,30.0,-0.11333333333333329,30.0,0.8000000000000114,30.0,-0.8066666666667004,30.0,0.049999999999999996
1915,7,0.0,25.5,31.5,6.4,0.0,1915-07-01,31,198.4,-198.4,CRU-CY4.08,CRU-CY:Israel,gridded estimate; station support unavailable,30.0,0.0,30.0,-0.7699999999999996,30.0,-0.6000000000000014,30.0,-3.306666666666672,30.0,3.306666666666672,30.0,0.0
1915,8,0.0,25.6,31.5,5.8,0.0,1915-08-01,31,179.79999999999998,-179.79999999999998,CRU-CY4.08,CRU-CY:Israel,gridded estimate; station support unavailable,30.0,0.0,30.0,-1.1033333333333317,30.0,-0.8500000000000014,30.0,-6.509999999999991,30.0,6.509999999999991,30.0,0.0
1915,9,0.5,23.5,29.4,4.7,0.1,1915-09-01,30,141.0,-140.5,CRU-CY4.08,CRU-CY:Israel,gridded estimate; station support unavailable,30.0,0.06,30.0,-1.5933333333333266,30.0,-1.4266666666666659,30.0,-6.599999999999994,30.0,6.659999999999997,30.0,0.006666666666666668
1915,10,4.8,21.9,27.9,3.6,1.0,1915-10-01,31,111.60000000000001,-106.80000000000001,CRU-CY4.08,CRU-CY:Israel,gridded estimate; station support unavailable,30.0,-10.873333333333335,30.0,-0.5199999999999996,30.0,-0.2900000000000027,30.0,-0.20666666666663502,30.0,-10.666666666666671,30.0,-1.5999999999999996
1915,11,46.6,17.7,23.3,2.6,4.8,1915-11-01,30,78.0,-31.4,CRU-CY4.08,CRU-CY:Israel,gridded estimate; station support unavailable,30.0,-4.640000000000001,30.0,-0.01666666666666572,30.0,0.020000000000003126,30.0,3.200000000000003,30.0,-7.84,30.0,-0.13333333333333286
1915,12,37.5,14.6,19.4,1.9,5.8,1915-12-01,31,58.9,-21.4,CRU-CY4.08,CRU-CY:Israel,gridded estimate; station support unavailable,30.0,-56.22333333333333,30.0,0.836666666666666,30.0,0.7933333333333294,30.0,1.2399999999999949,30.0,-57.463333333333324,30.0,-3.179999999999999
1916,1,165.0,10.7,15.2,1.8,15.0,1916-01-01,31,55.800000000000004,109.19999999999999,CRU-CY4.08,CRU-CY:Israel,gridded estimate; station support unavailable,30.0,56.34333333333332,30.0,-1.5233333333333352,30.0,-1.5466666666666669,30.0,-1.0333333333333243,30.0,57.37666666666665,30.0,4.01333333333333
1916,2,91.7,12.8,17.7,2.4,12.1,1916-02-01,29,69.6,22.10000000000001,CRU-CY4.08,CRU-CY:Israel,gridded estimate; station support unavailable,30.0,13.559999999999988,30.0,-0.0400000000000027,30.0,-0.129999999999999,30.0,1.6699999999999875,30.0,11.890000000000008,30.0,1.7666666666666675
1916,3,79.6,16.0,21.4,3.4,10.0,1916-03-01,31,105.39999999999999,-25.799999999999997,CRU-CY4.08,CRU-CY:Israel,gridded estimate; station support unavailable,30.0,35.916666666666664,30.0,0.8533333333333335,30.0,0.8200000000000003,30.0,4.649999999999977,30.0,31.26666666666666,30.0,3.633333333333332
1916,4,37.3,17.7,23.9,4.4,4.7,1916-04-01,30,132.0,-94.7,CRU-CY4.08,CRU-CY:Israel,gridded estimate; station support unavailable,30.0,21.033333333333328,30.0,-0.6933333333333316,30.0,-0.7300000000000004,30.0,-2.5,30.0,23.533333333333317,30.0,2.206666666666667
1916,5,0.4,21.6,28.1,5.5,0.1,1916-05-01,31,170.5,-170.1,CRU-CY4.08,CRU-CY:Israel,gridded estimate; station support unavailable,30.0,-3.976666666666667,30.0,0.05333333333333101,30.0,0.16333333333333755,30.0,2.893333333333345,30.0,-6.8700000000000045,30.0,-1.0000000000000002
1916,6,0.1,25.5,31.7,6.7,0.0,1916-06-01,30,201.0,-200.9,CRU-CY4.08,CRU-CY:Israel,gridded estimate; station support unavailable,30.0,-0.006666666666666682,30.0,1.1966666666666654,30.0,1.1866666666666674,30.0,6.800000000000011,30.0,-6.8066666666667,30.0,-0.05000000000000001
1916,7,0.0,26.4,33.7,6.9,0.0,1916-07-01,31,213.9,-213.9,CRU-CY4.08,CRU-CY:Israel,gridded estimate; station support unavailable,30.0,0.0,30.0,0.129999999999999,30.0,1.6000000000000014,30.0,12.193333333333328,30.0,-12.193333333333328,30.0,0.0
1916,8,0.0,25.0,31.8,6.0,0.0,1916-08-01,31,186.0,-186.0,CRU-CY4.08,CRU-CY:Israel,gridded estimate; station support unavailable,30.0,0.0,30.0,-1.7033333333333331,30.0,-0.5500000000000007,30.0,-0.30999999999997385,30.0,0.30999999999997385,30.0,0.0
1916,9,0.7,23.3,30.0,4.9,0.2,1916-09-01,30,147.0,-146.3,CRU-CY4.08,CRU-CY:Israel,gridded estimate; station support unavailable,30.0,0.25999999999999995,30.0,-1.793333333333326,30.0,-0.8266666666666644,30.0,-0.5999999999999943,30.0,0.8599999999999852,30.0,0.10666666666666667
1916,10,2.5,19.9,26.7,3.6,0.5,1916-10-01,31,111.60000000000001,-109.10000000000001,CRU-CY4.08,CRU-CY:Israel,gridded estimate; station support unavailable,30.0,-13.173333333333334,30.0,-2.5199999999999996,30.0,-1.490000000000002,30.0,-0.20666666666663502,30.0,-12.966666666666669,30.0,-2.0999999999999996
1916,11,30.8,19.1,25.5,2.8,4.5,1916-11-01,30,84.0,-53.2,CRU-CY4.08,CRU-CY:Israel,gridded estimate; station support unavailable,30.0,-20.44,30.0,1.3833333333333364,30.0,2.2200000000000024,30.0,9.200000000000003,30.0,-29.640000000000004,30.0,-0.4333333333333327
1916,12,130.9,14.9,20.5,2.1,12.0,1916-12-01,31,65.10000000000001,65.8,CRU-CY4.08,CRU-CY:Israel,gridded estimate; station support unavailable,30.0,37.17666666666668,30.0,1.1366666666666667,30.0,1.8933333333333309,30.0,7.440000000000005,30.0,29.73666666666667,30.0,3.0200000000000014
1917,1,201.3,12.7,17.9,2.0,16.7,1917-01-01,31,62.0,139.3,CRU-CY4.08,CRU-CY:Israel,gridded estimate; station support unavailable,30.0,92.64333333333333,30.0,0.4766666666666648,30.0,1.1533333333333324,30.0,5.166666666666671,30.0,87.47666666666667,30.0,5.713333333333329
1917,2,95.6,12.8,18.5,2.6,11.9,1917-02-01,28,72.8,22.799999999999997,CRU-CY4.08,CRU-CY:Israel,gridded estimate; station support unavailable,30.0,17.45999999999998,30.0,-0.0400000000000027,30.0,0.6700000000000017,30.0,4.86999999999999,30.0,12.589999999999996,30.0,1.5666666666666682
1917,3,38.0,15.5,22.3,3.7,5.7,1917-03-01,31,114.7,-76.7,CRU-CY4.08,CRU-CY:Israel,gridded estimate; station support unavailable,30.0,-5.68333333333333,30.0,0.3533333333333335,30.0,1.7200000000000024,30.0,13.949999999999989,30.0,-19.633333333333347,30.0,-0.6666666666666679
1917,4,4.0,18.1,24.9,4.6,1.2,1917-04-01,30,138.0,-134.0,CRU-CY4.08,CRU-CY:Israel,gridded estimate; station support unavailable,30.0,-12.26666666666667,30.0,-0.29333333333332945,30.0,0.2699999999999996,30.0,3.5,30.0,-15.76666666666668,30.0,-1.2933333333333332
1917,5,2.0,18.8,27.0,5.7,0.7,1917-05-01,31,176.70000000000002,-174.70000000000002,CRU-CY4.08,CRU-CY:Israel,gridded estimate; station support unavailable,30.0,-2.376666666666667,30.0,-2.7466666666666697,30.0,-0.9366666666666639,30.0,9.093333333333362,30.0,-11.470000000000027,30.0,-0.40000000000000036
1917,6,0.1,22.2,30.2,6.8,0.0,1917-06-01,30,204.0,-203.9,CRU-CY4.08,CRU-CY:Israel,gridded estimate; station support unavailable,30.0,-0.006666666666666682,30.0,-2.1033333333333353,30.0,-0.3133333333333326,30.0,9.800000000000011,30.0,-9.8066666666667,30.0,-0.05000000000000001
1917,7,0.0,24.6,30.5,6.2,0.0,1917-07-01,31,192.20000000000002,-192.20000000000002,CRU-CY4.08,CRU-CY:Israel,gridded estimate; station support unavailable,30.0,0.0,30.0,-1.6699999999999982,30.0,-1.6000000000000014,30.0,-9.50666666666666,30.0,9.50666666666666,30.0,0.0
1917,8,0.0,25.3,32.9,6.3,0.0,1917-08-01,31,195.29999999999998,-195.29999999999998,CRU-CY4.08,CRU-CY:Israel,gridded estimate; station support unavailable,30.0,0.0,30.0,-1.4033333333333324,30.0,0.5499999999999972,30.0,8.990000000000009,30.0,-8.990000000000009,30.0,0.0
1917,9,2.4,23.0,30.6,5.1,0.3,1917-09-01,30,153.0,-150.6,CRU-CY4.08,CRU-CY:Israel,gridded estimate; station support unavailable,30.0,1.96,30.0,-2.0933333333333266,30.0,-0.22666666666666302,30.0,5.400000000000006,30.0,-3.4399999999999977,30.0,0.20666666666666667
1917,10,8.5,20.2,27.3,3.7,2.2,1917-10-01,31,114.7,-106.2,CRU-CY4.08,CRU-CY:Israel,gridded estimate; station support unavailable,30.0,-7.173333333333334,30.0,-2.219999999999999,30.0,-0.8900000000000006,30.0,2.8933333333333593,30.0,-10.066666666666663,30.0,-0.39999999999999947
1917,11,35.6,19.4,25.0,2.7,5.3,1917-11-01,30,81.0,-45.4,CRU-CY4.08,CRU-CY:Israel,gridded estimate; station support unavailable,30.0,-15.64,30.0,1.6833333333333336,30.0,1.7200000000000024,30.0,6.200000000000003,30.0,-21.84,30.0,0.36666666666666714
1917,12,125.1,12.9,17.7,1.8,12.2,1917-12-01,31,55.800000000000004,69.29999999999998,CRU-CY4.08,CRU-CY:Israel,gridded estimate; station support unavailable,30.0,31.376666666666665,30.0,-0.8633333333333333,30.0,-0.9066666666666698,30.0,-1.8599999999999994,30.0,33.23666666666666,30.0,3.2200000000000006
1918,1,111.5,11.1,15.6,1.8,11.7,1918-01-01,31,55.800000000000004,55.699999999999996,CRU-CY4.08,CRU-CY:Israel,gridded estimate; station support unavailable,30.0,2.8433333333333195,30.0,-1.1233333333333348,30.0,-1.1466666666666665,30.0,-1.0333333333333243,30.0,3.876666666666658,30.0,0.7133333333333294
1918,2,107.0,11.5,16.5,2.3,12.5,1918-02-01,28,64.39999999999999,42.60000000000001,CRU-CY4.08,CRU-CY:Israel,gridded estimate; station support unavailable,30.0,28.859999999999985,30.0,-1.3400000000000034,30.0,-1.3299999999999983,30.0,-3.5300000000000153,30.0,32.39000000000001,30.0,2.166666666666668
1918,3,90.6,13.9,19.2,3.1,10.7,1918-03-01,31,96.10000000000001,-5.500000000000014,CRU-CY4.08,CRU-CY:Israel,gridded estimate; station support unavailable,30.0,46.916666666666664,30.0,-1.2466666666666661,30.0,-1.379999999999999,30.0,-4.650000000000006,30.0,51.56666666666664,30.0,4.333333333333331
1918,4,16.3,17.1,23.4,4.3,3.2,1918-04-01,30,129.0,-112.7,CRU-CY4.08,CRU-CY:Israel,gridded estimate; station support unavailable,30.0,0.03333333333333144,30.0,-1.2933333333333294,30.0,-1.2300000000000004,30.0,-5.5,30.0,5.533333333333317,30.0,0.706666666666667
1918,5,17.1,19.9,26.4,5.3,3.0,1918-05-01,31,164.29999999999998,-147.2,CRU-CY4.08,CRU-CY:Israel,gridded estimate; station support unavailable,30.0,12.723333333333334,30.0,-1.6466666666666718,30.0,-1.5366666666666653,30.0,-3.306666666666672,30.0,16.03,30.0,1.8999999999999997
1918,6,0.1,22.4,28.7,6.2,0.1,1918-06-01,30,186.0,-185.9,CRU-CY4.08,CRU-CY:Israel,gridded estimate; station support unavailable,30.0,-0.006666666666666682,30.0,-1.903333333333336,30.0,-1.8133333333333326,30.0,-8.199999999999989,30.0,8.1933333333333,30.0,0.049999999999999996
1918,7,0.0,25.5,31.4,6.4,0.0,1918-07-01,31,198.4,-198.4,CRU-CY4.08,CRU-CY:Israel,gridded estimate; station support unavailable,30.0,0.0,30.0,-0.7699999999999996,30.0,-0.7000000000000028,30.0,-3.306666666666672,30.0,3.306666666666672,30.0,0.0
1918,8,0.0,24.8,30.6,5.7,0.0,1918-08-01,31,176.70000000000002,-176.70000000000002,CRU-CY4.08,CRU-CY:Israel,gridded estimate; station support unavailable,30.0,0.0,30.0,-1.9033333333333324,30.0,-1.75,30.0,-9.609999999999957,30.0,9.609999999999957,30.0,0.0
1918,9,3.3,24.2,30.1,4.8,0.3,1918-09-01,30,144.0,-140.7,CRU-CY4.08,CRU-CY:Israel,gridded estimate; station support unavailable,30.0,2.86,30.0,-0.8933333333333273,30.0,-0.726666666666663,30.0,-3.5999999999999943,30.0,6.460000000000008,30.0,0.20666666666666667
1918,10,54.8,23.3,29.2,3.7,6.7,1918-10-01,31,114.7,-59.900000000000006,CRU-CY4.08,CRU-CY:Israel,gridded estimate; station support unavailable,30.0,39.126666666666665,30.0,0.8800000000000026,30.0,1.009999999999998,30.0,2.8933333333333593,30.0,36.233333333333334,30.0,4.1000000000000005
1918,11,64.8,19.1,24.7,2.6,6.0,1918-11-01,30,78.0,-13.200000000000003,CRU-CY4.08,CRU-CY:Israel,gridded estimate; station support unavailable,30.0,13.559999999999995,30.0,1.3833333333333364,30.0,1.4200000000000017,30.0,3.200000000000003,30.0,10.359999999999996,30.0,1.0666666666666673
1918,12,144.3,13.1,17.8,1.8,12.1,1918-12-01,31,55.800000000000004,88.5,CRU-CY4.08,CRU-CY:Israel,gridded estimate; station support unavailable,30.0,50.57666666666668,30.0,-0.663333333333334,30.0,-0.8066666666666684,30.0,-1.8599999999999994,30.0,52.436666666666675,30.0,3.120000000000001
1919,1,106.3,13.3,17.9,2.0,12.0,1919-01-01,31,62.0,44.3,CRU-CY4.08,CRU-CY:Israel,gridded estimate; station support unavailable,30.0,-2.3566666666666833,30.0,1.0766666666666662,30.0,1.1533333333333324,30.0,5.166666666666671,30.0,-7.5233333333333405,30.0,1.01333333333333
1919,2,104.4,14.3,19.2,2.5,10.4,1919-02-01,28,70.0,34.400000000000006,CRU-CY4.08,CRU-CY:Israel,gridded estimate; station support unavailable,30.0,26.25999999999999,30.0,1.4599999999999973,30.0,1.370000000000001,30.0,2.069999999999993,30.0,24.190000000000005,30.0,0.0666666666666682
1919,3,38.3,16.3,21.6,3.4,5.8,1919-03-01,31,105.39999999999999,-67.1,CRU-CY4.08,CRU-CY:Israel,gridded estimate; station support unavailable,30.0,-5.383333333333333,30.0,1.1533333333333342,30.0,1.0200000000000031,30.0,4.649999999999977,30.0,-10.033333333333339,30.0,-0.5666666666666682
1919,4,21.6,16.7,22.9,4.3,3.3,1919-04-01,30,129.0,-107.4,CRU-CY4.08,CRU-CY:Israel,gridded estimate; station support unavailable,30.0,5.333333333333332,30.0,-1.6933333333333316,30.0,-1.7300000000000004,30.0,-5.5,30.0,10.833333333333314,30.0,0.8066666666666666
1919,5,3.2,18.5,24.9,5.1,1.0,1919-05-01,31,158.1,-154.9,CRU-CY4.08,CRU-CY:Israel,gridded estimate; station support unavailable,30.0,-1.1766666666666667,30.0,-3.0466666666666704,30.0,-3.0366666666666653,30.0,-9.50666666666666,30.0,8.329999999999984,30.0,-0.10000000000000031
1919,6,0.1,21.6,27.8,6.0,0.1,1919-06-01,30,180.0,-179.9,CRU-CY4.08,CRU-CY:Israel,gridded estimate; station support unavailable,30.0,-0.006666666666666682,30.0,-2.703333333333333,30.0,-2.713333333333331,30.0,-14.199999999999989,30.0,14.1933333333333,30.0,0.049999999999999996
1919,7,0.0,25.1,31.0,6.3,0.0,1919-07-01,31,195.29999999999998,-195.29999999999998,CRU-CY4.08,CRU-CY:Israel,gridded estimate; station support unavailable,30.0,0.0,30.0,-1.1699999999999982,30.0,-1.1000000000000014,30.0,-6.406666666666695,30.0,6.406666666666695,30.0,0.0
1919,8,0.0,24.4,30.2,5.6,0.0,1919-08-01,31,173.6,-173.6,CRU-CY4.08,CRU-CY:Israel,gridded estimate; station support unavailable,30.0,0.0,30.0,-2.3033333333333346,30.0,-2.150000000000002,30.0,-12.70999999999998,30.0,12.70999999999998,30.0,0.0
1919,9,0.0,24.1,30.0,4.7,0.0,1919-09-01,30,141.0,-141.0,CRU-CY4.08,CRU-CY:Israel,gridded estimate; station support unavailable,30.0,-0.44,30.0,-0.9933333333333252,30.0,-0.8266666666666644,30.0,-6.599999999999994,30.0,6.159999999999997,30.0,-0.09333333333333334
1919,10,4.6,22.8,28.8,3.7,1.1,1919-10-01,31,114.7,-110.10000000000001,CRU-CY4.08,CRU-CY:Israel,gridded estimate; station support unavailable,30.0,-11.073333333333334,30.0,0.38000000000000256,30.0,0.6099999999999994,30.0,2.8933333333333593,30.0,-13.966666666666669,30.0,-1.4999999999999996
1919,11,43.8,19.0,24.5,2.6,5.0,1919-11-01,30,78.0,-34.2,CRU-CY4.08,CRU-CY:Israel,gridded estimate; station support unavailable,30.0,-7.440000000000005,30.0,1.283333333333335,30.0,1.2200000000000024,30.0,3.200000000000003,30.0,-10.640000000000004,30.0,0.06666666666666732
1919,12,165.6,12.8,17.6,1.8,13.0,1919-12-01,31,55.800000000000004,109.79999999999998,CRU-CY4.08,CRU-CY:Israel,gridded estimate; station support unavailable,30.0,71.87666666666667,30.0,-0.9633333333333329,30.0,-1.0066666666666677,30.0,-1.8599999999999994,30.0,73.73666666666665,30.0,4.020000000000001
1920,1,132.0,11.7,16.3,1.8,11.5,1920-01-01,31,55.800000000000004,76.19999999999999,CRU-CY4.08,CRU-CY:Israel,gridded estimate; station support unavailable,30.0,23.34333333333332,30.0,-0.5233333333333352,30.0,-0.44666666666666544,30.0,-1.0333333333333243,30.0,24.37666666666665,30.0,0.5133333333333301
1920,2,162.8,9.6,14.6,2.1,15.1,1920-02-01,29,60.900000000000006,101.9,CRU-CY4.08,CRU-CY:Israel,gridded estimate; station support unavailable,30.0,84.66,30.0,-3.2400000000000038,30.0,-3.2299999999999986,30.0,-7.030000000000001,30.0,91.69,30.0,4.7666666666666675
1920,3,69.3,13.6,19.0,3.1,9.3,1920-03-01,31,96.10000000000001,-26.80000000000001,CRU-CY4.08,CRU-CY:Israel,gridded estimate; station support unavailable,30.0,25.616666666666667,30.0,-1.5466666666666669,30.0,-1.5799999999999983,30.0,-4.650000000000006,30.0,30.266666666666644,30.0,2.9333333333333327
1920,4,20.8,18.0,24.2,4.4,3.9,1920-04-01,30,132.0,-111.2,CRU-CY4.08,CRU-CY:Israel,gridded estimate; station support unavailable,30.0,4.533333333333331,30.0,-0.39333333333333087,30.0,-0.4299999999999997,30.0,-2.5,30.0,7.033333333333317,30.0,1.4066666666666667
1920,5,6.0,20.1,26.5,5.2,1.5,1920-05-01,31,161.20000000000002,-155.20000000000002,CRU-CY4.08,CRU-CY:Israel,gridded estimate; station support unavailable,30.0,1.623333333333333,30.0,-1.446666666666669,30.0,-1.4366666666666639,30.0,-6.406666666666638,30.0,8.029999999999973,30.0,0.3999999999999997
1920,6,0.2,23.2,29.4,6.2,0.1,1920-06-01,30,186.0,-185.8,CRU-CY4.08,CRU-CY:Israel,gridded estimate; station support unavailable,30.0,0.09333333333333332,30.0,-1.1033333333333353,30.0,-1.1133333333333333,30.0,-8.199999999999989,30.0,8.293333333333294,30.0,0.049999999999999996
1920,7,0.0,25.0,31.0,6.2,0.0,1920-07-01,31,192.20000000000002,-192.20000000000002,CRU-CY4.08,CRU-CY:Israel,gridded estimate; station support unavailable,30.0,0.0,30.0,-1.2699999999999996,30.0,-1.1000000000000014,30.0,-9.50666666666666,30.0,9.50666666666666,30.0,0.0
1920,8,0.0,26.4,32.2,5.9,0.0,1920-08-01,31,182.9,-182.9,CRU-CY4.08,CRU-CY:Israel,gridded estimate; station support unavailable,30.0,0.0,30.0,-0.30333333333333456,30.0,-0.14999999999999858,30.0,-3.409999999999968,30.0,3.409999999999968,30.0,0.0
1920,9,0.1,23.4,29.3,4.6,0.1,1920-09-01,30,138.0,-137.9,CRU-CY4.08,CRU-CY:Israel,gridded estimate; station support unavailable,30.0,-0.33999999999999997,30.0,-1.693333333333328,30.0,-1.5266666666666637,30.0,-9.599999999999994,30.0,9.259999999999991,30.0,0.006666666666666668
1920,10,8.3,21.4,27.3,3.5,1.4,1920-10-01,31,108.5,-100.2,CRU-CY4.08,CRU-CY:Israel,gridded estimate; station support unavailable,30.0,-7.373333333333333,30.0,-1.0199999999999996,30.0,-0.8900000000000006,30.0,-3.3066666666666436,30.0,-4.066666666666663,30.0,-1.1999999999999997
1920,11,66.3,16.3,21.9,2.5,6.4,1920-11-01,30,75.0,-8.700000000000003,CRU-CY4.08,CRU-CY:Israel,gridded estimate; station support unavailable,30.0,15.059999999999995,30.0,-1.4166666666666643,30.0,-1.379999999999999,30.0,0.20000000000000284,30.0,14.859999999999996,30.0,1.4666666666666677
1920,12,80.8,12.3,17.1,1.8,10.0,1920-12-01,31,55.800000000000004,24.999999999999993,CRU-CY4.08,CRU-CY:Israel,gridded estimate; station support unavailable,30.0,-12.923333333333332,30.0,-1.463333333333333,30.0,-1.5066666666666677,30.0,-1.8599999999999994,30.0,-11.063333333333333,30.0,1.0200000000000014
1921,1,120.4,11.5,16.1,1.9,12.6,1921-01-01,31,58.9,61.50000000000001,CRU-CY4.08,CRU-CY:Israel,gridded estimate; station support unavailable,30.0,11.743333333333325,30.0,-0.7233333333333345,30.0,-0.6466666666666647,30.0,2.06666666666667,30.0,9.67666666666667,30.0,1.6133333333333297
1921,2,108.5,11.0,16.0,2.3,12.6,1921-02-01,28,64.39999999999999,44.10000000000001,CRU-CY4.08,CRU-CY:Israel,gridded estimate; station support unavailable,30.0,30.359999999999985,30.0,-1.8400000000000034,30.0,-1.8299999999999983,30.0,-3.5300000000000153,30.0,33.89000000000001,30.0,2.2666666666666675
1921,3,47.9,12.3,17.7,3.0,7.6,1921-03-01,31,93.0,-45.1,CRU-CY4.08,CRU-CY:Israel,gridded estimate; station support unavailable,30.0,4.216666666666669,30.0,-2.846666666666666,30.0,-2.879999999999999,30.0,-7.750000000000014,30.0,11.966666666666654,30.0,1.2333333333333316
1921,4,14.0,17.4,23.6,4.4,2.2,1921-04-01,30,132.0,-118.0,CRU-CY4.08,CRU-CY:Israel,gridded estimate; station support unavailable,30.0,-2.2666666666666693,30.0,-0.9933333333333323,30.0,-1.0299999999999976,30.0,-2.5,30.0,0.23333333333332007,30.0,-0.293333333333333
1921,5,8.9,19.6,26.1,5.3,1.6,1921-05-01,31,164.29999999999998,-155.39999999999998,CRU-CY4.08,CRU-CY:Israel,gridded estimate; station support unavailable,30.0,4.523333333333333,30.0,-1.946666666666669,30.0,-1.8366666666666625,30.0,-3.306666666666672,30.0,7.8300000000000125,30.0,0.4999999999999998
1921,6,0.8,22.4,28.7,6.2,0.6,1921-06-01,30,186.0,-185.2,CRU-CY4.08,CRU-CY:Israel,gridded estimate; station support unavailable,30.0,0.6933333333333334,30.0,-1.903333333333336,30.0,-1.8133333333333326,30.0,-8.199999999999989,30.0,8.893333333333317,30.0,0.5499999999999999
1921,7,0.0,25.3,31.3,6.4,0.0,1921-07-01,31,198.4,-198.4,CRU-CY4.08,CRU-CY:Israel,gridded estimate; station support unavailable,30.0,0.0,30.0,-0.9699999999999989,30.0,-0.8000000000000007,30.0,-3.306666666666672,30.0,3.306666666666672,30.0,0.0
1921,8,0.0,26.4,32.2,5.9,0.0,1921-08-01,31,182.9,-182.9,CRU-CY4.08,CRU-CY:Israel,gridded estimate; station support unavailable,30.0,0.0,30.0,-0.30333333333333456,30.0,-0.14999999999999858,30.0,-3.409999999999968,30.0,3.409999999999968,30.0,0.0
1921,9,0.1,23.0,28.9,4.6,0.1,1921-09-01,30,138.0,-137.9,CRU-CY4.08,CRU-CY:Israel,gridded estimate; station support unavailable,30.0,-0.33999999999999997,30.0,-2.0933333333333266,30.0,-1.9266666666666659,30.0,-9.599999999999994,30.0,9.259999999999991,30.0,0.006666666666666668
1921,10,1.6,20.5,26.4,3.5,0.7,1921-10-01,31,108.5,-106.9,CRU-CY4.08,CRU-CY:Israel,gridded estimate; station support unavailable,30.0,-14.073333333333334,30.0,-1.9199999999999982,30.0,-1.7900000000000027,30.0,-3.3066666666666436,30.0,-10.766666666666666,30.0,-1.8999999999999997
1921,11,37.5,17.0,22.5,2.5,4.7,1921-11-01,30,75.0,-37.5,CRU-CY4.08,CRU-CY:Israel,gridded estimate; station support unavailable,30.0,-13.740000000000002,30.0,-0.716666666666665,30.0,-0.7799999999999976,30.0,0.20000000000000284,30.0,-13.940000000000001,30.0,-0.2333333333333325
1921,12,162.6,12.8,17.5,1.8,13.0,1921-12-01,31,55.800000000000004,106.79999999999998,CRU-CY4.08,CRU-CY:Israel,gridded estimate; station support unavailable,30.0,68.87666666666667,30.0,-0.9633333333333329,30.0,-1.1066666666666691,30.0,-1.8599999999999994,30.0,70.73666666666665,30.0,4.020000000000001
1922,1,131.5,11.8,16.4,1.9,12.4,1922-01-01,31,58.9,72.6,CRU-CY4.08,CRU-CY:Israel,gridded estimate; station support unavailable,30.0,22.84333333333332,30.0,-0.4233333333333338,30.0,-0.34666666666666757,30.0,2.06666666666667,30.0,20.776666666666657,30.0,1.4133333333333304
1922,2,126.6,12.3,17.2,2.4,12.7,1922-02-01,28,67.2,59.39999999999999,CRU-CY4.08,CRU-CY:Israel,gridded estimate; station support unavailable,30.0,48.45999999999998,30.0,-0.5400000000000027,30.0,-0.629999999999999,30.0,-0.730000000000004,30.0,49.18999999999999,30.0,2.366666666666667
1922,3,32.0,14.5,19.9,3.2,6.5,1922-03-01,31,99.2,-67.2,CRU-CY4.08,CRU-CY:Israel,gridded estimate; station support unavailable,30.0,-11.68333333333333,30.0,-0.6466666666666665,30.0,-0.6799999999999997,30.0,-1.5500000000000114,30.0,-10.133333333333347,30.0,0.13333333333333197
1922,4,5.4,17.4,23.6,4.4,1.7,1922-04-01,30,132.0,-126.6,CRU-CY4.08,CRU-CY:Israel,gridded estimate; station support unavailable,30.0,-10.866666666666669,30.0,-0.9933333333333323,30.0,-1.0299999999999976,30.0,-2.5,30.0,-8.366666666666674,30.0,-0.7933333333333332
1922,5,2.3,19.9,26.4,5.3,0.6,1922-05-01,31,164.29999999999998,-161.99999999999997,CRU-CY4.08,CRU-CY:Israel,gridded estimate; station support unavailable,30.0,-2.076666666666667,30.0,-1.6466666666666718,30.0,-1.5366666666666653,30.0,-3.306666666666672,30.0,1.2300000000000182,30.0,-0.5000000000000003
1922,6,0.0,22.5,28.7,6.2,0.0,1922-06-01,30,186.0,-186.0,CRU-CY4.08,CRU-CY:Israel,gridded estimate; station support unavailable,30.0,-0.10666666666666669,30.0,-1.8033333333333346,30.0,-1.8133333333333326,30.0,-8.199999999999989,30.0,8.093333333333305,30.0,-0.05000000000000001
1922,7,0.0,25.5,31.5,6.3,0.0,1922-07-01,31,195.29999999999998,-195.29999999999998,CRU-CY4.08,CRU-CY:Israel,gridded estimate; station support unavailable,30.0,0.0,30.0,-0.7699999999999996,30.0,-0.6000000000000014,30.0,-6.406666666666695,30.0,6.406666666666695,30.0,0.0
1922,8,0.0,25.7,31.6,5.8,0.0,1922-08-01,31,179.79999999999998,-179.79999999999998,CRU-CY4.08,CRU-CY:Israel,gridded estimate; station support unavailable,30.0,0.0,30.0,-1.0033333333333339,30.0,-0.75,30.0,-6.509999999999991,30.0,6.509999999999991,30.0,0.0
1922,9,0.0,24.2,30.2,4.8,0.0,1922-09-01,30,144.0,-144.0,CRU-CY4.08,CRU-CY:Israel,gridded estimate; station support unavailable,30.0,-0.44,30.0,-0.8933333333333273,30.0,-0.6266666666666652,30.0,-3.5999999999999943,30.0,3.1599999999999966,30.0,-0.09333333333333334
1922,10,0.8,22.5,28.5,3.6,0.5,1922-10-01,31,111.60000000000001,-110.80000000000001,CRU-CY4.08,CRU-CY:Israel,gridded estimate; station support unavailable,30.0,-14.873333333333333,30.0,0.08000000000000185,30.0,0.3099999999999987,30.0,-0.20666666666663502,30.0,-14.666666666666671,30.0,-2.0999999999999996
1922,11,46.3,18.9,24.5,2.6,4.1,1922-11-01,30,78.0,-31.700000000000003,CRU-CY4.08,CRU-CY:Israel,gridded estimate; station support unavailable,30.0,-4.940000000000005,30.0,1.1833333333333336,30.0,1.2200000000000024,30.0,3.200000000000003,30.0,-8.140000000000004,30.0,-0.833333333333333
1922,12,112.7,12.1,16.9,1.7,10.7,1922-12-01,31,52.699999999999996,60.00000000000001,CRU-CY4.08,CRU-CY:Israel,gridded estimate; station support unavailable,30.0,18.976666666666674,30.0,-1.663333333333334,30.0,-1.7066666666666706,30.0,-4.960000000000008,30.0,23.93666666666668,30.0,1.7200000000000006
1923,1,82.0,12.3,17.4,1.9,10.3,1923-01-01,31,58.9,23.1,CRU-CY4.08,CRU-CY:Israel,gridded estimate; station support unavailable,30.0,-26.65666666666668,30.0,0.07666666666666622,30.0,0.6533333333333324,30.0,2.06666666666667,30.0,-28.723333333333336,30.0,-0.6866666666666692
1923,2,104.1,12.1,17.3,2.4,11.6,1923-02-01,28,67.2,36.89999999999999,CRU-CY4.08,CRU-CY:Israel,gridded estimate; station support unavailable,30.0,25.95999999999998,30.0,-0.7400000000000038,30.0,-0.5299999999999976,30.0,-0.730000000000004,30.0,26.68999999999999,30.0,1.2666666666666675
1923,3,27.3,14.2,21.2,3.6,5.0,1923-03-01,31,111.60000000000001,-84.30000000000001,CRU-CY4.08,CRU-CY:Israel,gridded estimate; station support unavailable,30.0,-16.38333333333333,30.0,-0.9466666666666672,30.0,0.620000000000001,30.0,10.849999999999994,30.0,-27.233333333333356,30.0,-1.366666666666668
1923,4,26.5,16.5,24.0,4.6,3.1,1923-04-01,30,138.0,-111.5,CRU-CY4.08,CRU-CY:Israel,gridded estimate; station support unavailable,30.0,10.23333333333333,30.0,-1.8933333333333309,30.0,-0.629999999999999,30.0,3.5,30.0,6.73333333333332,30.0,0.6066666666666669
1923,5,5.6,20.7,28.8,6.0,1.6,1923-05-01,31,186.0,-180.4,CRU-CY4.08,CRU-CY:Israel,gridded estimate; station support unavailable,30.0,1.2233333333333327,30.0,-0.8466666666666711,30.0,0.8633333333333368,30.0,18.393333333333345,30.0,-17.170000000000016,30.0,0.4999999999999998
1923,6,0.1,24.7,32.0,7.0,0.1,1923-06-01,30,210.0,-209.9,CRU-CY4.08,CRU-CY:Israel,gridded estimate; station support unavailable,30.0,-0.006666666666666682,30.0,0.3966666666666647,30.0,1.4866666666666681,30.0,15.800000000000011,30.0,-15.8066666666667,30.0,0.049999999999999996
1923,7,0.0,24.5,31.3,6.4,0.0,1923-07-01,31,198.4,-198.4,CRU-CY4.08,CRU-CY:Israel,gridded estimate; station support unavailable,30.0,0.0,30.0,-1.7699999999999996,30.0,-0.8000000000000007,30.0,-3.306666666666672,30.0,3.306666666666672,30.0,0.0
1923,8,0.0,24.6,31.7,6.0,0.0,1923-08-01,31,186.0,-186.0,CRU-CY4.08,CRU-CY:Israel,gridded estimate; station support unavailable,30.0,0.0,30.0,-2.1033333333333317,30.0,-0.6500000000000021,30.0,-0.30999999999997385,30.0,0.30999999999997385,30.0,0.0
1923,9,1.5,24.5,31.2,5.1,0.2,1923-09-01,30,153.0,-151.5,CRU-CY4.08,CRU-CY:Israel,gridded estimate; station support unavailable,30.0,1.06,30.0,-0.5933333333333266,30.0,0.37333333333333485,30.0,5.400000000000006,30.0,-4.340000000000003,30.0,0.10666666666666667
1923,10,31.3,21.0,27.8,3.7,4.9,1923-10-01,31,114.7,-83.4,CRU-CY4.08,CRU-CY:Israel,gridded estimate; station support unavailable,30.0,15.626666666666667,30.0,-1.4199999999999982,30.0,-0.39000000000000057,30.0,2.8933333333333593,30.0,12.733333333333334,30.0,2.3000000000000007
1923,11,13.9,18.6,25.0,2.7,3.0,1923-11-01,30,81.0,-67.1,CRU-CY4.08,CRU-CY:Israel,gridded estimate; station support unavailable,30.0,-37.34,30.0,0.8833333333333364,30.0,1.7200000000000024,30.0,6.200000000000003,30.0,-43.53999999999999,30.0,-1.9333333333333327
1923,12,97.7,14.4,19.4,1.8,9.4,1923-12-01,31,55.800000000000004,41.9,CRU-CY4.08,CRU-CY:Israel,gridded estimate; station support unavailable,30.0,3.9766666666666737,30.0,0.6366666666666667,30.0,0.7933333333333294,30.0,-1.8599999999999994,30.0,5.836666666666673,30.0,0.4200000000000017
1924,1,99.5,11.5,16.3,1.8,11.5,1924-01-01,31,55.800000000000004,43.699999999999996,CRU-CY4.08,CRU-CY:Israel,gridded estimate; station support unavailable,30.0,-9.15666666666668,30.0,-0.7233333333333345,30.0,-0.44666666666666544,30.0,-1.0333333333333243,30.0,-8.123333333333342,30.0,0.5133333333333301
1924,2,145.6,12.9,18.2,2.5,12.8,1924-02-01,29,72.5,73.1,CRU-CY4.08,CRU-CY:Israel,gridded estimate; station support unavailable,30.0,67.45999999999998,30.0,0.059999999999996945,30.0,0.370000000000001,30.0,4.569999999999993,30.0,62.88999999999999,30.0,2.4666666666666686
1924,3,49.7,15.0,21.3,3.5,8.0,1924-03-01,31,108.5,-58.8,CRU-CY4.08,CRU-CY:Israel,gridded estimate; station support unavailable,30.0,6.016666666666673,30.0,-0.1466666666666665,30.0,0.7200000000000024,30.0,7.749999999999986,30.0,-1.7333333333333414,30.0,1.633333333333332
1924,4,1.3,18.2,25.8,4.9,0.5,1924-04-01,30,147.0,-145.7,CRU-CY4.08,CRU-CY:Israel,gridded estimate; station support unavailable,30.0,-14.966666666666669,30.0,-0.19333333333333158,30.0,1.1700000000000017,30.0,12.5,30.0,-27.46666666666667,30.0,-1.9933333333333332
1924,5,3.4,19.5,27.1,5.6,1.1,1924-05-01,31,173.6,-170.2,CRU-CY4.08,CRU-CY:Israel,gridded estimate; station support unavailable,30.0,-0.976666666666667,30.0,-2.0466666666666704,30.0,-0.8366666666666625,30.0,5.993333333333339,30.0,-6.969999999999999,30.0,-2.220446049250313e-16
1924,6,0.3,23.8,31.5,7.0,0.6,1924-06-01,30,210.0,-209.7,CRU-CY4.08,CRU-CY:Israel,gridded estimate; station support unavailable,30.0,0.1933333333333333,30.0,-0.5033333333333339,30.0,0.9866666666666681,30.0,15.800000000000011,30.0,-15.606666666666683,30.0,0.5499999999999999
1924,7,0.0,25.6,33.1,6.8,0.0,1924-07-01,31,210.79999999999998,-210.79999999999998,CRU-CY4.08,CRU-CY:Israel,gridded estimate; station support unavailable,30.0,0.0,30.0,-0.6699999999999982,30.0,1.0,30.0,9.093333333333305,30.0,-9.093333333333305,30.0,0.0
1924,8,0.0,25.6,32.4,6.1,0.0,1924-08-01,31,189.1,-189.1,CRU-CY4.08,CRU-CY:Israel,gridded estimate; station support unavailable,30.0,0.0,30.0,-1.1033333333333317,30.0,0.04999999999999716,30.0,2.7900000000000205,30.0,-2.7900000000000205,30.0,0.0
1924,9,0.1,24.3,31.2,5.1,0.0,1924-09-01,30,153.0,-152.9,CRU-CY4.08,CRU-CY:Israel,gridded estimate; station support unavailable,30.0,-0.33999999999999997,30.0,-0.7933333333333259,30.0,0.37333333333333485,30.0,5.400000000000006,30.0,-5.740000000000009,30.0,-0.09333333333333334
1924,10,26.7,20.8,27.7,3.7,4.2,1924-10-01,31,114.7,-88.0,CRU-CY4.08,CRU-CY:Israel,gridded estimate; station support unavailable,30.0,11.026666666666666,30.0,-1.6199999999999974,30.0,-0.490000000000002,30.0,2.8933333333333593,30.0,8.13333333333334,30.0,1.6000000000000005
1924,11,91.6,16.8,22.6,2.5,8.1,1924-11-01,30,75.0,16.599999999999994,CRU-CY4.08,CRU-CY:Israel,gridded estimate; station support unavailable,30.0,40.35999999999999,30.0,-0.9166666666666643,30.0,-0.6799999999999962,30.0,0.20000000000000284,30.0,40.16,30.0,3.166666666666667
1924,12,87.3,13.0,18.2,1.9,11.1,1924-12-01,31,58.9,28.4,CRU-CY4.08,CRU-CY:Israel,gridded estimate; station support unavailable,30.0,-6.423333333333332,30.0,-0.7633333333333336,30.0,-0.40666666666666984,30.0,1.2399999999999949,30.0,-7.663333333333327,30.0,2.120000000000001
1925,1,54.7,9.3,14.6,1.9,9.5,1925-01-01,31,58.9,-4.199999999999996,CRU-CY4.08,CRU-CY:Israel,gridded estimate; station support unavailable,30.0,-53.95666666666668,30.0,-2.923333333333334,30.0,-2.1466666666666665,30.0,2.06666666666667,30.0,-56.02333333333333,30.0,-1.48666666666667
1925,2,33.6,11.6,17.7,2.6,6.8,1925-02-01,28,72.8,-39.199999999999996,CRU-CY4.08,CRU-CY:Israel,gridded estimate; station support unavailable,30.0,-44.54000000000001,30.0,-1.2400000000000038,30.0,-0.129999999999999,30.0,4.86999999999999,30.0,-49.41,30.0,-3.5333333333333323
1925,3,13.5,16.8,24.0,3.9,4.2,1925-03-01,31,120.89999999999999,-107.39999999999999,CRU-CY4.08,CRU-CY:Israel,gridded estimate; station support unavailable,30.0,-30.18333333333333,30.0,1.6533333333333342,30.0,3.4200000000000017,30.0,20.149999999999977,30.0,-50.333333333333336,30.0,-2.166666666666668
1925,4,57.8,16.2,23.2,4.4,4.6,1925-04-01,30,132.0,-74.2,CRU-CY4.08,CRU-CY:Israel,gridded estimate; station support unavailable,30.0,41.53333333333333,30.0,-2.1933333333333316,30.0,-1.4299999999999997,30.0,-2.5,30.0,44.03333333333332,30.0,2.1066666666666665
1925,5,0.6,20.7,29.0,6.1,0.2,1925-05-01,31,189.1,-188.5,CRU-CY4.08,CRU-CY:Israel,gridded estimate; station support unavailable,30.0,-3.776666666666667,30.0,-0.8466666666666711,30.0,1.0633333333333361,30.0,21.49333333333334,30.0,-25.27000000000001,30.0,-0.9000000000000004
1925,6,1.1,22.6,30.5,6.8,0.3,1925-06-01,30,204.0,-202.9,CRU-CY4.08,CRU-CY:Israel,gridded estimate; station support unavailable,30.0,0.9933333333333334,30.0,-1.7033333333333331,30.0,-0.013333333333331865,30.0,9.800000000000011,30.0,-8.8066666666667,30.0,0.24999999999999997
1925,7,0.0,25.1,32.9,6.8,0.0,1925-07-01,31,210.79999999999998,-210.79999999999998,CRU-CY4.08,CRU-CY:Israel,gridded estimate; station support unavailable,30.0,0.0,30.0,-1.1699999999999982,30.0,0.7999999999999972,30.0,9.093333333333305,30.0,-9.093333333333305,30.0,0.0
1925,8,0.0,25.4,32.7,6.2,0.0,1925-08-01,31,192.20000000000002,-192.20000000000002,CRU-CY4.08,CRU-CY:Israel,gridded estimate; station support unavailable,30.0,0.0,30.0,-1.3033333333333346,30.0,0.3500000000000014,30.0,5.890000000000043,30.0,-5.890000000000043,30.0,0.0
1925,9,0.5,24.5,32.3,5.5,0.1,1925-09-01,30,165.0,-164.5,CRU-CY4.08,CRU-CY:Israel,gridded estimate; station support unavailable,30.0,0.06,30.0,-0.5933333333333266,30.0,1.4733333333333327,30.0,17.400000000000006,30.0,-17.340000000000003,30.0,0.006666666666666668
1925,10,7.0,22.1,29.9,4.1,1.5,1925-10-01,31,127.1,-120.1,CRU-CY4.08,CRU-CY:Israel,gridded estimate; station support unavailable,30.0,-8.673333333333334,30.0,-0.31999999999999673,30.0,1.7099999999999973,30.0,15.29333333333335,30.0,-23.966666666666654,30.0,-1.0999999999999996
1925,11,68.6,18.8,25.6,2.8,6.9,1925-11-01,30,84.0,-15.400000000000006,CRU-CY4.08,CRU-CY:Israel,gridded estimate; station support unavailable,30.0,17.359999999999992,30.0,1.0833333333333357,30.0,2.320000000000004,30.0,9.200000000000003,30.0,8.159999999999993,30.0,1.9666666666666677
1925,12,65.7,14.9,20.9,2.0,8.2,1925-12-01,31,62.0,3.700000000000003,CRU-CY4.08,CRU-CY:Israel,gridded estimate; station support unavailable,30.0,-28.023333333333326,30.0,1.1366666666666667,30.0,2.2933333333333294,30.0,4.339999999999996,30.0,-32.36333333333332,30.0,-0.7799999999999994
1926,1,129.5,12.1,17.3,1.9,12.4,1926-01-01,31,58.9,70.6,CRU-CY4.08,CRU-CY:Israel,gridded estimate; station support unavailable,30.0,20.84333333333332,30.0,-0.12333333333333485,30.0,0.5533333333333346,30.0,2.06666666666667,30.0,18.776666666666657,30.0,1.4133333333333304
1926,2,103.0,12.3,17.6,2.4,11.6,1926-02-01,28,67.2,35.8,CRU-CY4.08,CRU-CY:Israel,gridded estimate; station support unavailable,30.0,24.859999999999985,30.0,-0.5400000000000027,30.0,-0.22999999999999687,30.0,-0.730000000000004,30.0,25.589999999999996,30.0,1.2666666666666675
1926,3,81.0,13.4,19.4,3.3,10.3,1926-03-01,31,102.3,-21.299999999999997,CRU-CY4.08,CRU-CY:Israel,gridded estimate; station support unavailable,30.0,37.31666666666667,30.0,-1.7466666666666661,30.0,-1.1799999999999997,30.0,1.549999999999983,30.0,35.76666666666666,30.0,3.9333333333333327
1926,4,22.5,18.3,25.6,4.8,3.3,1926-04-01,30,144.0,-121.5,CRU-CY4.08,CRU-CY:Israel,gridded estimate; station support unavailable,30.0,6.233333333333331,30.0,-0.09333333333333016,30.0,0.9700000000000024,30.0,9.5,30.0,-3.26666666666668,30.0,0.8066666666666666
1926,5,3.3,21.9,29.7,6.1,0.7,1926-05-01,31,189.1,-185.79999999999998,CRU-CY4.08,CRU-CY:Israel,gridded estimate; station support unavailable,30.0,-1.076666666666667,30.0,0.35333333333332817,30.0,1.7633333333333354,30.0,21.49333333333334,30.0,-22.569999999999993,30.0,-0.40000000000000036
1926,6,0.0,24.3,32.4,7.2,0.0,1926-06-01,30,216.0,-216.0,CRU-CY4.08,CRU-CY:Israel,gridded estimate; station support unavailable,30.0,-0.10666666666666669,30.0,-0.0033333333333338544,30.0,1.8866666666666667,30.0,21.80000000000001,30.0,-21.906666666666695,30.0,-0.05000000000000001
1926,7,0.0,24.3,31.6,6.5,0.0,1926-07-01,31,201.5,-201.5,CRU-CY4.08,CRU-CY:Israel,gridded estimate; station support unavailable,30.0,0.0,30.0,-1.9699999999999989,30.0,-0.5,30.0,-0.20666666666667766,30.0,0.20666666666667766,30.0,0.0
1926,8,0.0,23.7,31.0,5.9,0.0,1926-08-01,31,182.9,-182.9,CRU-CY4.08,CRU-CY:Israel,gridded estimate; station support unavailable,30.0,0.0,30.0,-3.003333333333334,30.0,-1.3500000000000014,30.0,-3.409999999999968,30.0,3.409999999999968,30.0,0.0
1926,9,0.0,22.2,29.8,5.1,0.0,1926-09-01,30,153.0,-153.0,CRU-CY4.08,CRU-CY:Israel,gridded estimate; station support unavailable,30.0,-0.44,30.0,-2.8933333333333273,30.0,-1.0266666666666637,30.0,5.400000000000006,30.0,-5.840000000000003,30.0,-0.09333333333333334
1926,10,1.0,21.5,29.3,4.0,0.9,1926-10-01,31,124.0,-123.0,CRU-CY4.08,CRU-CY:Israel,gridded estimate; station support unavailable,30.0,-14.673333333333334,30.0,-0.9199999999999982,30.0,1.1099999999999994,30.0,12.193333333333356,30.0,-26.86666666666666,30.0,-1.6999999999999997
1926,11,19.4,18.0,25.2,2.8,4.0,1926-11-01,30,84.0,-64.6,CRU-CY4.08,CRU-CY:Israel,gridded estimate; station support unavailable,30.0,-31.840000000000003,30.0,0.283333333333335,30.0,1.9200000000000017,30.0,9.200000000000003,30.0,-41.03999999999999,30.0,-0.9333333333333327
1926,12,105.7,13.8,19.9,2.0,8.4,1926-12-01,31,62.0,43.7,CRU-CY4.08,CRU-CY:Israel,gridded estimate; station support unavailable,30.0,11.976666666666674,30.0,0.03666666666666707,30.0,1.2933333333333294,30.0,4.339999999999996,30.0,7.636666666666677,30.0,-0.5799999999999983
1927,1,67.2,12.2,18.1,2.0,7.8,1927-01-01,31,62.0,5.200000000000003,CRU-CY4.08,CRU-CY:Israel,gridded estimate; station support unavailable,30.0,-41.45666666666668,30.0,-0.023333333333335204,30.0,1.3533333333333353,30.0,5.166666666666671,30.0,-46.623333333333335,30.0,-3.18666666666667
1927,2,198.1,9.5,15.2,2.4,15.3,1927-02-01,28,67.2,130.89999999999998,CRU-CY4.08,CRU-CY:Israel,gridded estimate; station support unavailable,30.0,119.95999999999998,30.0,-3.3400000000000034,30.0,-2.629999999999999,30.0,-0.730000000000004,30.0,120.68999999999997,30.0,4.966666666666669
1927,3,16.3,15.0,22.7,3.9,4.0,1927-03-01,31,120.89999999999999,-104.6,CRU-CY4.08,CRU-CY:Israel,gridded estimate; station support unavailable,30.0,-27.38333333333333,30.0,-0.1466666666666665,30.0,2.120000000000001,30.0,20.149999999999977,30.0,-47.53333333333334,30.0,-2.366666666666668
1927,4,45.7,16.4,24.2,4.7,4.8,1927-04-01,30,141.0,-95.3,CRU-CY4.08,CRU-CY:Israel,gridded estimate; station support unavailable,30.0,29.433333333333334,30.0,-1.9933333333333323,30.0,-0.4299999999999997,30.0,6.5,30.0,22.933333333333323,30.0,2.3066666666666666
1927,5,1.6,22.0,30.8,6.5,1.0,1927-05-01,31,201.5,-199.9,CRU-CY4.08,CRU-CY:Israel,gridded estimate; station support unavailable,30.0,-2.776666666666667,30.0,0.4533333333333296,30.0,2.863333333333337,30.0,33.893333333333345,30.0,-36.670000000000016,30.0,-0.10000000000000031
1927,6,0.0,23.5,32.0,7.1,0.0,1927-06-01,30,213.0,-213.0,CRU-CY4.08,CRU-CY:Israel,gridded estimate; station support unavailable,30.0,-0.10666666666666669,30.0,-0.8033333333333346,30.0,1.4866666666666681,30.0,18.80000000000001,30.0,-18.906666666666695,30.0,-0.05000000000000001
1927,7,0.0,25.7,31.7,6.3,0.0,1927-07-01,31,195.29999999999998,-195.29999999999998,CRU-CY4.08,CRU-CY:Israel,gridded estimate; station support unavailable,30.0,0.0,30.0,-0.5700000000000003,30.0,-0.40000000000000213,30.0,-6.406666666666695,30.0,6.406666666666695,30.0,0.0
1927,8,0.0,25.5,31.4,5.8,0.0,1927-08-01,31,179.79999999999998,-179.79999999999998,CRU-CY4.08,CRU-CY:Israel,gridded estimate; station support unavailable,30.0,0.0,30.0,-1.2033333333333331,30.0,-0.9500000000000028,30.0,-6.509999999999991,30.0,6.509999999999991,30.0,0.0
1927,9,0.0,24.4,30.4,4.9,0.0,1927-09-01,30,147.0,-147.0,CRU-CY4.08,CRU-CY:Israel,gridded estimate; station support unavailable,30.0,-0.44,30.0,-0.693333333333328,30.0,-0.42666666666666586,30.0,-0.5999999999999943,30.0,0.1599999999999966,30.0,-0.09333333333333334
1927,10,18.6,23.5,31.6,4.3,3.4,1927-10-01,31,133.29999999999998,-114.69999999999999,CRU-CY4.08,CRU-CY:Israel,gridded estimate; station support unavailable,30.0,2.9266666666666676,30.0,1.0800000000000018,30.0,3.41,30.0,21.49333333333334,30.0,-18.56666666666665,30.0,0.8000000000000003
1927,11,34.5,18.7,25.7,2.8,5.7,1927-11-01,30,84.0,-49.5,CRU-CY4.08,CRU-CY:Israel,gridded estimate; station support unavailable,30.0,-16.740000000000002,30.0,0.9833333333333343,30.0,2.4200000000000017,30.0,9.200000000000003,30.0,-25.94,30.0,0.7666666666666675
1927,12,48.8,14.1,20.6,2.1,7.2,1927-12-01,31,65.10000000000001,-16.30000000000001,CRU-CY4.08,CRU-CY:Israel,gridded estimate; station support unavailable,30.0,-44.92333333333333,30.0,0.336666666666666,30.0,1.9933333333333323,30.0,7.440000000000005,30.0,-52.36333333333334,30.0,-1.7799999999999985
1928,1,74.6,12.9,18.0,2.0,9.5,1928-01-01,31,62.0,12.599999999999994,CRU-CY4.08,CRU-CY:Israel,gridded estimate; station support unavailable,30.0,-34.056666666666686,30.0,0.6766666666666659,30.0,1.2533333333333339,30.0,5.166666666666671,30.0,-39.22333333333334,30.0,-1.48666666666667
1928,2,173.5,11.0,15.7,2.2,14.5,1928-02-01,29,63.800000000000004,109.69999999999999,CRU-CY4.08,CRU-CY:Israel,gridded estimate; station support unavailable,30.0,95.35999999999999,30.0,-1.8400000000000034,30.0,-2.129999999999999,30.0,-4.130000000000003,30.0,99.48999999999998,30.0,4.166666666666668
1928,3,12.1,13.1,19.7,3.4,3.4,1928-03-01,31,105.39999999999999,-93.3,CRU-CY4.08,CRU-CY:Israel,gridded estimate; station support unavailable,30.0,-31.58333333333333,30.0,-2.046666666666667,30.0,-0.879999999999999,30.0,4.649999999999977,30.0,-36.23333333333334,30.0,-2.966666666666668
1928,4,1.4,20.2,28.1,5.3,0.6,1928-04-01,30,159.0,-157.6,CRU-CY4.08,CRU-CY:Israel,gridded estimate; station support unavailable,30.0,-14.866666666666669,30.0,1.8066666666666684,30.0,3.4700000000000024,30.0,24.5,30.0,-39.366666666666674,30.0,-1.893333333333333
1928,5,0.4,22.7,31.0,6.4,0.3,1928-05-01,31,198.4,-198.0,CRU-CY4.08,CRU-CY:Israel,gridded estimate; station support unavailable,30.0,-3.976666666666667,30.0,1.1533333333333289,30.0,3.063333333333336,30.0,30.79333333333335,30.0,-34.77000000000001,30.0,-0.8000000000000003
1928,6,0.0,23.4,31.4,7.0,0.0,1928-06-01,30,210.0,-210.0,CRU-CY4.08,CRU-CY:Israel,gridded estimate; station support unavailable,30.0,-0.10666666666666669,30.0,-0.903333333333336,30.0,0.8866666666666667,30.0,15.800000000000011,30.0,-15.906666666666695,30.0,-0.05000000000000001
1928,7,0.0,25.6,33.2,6.9,0.0,1928-07-01,31,213.9,-213.9,CRU-CY4.08,CRU-CY:Israel,gridded estimate; station support unavailable,30.0,0.0,30.0,-0.6699999999999982,30.0,1.1000000000000014,30.0,12.193333333333328,30.0,-12.193333333333328,30.0,0.0
1928,8,0.0,26.5,34.0,6.4,0.0,1928-08-01,31,198.4,-198.4,CRU-CY4.08,CRU-CY:Israel,gridded estimate; station support unavailable,30.0,0.0,30.0,-0.20333333333333314,30.0,1.6499999999999986,30.0,12.090000000000032,30.0,-12.090000000000032,30.0,0.0
1928,9,0.0,24.6,31.6,5.2,0.0,1928-09-01,30,156.0,-156.0,CRU-CY4.08,CRU-CY:Israel,gridded estimate; station support unavailable,30.0,-0.44,30.0,-0.4933333333333252,30.0,0.773333333333337,30.0,8.400000000000006,30.0,-8.840000000000003,30.0,-0.09333333333333334
1928,10,3.1,20.7,28.0,3.8,1.2,1928-10-01,31,117.8,-114.7,CRU-CY4.08,CRU-CY:Israel,gridded estimate; station support unavailable,30.0,-12.573333333333334,30.0,-1.7199999999999989,30.0,-0.19000000000000128,30.0,5.993333333333354,30.0,-18.566666666666663,30.0,-1.3999999999999997
1928,11,51.9,17.8,24.2,2.7,5.7,1928-11-01,30,81.0,-29.1,CRU-CY4.08,CRU-CY:Israel,gridded estimate; station support unavailable,30.0,0.6599999999999966,30.0,0.0833333333333357,30.0,0.9200000000000017,30.0,6.200000000000003,30.0,-5.540000000000003,30.0,0.7666666666666675
1928,12,107.2,13.6,19.1,1.9,10.6,1928-12-01,31,58.9,48.300000000000004,CRU-CY4.08,CRU-CY:Israel,gridded estimate; station support unavailable,30.0,13.476666666666674,30.0,-0.163333333333334,30.0,0.4933333333333323,30.0,1.2399999999999949,30.0,12.236666666666679,30.0,1.620000000000001
1929,1,118.6,10.6,15.6,1.8,11.5,1929-01-01,31,55.800000000000004,62.79999999999999,CRU-CY4.08,CRU-CY:Israel,gridded estimate; station support unavailable,30.0,9.943333333333314,30.0,-1.6233333333333348,30.0,-1.1466666666666665,30.0,-1.0333333333333243,30.0,10.976666666666652,30.0,0.5133333333333301
1929,2,97.4,10.6,16.0,2.3,9.8,1929-02-01,28,64.39999999999999,33.000000000000014,CRU-CY4.08,CRU-CY:Israel,gridded estimate; station support unavailable,30.0,19.25999999999999,30.0,-2.2400000000000038,30.0,-1.8299999999999983,30.0,-3.5300000000000153,30.0,22.790000000000013,30.0,-0.5333333333333314
1929,3,22.7,12.2,18.5,3.1,4.7,1929-03-01,31,96.10000000000001,-73.4,CRU-CY4.08,CRU-CY:Israel,gridded estimate; station support unavailable,30.0,-20.98333333333333,30.0,-2.946666666666667,30.0,-2.0799999999999983,30.0,-4.650000000000006,30.0,-16.33333333333335,30.0,-1.6666666666666679
1929,4,45.0,17.0,24.9,4.8,5.2,1929-04-01,30,144.0,-99.0,CRU-CY4.08,CRU-CY:Israel,gridded estimate; station support unavailable,30.0,28.73333333333333,30.0,-1.3933333333333309,30.0,0.2699999999999996,30.0,9.5,30.0,19.23333333333332,30.0,2.706666666666667
1929,5,2.0,22.9,31.1,6.4,0.6,1929-05-01,31,198.4,-196.4,CRU-CY4.08,CRU-CY:Israel,gridded estimate; station support unavailable,30.0,-2.376666666666667,30.0,1.3533333333333282,30.0,3.1633333333333375,30.0,30.79333333333335,30.0,-33.170000000000016,30.0,-0.5000000000000003
1929,6,0.4,23.1,31.0,6.8,0.4,1929-06-01,30,204.0,-203.6,CRU-CY4.08,CRU-CY:Israel,gridded estimate; station support unavailable,30.0,0.29333333333333333,30.0,-1.2033333333333331,30.0,0.48666666666666814,30.0,9.800000000000011,30.0,-9.506666666666689,30.0,0.35000000000000003
1929,7,0.0,24.4,31.9,6.5,0.0,1929-07-01,31,201.5,-201.5,CRU-CY4.08,CRU-CY:Israel,gridded estimate; station support unavailable,30.0,0.0,30.0,-1.870000000000001,30.0,-0.20000000000000284,30.0,-0.20666666666667766,30.0,0.20666666666667766,30.0,0.0
1929,8,0.0,26.3,33.1,6.2,0.0,1929-08-01,31,192.20000000000002,-192.20000000000002,CRU-CY4.08,CRU-CY:Israel,gridded estimate; station support unavailable,30.0,0.0,30.0,-0.40333333333333243,30.0,0.75,30.0,5.890000000000043,30.0,-5.890000000000043,30.0,0.0
1929,9,0.2,24.4,31.6,5.2,0.1,1929-09-01,30,156.0,-155.8,CRU-CY4.08,CRU-CY:Israel,gridded estimate; station support unavailable,30.0,-0.24,30.0,-0.693333333333328,30.0,0.773333333333337,30.0,8.400000000000006,30.0,-8.640000000000015,30.0,0.006666666666666668
1929,10,2.8,20.7,28.2,3.9,0.9,1929-10-01,31,120.89999999999999,-118.1,CRU-CY4.08,CRU-CY:Israel,gridded estimate; station support unavailable,30.0,-12.873333333333335,30.0,-1.7199999999999989,30.0,0.00999999999999801,30.0,9.093333333333348,30.0,-21.966666666666654,30.0,-1.6999999999999997
1929,11,86.2,18.8,25.6,2.8,8.2,1929-11-01,30,84.0,2.200000000000003,CRU-CY4.08,CRU-CY:Israel,gridded estimate; station support unavailable,30.0,34.96,30.0,1.0833333333333357,30.0,2.320000000000004,30.0,9.200000000000003,30.0,25.76,30.0,3.2666666666666666
1929,12,90.0,12.7,17.9,1.9,11.3,1929-12-01,31,58.9,31.1,CRU-CY4.08,CRU-CY:Israel,gridded estimate; station support unavailable,30.0,-3.723333333333329,30.0,-1.0633333333333344,30.0,-0.7066666666666706,30.0,1.2399999999999949,30.0,-4.963333333333324,30.0,2.320000000000002
1930,1,123.3,11.7,17.4,2.0,13.0,1930-01-01,31,62.0,61.3,CRU-CY4.08,CRU-CY:Israel,gridded estimate; station support unavailable,30.0,14.643333333333317,30.0,-0.5233333333333352,30.0,0.6533333333333324,30.0,5.166666666666671,30.0,9.47666666666666,30.0,2.01333333333333
1930,2,81.0,12.4,18.4,2.6,9.9,1930-02-01,28,72.8,8.200000000000003,CRU-CY4.08,CRU-CY:Israel,gridded estimate; station support unavailable,30.0,2.859999999999985,30.0,-0.44000000000000306,30.0,0.5700000000000003,30.0,4.86999999999999,30.0,-2.009999999999998,30.0,-0.4333333333333318
1930,3,20.3,15.1,22.8,3.9,3.9,1930-03-01,31,120.89999999999999,-100.6,CRU-CY4.08,CRU-CY:Israel,gridded estimate; station support unavailable,30.0,-23.38333333333333,30.0,-0.046666666666666856,30.0,2.2200000000000024,30.0,20.149999999999977,30.0,-43.53333333333334,30.0,-2.466666666666668
1930,4,33.3,18.4,26.2,5.0,3.8,1930-04-01,30,150.0,-116.7,CRU-CY4.08,CRU-CY:Israel,gridded estimate; station support unavailable,30.0,17.033333333333328,30.0,0.006666666666667709,30.0,1.5700000000000003,30.0,15.5,30.0,1.5333333333333172,30.0,1.3066666666666666
1930,5,1.9,20.3,28.8,6.1,0.3,1930-05-01,31,189.1,-187.2,CRU-CY4.08,CRU-CY:Israel,gridded estimate; station support unavailable,30.0,-2.476666666666667,30.0,-1.2466666666666697,30.0,0.8633333333333368,30.0,21.49333333333334,30.0,-23.97,30.0,-0.8000000000000003
1930,6,0.0,23.4,31.4,6.9,0.0,1930-06-01,30,207.0,-207.0,CRU-CY4.08,CRU-CY:Israel,gridded estimate; station support unavailable,30.0,-0.10666666666666669,30.0,-0.903333333333336,30.0,0.8866666666666667,30.0,12.800000000000011,30.0,-12.906666666666695,30.0,-0.05000000000000001
1930,7,0.0,25.3,32.9,6.7,0.0,1930-07-01,31,207.70000000000002,-207.70000000000002,CRU-CY4.08,CRU-CY:Israel,gridded estimate; station support unavailable,30.0,0.0,30.0,-0.9699999999999989,30.0,0.7999999999999972,30.0,5.993333333333339,30.0,-5.993333333333339,30.0,0.0
1930,8,0.0,26.3,34.0,6.4,0.0,1930-08-01,31,198.4,-198.4,CRU-CY4.08,CRU-CY:Israel,gridded estimate; station support unavailable,30.0,0.0,30.0,-0.40333333333333243,30.0,1.6499999999999986,30.0,12.090000000000032,30.0,-12.090000000000032,30.0,0.0
1930,9,2.5,24.2,32.1,5.4,0.2,1930-09-01,30,162.0,-159.5,CRU-CY4.08,CRU-CY:Israel,gridded estimate; station support unavailable,30.0,2.06,30.0,-0.8933333333333273,30.0,1.273333333333337,30.0,14.400000000000006,30.0,-12.340000000000003,30.0,0.10666666666666667
1930,10,2.4,21.3,29.3,4.0,0.8,1930-10-01,31,124.0,-121.6,CRU-CY4.08,CRU-CY:Israel,gridded estimate; station support unavailable,30.0,-13.273333333333333,30.0,-1.1199999999999974,30.0,1.1099999999999994,30.0,12.193333333333356,30.0,-25.466666666666654,30.0,-1.7999999999999996
1930,11,44.4,17.4,24.5,2.8,5.2,1930-11-01,30,84.0,-39.6,CRU-CY4.08,CRU-CY:Israel,gridded estimate; station support unavailable,30.0,-6.840000000000003,30.0,-0.31666666666666643,30.0,1.2200000000000024,30.0,9.200000000000003,30.0,-16.040000000000003,30.0,0.2666666666666675
1930,12,92.1,15.4,21.7,2.1,9.8,1930-12-01,31,65.10000000000001,26.999999999999986,CRU-CY4.08,CRU-CY:Israel,gridded estimate; station support unavailable,30.0,-1.6233333333333348,30.0,1.6366666666666667,30.0,3.09333333333333,30.0,7.440000000000005,30.0,-9.06333333333334,30.0,0.8200000000000021
1931,1,127.7,12.6,17.0,1.8,12.1,1931-01-01,31,55.800000000000004,71.9,CRU-CY4.08,CRU-CY:Israel,gridded estimate; station support unavailable,30.0,19.043333333333322,30.0,0.37666666666666515,30.0,0.25333333333333385,30.0,-1.0333333333333243,30.0,20.076666666666668,30.0,1.1133333333333297
1931,2,99.5,12.6,18.6,2.6,11.8,1931-02-01,28,72.8,26.700000000000003,CRU-CY4.08,CRU-CY:Israel,gridded estimate; station support unavailable,30.0,21.359999999999985,30.0,-0.24000000000000377,30.0,0.7700000000000031,30.0,4.86999999999999,30.0,16.490000000000002,30.0,1.4666666666666686
1931,3,43.7,15.1,22.1,3.7,6.6,1931-03-01,31,114.7,-71.0,CRU-CY4.08,CRU-CY:Israel,gridded estimate; station support unavailable,30.0,0.016666666666672825,30.0,-0.046666666666666856,30.0,1.5200000000000031,30.0,13.949999999999989,30.0,-13.933333333333344,30.0,0.23333333333333162
1931,4,17.0,17.4,25.3,4.9,3.3,1931-04-01,30,147.0,-130.0,CRU-CY4.08,CRU-CY:Israel,gridded estimate; station support unavailable,30.0,0.7333333333333307,30.0,-0.9933333333333323,30.0,0.6700000000000017,30.0,12.5,30.0,-11.76666666666668,30.0,0.8066666666666666
1931,5,1.6,20.5,28.6,6.0,0.5,1931-05-01,31,186.0,-184.4,CRU-CY4.08,CRU-CY:Israel,gridded estimate; station support unavailable,30.0,-2.776666666666667,30.0,-1.0466666666666704,30.0,0.6633333333333375,30.0,18.393333333333345,30.0,-21.170000000000016,30.0,-0.6000000000000003
1931,6,0.4,22.8,30.5,6.7,0.5,1931-06-01,30,201.0,-200.6,CRU-CY4.08,CRU-CY:Israel,gridded estimate; station support unavailable,30.0,0.29333333333333333,30.0,-1.5033333333333339,30.0,-0.013333333333331865,30.0,6.800000000000011,30.0,-6.506666666666689,30.0,0.45
1931,7,0.0,25.6,32.9,6.7,0.0,1931-07-01,31,207.70000000000002,-207.70000000000002,CRU-CY4.08,CRU-CY:Israel,gridded estimate; station support unavailable,30.0,0.0,30.0,-0.6699999999999982,30.0,0.7999999999999972,30.0,5.993333333333339,30.0,-5.993333333333339,30.0,0.0
1931,8,0.0,26.3,33.6,6.3,0.0,1931-08-01,31,195.29999999999998,-195.29999999999998,CRU-CY4.08,CRU-CY:Israel,gridded estimate; station support unavailable,30.0,0.0,30.0,-0.40333333333333243,30.0,1.25,30.0,8.990000000000009,30.0,-8.990000000000009,30.0,0.0
1931,9,1.3,25.1,32.4,5.4,0.1,1931-09-01,30,162.0,-160.7,CRU-CY4.08,CRU-CY:Israel,gridded estimate; station support unavailable,30.0,0.8600000000000001,30.0,0.006666666666674814,30.0,1.5733333333333341,30.0,14.400000000000006,30.0,-13.539999999999992,30.0,0.006666666666666668
1931,10,5.0,21.9,29.7,4.1,2.0,1931-10-01,31,127.1,-122.1,CRU-CY4.08,CRU-CY:Israel,gridded estimate; station support unavailable,30.0,-10.673333333333334,30.0,-0.5199999999999996,30.0,1.509999999999998,30.0,15.29333333333335,30.0,-25.966666666666654,30.0,-0.5999999999999996
1931,11,36.7,15.8,22.8,2.6,4.3,1931-11-01,30,78.0,-41.3,CRU-CY4.08,CRU-CY:Israel,gridded estimate; station support unavailable,30.0,-14.54,30.0,-1.9166666666666643,30.0,-0.4799999999999969,30.0,3.200000000000003,30.0,-17.74,30.0,-0.6333333333333329
1931,12,128.3,12.2,18.2,1.9,11.9,1931-12-01,31,58.9,69.4,CRU-CY4.08,CRU-CY:Israel,gridded estimate; station support unavailable,30.0,34.57666666666668,30.0,-1.5633333333333344,30.0,-0.40666666666666984,30.0,1.2399999999999949,30.0,33.33666666666668,30.0,2.9200000000000017
1932,1,76.2,10.7,16.2,1.9,11.4,1932-01-01,31,58.9,17.300000000000004,CRU-CY4.08,CRU-CY:Israel,gridded estimate; station support unavailable,30.0,-32.45666666666668,30.0,-1.5233333333333352,30.0,-0.5466666666666669,30.0,2.06666666666667,30.0,-34.52333333333333,30.0,0.41333333333333044
1932,2,91.6,11.8,18.0,2.5,11.0,1932-02-01,29,72.5,19.099999999999994,CRU-CY4.08,CRU-CY:Israel,gridded estimate; station support unavailable,30.0,13.45999999999998,30.0,-1.0400000000000027,30.0,0.1700000000000017,30.0,4.569999999999993,30.0,8.889999999999993,30.0,0.6666666666666679
1932,3,15.2,14.5,21.5,3.6,3.9,1932-03-01,31,111.60000000000001,-96.4,CRU-CY4.08,CRU-CY:Israel,gridded estimate; station support unavailable,30.0,-28.48333333333333,30.0,-0.6466666666666665,30.0,0.9200000000000017,30.0,10.849999999999994,30.0,-39.33333333333335,30.0,-2.466666666666668
1932,4,13.7,17.0,25.0,4.8,2.4,1932-04-01,30,144.0,-130.3,CRU-CY4.08,CRU-CY:Israel,gridded estimate; station support unavailable,30.0,-2.56666666666667,30.0,-1.3933333333333309,30.0,0.370000000000001,30.0,9.5,30.0,-12.066666666666691,30.0,-0.09333333333333327
1932,5,1.6,19.7,27.9,5.9,0.4,1932-05-01,31,182.9,-181.3,CRU-CY4.08,CRU-CY:Israel,gridded estimate; station support unavailable,30.0,-2.776666666666667,30.0,-1.8466666666666711,30.0,-0.03666666666666529,30.0,15.29333333333335,30.0,-18.07000000000002,30.0,-0.7000000000000003
1932,6,0.0,23.9,31.9,7.0,0.0,1932-06-01,30,210.0,-210.0,CRU-CY4.08,CRU-CY:Israel,gridded estimate; station support unavailable,30.0,-0.10666666666666669,30.0,-0.403333333333336,30.0,1.3866666666666667,30.0,15.800000000000011,30.0,-15.906666666666695,30.0,-0.05000000000000001
1932,7,0.0,25.6,32.9,6.7,0.0,1932-07-01,31,207.70000000000002,-207.70000000000002,CRU-CY4.08,CRU-CY:Israel,gridded estimate; station support unavailable,30.0,0.0,30.0,-0.6699999999999982,30.0,0.7999999999999972,30.0,5.993333333333339,30.0,-5.993333333333339,30.0,0.0
1932,8,0.0,26.1,33.5,6.3,0.0,1932-08-01,31,195.29999999999998,-195.29999999999998,CRU-CY4.08,CRU-CY:Israel,gridded estimate; station support unavailable,30.0,0.0,30.0,-0.6033333333333317,30.0,1.1499999999999986,30.0,8.990000000000009,30.0,-8.990000000000009,30.0,0.0
1932,9,0.0,24.3,30.3,4.8,0.0,1932-09-01,30,144.0,-144.0,CRU-CY4.08,CRU-CY:Israel,gridded estimate; station support unavailable,30.0,-0.44,30.0,-0.7933333333333259,30.0,-0.5266666666666637,30.0,-3.5999999999999943,30.0,3.1599999999999966,30.0,-0.09333333333333334
1932,10,11.7,24.0,30.1,3.9,1.8,1932-10-01,31,120.89999999999999,-109.19999999999999,CRU-CY4.08,CRU-CY:Israel,gridded estimate; station support unavailable,30.0,-3.9733333333333345,30.0,1.5800000000000018,30.0,1.9100000000000001,30.0,9.093333333333348,30.0,-13.066666666666649,30.0,-0.7999999999999996
1932,11,37.5,17.4,24.0,2.7,4.6,1932-11-01,30,81.0,-43.5,CRU-CY4.08,CRU-CY:Israel,gridded estimate; station support unavailable,30.0,-13.740000000000002,30.0,-0.31666666666666643,30.0,0.7200000000000024,30.0,6.200000000000003,30.0,-19.94,30.0,-0.33333333333333304
1932,12,14.3,12.0,18.3,2.0,3.9,1932-12-01,31,62.0,-47.7,CRU-CY4.08,CRU-CY:Israel,gridded estimate; station support unavailable,30.0,-79.42333333333333,30.0,-1.7633333333333336,30.0,-0.3066666666666684,30.0,4.339999999999996,30.0,-83.76333333333332,30.0,-5.079999999999998
1933,1,69.5,10.5,16.1,1.9,10.0,1933-01-01,31,58.9,10.600000000000001,CRU-CY4.08,CRU-CY:Israel,gridded estimate; station support unavailable,30.0,-39.15666666666668,30.0,-1.7233333333333345,30.0,-0.6466666666666647,30.0,2.06666666666667,30.0,-41.223333333333336,30.0,-0.9866666666666699
1933,2,47.1,13.0,17.9,2.4,8.5,1933-02-01,28,67.2,-20.1,CRU-CY4.08,CRU-CY:Israel,gridded estimate; station support unavailable,30.0,-31.040000000000013,30.0,0.1599999999999966,30.0,0.07000000000000028,30.0,-0.730000000000004,30.0,-30.310000000000002,30.0,-1.8333333333333321
1933,3,41.1,13.5,18.9,3.0,5.9,1933-03-01,31,93.0,-51.9,CRU-CY4.08,CRU-CY:Israel,gridded estimate; station support unavailable,30.0,-2.5833333333333286,30.0,-1.6466666666666665,30.0,-1.6799999999999997,30.0,-7.750000000000014,30.0,5.166666666666657,30.0,-0.4666666666666677
1933,4,22.0,14.8,21.0,3.9,3.5,1933-04-01,30,117.0,-95.0,CRU-CY4.08,CRU-CY:Israel,gridded estimate; station support unavailable,30.0,5.733333333333331,30.0,-3.59333333333333,30.0,-3.629999999999999,30.0,-17.5,30.0,23.23333333333332,30.0,1.0066666666666668
1933,5,2.0,19.8,26.2,5.2,0.5,1933-05-01,31,161.20000000000002,-159.20000000000002,CRU-CY4.08,CRU-CY:Israel,gridded estimate; station support unavailable,30.0,-2.376666666666667,30.0,-1.7466666666666697,30.0,-1.7366666666666646,30.0,-6.406666666666638,30.0,4.029999999999973,30.0,-0.6000000000000003
1933,6,0.1,22.9,30.9,6.8,0.1,1933-06-01,30,204.0,-203.9,CRU-CY4.08,CRU-CY:Israel,gridded estimate; station support unavailable,30.0,-0.006666666666666682,30.0,-1.403333333333336,30.0,0.3866666666666667,30.0,9.800000000000011,30.0,-9.8066666666667,30.0,0.049999999999999996
1933,7,0.0,23.8,31.1,6.4,0.0,1933-07-01,31,198.4,-198.4,CRU-CY4.08,CRU-CY:Israel,gridded estimate; station support unavailable,30.0,0.0,30.0,-2.469999999999999,30.0,-1.0,30.0,-3.306666666666672,30.0,3.306666666666672,30.0,0.0
1933,8,0.0,24.6,31.8,6.0,0.0,1933-08-01,31,186.0,-186.0,CRU-CY4.08,CRU-CY:Israel,gridded estimate; station support unavailable,30.0,0.0,30.0,-2.1033333333333317,30.0,-0.5500000000000007,30.0,-0.30999999999997385,30.0,0.30999999999997385,30.0,0.0
1933,9,2.5,22.2,29.1,4.8,0.1,1933-09-01,30,144.0,-141.5,CRU-CY4.08,CRU-CY:Israel,gridded estimate; station support unavailable,30.0,2.06,30.0,-2.8933333333333273,30.0,-1.726666666666663,30.0,-3.5999999999999943,30.0,5.659999999999997,30.0,0.006666666666666668
1933,10,7.3,20.0,27.4,3.8,1.2,1933-10-01,31,117.8,-110.5,CRU-CY4.08,CRU-CY:Israel,gridded estimate; station support unavailable,30.0,-8.373333333333335,30.0,-2.419999999999998,30.0,-0.7900000000000027,30.0,5.993333333333354,30.0,-14.36666666666666,30.0,-1.3999999999999997
1933,11,14.2,19.9,26.1,2.8,3.1,1933-11-01,30,84.0,-69.8,CRU-CY4.08,CRU-CY:Israel,gridded estimate; station support unavailable,30.0,-37.040000000000006,30.0,2.1833333333333336,30.0,2.820000000000004,30.0,9.200000000000003,30.0,-46.239999999999995,30.0,-1.8333333333333326
1933,12,49.6,13.1,18.0,1.7,7.4,1933-12-01,31,52.699999999999996,-3.0999999999999943,CRU-CY4.08,CRU-CY:Israel,gridded estimate; station support unavailable,30.0,-44.12333333333333,30.0,-0.663333333333334,30.0,-0.6066666666666691,30.0,-4.960000000000008,30.0,-39.16333333333332,30.0,-1.5799999999999983
1934,1,145.0,11.1,16.8,2.0,13.3,1934-01-01,31,62.0,83.0,CRU-CY4.08,CRU-CY:Israel,gridded estimate; station support unavailable,30.0,36.34333333333332,30.0,-1.1233333333333348,30.0,0.053333333333334565,30.0,5.166666666666671,30.0,31.176666666666662,30.0,2.313333333333331
1934,2,118.4,10.2,16.1,2.4,11.7,1934-02-01,28,67.2,51.2,CRU-CY4.08,CRU-CY:Israel,gridded estimate; station support unavailable,30.0,40.25999999999999,30.0,-2.640000000000004,30.0,-1.7299999999999969,30.0,-0.730000000000004,30.0,40.99,30.0,1.3666666666666671
1934,3,17.8,15.6,22.8,3.8,3.9,1934-03-01,31,117.8,-100.0,CRU-CY4.08,CRU-CY:Israel,gridded estimate; station support unavailable,30.0,-25.88333333333333,30.0,0.45333333333333314,30.0,2.2200000000000024,30.0,17.049999999999983,30.0,-42.933333333333344,30.0,-2.466666666666668
1934,4,12.1,18.4,26.5,5.1,3.0,1934-04-01,30,153.0,-140.9,CRU-CY4.08,CRU-CY:Israel,gridded estimate; station support unavailable,30.0,-4.16666666666667,30.0,0.006666666666667709,30.0,1.870000000000001,30.0,18.5,30.0,-22.666666666666686,30.0,0.5066666666666668
1934,5,4.8,20.9,28.6,5.9,0.7,1934-05-01,31,182.9,-178.1,CRU-CY4.08,CRU-CY:Israel,gridded estimate; station support unavailable,30.0,0.4233333333333329,30.0,-0.6466666666666718,30.0,0.6633333333333375,30.0,15.29333333333335,30.0,-14.870000000000005,30.0,-0.40000000000000036
1934,6,0.1,23.5,29.8,6.3,0.1,1934-06-01,30,189.0,-188.9,CRU-CY4.08,CRU-CY:Israel,gridded estimate; station support unavailable,30.0,-0.006666666666666682,30.0,-0.8033333333333346,30.0,-0.7133333333333312,30.0,-5.199999999999989,30.0,5.1933333333333,30.0,0.049999999999999996
1934,7,0.0,25.0,32.2,6.6,0.0,1934-07-01,31,204.6,-204.6,CRU-CY4.08,CRU-CY:Israel,gridded estimate; station support unavailable,30.0,0.0,30.0,-1.2699999999999996,30.0,0.10000000000000142,30.0,2.8933333333333167,30.0,-2.8933333333333167,30.0,0.0
1934,8,0.0,25.5,32.4,6.1,0.0,1934-08-01,31,189.1,-189.1,CRU-CY4.08,CRU-CY:Israel,gridded estimate; station support unavailable,30.0,0.0,30.0,-1.2033333333333331,30.0,0.04999999999999716,30.0,2.7900000000000205,30.0,-2.7900000000000205,30.0,0.0
1934,9,0.0,23.3,30.1,5.0,0.0,1934-09-01,30,150.0,-150.0,CRU-CY4.08,CRU-CY:Israel,gridded estimate; station support unavailable,30.0,-0.44,30.0,-1.793333333333326,30.0,-0.726666666666663,30.0,2.4000000000000057,30.0,-2.8400000000000034,30.0,-0.09333333333333334
1934,10,6.2,21.6,28.8,3.9,1.6,1934-10-01,31,120.89999999999999,-114.69999999999999,CRU-CY4.08,CRU-CY:Israel,gridded estimate; station support unavailable,30.0,-9.473333333333333,30.0,-0.8199999999999967,30.0,0.6099999999999994,30.0,9.093333333333348,30.0,-18.56666666666665,30.0,-0.9999999999999996
1934,11,7.8,18.5,24.1,2.6,1.8,1934-11-01,30,78.0,-70.2,CRU-CY4.08,CRU-CY:Israel,gridded estimate; station support unavailable,30.0,-43.440000000000005,30.0,0.783333333333335,30.0,0.8200000000000038,30.0,3.200000000000003,30.0,-46.64,30.0,-3.133333333333333
1934,12,153.5,13.2,18.6,1.9,11.3,1934-12-01,31,58.9,94.6,CRU-CY4.08,CRU-CY:Israel,gridded estimate; station support unavailable,30.0,59.77666666666667,30.0,-0.5633333333333344,30.0,-0.006666666666667709,30.0,1.2399999999999949,30.0,58.53666666666667,30.0,2.320000000000002
1935,1,129.1,12.1,17.7,1.9,11.3,1935-01-01,31,58.9,70.19999999999999,CRU-CY4.08,CRU-CY:Israel,gridded estimate; station support unavailable,30.0,20.443333333333314,30.0,-0.12333333333333485,30.0,0.9533333333333331,30.0,2.06666666666667,30.0,18.37666666666665,30.0,0.3133333333333308
1935,2,153.3,12.6,18.1,2.5,14.3,1935-02-01,28,70.0,83.30000000000001,CRU-CY4.08,CRU-CY:Israel,gridded estimate; station support unavailable,30.0,75.16,30.0,-0.24000000000000377,30.0,0.2700000000000031,30.0,2.069999999999993,30.0,73.09,30.0,3.9666666666666686
1935,3,20.4,14.8,21.8,3.6,4.0,1935-03-01,31,111.60000000000001,-91.20000000000002,CRU-CY4.08,CRU-CY:Israel,gridded estimate; station support unavailable,30.0,-23.28333333333333,30.0,-0.3466666666666658,30.0,1.2200000000000024,30.0,10.849999999999994,30.0,-34.13333333333336,30.0,-2.366666666666668
1935,4,22.7,17.3,25.3,4.9,2.7,1935-04-01,30,147.0,-124.3,CRU-CY4.08,CRU-CY:Israel,gridded estimate; station support unavailable,30.0,6.43333333333333,30.0,-1.0933333333333302,30.0,0.6700000000000017,30.0,12.5,30.0,-6.066666666666677,30.0,0.206666666666667
1935,5,3.1,23.0,31.1,6.4,0.7,1935-05-01,31,198.4,-195.3,CRU-CY4.08,CRU-CY:Israel,gridded estimate; station support unavailable,30.0,-1.2766666666666668,30.0,1.4533333333333296,30.0,3.1633333333333375,30.0,30.79333333333335,30.0,-32.07000000000002,30.0,-0.40000000000000036
1935,6,0.0,24.8,32.1,7.0,0.0,1935-06-01,30,210.0,-210.0,CRU-CY4.08,CRU-CY:Israel,gridded estimate; station support unavailable,30.0,-0.10666666666666669,30.0,0.49666666666666615,30.0,1.5866666666666696,30.0,15.800000000000011,30.0,-15.906666666666695,30.0,-0.05000000000000001
1935,7,0.0,24.7,32.0,6.6,0.0,1935-07-01,31,204.6,-204.6,CRU-CY4.08,CRU-CY:Israel,gridded estimate; station support unavailable,30.0,0.0,30.0,-1.5700000000000003,30.0,-0.10000000000000142,30.0,2.8933333333333167,30.0,-2.8933333333333167,30.0,0.0
1935,8,0.0,25.8,33.0,6.3,0.0,1935-08-01,31,195.29999999999998,-195.29999999999998,CRU-CY4.08,CRU-CY:Israel,gridded estimate; station support unavailable,30.0,0.0,30.0,-0.9033333333333324,30.0,0.6499999999999986,30.0,8.990000000000009,30.0,-8.990000000000009,30.0,0.0
1935,9,1.6,24.2,30.5,5.0,0.1,1935-09-01,30,150.0,-148.4,CRU-CY4.08,CRU-CY:Israel,gridded estimate; station support unavailable,30.0,1.1600000000000001,30.0,-0.8933333333333273,30.0,-0.32666666666666444,30.0,2.4000000000000057,30.0,-1.240000000000009,30.0,0.006666666666666668
1935,10,31.5,22.0,28.6,3.8,4.3,1935-10-01,31,117.8,-86.3,CRU-CY4.08,CRU-CY:Israel,gridded estimate; station support unavailable,30.0,15.826666666666666,30.0,-0.41999999999999815,30.0,0.41000000000000014,30.0,5.993333333333354,30.0,9.833333333333343,30.0,1.7000000000000002
1935,11,62.9,15.6,21.0,2.4,6.2,1935-11-01,30,72.0,-9.100000000000001,CRU-CY4.08,CRU-CY:Israel,gridded estimate; station support unavailable,30.0,11.659999999999997,30.0,-2.1166666666666654,30.0,-2.2799999999999976,30.0,-2.799999999999997,30.0,14.459999999999997,30.0,1.2666666666666675
1935,12,44.9,14.3,19.6,1.9,5.6,1935-12-01,31,58.9,-14.0,CRU-CY4.08,CRU-CY:Israel,gridded estimate; station support unavailable,30.0,-48.82333333333333,30.0,0.5366666666666671,30.0,0.9933333333333323,30.0,1.2399999999999949,30.0,-50.063333333333325,30.0,-3.379999999999999
1936,1,41.9,13.5,18.7,2.0,7.2,1936-01-01,31,62.0,-20.1,CRU-CY4.08,CRU-CY:Israel,gridded estimate; station support unavailable,30.0,-66.75666666666669,30.0,1.2766666666666655,30.0,1.9533333333333331,30.0,5.166666666666671,30.0,-71.92333333333335,30.0,-3.7866666666666697
1936,2,99.4,13.5,19.1,2.6,10.5,1936-02-01,29,75.4,24.0,CRU-CY4.08,CRU-CY:Israel,gridded estimate; station support unavailable,30.0,21.25999999999999,30.0,0.6599999999999966,30.0,1.2700000000000031,30.0,7.469999999999999,30.0,13.79,30.0,0.16666666666666785
1936,3,29.2,15.5,22.2,3.6,5.4,1936-03-01,31,111.60000000000001,-82.4,CRU-CY4.08,CRU-CY:Israel,gridded estimate; station support unavailable,30.0,-14.48333333333333,30.0,0.3533333333333335,30.0,1.620000000000001,30.0,10.849999999999994,30.0,-25.33333333333335,30.0,-0.9666666666666677
1936,4,13.3,18.6,26.1,4.9,2.0,1936-04-01,30,147.0,-133.7,CRU-CY4.08,CRU-CY:Israel,gridded estimate; station support unavailable,30.0,-2.9666666666666686,30.0,0.20666666666667055,30.0,1.4700000000000024,30.0,12.5,30.0,-15.466666666666669,30.0,-0.4933333333333332
1936,5,5.1,20.1,27.6,5.6,0.9,1936-05-01,31,173.6,-168.5,CRU-CY4.08,CRU-CY:Israel,gridded estimate; station support unavailable,30.0,0.7233333333333327,30.0,-1.446666666666669,30.0,-0.33666666666666245,30.0,5.993333333333339,30.0,-5.27000000000001,30.0,-0.2000000000000003
1936,6,0.0,22.0,28.8,6.2,0.0,1936-06-01,30,186.0,-186.0,CRU-CY4.08,CRU-CY:Israel,gridded estimate; station support unavailable,30.0,-0.10666666666666669,30.0,-2.3033333333333346,30.0,-1.7133333333333312,30.0,-8.199999999999989,30.0,8.093333333333305,30.0,-0.05000000000000001
1936,7,0.0,25.2,31.8,6.4,0.0,1936-07-01,31,198.4,-198.4,CRU-CY4.08,CRU-CY:Israel,gridded estimate; station support unavailable,30.0,0.0,30.0,-1.0700000000000003,30.0,-0.3000000000000007,30.0,-3.306666666666672,30.0,3.306666666666672,30.0,0.0
1936,8,0.0,25.9,32.3,6.0,0.0,1936-08-01,31,186.0,-186.0,CRU-CY4.08,CRU-CY:Israel,gridded estimate; station support unavailable,30.0,0.0,30.0,-0.8033333333333346,30.0,-0.05000000000000426,30.0,-0.30999999999997385,30.0,0.30999999999997385,30.0,0.0
1936,9,0.5,22.5,29.3,4.8,0.0,1936-09-01,30,144.0,-143.5,CRU-CY4.08,CRU-CY:Israel,gridded estimate; station support unavailable,30.0,0.06,30.0,-2.5933333333333266,30.0,-1.5266666666666637,30.0,-3.5999999999999943,30.0,3.6599999999999966,30.0,-0.09333333333333334
1936,10,1.6,23.0,30.1,4.0,1.2,1936-10-01,31,124.0,-122.4,CRU-CY4.08,CRU-CY:Israel,gridded estimate; station support unavailable,30.0,-14.073333333333334,30.0,0.5800000000000018,30.0,1.9100000000000001,30.0,12.193333333333356,30.0,-26.266666666666666,30.0,-1.3999999999999997
1936,11,134.5,18.4,24.5,2.6,8.5,1936-11-01,30,78.0,56.5,CRU-CY4.08,CRU-CY:Israel,gridded estimate; station support unavailable,30.0,83.25999999999999,30.0,0.6833333333333336,30.0,1.2200000000000024,30.0,3.200000000000003,30.0,80.06,30.0,3.5666666666666673
1936,12,125.4,11.1,16.2,1.8,12.3,1936-12-01,31,55.800000000000004,69.6,CRU-CY4.08,CRU-CY:Israel,gridded estimate; station support unavailable,30.0,31.676666666666677,30.0,-2.663333333333334,30.0,-2.40666666666667,30.0,-1.8599999999999994,30.0,33.53666666666667,30.0,3.320000000000002
1937,1,156.5,9.1,14.2,1.8,13.5,1937-01-01,31,55.800000000000004,100.69999999999999,CRU-CY4.08,CRU-CY:Israel,gridded estimate; station support unavailable,30.0,47.84333333333332,30.0,-3.123333333333335,30.0,-2.546666666666667,30.0,-1.0333333333333243,30.0,48.87666666666665,30.0,2.51333333333333
1937,2,22.5,13.2,18.7,2.5,7.2,1937-02-01,28,70.0,-47.5,CRU-CY4.08,CRU-CY:Israel,gridded estimate; station support unavailable,30.0,-55.640000000000015,30.0,0.3599999999999959,30.0,0.870000000000001,30.0,2.069999999999993,30.0,-57.71,30.0,-3.133333333333332
1937,3,7.6,16.3,23.0,3.8,2.9,1937-03-01,31,117.8,-110.2,CRU-CY4.08,CRU-CY:Israel,gridded estimate; station support unavailable,30.0,-36.08333333333333,30.0,1.1533333333333342,30.0,2.4200000000000017,30.0,17.049999999999983,30.0,-53.13333333333335,30.0,-3.466666666666668
1937,4,35.3,18.8,25.7,4.8,3.8,1937-04-01,30,144.0,-108.7,CRU-CY4.08,CRU-CY:Israel,gridded estimate; station support unavailable,30.0,19.033333333333328,30.0,0.40666666666666984,30.0,1.0700000000000003,30.0,9.5,30.0,9.533333333333317,30.0,1.3066666666666666
1937,5,3.5,20.5,27.6,5.6,1.2,1937-05-01,31,173.6,-170.1,CRU-CY4.08,CRU-CY:Israel,gridded estimate; station support unavailable,30.0,-0.8766666666666669,30.0,-1.0466666666666704,30.0,-0.33666666666666245,30.0,5.993333333333339,30.0,-6.8700000000000045,30.0,0.09999999999999964
1937,6,0.2,23.0,29.8,6.5,0.2,1937-06-01,30,195.0,-194.8,CRU-CY4.08,CRU-CY:Israel,gridded estimate; station support unavailable,30.0,0.09333333333333332,30.0,-1.3033333333333346,30.0,-0.7133333333333312,30.0,0.8000000000000114,30.0,-0.7066666666667061,30.0,0.15
1937,7,0.0,25.3,31.6,6.5,0.0,1937-07-01,31,201.5,-201.5,CRU-CY4.08,CRU-CY:Israel,gridded estimate; station support unavailable,30.0,0.0,30.0,-0.9699999999999989,30.0,-0.5,30.0,-0.20666666666667766,30.0,0.20666666666667766,30.0,0.0
1937,8,0.0,25.3,31.4,5.9,0.0,1937-08-01,31,182.9,-182.9,CRU-CY4.08,CRU-CY:Israel,gridded estimate; station support unavailable,30.0,0.0,30.0,-1.4033333333333324,30.0,-0.9500000000000028,30.0,-3.409999999999968,30.0,3.409999999999968,30.0,0.0
1937,9,0.0,25.3,32.2,5.3,0.0,1937-09-01,30,159.0,-159.0,CRU-CY4.08,CRU-CY:Israel,gridded estimate; station support unavailable,30.0,-0.44,30.0,0.2066666666666741,30.0,1.3733333333333384,30.0,11.400000000000006,30.0,-11.840000000000003,30.0,-0.09333333333333334
1937,10,32.9,22.1,28.7,3.8,4.7,1937-10-01,31,117.8,-84.9,CRU-CY4.08,CRU-CY:Israel,gridded estimate; station support unavailable,30.0,17.226666666666667,30.0,-0.31999999999999673,30.0,0.509999999999998,30.0,5.993333333333354,30.0,11.233333333333334,30.0,2.1000000000000005
1937,11,56.6,18.5,23.8,2.5,7.7,1937-11-01,30,75.0,-18.4,CRU-CY4.08,CRU-CY:Israel,gridded estimate; station support unavailable,30.0,5.359999999999999,30.0,0.783333333333335,30.0,0.5200000000000031,30.0,0.20000000000000284,30.0,5.16,30.0,2.7666666666666675
1937,12,43.7,14.6,20.5,2.0,4.6,1937-12-01,31,62.0,-18.299999999999997,CRU-CY4.08,CRU-CY:Israel,gridded estimate; station support unavailable,30.0,-50.023333333333326,30.0,0.836666666666666,30.0,1.8933333333333309,30.0,4.339999999999996,30.0,-54.36333333333332,30.0,-4.379999999999999
1938,1,176.7,11.8,16.2,1.8,14.9,1938-01-01,31,55.800000000000004,120.89999999999998,CRU-CY4.08,CRU-CY:Israel,gridded estimate; station support unavailable,30.0,68.04333333333331,30.0,-0.4233333333333338,30.0,-0.5466666666666669,30.0,-1.0333333333333243,30.0,69.07666666666664,30.0,3.9133333333333304
1938,2,132.8,11.0,16.0,2.3,12.6,1938-02-01,28,64.39999999999999,68.40000000000002,CRU-CY4.08,CRU-CY:Israel,gridded estimate; station support unavailable,30.0,54.66,30.0,-1.8400000000000034,30.0,-1.8299999999999983,30.0,-3.5300000000000153,30.0,58.19000000000002,30.0,2.2666666666666675
1938,3,55.5,11.8,17.4,3.0,8.7,1938-03-01,31,93.0,-37.5,CRU-CY4.08,CRU-CY:Israel,gridded estimate; station support unavailable,30.0,11.81666666666667,30.0,-3.346666666666666,30.0,-3.1799999999999997,30.0,-7.750000000000014,30.0,19.566666666666656,30.0,2.3333333333333313
1938,4,10.7,17.7,24.7,4.6,2.2,1938-04-01,30,138.0,-127.3,CRU-CY4.08,CRU-CY:Israel,gridded estimate; station support unavailable,30.0,-5.56666666666667,30.0,-0.6933333333333316,30.0,0.07000000000000028,30.0,3.5,30.0,-9.066666666666677,30.0,-0.293333333333333
1938,5,14.3,19.9,27.1,5.5,2.4,1938-05-01,31,170.5,-156.2,CRU-CY4.08,CRU-CY:Israel,gridded estimate; station support unavailable,30.0,9.923333333333334,30.0,-1.6466666666666718,30.0,-0.8366666666666625,30.0,2.893333333333345,30.0,7.030000000000001,30.0,1.2999999999999996
1938,6,0.0,23.1,30.3,6.6,0.0,1938-06-01,30,198.0,-198.0,CRU-CY4.08,CRU-CY:Israel,gridded estimate; station support unavailable,30.0,-0.10666666666666669,30.0,-1.2033333333333331,30.0,-0.21333333333333115,30.0,3.8000000000000114,30.0,-3.9066666666666947,30.0,-0.05000000000000001
1938,7,0.0,26.0,33.1,6.7,0.0,1938-07-01,31,207.70000000000002,-207.70000000000002,CRU-CY4.08,CRU-CY:Israel,gridded estimate; station support unavailable,30.0,0.0,30.0,-0.2699999999999996,30.0,1.0,30.0,5.993333333333339,30.0,-5.993333333333339,30.0,0.0
1938,8,0.0,26.3,33.2,6.3,0.0,1938-08-01,31,195.29999999999998,-195.29999999999998,CRU-CY4.08,CRU-CY:Israel,gridded estimate; station support unavailable,30.0,0.0,30.0,-0.40333333333333243,30.0,0.8500000000000014,30.0,8.990000000000009,30.0,-8.990000000000009,30.0,0.0
1938,9,0.8,23.6,30.2,4.9,0.0,1938-09-01,30,147.0,-146.2,CRU-CY4.08,CRU-CY:Israel,gridded estimate; station support unavailable,30.0,0.36000000000000004,30.0,-1.4933333333333252,30.0,-0.6266666666666652,30.0,-0.5999999999999943,30.0,0.960000000000008,30.0,-0.09333333333333334
1938,10,2.1,21.4,28.3,3.8,0.8,1938-10-01,31,117.8,-115.7,CRU-CY4.08,CRU-CY:Israel,gridded estimate; station support unavailable,30.0,-13.573333333333334,30.0,-1.0199999999999996,30.0,0.10999999999999943,30.0,5.993333333333354,30.0,-19.566666666666663,30.0,-1.7999999999999996
1938,11,145.9,16.2,21.8,2.4,9.9,1938-11-01,30,72.0,73.9,CRU-CY4.08,CRU-CY:Israel,gridded estimate; station support unavailable,30.0,94.66,30.0,-1.5166666666666657,30.0,-1.4799999999999969,30.0,-2.799999999999997,30.0,97.46000000000001,30.0,4.966666666666668
1938,12,70.3,14.2,19.0,1.9,10.2,1938-12-01,31,58.9,11.399999999999999,CRU-CY4.08,CRU-CY:Israel,gridded estimate; station support unavailable,30.0,-23.423333333333332,30.0,0.43666666666666565,30.0,0.39333333333333087,30.0,1.2399999999999949,30.0,-24.663333333333327,30.0,1.2200000000000006
1939,1,66.6,12.7,17.8,2.0,8.3,1939-01-01,31,62.0,4.599999999999994,CRU-CY4.08,CRU-CY:Israel,gridded estimate; station support unavailable,30.0,-42.056666666666686,30.0,0.4766666666666648,30.0,1.0533333333333346,30.0,5.166666666666671,30.0,-47.22333333333334,30.0,-2.686666666666669
1939,2,117.5,12.0,16.9,2.3,13.4,1939-02-01,28,64.39999999999999,53.10000000000001,CRU-CY4.08,CRU-CY:Israel,gridded estimate; station support unavailable,30.0,39.359999999999985,30.0,-0.8400000000000034,30.0,-0.9299999999999997,30.0,-3.5300000000000153,30.0,42.89000000000001,30.0,3.066666666666668
1939,3,82.3,13.4,18.8,3.0,10.1,1939-03-01,31,93.0,-10.700000000000003,CRU-CY4.08,CRU-CY:Israel,gridded estimate; station support unavailable,30.0,38.61666666666667,30.0,-1.7466666666666661,30.0,-1.7799999999999976,30.0,-7.750000000000014,30.0,46.36666666666665,30.0,3.7333333333333316
1939,4,15.6,18.2,25.0,4.6,3.1,1939-04-01,30,138.0,-122.4,CRU-CY4.08,CRU-CY:Israel,gridded estimate; station support unavailable,30.0,-0.6666666666666696,30.0,-0.19333333333333158,30.0,0.370000000000001,30.0,3.5,30.0,-4.166666666666686,30.0,0.6066666666666669
1939,5,1.1,22.9,30.5,6.1,0.3,1939-05-01,31,189.1,-188.0,CRU-CY4.08,CRU-CY:Israel,gridded estimate; station support unavailable,30.0,-3.276666666666667,30.0,1.3533333333333282,30.0,2.563333333333336,30.0,21.49333333333334,30.0,-24.77000000000001,30.0,-0.8000000000000003
1939,6,0.3,22.6,29.6,6.3,0.3,1939-06-01,30,189.0,-188.7,CRU-CY4.08,CRU-CY:Israel,gridded estimate; station support unavailable,30.0,0.1933333333333333,30.0,-1.7033333333333331,30.0,-0.9133333333333304,30.0,-5.199999999999989,30.0,5.393333333333317,30.0,0.24999999999999997
1939,7,0.0,25.4,32.2,6.5,0.0,1939-07-01,31,201.5,-201.5,CRU-CY4.08,CRU-CY:Israel,gridded estimate; station support unavailable,30.0,0.0,30.0,-0.870000000000001,30.0,0.10000000000000142,30.0,-0.20666666666667766,30.0,0.20666666666667766,30.0,0.0
1939,8,0.0,25.0,31.4,5.9,0.0,1939-08-01,31,182.9,-182.9,CRU-CY4.08,CRU-CY:Israel,gridded estimate; station support unavailable,30.0,0.0,30.0,-1.7033333333333331,30.0,-0.9500000000000028,30.0,-3.409999999999968,30.0,3.409999999999968,30.0,0.0
1939,9,0.0,24.6,31.2,5.1,0.0,1939-09-01,30,153.0,-153.0,CRU-CY4.08,CRU-CY:Israel,gridded estimate; station support unavailable,30.0,-0.44,30.0,-0.4933333333333252,30.0,0.37333333333333485,30.0,5.400000000000006,30.0,-5.840000000000003,30.0,-0.09333333333333334
1939,10,4.6,23.4,30.1,4.0,2.0,1939-10-01,31,124.0,-119.4,CRU-CY4.08,CRU-CY:Israel,gridded estimate; station support unavailable,30.0,-11.073333333333334,30.0,0.9800000000000004,30.0,1.9100000000000001,30.0,12.193333333333356,30.0,-23.266666666666666,30.0,-0.5999999999999996
1939,11,104.2,16.7,22.5,2.5,9.7,1939-11-01,30,75.0,29.200000000000003,CRU-CY4.08,CRU-CY:Israel,gridded estimate; station support unavailable,30.0,52.96,30.0,-1.0166666666666657,30.0,-0.7799999999999976,30.0,0.20000000000000284,30.0,52.760000000000005,30.0,4.766666666666667
1939,12,71.5,14.3,19.5,1.9,8.2,1939-12-01,31,58.9,12.600000000000001,CRU-CY4.08,CRU-CY:Israel,gridded estimate; station support unavailable,30.0,-22.22333333333333,30.0,0.5366666666666671,30.0,0.8933333333333309,30.0,1.2399999999999949,30.0,-23.463333333333324,30.0,-0.7799999999999994
1940,1,163.2,11.8,16.3,1.8,13.2,1940-01-01,31,55.800000000000004,107.39999999999998,CRU-CY4.08,CRU-CY:Israel,gridded estimate; station support unavailable,30.0,54.54333333333331,30.0,-0.4233333333333338,30.0,-0.44666666666666544,30.0,-1.0333333333333243,30.0,55.57666666666664,30.0,2.2133333333333294
1940,2,50.9,13.5,18.8,2.5,6.8,1940-02-01,29,72.5,-21.6,CRU-CY4.08,CRU-CY:Israel,gridded estimate; station support unavailable,30.0,-27.240000000000016,30.0,0.6599999999999966,30.0,0.9700000000000024,30.0,4.569999999999993,30.0,-31.810000000000002,30.0,-3.5333333333333323
1940,3,43.9,13.6,19.2,3.1,7.6,1940-03-01,31,96.10000000000001,-52.20000000000001,CRU-CY4.08,CRU-CY:Israel,gridded estimate; station support unavailable,30.0,0.21666666666666856,30.0,-1.5466666666666669,30.0,-1.379999999999999,30.0,-4.650000000000006,30.0,4.866666666666646,30.0,1.2333333333333316
1940,4,30.3,18.2,24.7,4.5,4.2,1940-04-01,30,135.0,-104.7,CRU-CY4.08,CRU-CY:Israel,gridded estimate; station support unavailable,30.0,14.033333333333331,30.0,-0.19333333333333158,30.0,0.07000000000000028,30.0,0.5,30.0,13.533333333333317,30.0,1.706666666666667
1940,5,2.6,20.2,27.5,5.6,0.5,1940-05-01,31,173.6,-171.0,CRU-CY4.08,CRU-CY:Israel,gridded estimate; station support unavailable,30.0,-1.7766666666666668,30.0,-1.3466666666666711,30.0,-0.43666666666666387,30.0,5.993333333333339,30.0,-7.77000000000001,30.0,-0.6000000000000003
1940,6,0.1,23.5,30.3,6.4,0.1,1940-06-01,30,192.0,-191.9,CRU-CY4.08,CRU-CY:Israel,gridded estimate; station support unavailable,30.0,-0.006666666666666682,30.0,-0.8033333333333346,30.0,-0.21333333333333115,30.0,-2.1999999999999886,30.0,2.1933333333332996,30.0,0.049999999999999996
1940,7,0.0,25.3,31.6,6.4,0.0,1940-07-01,31,198.4,-198.4,CRU-CY4.08,CRU-CY:Israel,gridded estimate; station support unavailable,30.0,0.0,30.0,-0.9699999999999989,30.0,-0.5,30.0,-3.306666666666672,30.0,3.306666666666672,30.0,0.0
1940,8,0.0,24.7,31.2,5.8,0.0,1940-08-01,31,179.79999999999998,-179.79999999999998,CRU-CY4.08,CRU-CY:Israel,gridded estimate; station support unavailable,30.0,0.0,30.0,-2.003333333333334,30.0,-1.1500000000000021,30.0,-6.509999999999991,30.0,6.509999999999991,30.0,0.0
1940,9,0.2,23.5,29.3,4.7,0.0,1940-09-01,30,141.0,-140.8,CRU-CY4.08,CRU-CY:Israel,gridded estimate; station support unavailable,30.0,-0.24,30.0,-1.5933333333333266,30.0,-1.5266666666666637,30.0,-6.599999999999994,30.0,6.359999999999985,30.0,-0.09333333333333334
1940,10,15.7,22.3,28.0,3.6,3.7,1940-10-01,31,111.60000000000001,-95.9,CRU-CY4.08,CRU-CY:Israel,gridded estimate; station support unavailable,30.0,0.026666666666665506,30.0,-0.11999999999999744,30.0,-0.19000000000000128,30.0,-0.20666666666663502,30.0,0.23333333333333428,30.0,1.1000000000000005
1940,11,84.6,17.4,22.8,2.5,5.8,1940-11-01,30,75.0,9.599999999999994,CRU-CY4.08,CRU-CY:Israel,gridded estimate; station support unavailable,30.0,33.35999999999999,30.0,-0.31666666666666643,30.0,-0.4799999999999969,30.0,0.20000000000000284,30.0,33.16,30.0,0.8666666666666671
1940,12,126.7,13.7,18.1,1.8,9.7,1940-12-01,31,55.800000000000004,70.9,CRU-CY4.08,CRU-CY:Israel,gridded estimate; station support unavailable,30.0,32.976666666666674,30.0,-0.06333333333333435,30.0,-0.5066666666666677,30.0,-1.8599999999999994,30.0,34.83666666666668,30.0,0.7200000000000006
1941,1,97.8,13.1,17.6,1.8,8.5,1941-01-01,31,55.800000000000004,41.99999999999999,CRU-CY4.08,CRU-CY:Israel,gridded estimate; station support unavailable,30.0,-10.856666666666683,30.0,0.8766666666666652,30.0,0.8533333333333353,30.0,-1.0333333333333243,30.0,-9.823333333333345,30.0,-2.48666666666667
1941,2,46.2,14.9,19.9,2.5,8.7,1941-02-01,28,70.0,-23.799999999999997,CRU-CY4.08,CRU-CY:Israel,gridded estimate; station support unavailable,30.0,-31.940000000000012,30.0,2.059999999999997,30.0,2.0700000000000003,30.0,2.069999999999993,30.0,-34.01,30.0,-1.6333333333333329
1941,3,63.8,14.1,19.3,3.1,9.8,1941-03-01,31,96.10000000000001,-32.30000000000001,CRU-CY4.08,CRU-CY:Israel,gridded estimate; station support unavailable,30.0,20.116666666666667,30.0,-1.0466666666666669,30.0,-1.2799999999999976,30.0,-4.650000000000006,30.0,24.766666666666644,30.0,3.4333333333333327
1941,4,9.3,18.2,24.5,4.4,1.9,1941-04-01,30,132.0,-122.7,CRU-CY4.08,CRU-CY:Israel,gridded estimate; station support unavailable,30.0,-6.966666666666669,30.0,-0.19333333333333158,30.0,-0.129999999999999,30.0,-2.5,30.0,-4.466666666666683,30.0,-0.5933333333333333
1941,5,0.3,22.6,29.3,5.8,0.2,1941-05-01,31,179.79999999999998,-179.49999999999997,CRU-CY4.08,CRU-CY:Israel,gridded estimate; station support unavailable,30.0,-4.076666666666667,30.0,1.053333333333331,30.0,1.3633333333333368,30.0,12.193333333333328,30.0,-16.269999999999982,30.0,-0.9000000000000004
1941,6,0.0,23.4,29.6,6.3,0.0,1941-06-01,30,189.0,-189.0,CRU-CY4.08,CRU-CY:Israel,gridded estimate; station support unavailable,30.0,-0.10666666666666669,30.0,-0.903333333333336,30.0,-0.9133333333333304,30.0,-5.199999999999989,30.0,5.093333333333305,30.0,-0.05000000000000001
1941,7,0.0,25.2,31.1,6.3,0.0,1941-07-01,31,195.29999999999998,-195.29999999999998,CRU-CY4.08,CRU-CY:Israel,gridded estimate; station support unavailable,30.0,0.0,30.0,-1.0700000000000003,30.0,-1.0,30.0,-6.406666666666695,30.0,6.406666666666695,30.0,0.0
1941,8,0.0,25.5,31.4,5.8,0.0,1941-08-01,31,179.79999999999998,-179.79999999999998,CRU-CY4.08,CRU-CY:Israel,gridded estimate; station support unavailable,30.0,0.0,30.0,-1.2033333333333331,30.0,-0.9500000000000028,30.0,-6.509999999999991,30.0,6.509999999999991,30.0,0.0
1941,9,0.2,23.0,28.8,4.6,0.0,1941-09-01,30,138.0,-137.8,CRU-CY4.08,CRU-CY:Israel,gridded estimate; station support unavailable,30.0,-0.24,30.0,-2.0933333333333266,30.0,-2.0266666666666637,30.0,-9.599999999999994,30.0,9.359999999999985,30.0,-0.09333333333333334
1941,10,6.2,19.5,25.4,3.3,1.7,1941-10-01,31,102.3,-96.1,CRU-CY4.08,CRU-CY:Israel,gridded estimate; station support unavailable,30.0,-9.473333333333333,30.0,-2.919999999999998,30.0,-2.7900000000000027,30.0,-9.506666666666646,30.0,0.03333333333334565,30.0,-0.8999999999999997
1941,11,13.1,17.7,23.0,2.4,4.6,1941-11-01,30,72.0,-58.9,CRU-CY4.08,CRU-CY:Israel,gridded estimate; station support unavailable,30.0,-38.14,30.0,-0.01666666666666572,30.0,-0.2799999999999976,30.0,-2.799999999999997,30.0,-35.34,30.0,-0.33333333333333304
1941,12,227.5,10.8,15.4,1.6,14.0,1941-12-01,31,49.6,177.9,CRU-CY4.08,CRU-CY:Israel,gridded estimate; station support unavailable,30.0,133.77666666666667,30.0,-2.963333333333333,30.0,-3.2066666666666688,30.0,-8.060000000000002,30.0,141.83666666666667,30.0,5.020000000000001
1942,1,114.9,10.1,14.4,1.7,11.2,1942-01-01,31,52.699999999999996,62.20000000000001,CRU-CY4.08,CRU-CY:Israel,gridded estimate; station support unavailable,30.0,6.243333333333325,30.0,-2.123333333333335,30.0,-2.346666666666666,30.0,-4.133333333333333,30.0,10.376666666666672,30.0,0.21333333333332938
1942,2,76.9,13.1,17.9,2.4,10.7,1942-02-01,28,67.2,9.700000000000003,CRU-CY4.08,CRU-CY:Israel,gridded estimate; station support unavailable,30.0,-1.240000000000009,30.0,0.25999999999999623,30.0,0.07000000000000028,30.0,-0.730000000000004,30.0,-0.509999999999998,30.0,0.36666666666666714
1942,3,91.9,14.5,19.7,3.1,10.9,1942-03-01,31,96.10000000000001,-4.200000000000003,CRU-CY4.08,CRU-CY:Israel,gridded estimate; station support unavailable,30.0,48.216666666666676,30.0,-0.6466666666666665,30.0,-0.879999999999999,30.0,-4.650000000000006,30.0,52.86666666666665,30.0,4.533333333333332
1942,4,3.1,18.3,24.6,4.4,1.2,1942-04-01,30,132.0,-128.9,CRU-CY4.08,CRU-CY:Israel,gridded estimate; station support unavailable,30.0,-13.16666666666667,30.0,-0.09333333333333016,30.0,-0.029999999999997584,30.0,-2.5,30.0,-10.666666666666686,30.0,-1.2933333333333332
1942,5,1.0,21.6,28.2,5.5,0.4,1942-05-01,31,170.5,-169.5,CRU-CY4.08,CRU-CY:Israel,gridded estimate; station support unavailable,30.0,-3.376666666666667,30.0,0.05333333333333101,30.0,0.2633333333333354,30.0,2.893333333333345,30.0,-6.27000000000001,30.0,-0.7000000000000003
1942,6,0.1,24.8,31.2,6.6,0.1,1942-06-01,30,198.0,-197.9,CRU-CY4.08,CRU-CY:Israel,gridded estimate; station support unavailable,30.0,-0.006666666666666682,30.0,0.49666666666666615,30.0,0.6866666666666674,30.0,3.8000000000000114,30.0,-3.8066666666667004,30.0,0.049999999999999996
1942,7,0.0,25.0,31.0,6.3,0.0,1942-07-01,31,195.29999999999998,-195.29999999999998,CRU-CY4.08,CRU-CY:Israel,gridded estimate; station support unavailable,30.0,0.0,30.0,-1.2699999999999996,30.0,-1.1000000000000014,30.0,-6.406666666666695,30.0,6.406666666666695,30.0,0.0
1942,8,0.0,24.8,30.6,5.7,0.0,1942-08-01,31,176.70000000000002,-176.70000000000002,CRU-CY4.08,CRU-CY:Israel,gridded estimate; station support unavailable,30.0,0.0,30.0,-1.9033333333333324,30.0,-1.75,30.0,-9.609999999999957,30.0,9.609999999999957,30.0,0.0
1942,9,0.9,23.0,28.8,4.6,0.0,1942-09-01,30,138.0,-137.1,CRU-CY4.08,CRU-CY:Israel,gridded estimate; station support unavailable,30.0,0.46,30.0,-2.0933333333333266,30.0,-2.0266666666666637,30.0,-9.599999999999994,30.0,10.060000000000002,30.0,-0.09333333333333334
1942,10,48.3,21.0,26.5,3.4,5.7,1942-10-01,31,105.39999999999999,-57.099999999999994,CRU-CY4.08,CRU-CY:Israel,gridded estimate; station support unavailable,30.0,32.626666666666665,30.0,-1.4199999999999982,30.0,-1.6900000000000013,30.0,-6.406666666666652,30.0,39.033333333333346,30.0,3.1000000000000005
1942,11,71.3,17.4,22.5,2.4,6.8,1942-11-01,30,72.0,-0.7000000000000028,CRU-CY4.08,CRU-CY:Israel,gridded estimate; station support unavailable,30.0,20.059999999999995,30.0,-0.31666666666666643,30.0,-0.7799999999999976,30.0,-2.799999999999997,30.0,22.859999999999996,30.0,1.8666666666666671
1942,12,33.8,13.1,17.8,1.7,7.5,1942-12-01,31,52.699999999999996,-18.9,CRU-CY4.08,CRU-CY:Israel,gridded estimate; station support unavailable,30.0,-59.92333333333333,30.0,-0.663333333333334,30.0,-0.8066666666666684,30.0,-4.960000000000008,30.0,-54.963333333333324,30.0,-1.4799999999999986
1943,1,177.9,11.2,15.3,1.7,11.4,1943-01-01,31,52.699999999999996,125.20000000000002,CRU-CY4.08,CRU-CY:Israel,gridded estimate; station support unavailable,30.0,69.24333333333333,30.0,-1.0233333333333352,30.0,-1.4466666666666654,30.0,-4.133333333333333,30.0,73.37666666666668,30.0,0.41333333333333044
1943,2,70.4,10.5,15.3,2.2,11.1,1943-02-01,28,61.60000000000001,8.799999999999997,CRU-CY4.08,CRU-CY:Israel,gridded estimate; station support unavailable,30.0,-7.740000000000009,30.0,-2.3400000000000034,30.0,-2.5299999999999976,30.0,-6.329999999999998,30.0,-1.4100000000000037,30.0,0.7666666666666675
1943,3,103.8,11.3,16.5,2.8,11.6,1943-03-01,31,86.8,17.0,CRU-CY4.08,CRU-CY:Israel,gridded estimate; station support unavailable,30.0,60.11666666666667,30.0,-3.846666666666666,30.0,-4.079999999999998,30.0,-13.950000000000017,30.0,74.06666666666666,30.0,5.233333333333332
1943,4,52.9,15.0,21.2,3.9,4.6,1943-04-01,30,117.0,-64.1,CRU-CY4.08,CRU-CY:Israel,gridded estimate; station support unavailable,30.0,36.633333333333326,30.0,-3.393333333333331,30.0,-3.4299999999999997,30.0,-17.5,30.0,54.133333333333326,30.0,2.1066666666666665
1943,5,2.2,19.6,25.9,5.1,1.1,1943-05-01,31,158.1,-155.9,CRU-CY4.08,CRU-CY:Israel,gridded estimate; station support unavailable,30.0,-2.1766666666666667,30.0,-1.946666666666669,30.0,-2.0366666666666653,30.0,-9.50666666666666,30.0,7.329999999999984,30.0,-2.220446049250313e-16
1943,6,0.0,21.7,27.8,6.0,0.0,1943-06-01,30,180.0,-180.0,CRU-CY4.08,CRU-CY:Israel,gridded estimate; station support unavailable,30.0,-0.10666666666666669,30.0,-2.6033333333333353,30.0,-2.713333333333331,30.0,-14.199999999999989,30.0,14.093333333333305,30.0,-0.05000000000000001
1943,7,0.0,24.6,30.7,6.3,0.0,1943-07-01,31,195.29999999999998,-195.29999999999998,CRU-CY4.08,CRU-CY:Israel,gridded estimate; station support unavailable,30.0,0.0,30.0,-1.6699999999999982,30.0,-1.4000000000000021,30.0,-6.406666666666695,30.0,6.406666666666695,30.0,0.0
1943,8,0.0,25.8,31.6,5.8,0.0,1943-08-01,31,179.79999999999998,-179.79999999999998,CRU-CY4.08,CRU-CY:Israel,gridded estimate; station support unavailable,30.0,0.0,30.0,-0.9033333333333324,30.0,-0.75,30.0,-6.509999999999991,30.0,6.509999999999991,30.0,0.0
1943,9,0.0,24.6,31.5,5.1,0.0,1943-09-01,30,153.0,-153.0,CRU-CY4.08,CRU-CY:Israel,gridded estimate; station support unavailable,30.0,-0.44,30.0,-0.4933333333333252,30.0,0.6733333333333356,30.0,5.400000000000006,30.0,-5.840000000000003,30.0,-0.09333333333333334
1943,10,14.0,23.3,30.4,4.0,2.9,1943-10-01,31,124.0,-110.0,CRU-CY4.08,CRU-CY:Israel,gridded estimate; station support unavailable,30.0,-1.6733333333333338,30.0,0.8800000000000026,30.0,2.2099999999999973,30.0,12.193333333333356,30.0,-13.86666666666666,30.0,0.30000000000000027
1943,11,6.6,19.8,26.9,2.9,1.4,1943-11-01,30,87.0,-80.4,CRU-CY4.08,CRU-CY:Israel,gridded estimate; station support unavailable,30.0,-44.64,30.0,2.0833333333333357,30.0,3.620000000000001,30.0,12.200000000000003,30.0,-56.84,30.0,-3.5333333333333328
1943,12,54.7,14.8,20.9,2.0,8.3,1943-12-01,31,62.0,-7.299999999999997,CRU-CY4.08,CRU-CY:Israel,gridded estimate; station support unavailable,30.0,-39.023333333333326,30.0,1.036666666666667,30.0,2.2933333333333294,30.0,4.339999999999996,30.0,-43.36333333333332,30.0,-0.6799999999999979
1944,1,214.7,10.9,15.7,1.8,15.9,1944-01-01,31,55.800000000000004,158.89999999999998,CRU-CY4.08,CRU-CY:Israel,gridded estimate; station support unavailable,30.0,106.04333333333331,30.0,-1.3233333333333341,30.0,-1.0466666666666669,30.0,-1.0333333333333243,30.0,107.07666666666664,30.0,4.91333333333333
1944,2,51.9,12.5,17.9,2.5,8.4,1944-02-01,29,72.5,-20.6,CRU-CY4.08,CRU-CY:Israel,gridded estimate; station support unavailable,30.0,-26.240000000000016,30.0,-0.3400000000000034,30.0,0.07000000000000028,30.0,4.569999999999993,30.0,-30.810000000000002,30.0,-1.9333333333333318
1944,3,43.4,14.7,20.9,3.4,8.1,1944-03-01,31,105.39999999999999,-61.99999999999999,CRU-CY4.08,CRU-CY:Israel,gridded estimate; station support unavailable,30.0,-0.28333333333333144,30.0,-0.4466666666666672,30.0,0.3200000000000003,30.0,4.649999999999977,30.0,-4.933333333333337,30.0,1.7333333333333316
1944,4,13.1,18.2,25.1,4.6,2.7,1944-04-01,30,138.0,-124.9,CRU-CY4.08,CRU-CY:Israel,gridded estimate; station support unavailable,30.0,-3.1666666666666696,30.0,-0.19333333333333158,30.0,0.4700000000000024,30.0,3.5,30.0,-6.666666666666686,30.0,0.206666666666667
1944,5,11.8,19.2,25.9,5.2,2.0,1944-05-01,31,161.20000000000002,-149.4,CRU-CY4.08,CRU-CY:Israel,gridded estimate; station support unavailable,30.0,7.423333333333334,30.0,-2.346666666666671,30.0,-2.0366666666666653,30.0,-6.406666666666638,30.0,13.829999999999984,30.0,0.8999999999999997
1944,6,0.0,23.8,31.1,6.7,0.0,1944-06-01,30,201.0,-201.0,CRU-CY4.08,CRU-CY:Israel,gridded estimate; station support unavailable,30.0,-0.10666666666666669,30.0,-0.5033333333333339,30.0,0.5866666666666696,30.0,6.800000000000011,30.0,-6.906666666666695,30.0,-0.05000000000000001
1944,7,0.0,24.7,31.2,6.3,0.0,1944-07-01,31,195.29999999999998,-195.29999999999998,CRU-CY4.08,CRU-CY:Israel,gridded estimate; station support unavailable,30.0,0.0,30.0,-1.5700000000000003,30.0,-0.9000000000000021,30.0,-6.406666666666695,30.0,6.406666666666695,30.0,0.0
1944,8,0.0,24.8,31.4,5.9,0.0,1944-08-01,31,182.9,-182.9,CRU-CY4.08,CRU-CY:Israel,gridded estimate; station support unavailable,30.0,0.0,30.0,-1.9033333333333324,30.0,-0.9500000000000028,30.0,-3.409999999999968,30.0,3.409999999999968,30.0,0.0
1944,9,0.0,24.0,30.5,5.0,0.0,1944-09-01,30,150.0,-150.0,CRU-CY4.08,CRU-CY:Israel,gridded estimate; station support unavailable,30.0,-0.44,30.0,-1.0933333333333266,30.0,-0.32666666666666444,30.0,2.4000000000000057,30.0,-2.8400000000000034,30.0,-0.09333333333333334
1944,10,1.9,21.9,28.8,3.8,0.9,1944-10-01,31,117.8,-115.89999999999999,CRU-CY4.08,CRU-CY:Israel,gridded estimate; station support unavailable,30.0,-13.773333333333333,30.0,-0.5199999999999996,30.0,0.6099999999999994,30.0,5.993333333333354,30.0,-19.76666666666665,30.0,-1.6999999999999997
1944,11,202.6,16.8,22.1,2.4,11.9,1944-11-01,30,72.0,130.6,CRU-CY4.08,CRU-CY:Israel,gridded estimate; station support unavailable,30.0,151.35999999999999,30.0,-0.9166666666666643,30.0,-1.1799999999999962,30.0,-2.799999999999997,30.0,154.16,30.0,6.966666666666668
1944,12,166.4,13.2,17.8,1.8,14.3,1944-12-01,31,55.800000000000004,110.6,CRU-CY4.08,CRU-CY:Israel,gridded estimate; station support unavailable,30.0,72.67666666666668,30.0,-0.5633333333333344,30.0,-0.8066666666666684,30.0,-1.8599999999999994,30.0,74.53666666666666,30.0,5.320000000000002
1945,1,132.0,11.3,16.2,1.9,12.8,1945-01-01,31,58.9,73.1,CRU-CY4.08,CRU-CY:Israel,gridded estimate; station support unavailable,30.0,23.34333333333332,30.0,-0.9233333333333338,30.0,-0.5466666666666669,30.0,2.06666666666667,30.0,21.276666666666657,30.0,1.8133333333333308
1945,2,112.4,10.3,15.2,2.2,11.9,1945-02-01,28,61.60000000000001,50.8,CRU-CY4.08,CRU-CY:Israel,gridded estimate; station support unavailable,30.0,34.25999999999999,30.0,-2.5400000000000027,30.0,-2.629999999999999,30.0,-6.329999999999998,30.0,40.589999999999996,30.0,1.5666666666666682
1945,3,32.9,11.4,17.4,3.0,7.1,1945-03-01,31,93.0,-60.1,CRU-CY4.08,CRU-CY:Israel,gridded estimate; station support unavailable,30.0,-10.783333333333331,30.0,-3.746666666666666,30.0,-3.1799999999999997,30.0,-7.750000000000014,30.0,-3.0333333333333456,30.0,0.7333333333333316
1945,4,10.4,15.6,22.6,4.3,2.2,1945-04-01,30,129.0,-118.6,CRU-CY4.08,CRU-CY:Israel,gridded estimate; station support unavailable,30.0,-5.866666666666669,30.0,-2.7933333333333312,30.0,-2.0299999999999976,30.0,-5.5,30.0,-0.36666666666667425,30.0,-0.293333333333333
1945,5,15.6,22.0,29.1,5.8,2.7,1945-05-01,31,179.79999999999998,-164.2,CRU-CY4.08,CRU-CY:Israel,gridded estimate; station support unavailable,30.0,11.223333333333333,30.0,0.4533333333333296,30.0,1.1633333333333375,30.0,12.193333333333328,30.0,-0.9699999999999989,30.0,1.5999999999999999
1945,6,0.0,22.5,29.3,6.3,0.1,1945-06-01,30,189.0,-189.0,CRU-CY4.08,CRU-CY:Israel,gridded estimate; station support unavailable,30.0,-0.10666666666666669,30.0,-1.8033333333333346,30.0,-1.2133333333333312,30.0,-5.199999999999989,30.0,5.093333333333305,30.0,0.049999999999999996
1945,7,0.0,25.5,32.3,6.5,0.0,1945-07-01,31,201.5,-201.5,CRU-CY4.08,CRU-CY:Israel,gridded estimate; station support unavailable,30.0,0.0,30.0,-0.7699999999999996,30.0,0.19999999999999574,30.0,-0.20666666666667766,30.0,0.20666666666667766,30.0,0.0
1945,8,0.0,26.5,33.2,6.2,0.0,1945-08-01,31,192.20000000000002,-192.20000000000002,CRU-CY4.08,CRU-CY:Israel,gridded estimate; station support unavailable,30.0,0.0,30.0,-0.20333333333333314,30.0,0.8500000000000014,30.0,5.890000000000043,30.0,-5.890000000000043,30.0,0.0
1945,9,0.4,24.3,30.9,5.0,0.0,1945-09-01,30,150.0,-149.6,CRU-CY4.08,CRU-CY:Israel,gridded estimate; station support unavailable,30.0,-0.03999999999999998,30.0,-0.7933333333333259,30.0,0.07333333333333414,30.0,2.4000000000000057,30.0,-2.4399999999999977,30.0,-0.09333333333333334
1945,10,2.4,20.3,27.1,3.6,0.5,1945-10-01,31,111.60000000000001,-109.2,CRU-CY4.08,CRU-CY:Israel,gridded estimate; station support unavailable,30.0,-13.273333333333333,30.0,-2.1199999999999974,30.0,-1.0899999999999999,30.0,-0.20666666666663502,30.0,-13.066666666666663,30.0,-2.0999999999999996
1945,11,71.7,17.4,23.6,2.6,6.5,1945-11-01,30,78.0,-6.299999999999997,CRU-CY4.08,CRU-CY:Israel,gridded estimate; station support unavailable,30.0,20.46,30.0,-0.31666666666666643,30.0,0.32000000000000384,30.0,3.200000000000003,30.0,17.26,30.0,1.5666666666666673
1945,12,96.6,12.4,17.9,1.8,10.7,1945-12-01,31,55.800000000000004,40.79999999999999,CRU-CY4.08,CRU-CY:Israel,gridded estimate; station support unavailable,30.0,2.876666666666665,30.0,-1.3633333333333333,30.0,-0.7066666666666706,30.0,-1.8599999999999994,30.0,4.736666666666665,30.0,1.7200000000000006
1946,1,41.8,12.2,17.5,1.9,8.3,1946-01-01,31,58.9,-17.1,CRU-CY4.08,CRU-CY:Israel,gridded estimate; station support unavailable,30.0,-66.85666666666668,30.0,-0.023333333333335204,30.0,0.7533333333333339,30.0,2.06666666666667,30.0,-68.92333333333335,30.0,-2.686666666666669
1946,2,134.7,11.5,16.6,2.3,12.6,1946-02-01,28,64.39999999999999,70.3,CRU-CY4.08,CRU-CY:Israel,gridded estimate; station support unavailable,30.0,56.559999999999974,30.0,-1.3400000000000034,30.0,-1.2299999999999969,30.0,-3.5300000000000153,30.0,60.089999999999996,30.0,2.2666666666666675
1946,3,37.9,13.5,19.4,3.2,7.3,1946-03-01,31,99.2,-61.300000000000004,CRU-CY4.08,CRU-CY:Israel,gridded estimate; station support unavailable,30.0,-5.783333333333331,30.0,-1.6466666666666665,30.0,-1.1799999999999997,30.0,-1.5500000000000114,30.0,-4.2333333333333485,30.0,0.9333333333333318
1946,4,1.7,17.5,24.7,4.6,1.0,1946-04-01,30,138.0,-136.3,CRU-CY4.08,CRU-CY:Israel,gridded estimate; station support unavailable,30.0,-14.56666666666667,30.0,-0.8933333333333309,30.0,0.07000000000000028,30.0,3.5,30.0,-18.06666666666669,30.0,-1.4933333333333332
1946,5,18.1,20.1,27.3,5.5,3.2,1946-05-01,31,170.5,-152.4,CRU-CY4.08,CRU-CY:Israel,gridded estimate; station support unavailable,30.0,13.723333333333334,30.0,-1.446666666666669,30.0,-0.6366666666666632,30.0,2.893333333333345,30.0,10.829999999999984,30.0,2.0999999999999996
1946,6,0.0,23.1,29.9,6.4,0.0,1946-06-01,30,192.0,-192.0,CRU-CY4.08,CRU-CY:Israel,gridded estimate; station support unavailable,30.0,-0.10666666666666669,30.0,-1.2033333333333331,30.0,-0.6133333333333333,30.0,-2.1999999999999886,30.0,2.0933333333333053,30.0,-0.05000000000000001
1946,7,0.0,25.2,31.8,6.4,0.0,1946-07-01,31,198.4,-198.4,CRU-CY4.08,CRU-CY:Israel,gridded estimate; station support unavailable,30.0,0.0,30.0,-1.0700000000000003,30.0,-0.3000000000000007,30.0,-3.306666666666672,30.0,3.306666666666672,30.0,0.0
1946,8,0.0,25.9,32.2,6.0,0.0,1946-08-01,31,186.0,-186.0,CRU-CY4.08,CRU-CY:Israel,gridded estimate; station support unavailable,30.0,0.0,30.0,-0.8033333333333346,30.0,-0.14999999999999858,30.0,-0.30999999999997385,30.0,0.30999999999997385,30.0,0.0
1946,9,0.1,25.2,31.8,5.1,0.0,1946-09-01,30,153.0,-152.9,CRU-CY4.08,CRU-CY:Israel,gridded estimate; station support unavailable,30.0,-0.33999999999999997,30.0,0.10666666666667268,30.0,0.9733333333333363,30.0,5.400000000000006,30.0,-5.740000000000009,30.0,-0.09333333333333334
1946,10,5.1,20.8,27.4,3.6,1.4,1946-10-01,31,111.60000000000001,-106.50000000000001,CRU-CY4.08,CRU-CY:Israel,gridded estimate; station support unavailable,30.0,-10.573333333333334,30.0,-1.6199999999999974,30.0,-0.7900000000000027,30.0,-0.20666666666663502,30.0,-10.366666666666674,30.0,-1.1999999999999997
1946,11,5.6,19.5,26.3,2.9,1.8,1946-11-01,30,87.0,-81.4,CRU-CY4.08,CRU-CY:Israel,gridded estimate; station support unavailable,30.0,-45.64,30.0,1.783333333333335,30.0,3.020000000000003,30.0,12.200000000000003,30.0,-57.84,30.0,-3.133333333333333
1946,12,60.1,13.7,18.6,1.8,7.6,1946-12-01,31,55.800000000000004,4.299999999999997,CRU-CY4.08,CRU-CY:Israel,gridded estimate; station support unavailable,30.0,-33.62333333333333,30.0,-0.06333333333333435,30.0,-0.006666666666667709,30.0,-1.8599999999999994,30.0,-31.76333333333333,30.0,-1.379999999999999
1947,1,143.5,11.7,16.2,1.8,12.6,1947-01-01,31,55.800000000000004,87.69999999999999,CRU-CY4.08,CRU-CY:Israel,gridded estimate; station support unavailable,30.0,34.84333333333332,30.0,-0.5233333333333352,30.0,-0.5466666666666669,30.0,-1.0333333333333243,30.0,35.87666666666665,30.0,1.6133333333333297
1947,2,25.0,13.5,19.2,2.5,5.5,1947-02-01,28,70.0,-45.0,CRU-CY4.08,CRU-CY:Israel,gridded estimate; station support unavailable,30.0,-53.140000000000015,30.0,0.6599999999999966,30.0,1.370000000000001,30.0,2.069999999999993,30.0,-55.21,30.0,-4.833333333333332
1947,3,39.3,16.5,22.8,3.6,7.0,1947-03-01,31,111.60000000000001,-72.30000000000001,CRU-CY4.08,CRU-CY:Israel,gridded estimate; station support unavailable,30.0,-4.383333333333333,30.0,1.3533333333333335,30.0,2.2200000000000024,30.0,10.849999999999994,30.0,-15.233333333333356,30.0,0.633333333333332
1947,4,11.0,18.2,25.0,4.6,2.7,1947-04-01,30,138.0,-127.0,CRU-CY4.08,CRU-CY:Israel,gridded estimate; station support unavailable,30.0,-5.266666666666669,30.0,-0.19333333333333158,30.0,0.370000000000001,30.0,3.5,30.0,-8.76666666666668,30.0,0.206666666666667
1947,5,5.3,21.7,28.6,5.7,1.2,1947-05-01,31,176.70000000000002,-171.4,CRU-CY4.08,CRU-CY:Israel,gridded estimate; station support unavailable,30.0,0.9233333333333329,30.0,0.15333333333332888,30.0,0.6633333333333375,30.0,9.093333333333362,30.0,-8.170000000000016,30.0,0.09999999999999964
1947,6,0.1,23.3,30.0,6.4,0.1,1947-06-01,30,192.0,-191.9,CRU-CY4.08,CRU-CY:Israel,gridded estimate; station support unavailable,30.0,-0.006666666666666682,30.0,-1.0033333333333339,30.0,-0.5133333333333319,30.0,-2.1999999999999886,30.0,2.1933333333332996,30.0,0.049999999999999996
1947,7,0.0,25.8,32.1,6.5,0.0,1947-07-01,31,201.5,-201.5,CRU-CY4.08,CRU-CY:Israel,gridded estimate; station support unavailable,30.0,0.0,30.0,-0.46999999999999886,30.0,0.0,30.0,-0.20666666666667766,30.0,0.20666666666667766,30.0,0.0
1947,8,0.0,25.9,32.3,6.0,0.0,1947-08-01,31,186.0,-186.0,CRU-CY4.08,CRU-CY:Israel,gridded estimate; station support unavailable,30.0,0.0,30.0,-0.8033333333333346,30.0,-0.05000000000000426,30.0,-0.30999999999997385,30.0,0.30999999999997385,30.0,0.0
1947,9,0.3,23.4,29.9,4.9,0.1,1947-09-01,30,147.0,-146.7,CRU-CY4.08,CRU-CY:Israel,gridded estimate; station support unavailable,30.0,-0.14,30.0,-1.693333333333328,30.0,-0.9266666666666659,30.0,-0.5999999999999943,30.0,0.46000000000000796,30.0,0.006666666666666668
1947,10,2.8,21.0,27.7,3.7,1.0,1947-10-01,31,114.7,-111.9,CRU-CY4.08,CRU-CY:Israel,gridded estimate; station support unavailable,30.0,-12.873333333333335,30.0,-1.4199999999999982,30.0,-0.490000000000002,30.0,2.8933333333333593,30.0,-15.766666666666666,30.0,-1.5999999999999996
1947,11,68.0,17.6,23.5,2.6,6.8,1947-11-01,30,78.0,-10.0,CRU-CY4.08,CRU-CY:Israel,gridded estimate; station support unavailable,30.0,16.759999999999998,30.0,-0.11666666666666359,30.0,0.22000000000000242,30.0,3.200000000000003,30.0,13.559999999999999,30.0,1.8666666666666671
1947,12,37.5,14.8,20.1,1.9,6.5,1947-12-01,31,58.9,-21.4,CRU-CY4.08,CRU-CY:Israel,gridded estimate; station support unavailable,30.0,-56.22333333333333,30.0,1.036666666666667,30.0,1.4933333333333323,30.0,1.2399999999999949,30.0,-57.463333333333324,30.0,-2.4799999999999986
1948,1,110.3,13.7,18.9,2.0,10.7,1948-01-01,31,62.0,48.3,CRU-CY4.08,CRU-CY:Israel,gridded estimate; station support unavailable,30.0,1.6433333333333167,30.0,1.4766666666666648,30.0,2.1533333333333324,30.0,5.166666666666671,30.0,-3.5233333333333405,30.0,-0.2866666666666706
1948,2,110.3,12.1,16.9,2.3,12.0,1948-02-01,29,66.69999999999999,43.60000000000001,CRU-CY4.08,CRU-CY:Israel,gridded estimate; station support unavailable,30.0,32.15999999999998,30.0,-0.7400000000000038,30.0,-0.9299999999999997,30.0,-1.2300000000000182,30.0,33.39000000000001,30.0,1.6666666666666679
1948,3,93.9,11.3,16.8,2.9,10.4,1948-03-01,31,89.89999999999999,4.000000000000014,CRU-CY4.08,CRU-CY:Israel,gridded estimate; station support unavailable,30.0,50.216666666666676,30.0,-3.846666666666666,30.0,-3.7799999999999976,30.0,-10.850000000000023,30.0,61.06666666666667,30.0,4.033333333333332
1948,4,21.4,16.0,22.3,4.1,3.8,1948-04-01,30,122.99999999999999,-101.6,CRU-CY4.08,CRU-CY:Israel,gridded estimate; station support unavailable,30.0,5.133333333333329,30.0,-2.393333333333331,30.0,-2.3299999999999983,30.0,-11.500000000000014,30.0,16.633333333333326,30.0,1.3066666666666666
1948,5,4.8,20.2,27.1,5.4,1.0,1948-05-01,31,167.4,-162.6,CRU-CY4.08,CRU-CY:Israel,gridded estimate; station support unavailable,30.0,0.4233333333333329,30.0,-1.3466666666666711,30.0,-0.8366666666666625,30.0,-0.20666666666664923,30.0,0.6299999999999955,30.0,-0.10000000000000031
1948,6,0.0,22.6,29.4,6.3,0.0,1948-06-01,30,189.0,-189.0,CRU-CY4.08,CRU-CY:Israel,gridded estimate; station support unavailable,30.0,-0.10666666666666669,30.0,-1.7033333333333331,30.0,-1.1133333333333333,30.0,-5.199999999999989,30.0,5.093333333333305,30.0,-0.05000000000000001
1948,7,0.0,24.9,31.7,6.5,0.0,1948-07-01,31,201.5,-201.5,CRU-CY4.08,CRU-CY:Israel,gridded estimate; station support unavailable,30.0,0.0,30.0,-1.370000000000001,30.0,-0.40000000000000213,30.0,-0.20666666666667766,30.0,0.20666666666667766,30.0,0.0
1948,8,0.0,25.2,31.8,5.9,0.0,1948-08-01,31,182.9,-182.9,CRU-CY4.08,CRU-CY:Israel,gridded estimate; station support unavailable,30.0,0.0,30.0,-1.5033333333333339,30.0,-0.5500000000000007,30.0,-3.409999999999968,30.0,3.409999999999968,30.0,0.0
1948,9,0.2,23.3,29.1,4.6,0.0,1948-09-01,30,138.0,-137.8,CRU-CY4.08,CRU-CY:Israel,gridded estimate; station support unavailable,30.0,-0.24,30.0,-1.793333333333326,30.0,-1.726666666666663,30.0,-9.599999999999994,30.0,9.359999999999985,30.0,-0.09333333333333334
1948,10,2.3,20.5,26.5,3.4,1.0,1948-10-01,31,105.39999999999999,-103.1,CRU-CY4.08,CRU-CY:Israel,gridded estimate; station support unavailable,30.0,-13.373333333333335,30.0,-1.9199999999999982,30.0,-1.6900000000000013,30.0,-6.406666666666652,30.0,-6.966666666666654,30.0,-1.5999999999999996
1948,11,48.1,16.5,22.1,2.4,5.7,1948-11-01,30,72.0,-23.9,CRU-CY4.08,CRU-CY:Israel,gridded estimate; station support unavailable,30.0,-3.1400000000000006,30.0,-1.216666666666665,30.0,-1.1799999999999962,30.0,-2.799999999999997,30.0,-0.33999999999999986,30.0,0.7666666666666675
1948,12,106.7,11.3,15.8,1.6,10.2,1948-12-01,31,49.6,57.1,CRU-CY4.08,CRU-CY:Israel,gridded estimate; station support unavailable,30.0,12.976666666666674,30.0,-2.463333333333333,30.0,-2.8066666666666684,30.0,-8.060000000000002,30.0,21.036666666666676,30.0,1.2200000000000006
1949,1,130.1,10.5,15.4,1.8,11.3,1949-01-01,31,55.800000000000004,74.29999999999998,CRU-CY4.08,CRU-CY:Israel,gridded estimate; station support unavailable,30.0,21.443333333333314,30.0,-1.7233333333333345,30.0,-1.3466666666666658,30.0,-1.0333333333333243,30.0,22.476666666666645,30.0,0.3133333333333308
1949,2,143.0,9.6,14.5,2.2,12.7,1949-02-01,28,61.60000000000001,81.39999999999999,CRU-CY4.08,CRU-CY:Israel,gridded estimate; station support unavailable,30.0,64.85999999999999,30.0,-3.2400000000000038,30.0,-3.3299999999999983,30.0,-6.329999999999998,30.0,71.19,30.0,2.366666666666667
1949,3,89.4,12.7,17.8,2.9,9.0,1949-03-01,31,89.89999999999999,-0.4999999999999858,CRU-CY4.08,CRU-CY:Israel,gridded estimate; station support unavailable,30.0,45.716666666666676,30.0,-2.446666666666667,30.0,-2.7799999999999976,30.0,-10.850000000000023,30.0,56.56666666666667,30.0,2.633333333333332
1949,4,61.1,14.4,20.6,3.9,5.2,1949-04-01,30,117.0,-55.9,CRU-CY4.08,CRU-CY:Israel,gridded estimate; station support unavailable,30.0,44.83333333333333,30.0,-3.9933333333333305,30.0,-4.029999999999998,30.0,-17.5,30.0,62.33333333333332,30.0,2.706666666666667
1949,5,1.9,21.7,28.5,5.6,0.9,1949-05-01,31,173.6,-171.7,CRU-CY4.08,CRU-CY:Israel,gridded estimate; station support unavailable,30.0,-2.476666666666667,30.0,0.15333333333332888,30.0,0.5633333333333361,30.0,5.993333333333339,30.0,-8.469999999999999,30.0,-0.2000000000000003
1949,6,0.0,23.1,29.8,6.4,0.0,1949-06-01,30,192.0,-192.0,CRU-CY4.08,CRU-CY:Israel,gridded estimate; station support unavailable,30.0,-0.10666666666666669,30.0,-1.2033333333333331,30.0,-0.7133333333333312,30.0,-2.1999999999999886,30.0,2.0933333333333053,30.0,-0.05000000000000001
1949,7,0.0,24.2,29.8,6.0,0.0,1949-07-01,31,186.0,-186.0,CRU-CY4.08,CRU-CY:Israel,gridded estimate; station support unavailable,30.0,0.0,30.0,-2.0700000000000003,30.0,-2.3000000000000007,30.0,-15.706666666666678,30.0,15.706666666666678,30.0,0.0
1949,8,0.0,24.4,30.3,5.6,0.0,1949-08-01,31,173.6,-173.6,CRU-CY4.08,CRU-CY:Israel,gridded estimate; station support unavailable,30.0,0.0,30.0,-2.3033333333333346,30.0,-2.0500000000000007,30.0,-12.70999999999998,30.0,12.70999999999998,30.0,0.0
1949,9,1.9,21.8,27.4,4.4,0.1,1949-09-01,30,132.0,-130.1,CRU-CY4.08,CRU-CY:Israel,gridded estimate; station support unavailable,30.0,1.46,30.0,-3.293333333333326,30.0,-3.426666666666666,30.0,-15.599999999999994,30.0,17.060000000000002,30.0,0.006666666666666668
1949,10,0.3,20.8,27.0,3.6,0.3,1949-10-01,31,111.60000000000001,-111.30000000000001,CRU-CY4.08,CRU-CY:Israel,gridded estimate; station support unavailable,30.0,-15.373333333333333,30.0,-1.6199999999999974,30.0,-1.1900000000000013,30.0,-0.20666666666663502,30.0,-15.166666666666671,30.0,-2.3
1949,11,6.2,18.9,24.6,2.6,2.5,1949-11-01,30,78.0,-71.8,CRU-CY4.08,CRU-CY:Israel,gridded estimate; station support unavailable,30.0,-45.04,30.0,1.1833333333333336,30.0,1.3200000000000038,30.0,3.200000000000003,30.0,-48.239999999999995,30.0,-2.4333333333333327
1949,12,168.1,13.7,18.2,1.8,13.8,1949-12-01,31,55.800000000000004,112.29999999999998,CRU-CY4.08,CRU-CY:Israel,gridded estimate; station support unavailable,30.0,74.37666666666667,30.0,-0.06333333333333435,30.0,-0.40666666666666984,30.0,-1.8599999999999994,30.0,76.23666666666665,30.0,4.820000000000002
1950,1,128.4,9.8,14.3,1.7,12.7,1950-01-01,31,52.699999999999996,75.70000000000002,CRU-CY4.08,CRU-CY:Israel,gridded estimate; station support unavailable,30.0,19.743333333333325,30.0,-2.423333333333334,30.0,-2.4466666666666654,30.0,-4.133333333333333,30.0,23.87666666666668,30.0,1.7133333333333294
1950,2,87.6,10.5,15.8,2.3,11.2,1950-02-01,28,64.39999999999999,23.200000000000003,CRU-CY4.08,CRU-CY:Israel,gridded estimate; station support unavailable,30.0,9.45999999999998,30.0,-2.3400000000000034,30.0,-2.0299999999999976,30.0,-3.5300000000000153,30.0,12.990000000000002,30.0,0.8666666666666671
1950,3,39.6,13.7,19.0,3.1,7.5,1950-03-01,31,96.10000000000001,-56.50000000000001,CRU-CY4.08,CRU-CY:Israel,gridded estimate; station support unavailable,30.0,-4.083333333333329,30.0,-1.4466666666666672,30.0,-1.5799999999999983,30.0,-4.650000000000006,30.0,0.5666666666666487,30.0,1.133333333333332
1950,4,12.4,18.8,25.2,4.5,2.9,1950-04-01,30,135.0,-122.6,CRU-CY4.08,CRU-CY:Israel,gridded estimate; station support unavailable,30.0,-3.866666666666669,30.0,0.40666666666666984,30.0,0.5700000000000003,30.0,0.5,30.0,-4.366666666666674,30.0,0.40666666666666673
1950,5,17.1,19.6,25.6,5.0,2.5,1950-05-01,31,155.0,-137.9,CRU-CY4.08,CRU-CY:Israel,gridded estimate; station support unavailable,30.0,12.723333333333334,30.0,-1.946666666666669,30.0,-2.3366666666666625,30.0,-12.606666666666655,30.0,25.329999999999984,30.0,1.3999999999999997
1950,6,0.0,22.2,28.7,6.1,0.2,1950-06-01,30,183.0,-183.0,CRU-CY4.08,CRU-CY:Israel,gridded estimate; station support unavailable,30.0,-0.10666666666666669,30.0,-2.1033333333333353,30.0,-1.8133333333333326,30.0,-11.199999999999989,30.0,11.093333333333305,30.0,0.15
1950,7,0.0,24.9,31.4,6.3,0.0,1950-07-01,31,195.29999999999998,-195.29999999999998,CRU-CY4.08,CRU-CY:Israel,gridded estimate; station support unavailable,30.0,0.0,30.0,-1.370000000000001,30.0,-0.7000000000000028,30.0,-6.406666666666695,30.0,6.406666666666695,30.0,0.0
1950,8,0.0,25.4,31.6,5.9,0.0,1950-08-01,31,182.9,-182.9,CRU-CY4.08,CRU-CY:Israel,gridded estimate; station support unavailable,30.0,0.0,30.0,-1.3033333333333346,30.0,-0.75,30.0,-3.409999999999968,30.0,3.409999999999968,30.0,0.0
1950,9,0.3,23.7,29.9,4.8,0.0,1950-09-01,30,144.0,-143.7,CRU-CY4.08,CRU-CY:Israel,gridded estimate; station support unavailable,30.0,-0.14,30.0,-1.3933333333333273,30.0,-0.9266666666666659,30.0,-3.5999999999999943,30.0,3.460000000000008,30.0,-0.09333333333333334
1950,10,18.6,20.1,26.1,3.4,3.0,1950-10-01,31,105.39999999999999,-86.79999999999998,CRU-CY4.08,CRU-CY:Israel,gridded estimate; station support unavailable,30.0,2.9266666666666676,30.0,-2.3199999999999967,30.0,-2.09,30.0,-6.406666666666652,30.0,9.333333333333357,30.0,0.40000000000000036
1950,11,27.8,17.2,23.2,2.6,4.5,1950-11-01,30,78.0,-50.2,CRU-CY4.08,CRU-CY:Israel,gridded estimate; station support unavailable,30.0,-23.44,30.0,-0.5166666666666657,30.0,-0.0799999999999983,30.0,3.200000000000003,30.0,-26.640000000000004,30.0,-0.4333333333333327
1950,12,40.5,14.7,20.0,2.0,7.0,1950-12-01,31,62.0,-21.5,CRU-CY4.08,CRU-CY:Israel,gridded estimate; station support unavailable,30.0,-53.22333333333333,30.0,0.9366666666666656,30.0,1.3933333333333309,30.0,4.339999999999996,30.0,-57.563333333333325,30.0,-1.9799999999999986
1951,1,69.5,13.0,17.9,2.0,9.4,1951-01-01,31,62.0,7.5,CRU-CY4.08,CRU-CY:Israel,gridded estimate; station support unavailable,30.0,-39.15666666666668,30.0,0.7766666666666655,30.0,1.1533333333333324,30.0,5.166666666666671,30.0,-44.32333333333334,30.0,-1.5866666666666696
1951,2,76.8,13.1,18.1,2.5,10.8,1951-02-01,28,70.0,6.799999999999997,CRU-CY4.08,CRU-CY:Israel,gridded estimate; station support unavailable,30.0,-1.3400000000000176,30.0,0.25999999999999623,30.0,0.2700000000000031,30.0,2.069999999999993,30.0,-3.4100000000000037,30.0,0.46666666666666856
1951,3,23.5,16.6,22.2,3.5,5.3,1951-03-01,31,108.5,-85.0,CRU-CY4.08,CRU-CY:Israel,gridded estimate; station support unavailable,30.0,-20.18333333333333,30.0,1.453333333333335,30.0,1.620000000000001,30.0,7.749999999999986,30.0,-27.933333333333344,30.0,-1.0666666666666682
1951,4,22.6,18.5,25.0,4.5,2.5,1951-04-01,30,135.0,-112.4,CRU-CY4.08,CRU-CY:Israel,gridded estimate; station support unavailable,30.0,6.333333333333332,30.0,0.10666666666666913,30.0,0.370000000000001,30.0,0.5,30.0,5.833333333333314,30.0,0.006666666666666821
1951,5,0.6,21.6,27.8,5.4,0.1,1951-05-01,31,167.4,-166.8,CRU-CY4.08,CRU-CY:Israel,gridded estimate; station support unavailable,30.0,-3.776666666666667,30.0,0.05333333333333101,30.0,-0.13666666666666316,30.0,-0.20666666666664923,30.0,-3.5700000000000216,30.0,-1.0000000000000002
1951,6,0.0,23.1,29.7,6.3,0.0,1951-06-01,30,189.0,-189.0,CRU-CY4.08,CRU-CY:Israel,gridded estimate; station support unavailable,30.0,-0.10666666666666669,30.0,-1.2033333333333331,30.0,-0.8133333333333326,30.0,-5.199999999999989,30.0,5.093333333333305,30.0,-0.05000000000000001
1951,7,0.0,25.5,31.8,6.4,0.0,1951-07-01,31,198.4,-198.4,CRU-CY4.08,CRU-CY:Israel,gridded estimate; station support unavailable,30.0,0.0,30.0,-0.7699999999999996,30.0,-0.3000000000000007,30.0,-3.306666666666672,30.0,3.306666666666672,30.0,0.0
1951,8,0.0,26.1,31.9,5.9,0.0,1951-08-01,31,182.9,-182.9,CRU-CY4.08,CRU-CY:Israel,gridded estimate; station support unavailable,30.0,0.0,30.0,-0.6033333333333317,30.0,-0.45000000000000284,30.0,-3.409999999999968,30.0,3.409999999999968,30.0,0.0
1951,9,0.8,24.8,30.7,4.9,0.1,1951-09-01,30,147.0,-146.2,CRU-CY4.08,CRU-CY:Israel,gridded estimate; station support unavailable,30.0,0.36000000000000004,30.0,-0.2933333333333259,30.0,-0.12666666666666515,30.0,-0.5999999999999943,30.0,0.960000000000008,30.0,0.006666666666666668
1951,10,11.4,21.0,26.8,3.5,2.1,1951-10-01,31,108.5,-97.1,CRU-CY4.08,CRU-CY:Israel,gridded estimate; station support unavailable,30.0,-4.273333333333333,30.0,-1.4199999999999982,30.0,-1.3900000000000006,30.0,-3.3066666666666436,30.0,-0.9666666666666544,30.0,-0.49999999999999956
1951,11,42.6,17.3,23.0,2.5,4.9,1951-11-01,30,75.0,-32.4,CRU-CY4.08,CRU-CY:Israel,gridded estimate; station support unavailable,30.0,-8.64,30.0,-0.4166666666666643,30.0,-0.2799999999999976,30.0,0.20000000000000284,30.0,-8.84,30.0,-0.03333333333333233
1951,12,231.1,11.7,16.0,1.6,14.9,1951-12-01,31,49.6,181.5,CRU-CY4.08,CRU-CY:Israel,gridded estimate; station support unavailable,30.0,137.37666666666667,30.0,-2.0633333333333344,30.0,-2.606666666666669,30.0,-8.060000000000002,30.0,145.43666666666667,30.0,5.920000000000002
1952,1,73.4,12.5,17.3,2.0,10.9,1952-01-01,31,62.0,11.400000000000006,CRU-CY4.08,CRU-CY:Israel,gridded estimate; station support unavailable,30.0,-35.256666666666675,30.0,0.2766666666666655,30.0,0.5533333333333346,30.0,5.166666666666671,30.0,-40.42333333333333,30.0,-0.08666666666666956
1952,2,107.7,13.0,17.6,2.4,12.9,1952-02-01,29,69.6,38.10000000000001,CRU-CY4.08,CRU-CY:Israel,gridded estimate; station support unavailable,30.0,29.559999999999988,30.0,0.1599999999999966,30.0,-0.22999999999999687,30.0,1.6699999999999875,30.0,27.890000000000008,30.0,2.566666666666668
1952,3,51.9,13.8,19.1,3.2,7.2,1952-03-01,31,99.2,-47.300000000000004,CRU-CY4.08,CRU-CY:Israel,gridded estimate; station support unavailable,30.0,8.216666666666669,30.0,-1.3466666666666658,30.0,-1.4799999999999969,30.0,-1.5500000000000114,30.0,9.766666666666652,30.0,0.8333333333333321
1952,4,7.0,17.9,24.3,4.4,1.8,1952-04-01,30,132.0,-125.0,CRU-CY4.08,CRU-CY:Israel,gridded estimate; station support unavailable,30.0,-9.26666666666667,30.0,-0.4933333333333323,30.0,-0.3299999999999983,30.0,-2.5,30.0,-6.76666666666668,30.0,-0.6933333333333331
1952,5,0.8,20.4,26.8,5.4,0.2,1952-05-01,31,167.4,-166.6,CRU-CY4.08,CRU-CY:Israel,gridded estimate; station support unavailable,30.0,-3.576666666666667,30.0,-1.1466666666666718,30.0,-1.1366666666666632,30.0,-0.20666666666664923,30.0,-3.3700000000000045,30.0,-0.9000000000000004
1952,6,0.0,23.0,30.0,6.5,0.0,1952-06-01,30,195.0,-195.0,CRU-CY4.08,CRU-CY:Israel,gridded estimate; station support unavailable,30.0,-0.10666666666666669,30.0,-1.3033333333333346,30.0,-0.5133333333333319,30.0,0.8000000000000114,30.0,-0.9066666666666947,30.0,-0.05000000000000001
1952,7,0.0,24.8,30.7,6.2,0.0,1952-07-01,31,192.20000000000002,-192.20000000000002,CRU-CY4.08,CRU-CY:Israel,gridded estimate; station support unavailable,30.0,0.0,30.0,-1.4699999999999989,30.0,-1.4000000000000021,30.0,-9.50666666666666,30.0,9.50666666666666,30.0,0.0
1952,8,0.0,26.7,32.4,6.0,0.0,1952-08-01,31,186.0,-186.0,CRU-CY4.08,CRU-CY:Israel,gridded estimate; station support unavailable,30.0,0.0,30.0,-0.0033333333333338544,30.0,0.04999999999999716,30.0,-0.30999999999997385,30.0,0.30999999999997385,30.0,0.0
1952,9,0.0,26.4,32.5,5.2,0.0,1952-09-01,30,156.0,-156.0,CRU-CY4.08,CRU-CY:Israel,gridded estimate; station support unavailable,30.0,-0.44,30.0,1.306666666666672,30.0,1.6733333333333356,30.0,8.400000000000006,30.0,-8.840000000000003,30.0,-0.09333333333333334
1952,10,11.8,23.2,29.1,3.8,2.6,1952-10-01,31,117.8,-106.0,CRU-CY4.08,CRU-CY:Israel,gridded estimate; station support unavailable,30.0,-3.873333333333333,30.0,0.7800000000000011,30.0,0.9100000000000001,30.0,5.993333333333354,30.0,-9.86666666666666,30.0,4.440892098500626e-16
1952,11,25.6,17.5,23.2,2.5,4.4,1952-11-01,30,75.0,-49.4,CRU-CY4.08,CRU-CY:Israel,gridded estimate; station support unavailable,30.0,-25.64,30.0,-0.216666666666665,30.0,-0.0799999999999983,30.0,0.20000000000000284,30.0,-25.84,30.0,-0.5333333333333323
1952,12,50.8,15.7,20.8,2.1,7.2,1952-12-01,31,65.10000000000001,-14.300000000000011,CRU-CY4.08,CRU-CY:Israel,gridded estimate; station support unavailable,30.0,-42.92333333333333,30.0,1.9366666666666656,30.0,2.1933333333333316,30.0,7.440000000000005,30.0,-50.36333333333334,30.0,-1.7799999999999985
1953,1,110.0,12.6,17.4,1.9,10.4,1953-01-01,31,58.9,51.1,CRU-CY4.08,CRU-CY:Israel,gridded estimate; station support unavailable,30.0,1.3433333333333195,30.0,0.37666666666666515,30.0,0.6533333333333324,30.0,2.06666666666667,30.0,-0.7233333333333363,30.0,-0.5866666666666696
1953,2,110.2,13.3,18.1,2.5,13.2,1953-02-01,28,70.0,40.2,CRU-CY4.08,CRU-CY:Israel,gridded estimate; station support unavailable,30.0,32.05999999999999,30.0,0.4599999999999973,30.0,0.2700000000000031,30.0,2.069999999999993,30.0,29.990000000000002,30.0,2.866666666666667
1953,3,128.8,11.7,17.2,2.9,11.5,1953-03-01,31,89.89999999999999,38.90000000000002,CRU-CY4.08,CRU-CY:Israel,gridded estimate; station support unavailable,30.0,85.11666666666667,30.0,-3.446666666666667,30.0,-3.379999999999999,30.0,-10.850000000000023,30.0,95.96666666666667,30.0,5.133333333333332
1953,4,11.0,17.4,23.7,4.3,2.9,1953-04-01,30,129.0,-118.0,CRU-CY4.08,CRU-CY:Israel,gridded estimate; station support unavailable,30.0,-5.266666666666669,30.0,-0.9933333333333323,30.0,-0.9299999999999997,30.0,-5.5,30.0,0.23333333333332007,30.0,0.40666666666666673
1953,5,0.6,20.8,27.2,5.4,0.3,1953-05-01,31,167.4,-166.8,CRU-CY4.08,CRU-CY:Israel,gridded estimate; station support unavailable,30.0,-3.776666666666667,30.0,-0.7466666666666697,30.0,-0.7366666666666646,30.0,-0.20666666666664923,30.0,-3.5700000000000216,30.0,-0.8000000000000003
1953,6,0.0,23.4,29.7,6.3,0.0,1953-06-01,30,189.0,-189.0,CRU-CY4.08,CRU-CY:Israel,gridded estimate; station support unavailable,30.0,-0.10666666666666669,30.0,-0.903333333333336,30.0,-0.8133333333333326,30.0,-5.199999999999989,30.0,5.093333333333305,30.0,-0.05000000000000001
1953,7,0.0,25.9,32.1,6.5,0.0,1953-07-01,31,201.5,-201.5,CRU-CY4.08,CRU-CY:Israel,gridded estimate; station support unavailable,30.0,0.0,30.0,-0.370000000000001,30.0,0.0,30.0,-0.20666666666667766,30.0,0.20666666666667766,30.0,0.0
1953,8,0.0,26.1,31.8,5.8,0.0,1953-08-01,31,179.79999999999998,-179.79999999999998,CRU-CY4.08,CRU-CY:Israel,gridded estimate; station support unavailable,30.0,0.0,30.0,-0.6033333333333317,30.0,-0.5500000000000007,30.0,-6.509999999999991,30.0,6.509999999999991,30.0,0.0
1953,9,0.1,23.6,29.5,4.7,0.0,1953-09-01,30,141.0,-140.9,CRU-CY4.08,CRU-CY:Israel,gridded estimate; station support unavailable,30.0,-0.33999999999999997,30.0,-1.4933333333333252,30.0,-1.3266666666666644,30.0,-6.599999999999994,30.0,6.259999999999991,30.0,-0.09333333333333334
1953,10,1.4,22.1,28.0,3.6,0.6,1953-10-01,31,111.60000000000001,-110.2,CRU-CY4.08,CRU-CY:Israel,gridded estimate; station support unavailable,30.0,-14.273333333333333,30.0,-0.31999999999999673,30.0,-0.19000000000000128,30.0,-0.20666666666663502,30.0,-14.066666666666663,30.0,-1.9999999999999996
1953,11,132.8,15.3,20.6,2.3,8.2,1953-11-01,30,69.0,63.80000000000001,CRU-CY4.08,CRU-CY:Israel,gridded estimate; station support unavailable,30.0,81.56,30.0,-2.4166666666666643,30.0,-2.679999999999996,30.0,-5.799999999999997,30.0,87.36000000000001,30.0,3.2666666666666666
1953,12,106.3,11.1,16.0,1.8,11.6,1953-12-01,31,55.800000000000004,50.49999999999999,CRU-CY4.08,CRU-CY:Israel,gridded estimate; station support unavailable,30.0,12.576666666666668,30.0,-2.663333333333334,30.0,-2.606666666666669,30.0,-1.8599999999999994,30.0,14.436666666666667,30.0,2.620000000000001
1954,1,82.1,11.4,15.9,1.9,8.5,1954-01-01,31,58.9,23.199999999999996,CRU-CY4.08,CRU-CY:Israel,gridded estimate; station support unavailable,30.0,-26.556666666666686,30.0,-0.8233333333333341,30.0,-0.8466666666666658,30.0,2.06666666666667,30.0,-28.623333333333342,30.0,-2.48666666666667
1954,2,122.9,12.6,17.4,2.4,13.8,1954-02-01,28,67.2,55.7,CRU-CY4.08,CRU-CY:Israel,gridded estimate; station support unavailable,30.0,44.75999999999999,30.0,-0.24000000000000377,30.0,-0.4299999999999997,30.0,-0.730000000000004,30.0,45.49,30.0,3.4666666666666686
1954,3,20.0,15.8,20.8,3.3,6.4,1954-03-01,31,102.3,-82.3,CRU-CY4.08,CRU-CY:Israel,gridded estimate; station support unavailable,30.0,-23.68333333333333,30.0,0.6533333333333342,30.0,0.22000000000000242,30.0,1.549999999999983,30.0,-25.23333333333334,30.0,0.03333333333333233
1954,4,34.5,16.2,22.0,4.0,4.4,1954-04-01,30,120.0,-85.5,CRU-CY4.08,CRU-CY:Israel,gridded estimate; station support unavailable,30.0,18.23333333333333,30.0,-2.1933333333333316,30.0,-2.629999999999999,30.0,-14.5,30.0,32.73333333333332,30.0,1.9066666666666672
1954,5,0.5,21.5,27.9,5.5,0.2,1954-05-01,31,170.5,-170.0,CRU-CY4.08,CRU-CY:Israel,gridded estimate; station support unavailable,30.0,-3.876666666666667,30.0,-0.04666666666667041,30.0,-0.03666666666666529,30.0,2.893333333333345,30.0,-6.77000000000001,30.0,-0.9000000000000004
1954,6,0.0,23.4,30.0,6.3,0.0,1954-06-01,30,189.0,-189.0,CRU-CY4.08,CRU-CY:Israel,gridded estimate; station support unavailable,30.0,-0.10666666666666669,30.0,-0.903333333333336,30.0,-0.5133333333333319,30.0,-5.199999999999989,30.0,5.093333333333305,30.0,-0.05000000000000001
1954,7,0.0,26.2,32.5,6.5,0.0,1954-07-01,31,201.5,-201.5,CRU-CY4.08,CRU-CY:Israel,gridded estimate; station support unavailable,30.0,0.0,30.0,-0.07000000000000028,30.0,0.3999999999999986,30.0,-0.20666666666667766,30.0,0.20666666666667766,30.0,0.0
1954,8,0.0,26.9,32.8,6.0,0.0,1954-08-01,31,186.0,-186.0,CRU-CY4.08,CRU-CY:Israel,gridded estimate; station support unavailable,30.0,0.0,30.0,0.19666666666666544,30.0,0.44999999999999574,30.0,-0.30999999999997385,30.0,0.30999999999997385,30.0,0.0
1954,9,0.5,23.9,30.1,4.8,0.1,1954-09-01,30,144.0,-143.5,CRU-CY4.08,CRU-CY:Israel,gridded estimate; station support unavailable,30.0,0.06,30.0,-1.193333333333328,30.0,-0.726666666666663,30.0,-3.5999999999999943,30.0,3.6599999999999966,30.0,0.006666666666666668
1954,10,3.8,22.0,27.8,3.6,1.3,1954-10-01,31,111.60000000000001,-107.80000000000001,CRU-CY4.08,CRU-CY:Israel,gridded estimate; station support unavailable,30.0,-11.873333333333335,30.0,-0.41999999999999815,30.0,-0.39000000000000057,30.0,-0.20666666666663502,30.0,-11.666666666666671,30.0,-1.2999999999999996
1954,11,68.8,17.9,22.8,2.5,8.0,1954-11-01,30,75.0,-6.200000000000003,CRU-CY4.08,CRU-CY:Israel,gridded estimate; station support unavailable,30.0,17.559999999999995,30.0,0.18333333333333357,30.0,-0.4799999999999969,30.0,0.20000000000000284,30.0,17.359999999999996,30.0,3.0666666666666673
1954,12,123.1,13.5,17.7,1.7,13.8,1954-12-01,31,52.699999999999996,70.4,CRU-CY4.08,CRU-CY:Israel,gridded estimate; station support unavailable,30.0,29.376666666666665,30.0,-0.26333333333333364,30.0,-0.9066666666666698,30.0,-4.960000000000008,30.0,34.33666666666668,30.0,4.820000000000002
1955,1,15.1,13.6,18.3,2.0,4.8,1955-01-01,31,62.0,-46.9,CRU-CY4.08,CRU-CY:Israel,gridded estimate; station support unavailable,30.0,-93.55666666666669,30.0,1.3766666666666652,30.0,1.5533333333333346,30.0,5.166666666666671,30.0,-98.72333333333333,30.0,-6.18666666666667
1955,2,28.7,15.4,20.3,2.7,5.9,1955-02-01,28,75.60000000000001,-46.900000000000006,CRU-CY4.08,CRU-CY:Israel,gridded estimate; station support unavailable,30.0,-49.44000000000001,30.0,2.559999999999997,30.0,2.4700000000000024,30.0,7.670000000000002,30.0,-57.11000000000001,30.0,-4.433333333333332
1955,3,38.9,14.9,20.5,3.2,6.7,1955-03-01,31,99.2,-60.300000000000004,CRU-CY4.08,CRU-CY:Israel,gridded estimate; station support unavailable,30.0,-4.783333333333331,30.0,-0.24666666666666615,30.0,-0.0799999999999983,30.0,-1.5500000000000114,30.0,-3.2333333333333485,30.0,0.33333333333333215
1955,4,14.0,18.1,24.1,4.3,2.6,1955-04-01,30,129.0,-115.0,CRU-CY4.08,CRU-CY:Israel,gridded estimate; station support unavailable,30.0,-2.2666666666666693,30.0,-0.29333333333332945,30.0,-0.5299999999999976,30.0,-5.5,30.0,3.23333333333332,30.0,0.10666666666666691
1955,5,4.5,20.6,27.3,5.4,1.0,1955-05-01,31,167.4,-162.9,CRU-CY4.08,CRU-CY:Israel,gridded estimate; station support unavailable,30.0,0.12333333333333307,30.0,-0.946666666666669,30.0,-0.6366666666666632,30.0,-0.20666666666664923,30.0,0.3299999999999841,30.0,-0.10000000000000031
1955,6,0.0,24.9,31.5,6.7,0.0,1955-06-01,30,201.0,-201.0,CRU-CY4.08,CRU-CY:Israel,gridded estimate; station support unavailable,30.0,-0.10666666666666669,30.0,0.596666666666664,30.0,0.9866666666666681,30.0,6.800000000000011,30.0,-6.906666666666695,30.0,-0.05000000000000001
1955,7,0.0,25.5,31.4,6.3,0.0,1955-07-01,31,195.29999999999998,-195.29999999999998,CRU-CY4.08,CRU-CY:Israel,gridded estimate; station support unavailable,30.0,0.0,30.0,-0.7699999999999996,30.0,-0.7000000000000028,30.0,-6.406666666666695,30.0,6.406666666666695,30.0,0.0
1955,8,0.0,25.0,30.8,5.7,0.0,1955-08-01,31,176.70000000000002,-176.70000000000002,CRU-CY4.08,CRU-CY:Israel,gridded estimate; station support unavailable,30.0,0.0,30.0,-1.7033333333333331,30.0,-1.5500000000000007,30.0,-9.609999999999957,30.0,9.609999999999957,30.0,0.0
1955,9,0.0,24.2,30.1,4.8,0.0,1955-09-01,30,144.0,-144.0,CRU-CY4.08,CRU-CY:Israel,gridded estimate; station support unavailable,30.0,-0.44,30.0,-0.8933333333333273,30.0,-0.726666666666663,30.0,-3.5999999999999943,30.0,3.1599999999999966,30.0,-0.09333333333333334
1955,10,7.5,23.0,29.4,3.8,1.7,1955-10-01,31,117.8,-110.3,CRU-CY4.08,CRU-CY:Israel,gridded estimate; station support unavailable,30.0,-8.173333333333334,30.0,0.5800000000000018,30.0,1.2099999999999973,30.0,5.993333333333354,30.0,-14.166666666666657,30.0,-0.8999999999999997
1955,11,137.1,17.3,23.2,2.5,8.7,1955-11-01,30,75.0,62.099999999999994,CRU-CY4.08,CRU-CY:Israel,gridded estimate; station support unavailable,30.0,85.85999999999999,30.0,-0.4166666666666643,30.0,-0.0799999999999983,30.0,0.20000000000000284,30.0,85.66,30.0,3.7666666666666666
1955,12,125.2,13.8,18.3,1.9,11.7,1955-12-01,31,58.9,66.30000000000001,CRU-CY4.08,CRU-CY:Israel,gridded estimate; station support unavailable,30.0,31.476666666666674,30.0,0.03666666666666707,30.0,-0.3066666666666684,30.0,1.2399999999999949,30.0,30.236666666666686,30.0,2.7200000000000006
1956,1,115.4,12.5,17.2,1.9,11.8,1956-01-01,31,58.9,56.50000000000001,CRU-CY4.08,CRU-CY:Israel,gridded estimate; station support unavailable,30.0,6.743333333333325,30.0,0.2766666666666655,30.0,0.45333333333333314,30.0,2.06666666666667,30.0,4.676666666666669,30.0,0.8133333333333308
1956,2,43.3,13.7,18.8,2.5,7.6,1956-02-01,29,72.5,-29.200000000000003,CRU-CY4.08,CRU-CY:Israel,gridded estimate; station support unavailable,30.0,-34.84000000000002,30.0,0.8599999999999959,30.0,0.9700000000000024,30.0,4.569999999999993,30.0,-39.410000000000004,30.0,-2.7333333333333325
1956,3,67.8,12.6,17.7,2.9,8.6,1956-03-01,31,89.89999999999999,-22.099999999999994,CRU-CY4.08,CRU-CY:Israel,gridded estimate; station support unavailable,30.0,24.116666666666667,30.0,-2.546666666666667,30.0,-2.879999999999999,30.0,-10.850000000000023,30.0,34.96666666666666,30.0,2.2333333333333316
1956,4,16.9,17.1,23.6,4.3,2.3,1956-04-01,30,129.0,-112.1,CRU-CY4.08,CRU-CY:Israel,gridded estimate; station support unavailable,30.0,0.6333333333333293,30.0,-1.2933333333333294,30.0,-1.0299999999999976,30.0,-5.5,30.0,6.133333333333326,30.0,-0.19333333333333336
1956,5,5.4,19.0,25.8,5.2,1.4,1956-05-01,31,161.20000000000002,-155.8,CRU-CY4.08,CRU-CY:Israel,gridded estimate; station support unavailable,30.0,1.0233333333333334,30.0,-2.5466666666666704,30.0,-2.136666666666663,30.0,-6.406666666666638,30.0,7.429999999999978,30.0,0.2999999999999996
1956,6,0.0,23.5,29.9,6.4,0.0,1956-06-01,30,192.0,-192.0,CRU-CY4.08,CRU-CY:Israel,gridded estimate; station support unavailable,30.0,-0.10666666666666669,30.0,-0.8033333333333346,30.0,-0.6133333333333333,30.0,-2.1999999999999886,30.0,2.0933333333333053,30.0,-0.05000000000000001
1956,7,0.0,25.9,32.0,6.5,0.0,1956-07-01,31,201.5,-201.5,CRU-CY4.08,CRU-CY:Israel,gridded estimate; station support unavailable,30.0,0.0,30.0,-0.370000000000001,30.0,-0.10000000000000142,30.0,-0.20666666666667766,30.0,0.20666666666667766,30.0,0.0
1956,8,0.0,27.2,33.1,6.2,0.0,1956-08-01,31,192.20000000000002,-192.20000000000002,CRU-CY4.08,CRU-CY:Israel,gridded estimate; station support unavailable,30.0,0.0,30.0,0.49666666666666615,30.0,0.75,30.0,5.890000000000043,30.0,-5.890000000000043,30.0,0.0
1956,9,0.1,23.8,29.8,4.8,0.0,1956-09-01,30,144.0,-143.9,CRU-CY4.08,CRU-CY:Israel,gridded estimate; station support unavailable,30.0,-0.33999999999999997,30.0,-1.293333333333326,30.0,-1.0266666666666637,30.0,-3.5999999999999943,30.0,3.259999999999991,30.0,-0.09333333333333334
1956,10,0.9,20.2,26.7,3.6,0.6,1956-10-01,31,111.60000000000001,-110.7,CRU-CY4.08,CRU-CY:Israel,gridded estimate; station support unavailable,30.0,-14.773333333333333,30.0,-2.219999999999999,30.0,-1.490000000000002,30.0,-0.20666666666663502,30.0,-14.566666666666663,30.0,-1.9999999999999996
1956,11,21.1,17.3,24.4,2.7,3.4,1956-11-01,30,81.0,-59.9,CRU-CY4.08,CRU-CY:Israel,gridded estimate; station support unavailable,30.0,-30.14,30.0,-0.4166666666666643,30.0,1.120000000000001,30.0,6.200000000000003,30.0,-36.34,30.0,-1.5333333333333328
1956,12,95.6,12.3,17.4,1.8,10.4,1956-12-01,31,55.800000000000004,39.79999999999999,CRU-CY4.08,CRU-CY:Israel,gridded estimate; station support unavailable,30.0,1.8766666666666652,30.0,-1.463333333333333,30.0,-1.2066666666666706,30.0,-1.8599999999999994,30.0,3.7366666666666646,30.0,1.4200000000000017
1957,1,106.7,10.2,15.4,1.7,11.8,1957-01-01,31,52.699999999999996,54.00000000000001,CRU-CY4.08,CRU-CY:Israel,gridded estimate; station support unavailable,30.0,-1.9566666666666777,30.0,-2.023333333333335,30.0,-1.3466666666666658,30.0,-4.133333333333333,30.0,2.1766666666666694,30.0,0.8133333333333308
1957,2,92.2,12.2,17.5,2.4,10.5,1957-02-01,28,67.2,25.0,CRU-CY4.08,CRU-CY:Israel,gridded estimate; station support unavailable,30.0,14.059999999999988,30.0,-0.6400000000000041,30.0,-0.3299999999999983,30.0,-0.730000000000004,30.0,14.79,30.0,0.16666666666666785
1957,3,81.6,14.3,20.1,3.2,9.9,1957-03-01,31,99.2,-17.60000000000001,CRU-CY4.08,CRU-CY:Israel,gridded estimate; station support unavailable,30.0,37.916666666666664,30.0,-0.8466666666666658,30.0,-0.4799999999999969,30.0,-1.5500000000000114,30.0,39.46666666666665,30.0,3.5333333333333323
1957,4,20.7,17.1,23.6,4.2,3.5,1957-04-01,30,126.0,-105.3,CRU-CY4.08,CRU-CY:Israel,gridded estimate; station support unavailable,30.0,4.43333333333333,30.0,-1.2933333333333294,30.0,-1.0299999999999976,30.0,-8.5,30.0,12.933333333333323,30.0,1.0066666666666668
1957,5,15.6,19.5,26.2,5.2,2.7,1957-05-01,31,161.20000000000002,-145.60000000000002,CRU-CY4.08,CRU-CY:Israel,gridded estimate; station support unavailable,30.0,11.223333333333333,30.0,-2.0466666666666704,30.0,-1.7366666666666646,30.0,-6.406666666666638,30.0,17.629999999999967,30.0,1.5999999999999999
1957,6,0.1,23.1,29.7,6.3,0.1,1957-06-01,30,189.0,-188.9,CRU-CY4.08,CRU-CY:Israel,gridded estimate; station support unavailable,30.0,-0.006666666666666682,30.0,-1.2033333333333331,30.0,-0.8133333333333326,30.0,-5.199999999999989,30.0,5.1933333333333,30.0,0.049999999999999996
1957,7,0.0,25.2,31.6,6.4,0.0,1957-07-01,31,198.4,-198.4,CRU-CY4.08,CRU-CY:Israel,gridded estimate; station support unavailable,30.0,0.0,30.0,-1.0700000000000003,30.0,-0.5,30.0,-3.306666666666672,30.0,3.306666666666672,30.0,0.0
1957,8,0.0,26.4,32.9,6.1,0.0,1957-08-01,31,189.1,-189.1,CRU-CY4.08,CRU-CY:Israel,gridded estimate; station support unavailable,30.0,0.0,30.0,-0.30333333333333456,30.0,0.5499999999999972,30.0,2.7900000000000205,30.0,-2.7900000000000205,30.0,0.0
1957,9,0.2,24.2,30.4,4.9,0.1,1957-09-01,30,147.0,-146.8,CRU-CY4.08,CRU-CY:Israel,gridded estimate; station support unavailable,30.0,-0.24,30.0,-0.8933333333333273,30.0,-0.42666666666666586,30.0,-0.5999999999999943,30.0,0.3599999999999852,30.0,0.006666666666666668
1957,10,7.8,22.7,29.2,3.8,2.2,1957-10-01,31,117.8,-110.0,CRU-CY4.08,CRU-CY:Israel,gridded estimate; station support unavailable,30.0,-7.873333333333334,30.0,0.28000000000000114,30.0,1.009999999999998,30.0,5.993333333333354,30.0,-13.86666666666666,30.0,-0.39999999999999947
1957,11,51.5,17.4,23.7,2.6,6.4,1957-11-01,30,78.0,-26.5,CRU-CY4.08,CRU-CY:Israel,gridded estimate; station support unavailable,30.0,0.259999999999998,30.0,-0.31666666666666643,30.0,0.4200000000000017,30.0,3.200000000000003,30.0,-2.9400000000000013,30.0,1.4666666666666677
1957,12,119.3,13.3,18.5,1.9,9.8,1957-12-01,31,58.9,60.4,CRU-CY4.08,CRU-CY:Israel,gridded estimate; station support unavailable,30.0,25.576666666666668,30.0,-0.46333333333333293,30.0,-0.10666666666666913,30.0,1.2399999999999949,30.0,24.336666666666673,30.0,0.8200000000000021
1958,1,155.1,12.4,17.3,1.9,12.5,1958-01-01,31,58.9,96.19999999999999,CRU-CY4.08,CRU-CY:Israel,gridded estimate; station support unavailable,30.0,46.443333333333314,30.0,0.17666666666666586,30.0,0.5533333333333346,30.0,2.06666666666667,30.0,44.37666666666665,30.0,1.51333333333333
1958,2,12.0,13.0,18.4,2.5,5.0,1958-02-01,28,70.0,-58.0,CRU-CY4.08,CRU-CY:Israel,gridded estimate; station support unavailable,30.0,-66.14000000000001,30.0,0.1599999999999966,30.0,0.5700000000000003,30.0,2.069999999999993,30.0,-68.21000000000001,30.0,-5.333333333333332
1958,3,8.9,15.8,21.2,3.4,2.7,1958-03-01,31,105.39999999999999,-96.49999999999999,CRU-CY4.08,CRU-CY:Israel,gridded estimate; station support unavailable,30.0,-34.78333333333333,30.0,0.6533333333333342,30.0,0.620000000000001,30.0,4.649999999999977,30.0,-39.43333333333333,30.0,-3.666666666666668
1958,4,8.6,19.0,26.2,4.9,1.7,1958-04-01,30,147.0,-138.4,CRU-CY4.08,CRU-CY:Israel,gridded estimate; station support unavailable,30.0,-7.66666666666667,30.0,0.6066666666666691,30.0,1.5700000000000003,30.0,12.5,30.0,-20.166666666666686,30.0,-0.7933333333333332
1958,5,2.9,20.2,27.5,5.5,0.7,1958-05-01,31,170.5,-167.6,CRU-CY4.08,CRU-CY:Israel,gridded estimate; station support unavailable,30.0,-1.476666666666667,30.0,-1.3466666666666711,30.0,-0.43666666666666387,30.0,2.893333333333345,30.0,-4.3700000000000045,30.0,-0.40000000000000036
1958,6,0.1,23.0,29.8,6.4,0.0,1958-06-01,30,192.0,-191.9,CRU-CY4.08,CRU-CY:Israel,gridded estimate; station support unavailable,30.0,-0.006666666666666682,30.0,-1.3033333333333346,30.0,-0.7133333333333312,30.0,-2.1999999999999886,30.0,2.1933333333332996,30.0,-0.05000000000000001
1958,7,0.0,24.7,31.3,6.4,0.0,1958-07-01,31,198.4,-198.4,CRU-CY4.08,CRU-CY:Israel,gridded estimate; station support unavailable,30.0,0.0,30.0,-1.5700000000000003,30.0,-0.8000000000000007,30.0,-3.306666666666672,30.0,3.306666666666672,30.0,0.0
1958,8,0.0,26.2,33.3,6.2,0.0,1958-08-01,31,192.20000000000002,-192.20000000000002,CRU-CY4.08,CRU-CY:Israel,gridded estimate; station support unavailable,30.0,0.0,30.0,-0.5033333333333339,30.0,0.9499999999999957,30.0,5.890000000000043,30.0,-5.890000000000043,30.0,0.0
1958,9,0.3,23.3,29.5,4.7,0.4,1958-09-01,30,141.0,-140.7,CRU-CY4.08,CRU-CY:Israel,gridded estimate; station support unavailable,30.0,-0.14,30.0,-1.793333333333326,30.0,-1.3266666666666644,30.0,-6.599999999999994,30.0,6.460000000000008,30.0,0.3066666666666667
1958,10,8.6,20.5,27.0,3.6,1.9,1958-10-01,31,111.60000000000001,-103.00000000000001,CRU-CY4.08,CRU-CY:Israel,gridded estimate; station support unavailable,30.0,-7.073333333333334,30.0,-1.9199999999999982,30.0,-1.1900000000000013,30.0,-0.20666666666663502,30.0,-6.866666666666674,30.0,-0.6999999999999997
1958,11,6.2,17.3,24.1,2.6,1.6,1958-11-01,30,78.0,-71.8,CRU-CY4.08,CRU-CY:Israel,gridded estimate; station support unavailable,30.0,-45.04,30.0,-0.4166666666666643,30.0,0.8200000000000038,30.0,3.200000000000003,30.0,-48.239999999999995,30.0,-3.3333333333333326
1958,12,33.7,14.8,19.8,2.0,4.8,1958-12-01,31,62.0,-28.299999999999997,CRU-CY4.08,CRU-CY:Israel,gridded estimate; station support unavailable,30.0,-60.023333333333326,30.0,1.036666666666667,30.0,1.1933333333333316,30.0,4.339999999999996,30.0,-64.36333333333332,30.0,-4.179999999999999
1959,1,103.2,12.8,18.2,2.0,8.7,1959-01-01,31,62.0,41.2,CRU-CY4.08,CRU-CY:Israel,gridded estimate; station support unavailable,30.0,-5.456666666666678,30.0,0.5766666666666662,30.0,1.4533333333333331,30.0,5.166666666666671,30.0,-10.623333333333335,30.0,-2.2866666666666706
1959,2,117.2,8.5,13.7,1.9,13.4,1959-02-01,28,53.199999999999996,64.0,CRU-CY4.08,CRU-CY:Israel,gridded estimate; station support unavailable,30.0,39.05999999999999,30.0,-4.340000000000003,30.0,-4.129999999999999,30.0,-14.730000000000011,30.0,53.79,30.0,3.066666666666668
1959,3,38.8,12.9,19.1,3.1,6.8,1959-03-01,31,96.10000000000001,-57.30000000000001,CRU-CY4.08,CRU-CY:Israel,gridded estimate; station support unavailable,30.0,-4.883333333333333,30.0,-2.246666666666666,30.0,-1.4799999999999969,30.0,-4.650000000000006,30.0,-0.2333333333333556,30.0,0.4333333333333318
1959,4,7.4,18.0,25.0,4.6,1.8,1959-04-01,30,138.0,-130.6,CRU-CY4.08,CRU-CY:Israel,gridded estimate; station support unavailable,30.0,-8.866666666666669,30.0,-0.39333333333333087,30.0,0.370000000000001,30.0,3.5,30.0,-12.366666666666674,30.0,-0.6933333333333331
1959,5,4.0,21.0,28.2,5.7,1.1,1959-05-01,31,176.70000000000002,-172.70000000000002,CRU-CY4.08,CRU-CY:Israel,gridded estimate; station support unavailable,30.0,-0.3766666666666669,30.0,-0.5466666666666704,30.0,0.2633333333333354,30.0,9.093333333333362,30.0,-9.470000000000027,30.0,-2.220446049250313e-16
1959,6,0.1,23.3,30.4,6.6,0.1,1959-06-01,30,198.0,-197.9,CRU-CY4.08,CRU-CY:Israel,gridded estimate; station support unavailable,30.0,-0.006666666666666682,30.0,-1.0033333333333339,30.0,-0.11333333333333329,30.0,3.8000000000000114,30.0,-3.8066666666667004,30.0,0.049999999999999996
1959,7,0.0,23.9,30.1,6.0,0.0,1959-07-01,31,186.0,-186.0,CRU-CY4.08,CRU-CY:Israel,gridded estimate; station support unavailable,30.0,0.0,30.0,-2.370000000000001,30.0,-2.0,30.0,-15.706666666666678,30.0,15.706666666666678,30.0,0.0
1959,8,0.0,24.6,31.4,5.8,0.0,1959-08-01,31,179.79999999999998,-179.79999999999998,CRU-CY4.08,CRU-CY:Israel,gridded estimate; station support unavailable,30.0,0.0,30.0,-2.1033333333333317,30.0,-0.9500000000000028,30.0,-6.509999999999991,30.0,6.509999999999991,30.0,0.0
1959,9,1.1,22.3,28.6,4.6,0.2,1959-09-01,30,138.0,-136.9,CRU-CY4.08,CRU-CY:Israel,gridded estimate; station support unavailable,30.0,0.6600000000000001,30.0,-2.793333333333326,30.0,-2.226666666666663,30.0,-9.599999999999994,30.0,10.259999999999991,30.0,0.10666666666666667
1959,10,3.0,19.6,26.2,3.4,1.2,1959-10-01,31,105.39999999999999,-102.39999999999999,CRU-CY4.08,CRU-CY:Israel,gridded estimate; station support unavailable,30.0,-12.673333333333334,30.0,-2.8199999999999967,30.0,-1.990000000000002,30.0,-6.406666666666652,30.0,-6.2666666666666515,30.0,-1.3999999999999997
1959,11,22.5,17.0,23.9,2.6,4.3,1959-11-01,30,78.0,-55.5,CRU-CY4.08,CRU-CY:Israel,gridded estimate; station support unavailable,30.0,-28.740000000000002,30.0,-0.716666666666665,30.0,0.620000000000001,30.0,3.200000000000003,30.0,-31.94,30.0,-0.6333333333333329
1959,12,28.3,14.1,19.4,1.9,6.0,1959-12-01,31,58.9,-30.599999999999998,CRU-CY4.08,CRU-CY:Israel,gridded estimate; station support unavailable,30.0,-65.42333333333333,30.0,0.336666666666666,30.0,0.7933333333333294,30.0,1.2399999999999949,30.0,-66.66333333333333,30.0,-2.9799999999999986
1960,1,78.3,12.9,17.9,2.0,9.0,1960-01-01,31,62.0,16.299999999999997,CRU-CY4.08,CRU-CY:Israel,gridded estimate; station support unavailable,30.0,-30.356666666666683,30.0,0.6766666666666659,30.0,1.1533333333333324,30.0,5.166666666666671,30.0,-35.52333333333334,30.0,-1.98666666666667
1960,2,16.3,13.9,19.4,2.6,4.1,1960-02-01,29,75.4,-59.10000000000001,CRU-CY4.08,CRU-CY:Israel,gridded estimate; station support unavailable,30.0,-61.84000000000002,30.0,1.059999999999997,30.0,1.5700000000000003,30.0,7.469999999999999,30.0,-69.31,30.0,-6.2333333333333325
1960,3,58.8,14.7,21.3,3.5,7.3,1960-03-01,31,108.5,-49.7,CRU-CY4.08,CRU-CY:Israel,gridded estimate; station support unavailable,30.0,15.116666666666667,30.0,-0.4466666666666672,30.0,0.7200000000000024,30.0,7.749999999999986,30.0,7.366666666666653,30.0,0.9333333333333318
1960,4,15.5,17.9,24.7,4.5,2.4,1960-04-01,30,135.0,-119.5,CRU-CY4.08,CRU-CY:Israel,gridded estimate; station support unavailable,30.0,-0.7666666666666693,30.0,-0.4933333333333323,30.0,0.07000000000000028,30.0,0.5,30.0,-1.26666666666668,30.0,-0.09333333333333327
1960,5,0.7,22.7,30.1,6.0,0.6,1960-05-01,31,186.0,-185.3,CRU-CY4.08,CRU-CY:Israel,gridded estimate; station support unavailable,30.0,-3.6766666666666667,30.0,1.1533333333333289,30.0,2.1633333333333375,30.0,18.393333333333345,30.0,-22.07000000000002,30.0,-0.5000000000000003
1960,6,0.0,22.7,29.6,6.3,0.0,1960-06-01,30,189.0,-189.0,CRU-CY4.08,CRU-CY:Israel,gridded estimate; station support unavailable,30.0,-0.10666666666666669,30.0,-1.6033333333333353,30.0,-0.9133333333333304,30.0,-5.199999999999989,30.0,5.093333333333305,30.0,-0.05000000000000001
1960,7,0.0,25.1,31.5,6.3,0.0,1960-07-01,31,195.29999999999998,-195.29999999999998,CRU-CY4.08,CRU-CY:Israel,gridded estimate; station support unavailable,30.0,0.0,30.0,-1.1699999999999982,30.0,-0.6000000000000014,30.0,-6.406666666666695,30.0,6.406666666666695,30.0,0.0
1960,8,0.0,25.7,31.5,5.8,0.0,1960-08-01,31,179.79999999999998,-179.79999999999998,CRU-CY4.08,CRU-CY:Israel,gridded estimate; station support unavailable,30.0,0.0,30.0,-1.0033333333333339,30.0,-0.8500000000000014,30.0,-6.509999999999991,30.0,6.509999999999991,30.0,0.0
1960,9,0.1,24.2,29.9,4.7,0.0,1960-09-01,30,141.0,-140.9,CRU-CY4.08,CRU-CY:Israel,gridded estimate; station support unavailable,30.0,-0.33999999999999997,30.0,-0.8933333333333273,30.0,-0.9266666666666659,30.0,-6.599999999999994,30.0,6.259999999999991,30.0,-0.09333333333333334
1960,10,1.0,23.0,29.3,3.8,0.2,1960-10-01,31,117.8,-116.8,CRU-CY4.08,CRU-CY:Israel,gridded estimate; station support unavailable,30.0,-14.673333333333334,30.0,0.5800000000000018,30.0,1.1099999999999994,30.0,5.993333333333354,30.0,-20.666666666666657,30.0,-2.3999999999999995
1960,11,67.6,18.5,24.0,2.6,7.3,1960-11-01,30,78.0,-10.400000000000006,CRU-CY4.08,CRU-CY:Israel,gridded estimate; station support unavailable,30.0,16.359999999999992,30.0,0.783333333333335,30.0,0.7200000000000024,30.0,3.200000000000003,30.0,13.159999999999993,30.0,2.366666666666667
1960,12,33.2,16.2,21.0,2.2,5.7,1960-12-01,31,68.2,-35.0,CRU-CY4.08,CRU-CY:Israel,gridded estimate; station support unavailable,30.0,-60.523333333333326,30.0,2.4366666666666656,30.0,2.393333333333331,30.0,10.54,30.0,-71.06333333333333,30.0,-3.2799999999999985
1961,1,110.5,12.0,16.5,1.9,11.8,1961-01-01,31,58.9,51.6,CRU-CY4.08,CRU-CY:Israel,gridded estimate; station support unavailable,30.0,1.8433333333333195,30.0,-0.2233333333333345,30.0,-0.24666666666666615,30.0,2.06666666666667,30.0,-0.22333333333333627,30.0,0.8133333333333308
1961,2,110.9,11.0,15.7,2.1,11.9,1961-02-01,28,58.800000000000004,52.1,CRU-CY4.08,CRU-CY:Israel,gridded estimate; station support unavailable,30.0,32.75999999999999,30.0,-1.8400000000000034,30.0,-2.129999999999999,30.0,-9.130000000000003,30.0,41.89,30.0,1.5666666666666682
1961,3,24.7,12.8,18.5,3.0,4.7,1961-03-01,31,93.0,-68.3,CRU-CY4.08,CRU-CY:Israel,gridded estimate; station support unavailable,30.0,-18.98333333333333,30.0,-2.346666666666666,30.0,-2.0799999999999983,30.0,-7.750000000000014,30.0,-11.233333333333341,30.0,-1.6666666666666679
1961,4,21.8,17.8,23.8,4.3,2.5,1961-04-01,30,129.0,-107.2,CRU-CY4.08,CRU-CY:Israel,gridded estimate; station support unavailable,30.0,5.533333333333331,30.0,-0.5933333333333302,30.0,-0.8299999999999983,30.0,-5.5,30.0,11.033333333333317,30.0,0.006666666666666821
1961,5,10.3,21.1,27.6,5.4,2.2,1961-05-01,31,167.4,-157.1,CRU-CY4.08,CRU-CY:Israel,gridded estimate; station support unavailable,30.0,5.923333333333334,30.0,-0.446666666666669,30.0,-0.33666666666666245,30.0,-0.20666666666664923,30.0,6.1299999999999955,30.0,1.0999999999999999
1961,6,0.0,24.4,30.4,6.4,0.0,1961-06-01,30,192.0,-192.0,CRU-CY4.08,CRU-CY:Israel,gridded estimate; station support unavailable,30.0,-0.10666666666666669,30.0,0.09666666666666401,30.0,-0.11333333333333329,30.0,-2.1999999999999886,30.0,2.0933333333333053,30.0,-0.05000000000000001
1961,7,0.0,25.3,31.2,6.3,0.0,1961-07-01,31,195.29999999999998,-195.29999999999998,CRU-CY4.08,CRU-CY:Israel,gridded estimate; station support unavailable,30.0,0.0,30.0,-0.9699999999999989,30.0,-0.9000000000000021,30.0,-6.406666666666695,30.0,6.406666666666695,30.0,0.0
1961,8,0.0,25.9,31.5,5.8,0.0,1961-08-01,31,179.79999999999998,-179.79999999999998,CRU-CY4.08,CRU-CY:Israel,gridded estimate; station support unavailable,30.0,0.0,30.0,-0.8033333333333346,30.0,-0.8500000000000014,30.0,-6.509999999999991,30.0,6.509999999999991,30.0,0.0
1961,9,0.8,22.1,27.8,4.4,0.1,1961-09-01,30,132.0,-131.2,CRU-CY4.08,CRU-CY:Israel,gridded estimate; station support unavailable,30.0,0.36000000000000004,30.0,-2.993333333333325,30.0,-3.0266666666666637,30.0,-15.599999999999994,30.0,15.960000000000008,30.0,0.006666666666666668
1961,10,7.1,20.7,26.5,3.4,3.4,1961-10-01,31,105.39999999999999,-98.3,CRU-CY4.08,CRU-CY:Israel,gridded estimate; station support unavailable,30.0,-8.573333333333334,30.0,-1.7199999999999989,30.0,-1.6900000000000013,30.0,-6.406666666666652,30.0,-2.166666666666657,30.0,0.8000000000000003
1961,11,31.8,16.4,21.8,2.4,5.3,1961-11-01,30,72.0,-40.2,CRU-CY4.08,CRU-CY:Israel,gridded estimate; station support unavailable,30.0,-19.44,30.0,-1.3166666666666664,30.0,-1.4799999999999969,30.0,-2.799999999999997,30.0,-16.640000000000004,30.0,0.36666666666666714
1961,12,181.9,14.0,18.2,1.7,13.4,1961-12-01,31,52.699999999999996,129.20000000000002,CRU-CY4.08,CRU-CY:Israel,gridded estimate; station support unavailable,30.0,88.17666666666668,30.0,0.23666666666666636,30.0,-0.40666666666666984,30.0,-4.960000000000008,30.0,93.13666666666668,30.0,4.420000000000002
1962,1,83.2,13.0,17.4,2.0,10.6,1962-01-01,31,62.0,21.200000000000003,CRU-CY4.08,CRU-CY:Israel,gridded estimate; station support unavailable,30.0,-25.456666666666678,30.0,0.7766666666666655,30.0,0.6533333333333324,30.0,5.166666666666671,30.0,-30.623333333333335,30.0,-0.38666666666667027
1962,2,76.4,12.0,16.8,2.3,8.7,1962-02-01,28,64.39999999999999,12.000000000000014,CRU-CY4.08,CRU-CY:Israel,gridded estimate; station support unavailable,30.0,-1.740000000000009,30.0,-0.8400000000000034,30.0,-1.0299999999999976,30.0,-3.5300000000000153,30.0,1.7900000000000134,30.0,-1.6333333333333329
1962,3,6.7,16.8,22.6,3.6,2.1,1962-03-01,31,111.60000000000001,-104.9,CRU-CY4.08,CRU-CY:Israel,gridded estimate; station support unavailable,30.0,-36.98333333333333,30.0,1.6533333333333342,30.0,2.020000000000003,30.0,10.849999999999994,30.0,-47.83333333333335,30.0,-4.2666666666666675
1962,4,17.6,16.8,23.0,4.2,2.8,1962-04-01,30,126.0,-108.4,CRU-CY4.08,CRU-CY:Israel,gridded estimate; station support unavailable,30.0,1.3333333333333321,30.0,-1.5933333333333302,30.0,-1.629999999999999,30.0,-8.5,30.0,9.833333333333314,30.0,0.30666666666666664
1962,5,5.1,21.0,27.4,5.4,1.1,1962-05-01,31,167.4,-162.3,CRU-CY4.08,CRU-CY:Israel,gridded estimate; station support unavailable,30.0,0.7233333333333327,30.0,-0.5466666666666704,30.0,-0.5366666666666653,30.0,-0.20666666666664923,30.0,0.9299999999999784,30.0,-2.220446049250313e-16
1962,6,0.0,24.5,30.8,6.6,0.0,1962-06-01,30,198.0,-198.0,CRU-CY4.08,CRU-CY:Israel,gridded estimate; station support unavailable,30.0,-0.10666666666666669,30.0,0.19666666666666544,30.0,0.28666666666666885,30.0,3.8000000000000114,30.0,-3.9066666666666947,30.0,-0.05000000000000001
1962,7,0.0,25.3,31.1,6.3,0.0,1962-07-01,31,195.29999999999998,-195.29999999999998,CRU-CY4.08,CRU-CY:Israel,gridded estimate; station support unavailable,30.0,0.0,30.0,-0.9699999999999989,30.0,-1.0,30.0,-6.406666666666695,30.0,6.406666666666695,30.0,0.0
1962,8,0.0,26.9,32.8,6.0,0.0,1962-08-01,31,186.0,-186.0,CRU-CY4.08,CRU-CY:Israel,gridded estimate; station support unavailable,30.0,0.0,30.0,0.19666666666666544,30.0,0.44999999999999574,30.0,-0.30999999999997385,30.0,0.30999999999997385,30.0,0.0
1962,9,0.0,24.8,30.9,5.0,0.0,1962-09-01,30,150.0,-150.0,CRU-CY4.08,CRU-CY:Israel,gridded estimate; station support unavailable,30.0,-0.44,30.0,-0.2933333333333259,30.0,0.07333333333333414,30.0,2.4000000000000057,30.0,-2.8400000000000034,30.0,-0.09333333333333334
1962,10,15.0,22.3,28.2,3.6,2.1,1962-10-01,31,111.60000000000001,-96.60000000000001,CRU-CY4.08,CRU-CY:Israel,gridded estimate; station support unavailable,30.0,-0.6733333333333338,30.0,-0.11999999999999744,30.0,0.00999999999999801,30.0,-0.20666666666663502,30.0,-0.46666666666666856,30.0,-0.49999999999999956
1962,11,5.6,20.1,26.6,2.9,0.7,1962-11-01,30,87.0,-81.4,CRU-CY4.08,CRU-CY:Israel,gridded estimate; station support unavailable,30.0,-45.64,30.0,2.3833333333333364,30.0,3.320000000000004,30.0,12.200000000000003,30.0,-57.84,30.0,-4.2333333333333325
1962,12,94.5,14.7,19.3,1.9,8.3,1962-12-01,31,58.9,35.6,CRU-CY4.08,CRU-CY:Israel,gridded estimate; station support unavailable,30.0,0.7766666666666708,30.0,0.9366666666666656,30.0,0.6933333333333316,30.0,1.2399999999999949,30.0,-0.46333333333332405,30.0,-0.6799999999999979
1963,1,69.0,14.3,18.7,2.1,7.8,1963-01-01,31,65.10000000000001,3.8999999999999915,CRU-CY4.08,CRU-CY:Israel,gridded estimate; station support unavailable,30.0,-39.65666666666668,30.0,2.076666666666666,30.0,1.9533333333333331,30.0,8.26666666666668,30.0,-47.923333333333346,30.0,-3.18666666666667
1963,2,76.4,14.5,19.2,2.6,10.4,1963-02-01,28,72.8,3.6000000000000085,CRU-CY4.08,CRU-CY:Israel,gridded estimate; station support unavailable,30.0,-1.740000000000009,30.0,1.6599999999999966,30.0,1.370000000000001,30.0,4.86999999999999,30.0,-6.609999999999992,30.0,0.0666666666666682
1963,3,37.4,13.3,18.8,3.1,6.8,1963-03-01,31,96.10000000000001,-58.70000000000001,CRU-CY4.08,CRU-CY:Israel,gridded estimate; station support unavailable,30.0,-6.283333333333331,30.0,-1.8466666666666658,30.0,-1.7799999999999976,30.0,-4.650000000000006,30.0,-1.6333333333333542,30.0,0.4333333333333318
1963,4,21.3,18.0,23.8,4.3,3.9,1963-04-01,30,129.0,-107.7,CRU-CY4.08,CRU-CY:Israel,gridded estimate; station support unavailable,30.0,5.033333333333331,30.0,-0.39333333333333087,30.0,-0.8299999999999983,30.0,-5.5,30.0,10.533333333333317,30.0,1.4066666666666667
1963,5,12.8,19.3,25.3,5.0,2.3,1963-05-01,31,155.0,-142.2,CRU-CY4.08,CRU-CY:Israel,gridded estimate; station support unavailable,30.0,8.423333333333334,30.0,-2.2466666666666697,30.0,-2.636666666666663,30.0,-12.606666666666655,30.0,21.03,30.0,1.1999999999999995
1963,6,0.1,23.7,29.9,6.4,0.2,1963-06-01,30,192.0,-191.9,CRU-CY4.08,CRU-CY:Israel,gridded estimate; station support unavailable,30.0,-0.006666666666666682,30.0,-0.6033333333333353,30.0,-0.6133333333333333,30.0,-2.1999999999999886,30.0,2.1933333333332996,30.0,0.15
1963,7,0.0,25.4,31.4,6.4,0.0,1963-07-01,31,198.4,-198.4,CRU-CY4.08,CRU-CY:Israel,gridded estimate; station support unavailable,30.0,0.0,30.0,-0.870000000000001,30.0,-0.7000000000000028,30.0,-3.306666666666672,30.0,3.306666666666672,30.0,0.0
1963,8,0.0,26.4,32.6,6.1,0.0,1963-08-01,31,189.1,-189.1,CRU-CY4.08,CRU-CY:Israel,gridded estimate; station support unavailable,30.0,0.0,30.0,-0.30333333333333456,30.0,0.25,30.0,2.7900000000000205,30.0,-2.7900000000000205,30.0,0.0
1963,9,0.1,24.9,31.0,5.0,0.0,1963-09-01,30,150.0,-149.9,CRU-CY4.08,CRU-CY:Israel,gridded estimate; station support unavailable,30.0,-0.33999999999999997,30.0,-0.19333333333332803,30.0,0.17333333333333556,30.0,2.4000000000000057,30.0,-2.740000000000009,30.0,-0.09333333333333334
1963,10,32.7,22.7,28.5,3.7,4.1,1963-10-01,31,114.7,-82.0,CRU-CY4.08,CRU-CY:Israel,gridded estimate; station support unavailable,30.0,17.02666666666667,30.0,0.28000000000000114,30.0,0.3099999999999987,30.0,2.8933333333333593,30.0,14.13333333333334,30.0,1.5
1963,11,39.7,17.9,23.8,2.6,5.6,1963-11-01,30,78.0,-38.3,CRU-CY4.08,CRU-CY:Israel,gridded estimate; station support unavailable,30.0,-11.54,30.0,0.18333333333333357,30.0,0.5200000000000031,30.0,3.200000000000003,30.0,-14.739999999999998,30.0,0.666666666666667
1963,12,142.8,13.0,18.0,1.8,13.0,1963-12-01,31,55.800000000000004,87.0,CRU-CY4.08,CRU-CY:Israel,gridded estimate; station support unavailable,30.0,49.07666666666668,30.0,-0.7633333333333336,30.0,-0.6066666666666691,30.0,-1.8599999999999994,30.0,50.936666666666675,30.0,4.020000000000001
1964,1,85.3,9.3,14.4,1.8,11.0,1964-01-01,31,55.800000000000004,29.499999999999993,CRU-CY4.08,CRU-CY:Israel,gridded estimate; station support unavailable,30.0,-23.356666666666683,30.0,-2.923333333333334,30.0,-2.346666666666666,30.0,-1.0333333333333243,30.0,-22.323333333333345,30.0,0.013333333333330089
1964,2,139.0,11.8,16.5,2.2,13.3,1964-02-01,29,63.800000000000004,75.19999999999999,CRU-CY4.08,CRU-CY:Israel,gridded estimate; station support unavailable,30.0,60.859999999999985,30.0,-1.0400000000000027,30.0,-1.3299999999999983,30.0,-4.130000000000003,30.0,64.98999999999998,30.0,2.9666666666666686
1964,3,57.9,15.3,20.7,3.3,7.0,1964-03-01,31,102.3,-44.4,CRU-CY4.08,CRU-CY:Israel,gridded estimate; station support unavailable,30.0,14.216666666666669,30.0,0.1533333333333342,30.0,0.120000000000001,30.0,1.549999999999983,30.0,12.666666666666657,30.0,0.633333333333332
1964,4,11.8,16.5,22.9,4.2,3.2,1964-04-01,30,126.0,-114.2,CRU-CY4.08,CRU-CY:Israel,gridded estimate; station support unavailable,30.0,-4.466666666666669,30.0,-1.8933333333333309,30.0,-1.7300000000000004,30.0,-8.5,30.0,4.033333333333317,30.0,0.706666666666667
1964,5,3.9,18.8,25.4,5.0,1.0,1964-05-01,31,155.0,-151.1,CRU-CY4.08,CRU-CY:Israel,gridded estimate; station support unavailable,30.0,-0.476666666666667,30.0,-2.7466666666666697,30.0,-2.5366666666666653,30.0,-12.606666666666655,30.0,12.129999999999995,30.0,-0.10000000000000031
1964,6,0.0,23.0,29.3,6.1,0.0,1964-06-01,30,183.0,-183.0,CRU-CY4.08,CRU-CY:Israel,gridded estimate; station support unavailable,30.0,-0.10666666666666669,30.0,-1.3033333333333346,30.0,-1.2133333333333312,30.0,-11.199999999999989,30.0,11.093333333333305,30.0,-0.05000000000000001
1964,7,0.0,24.5,30.4,6.1,0.0,1964-07-01,31,189.1,-189.1,CRU-CY4.08,CRU-CY:Israel,gridded estimate; station support unavailable,30.0,0.0,30.0,-1.7699999999999996,30.0,-1.7000000000000028,30.0,-12.606666666666683,30.0,12.606666666666683,30.0,0.0
1964,8,0.0,24.7,30.7,5.7,0.0,1964-08-01,31,176.70000000000002,-176.70000000000002,CRU-CY4.08,CRU-CY:Israel,gridded estimate; station support unavailable,30.0,0.0,30.0,-2.003333333333334,30.0,-1.6500000000000021,30.0,-9.609999999999957,30.0,9.609999999999957,30.0,0.0
1964,9,0.0,22.9,29.0,4.7,0.0,1964-09-01,30,141.0,-141.0,CRU-CY4.08,CRU-CY:Israel,gridded estimate; station support unavailable,30.0,-0.44,30.0,-2.193333333333328,30.0,-1.8266666666666644,30.0,-6.599999999999994,30.0,6.159999999999997,30.0,-0.09333333333333334
1964,10,2.9,21.4,28.1,3.7,0.4,1964-10-01,31,114.7,-111.8,CRU-CY4.08,CRU-CY:Israel,gridded estimate; station support unavailable,30.0,-12.773333333333333,30.0,-1.0199999999999996,30.0,-0.08999999999999986,30.0,2.8933333333333593,30.0,-15.666666666666657,30.0,-2.1999999999999997
1964,11,126.4,17.2,23.2,2.5,8.5,1964-11-01,30,75.0,51.400000000000006,CRU-CY4.08,CRU-CY:Israel,gridded estimate; station support unavailable,30.0,75.16,30.0,-0.5166666666666657,30.0,-0.0799999999999983,30.0,0.20000000000000284,30.0,74.96000000000001,30.0,3.5666666666666673
1964,12,93.8,13.4,18.3,1.9,10.6,1964-12-01,31,58.9,34.9,CRU-CY4.08,CRU-CY:Israel,gridded estimate; station support unavailable,30.0,0.07666666666666799,30.0,-0.3633333333333333,30.0,-0.3066666666666684,30.0,1.2399999999999949,30.0,-1.163333333333327,30.0,1.620000000000001
1965,1,178.2,11.6,15.8,1.8,16.3,1965-01-01,31,55.800000000000004,122.39999999999998,CRU-CY4.08,CRU-CY:Israel,gridded estimate; station support unavailable,30.0,69.54333333333331,30.0,-0.6233333333333348,30.0,-0.9466666666666654,30.0,-1.0333333333333243,30.0,70.57666666666664,30.0,5.313333333333331
1965,2,55.5,12.7,17.6,2.4,7.9,1965-02-01,28,67.2,-11.700000000000003,CRU-CY4.08,CRU-CY:Israel,gridded estimate; station support unavailable,30.0,-22.640000000000015,30.0,-0.14000000000000412,30.0,-0.22999999999999687,30.0,-0.730000000000004,30.0,-21.910000000000004,30.0,-2.433333333333332
1965,3,37.8,15.5,21.4,3.5,7.4,1965-03-01,31,108.5,-70.7,CRU-CY4.08,CRU-CY:Israel,gridded estimate; station support unavailable,30.0,-5.883333333333333,30.0,0.3533333333333335,30.0,0.8200000000000003,30.0,7.749999999999986,30.0,-13.633333333333347,30.0,1.0333333333333323
1965,4,38.5,16.4,22.5,4.0,4.4,1965-04-01,30,120.0,-81.5,CRU-CY4.08,CRU-CY:Israel,gridded estimate; station support unavailable,30.0,22.23333333333333,30.0,-1.9933333333333323,30.0,-2.129999999999999,30.0,-14.5,30.0,36.73333333333332,30.0,1.9066666666666672
1965,5,0.4,19.9,26.5,5.3,0.2,1965-05-01,31,164.29999999999998,-163.89999999999998,CRU-CY4.08,CRU-CY:Israel,gridded estimate; station support unavailable,30.0,-3.976666666666667,30.0,-1.6466666666666718,30.0,-1.4366666666666639,30.0,-3.306666666666672,30.0,-0.6699999999999875,30.0,-0.9000000000000004
1965,6,0.1,24.9,31.4,6.8,0.1,1965-06-01,30,204.0,-203.9,CRU-CY4.08,CRU-CY:Israel,gridded estimate; station support unavailable,30.0,-0.006666666666666682,30.0,0.596666666666664,30.0,0.8866666666666667,30.0,9.800000000000011,30.0,-9.8066666666667,30.0,0.049999999999999996
1965,7,0.0,25.2,31.4,6.4,0.0,1965-07-01,31,198.4,-198.4,CRU-CY4.08,CRU-CY:Israel,gridded estimate; station support unavailable,30.0,0.0,30.0,-1.0700000000000003,30.0,-0.7000000000000028,30.0,-3.306666666666672,30.0,3.306666666666672,30.0,0.0
1965,8,0.0,26.1,31.8,6.0,0.0,1965-08-01,31,186.0,-186.0,CRU-CY4.08,CRU-CY:Israel,gridded estimate; station support unavailable,30.0,0.0,30.0,-0.6033333333333317,30.0,-0.5500000000000007,30.0,-0.30999999999997385,30.0,0.30999999999997385,30.0,0.0
1965,9,0.3,24.2,30.4,4.9,0.0,1965-09-01,30,147.0,-146.7,CRU-CY4.08,CRU-CY:Israel,gridded estimate; station support unavailable,30.0,-0.14,30.0,-0.8933333333333273,30.0,-0.42666666666666586,30.0,-0.5999999999999943,30.0,0.46000000000000796,30.0,-0.09333333333333334
1965,10,40.9,19.5,25.3,3.3,4.7,1965-10-01,31,102.3,-61.4,CRU-CY4.08,CRU-CY:Israel,gridded estimate; station support unavailable,30.0,25.226666666666667,30.0,-2.919999999999998,30.0,-2.8900000000000006,30.0,-9.506666666666646,30.0,34.73333333333334,30.0,2.1000000000000005
1965,11,34.1,16.8,22.7,2.5,4.5,1965-11-01,30,75.0,-40.9,CRU-CY4.08,CRU-CY:Israel,gridded estimate; station support unavailable,30.0,-17.14,30.0,-0.9166666666666643,30.0,-0.5799999999999983,30.0,0.20000000000000284,30.0,-17.34,30.0,-0.4333333333333327
1965,12,67.5,14.0,19.1,1.9,7.2,1965-12-01,31,58.9,8.600000000000001,CRU-CY4.08,CRU-CY:Israel,gridded estimate; station support unavailable,30.0,-26.22333333333333,30.0,0.23666666666666636,30.0,0.4933333333333323,30.0,1.2399999999999949,30.0,-27.463333333333324,30.0,-1.7799999999999985
1966,1,63.6,13.2,17.9,1.9,10.3,1966-01-01,31,58.9,4.700000000000003,CRU-CY4.08,CRU-CY:Israel,gridded estimate; station support unavailable,30.0,-45.05666666666668,30.0,0.9766666666666648,30.0,1.1533333333333324,30.0,2.06666666666667,30.0,-47.123333333333335,30.0,-0.6866666666666692
1966,2,56.5,13.4,18.4,2.3,9.6,1966-02-01,28,64.39999999999999,-7.8999999999999915,CRU-CY4.08,CRU-CY:Israel,gridded estimate; station support unavailable,30.0,-21.640000000000015,30.0,0.559999999999997,30.0,0.5700000000000003,30.0,-3.5300000000000153,30.0,-18.109999999999992,30.0,-0.7333333333333325
1966,3,75.3,14.4,20.3,3.2,9.1,1966-03-01,31,99.2,-23.900000000000006,CRU-CY4.08,CRU-CY:Israel,gridded estimate; station support unavailable,30.0,31.616666666666667,30.0,-0.7466666666666661,30.0,-0.2799999999999976,30.0,-1.5500000000000114,30.0,33.16666666666665,30.0,2.7333333333333316
1966,4,0.9,18.5,25.1,4.5,0.4,1966-04-01,30,135.0,-134.1,CRU-CY4.08,CRU-CY:Israel,gridded estimate; station support unavailable,30.0,-15.366666666666669,30.0,0.10666666666666913,30.0,0.4700000000000024,30.0,0.5,30.0,-15.866666666666674,30.0,-2.0933333333333333
1966,5,1.1,20.4,27.1,5.4,0.5,1966-05-01,31,167.4,-166.3,CRU-CY4.08,CRU-CY:Israel,gridded estimate; station support unavailable,30.0,-3.276666666666667,30.0,-1.1466666666666718,30.0,-0.8366666666666625,30.0,-0.20666666666664923,30.0,-3.0700000000000216,30.0,-0.6000000000000003
1966,6,0.0,24.2,30.9,6.7,0.0,1966-06-01,30,201.0,-201.0,CRU-CY4.08,CRU-CY:Israel,gridded estimate; station support unavailable,30.0,-0.10666666666666669,30.0,-0.10333333333333528,30.0,0.3866666666666667,30.0,6.800000000000011,30.0,-6.906666666666695,30.0,-0.05000000000000001
1966,7,0.0,25.3,31.6,6.4,0.0,1966-07-01,31,198.4,-198.4,CRU-CY4.08,CRU-CY:Israel,gridded estimate; station support unavailable,30.0,0.0,30.0,-0.9699999999999989,30.0,-0.5,30.0,-3.306666666666672,30.0,3.306666666666672,30.0,0.0
1966,8,0.0,25.9,31.8,5.8,0.0,1966-08-01,31,179.79999999999998,-179.79999999999998,CRU-CY4.08,CRU-CY:Israel,gridded estimate; station support unavailable,30.0,0.0,30.0,-0.8033333333333346,30.0,-0.5500000000000007,30.0,-6.509999999999991,30.0,6.509999999999991,30.0,0.0
1966,9,0.6,23.6,29.5,4.7,0.1,1966-09-01,30,141.0,-140.4,CRU-CY4.08,CRU-CY:Israel,gridded estimate; station support unavailable,30.0,0.15999999999999998,30.0,-1.4933333333333252,30.0,-1.3266666666666644,30.0,-6.599999999999994,30.0,6.759999999999991,30.0,0.006666666666666668
1966,10,30.6,21.7,28.0,3.6,4.5,1966-10-01,31,111.60000000000001,-81.0,CRU-CY4.08,CRU-CY:Israel,gridded estimate; station support unavailable,30.0,14.926666666666668,30.0,-0.7199999999999989,30.0,-0.19000000000000128,30.0,-0.20666666666663502,30.0,15.13333333333334,30.0,1.9000000000000004
1966,11,26.3,20.2,26.0,2.8,5.3,1966-11-01,30,84.0,-57.7,CRU-CY4.08,CRU-CY:Israel,gridded estimate; station support unavailable,30.0,-24.94,30.0,2.4833333333333343,30.0,2.7200000000000024,30.0,9.200000000000003,30.0,-34.14,30.0,0.36666666666666714
1966,12,194.6,14.4,19.2,1.9,12.2,1966-12-01,31,58.9,135.7,CRU-CY4.08,CRU-CY:Israel,gridded estimate; station support unavailable,30.0,100.87666666666667,30.0,0.6366666666666667,30.0,0.5933333333333302,30.0,1.2399999999999949,30.0,99.63666666666666,30.0,3.2200000000000006
1967,1,152.5,11.0,15.8,1.7,12.4,1967-01-01,31,52.699999999999996,99.80000000000001,CRU-CY4.08,CRU-CY:Israel,gridded estimate; station support unavailable,30.0,43.84333333333332,30.0,-1.2233333333333345,30.0,-0.9466666666666654,30.0,-4.133333333333333,30.0,47.976666666666674,30.0,1.4133333333333304
1967,2,69.4,10.6,15.5,2.3,9.8,1967-02-01,28,64.39999999999999,5.000000000000014,CRU-CY4.08,CRU-CY:Israel,gridded estimate; station support unavailable,30.0,-8.740000000000009,30.0,-2.2400000000000038,30.0,-2.3299999999999983,30.0,-3.5300000000000153,30.0,-5.209999999999987,30.0,-0.5333333333333314
1967,3,116.2,11.8,17.1,2.7,10.7,1967-03-01,31,83.7,32.5,CRU-CY4.08,CRU-CY:Israel,gridded estimate; station support unavailable,30.0,72.51666666666668,30.0,-3.346666666666666,30.0,-3.479999999999997,30.0,-17.05000000000001,30.0,89.56666666666666,30.0,4.333333333333331
1967,4,6.2,16.5,22.8,4.2,1.5,1967-04-01,30,126.0,-119.8,CRU-CY4.08,CRU-CY:Israel,gridded estimate; station support unavailable,30.0,-10.06666666666667,30.0,-1.8933333333333309,30.0,-1.8299999999999983,30.0,-8.5,30.0,-1.566666666666677,30.0,-0.9933333333333332
1967,5,13.9,19.3,25.7,5.0,2.4,1967-05-01,31,155.0,-141.1,CRU-CY4.08,CRU-CY:Israel,gridded estimate; station support unavailable,30.0,9.523333333333333,30.0,-2.2466666666666697,30.0,-2.2366666666666646,30.0,-12.606666666666655,30.0,22.129999999999995,30.0,1.2999999999999996
1967,6,0.0,22.4,29.0,6.2,0.0,1967-06-01,30,186.0,-186.0,CRU-CY4.08,CRU-CY:Israel,gridded estimate; station support unavailable,30.0,-0.10666666666666669,30.0,-1.903333333333336,30.0,-1.5133333333333319,30.0,-8.199999999999989,30.0,8.093333333333305,30.0,-0.05000000000000001
1967,7,0.0,24.8,30.9,6.3,0.0,1967-07-01,31,195.29999999999998,-195.29999999999998,CRU-CY4.08,CRU-CY:Israel,gridded estimate; station support unavailable,30.0,0.0,30.0,-1.4699999999999989,30.0,-1.2000000000000028,30.0,-6.406666666666695,30.0,6.406666666666695,30.0,0.0
1967,8,0.0,25.2,31.3,5.8,0.0,1967-08-01,31,179.79999999999998,-179.79999999999998,CRU-CY4.08,CRU-CY:Israel,gridded estimate; station support unavailable,30.0,0.0,30.0,-1.5033333333333339,30.0,-1.0500000000000007,30.0,-6.509999999999991,30.0,6.509999999999991,30.0,0.0
1967,9,0.2,23.2,29.0,4.6,0.2,1967-09-01,30,138.0,-137.8,CRU-CY4.08,CRU-CY:Israel,gridded estimate; station support unavailable,30.0,-0.24,30.0,-1.8933333333333273,30.0,-1.8266666666666644,30.0,-9.599999999999994,30.0,9.359999999999985,30.0,0.10666666666666667
1967,10,26.9,20.9,26.8,3.4,3.8,1967-10-01,31,105.39999999999999,-78.5,CRU-CY4.08,CRU-CY:Israel,gridded estimate; station support unavailable,30.0,11.226666666666665,30.0,-1.5199999999999996,30.0,-1.3900000000000006,30.0,-6.406666666666652,30.0,17.63333333333334,30.0,1.2000000000000002
1967,11,72.8,16.2,21.6,2.3,7.5,1967-11-01,30,69.0,3.799999999999997,CRU-CY4.08,CRU-CY:Israel,gridded estimate; station support unavailable,30.0,21.559999999999995,30.0,-1.5166666666666657,30.0,-1.6799999999999962,30.0,-5.799999999999997,30.0,27.359999999999996,30.0,2.5666666666666673
1967,12,83.1,13.8,18.6,1.9,9.1,1967-12-01,31,58.9,24.199999999999996,CRU-CY4.08,CRU-CY:Israel,gridded estimate; station support unavailable,30.0,-10.623333333333335,30.0,0.03666666666666707,30.0,-0.006666666666667709,30.0,1.2399999999999949,30.0,-11.86333333333333,30.0,0.120000000000001
1968,1,152.3,11.0,15.4,1.7,13.3,1968-01-01,31,52.699999999999996,99.60000000000002,CRU-CY4.08,CRU-CY:Israel,gridded estimate; station support unavailable,30.0,43.64333333333333,30.0,-1.2233333333333345,30.0,-1.3466666666666658,30.0,-4.133333333333333,30.0,47.776666666666685,30.0,2.313333333333331
1968,2,36.2,11.7,16.8,2.3,8.2,1968-02-01,29,66.69999999999999,-30.499999999999986,CRU-CY4.08,CRU-CY:Israel,gridded estimate; station support unavailable,30.0,-41.94000000000001,30.0,-1.1400000000000041,30.0,-1.0299999999999976,30.0,-1.2300000000000182,30.0,-40.70999999999999,30.0,-2.133333333333333
1968,3,22.1,13.3,18.8,3.0,5.1,1968-03-01,31,93.0,-70.9,CRU-CY4.08,CRU-CY:Israel,gridded estimate; station support unavailable,30.0,-21.58333333333333,30.0,-1.8466666666666658,30.0,-1.7799999999999976,30.0,-7.750000000000014,30.0,-13.83333333333335,30.0,-1.2666666666666684
1968,4,30.4,18.3,24.6,4.4,4.0,1968-04-01,30,132.0,-101.6,CRU-CY4.08,CRU-CY:Israel,gridded estimate; station support unavailable,30.0,14.13333333333333,30.0,-0.09333333333333016,30.0,-0.029999999999997584,30.0,-2.5,30.0,16.633333333333326,30.0,1.5066666666666668
1968,5,4.8,21.7,28.2,5.5,1.9,1968-05-01,31,170.5,-165.7,CRU-CY4.08,CRU-CY:Israel,gridded estimate; station support unavailable,30.0,0.4233333333333329,30.0,0.15333333333332888,30.0,0.2633333333333354,30.0,2.893333333333345,30.0,-2.469999999999999,30.0,0.7999999999999996
1968,6,0.0,24.0,30.2,6.4,0.0,1968-06-01,30,192.0,-192.0,CRU-CY4.08,CRU-CY:Israel,gridded estimate; station support unavailable,30.0,-0.10666666666666669,30.0,-0.30333333333333456,30.0,-0.3133333333333326,30.0,-2.1999999999999886,30.0,2.0933333333333053,30.0,-0.05000000000000001
1968,7,0.0,26.1,32.2,6.6,0.0,1968-07-01,31,204.6,-204.6,CRU-CY4.08,CRU-CY:Israel,gridded estimate; station support unavailable,30.0,0.0,30.0,-0.16999999999999815,30.0,0.10000000000000142,30.0,2.8933333333333167,30.0,-2.8933333333333167,30.0,0.0
1968,8,0.1,24.9,30.9,5.8,0.0,1968-08-01,31,179.79999999999998,-179.7,CRU-CY4.08,CRU-CY:Israel,gridded estimate; station support unavailable,30.0,0.1,30.0,-1.8033333333333346,30.0,-1.4500000000000028,30.0,-6.509999999999991,30.0,6.609999999999985,30.0,0.0
1968,9,0.2,23.3,29.4,4.7,0.1,1968-09-01,30,141.0,-140.8,CRU-CY4.08,CRU-CY:Israel,gridded estimate; station support unavailable,30.0,-0.24,30.0,-1.793333333333326,30.0,-1.4266666666666659,30.0,-6.599999999999994,30.0,6.359999999999985,30.0,0.006666666666666668
1968,10,21.2,20.5,26.3,3.3,3.5,1968-10-01,31,102.3,-81.1,CRU-CY4.08,CRU-CY:Israel,gridded estimate; station support unavailable,30.0,5.5266666666666655,30.0,-1.9199999999999982,30.0,-1.8900000000000006,30.0,-9.506666666666646,30.0,15.033333333333346,30.0,0.9000000000000004
1968,11,51.8,17.3,22.8,2.4,7.2,1968-11-01,30,72.0,-20.200000000000003,CRU-CY4.08,CRU-CY:Israel,gridded estimate; station support unavailable,30.0,0.5599999999999952,30.0,-0.4166666666666643,30.0,-0.4799999999999969,30.0,-2.799999999999997,30.0,3.359999999999996,30.0,2.2666666666666675
1968,12,149.4,14.2,18.6,1.8,11.7,1968-12-01,31,55.800000000000004,93.6,CRU-CY4.08,CRU-CY:Israel,gridded estimate; station support unavailable,30.0,55.67666666666668,30.0,0.43666666666666565,30.0,-0.006666666666667709,30.0,-1.8599999999999994,30.0,57.53666666666667,30.0,2.7200000000000006
1969,1,191.0,11.4,15.4,1.6,14.2,1969-01-01,31,49.6,141.4,CRU-CY4.08,CRU-CY:Israel,gridded estimate; station support unavailable,30.0,82.34333333333332,30.0,-0.8233333333333341,30.0,-1.3466666666666658,30.0,-7.233333333333327,30.0,89.57666666666667,30.0,3.2133333333333294
1969,2,24.6,13.6,18.6,2.6,5.2,1969-02-01,28,72.8,-48.199999999999996,CRU-CY4.08,CRU-CY:Israel,gridded estimate; station support unavailable,30.0,-53.54000000000001,30.0,0.7599999999999962,30.0,0.7700000000000031,30.0,4.86999999999999,30.0,-58.41,30.0,-5.133333333333332
1969,3,103.9,16.1,21.3,3.4,11.1,1969-03-01,31,105.39999999999999,-1.4999999999999858,CRU-CY4.08,CRU-CY:Israel,gridded estimate; station support unavailable,30.0,60.216666666666676,30.0,0.9533333333333349,30.0,0.7200000000000024,30.0,4.649999999999977,30.0,55.56666666666667,30.0,4.733333333333332
1969,4,17.0,15.9,21.9,4.0,3.4,1969-04-01,30,120.0,-103.0,CRU-CY4.08,CRU-CY:Israel,gridded estimate; station support unavailable,30.0,0.7333333333333307,30.0,-2.4933333333333305,30.0,-2.7300000000000004,30.0,-14.5,30.0,15.23333333333332,30.0,0.9066666666666667
1969,5,1.9,21.2,27.6,5.3,1.2,1969-05-01,31,164.29999999999998,-162.39999999999998,CRU-CY4.08,CRU-CY:Israel,gridded estimate; station support unavailable,30.0,-2.476666666666667,30.0,-0.3466666666666711,30.0,-0.33666666666666245,30.0,-3.306666666666672,30.0,0.8300000000000125,30.0,0.09999999999999964
1969,6,0.0,24.6,30.9,6.5,0.0,1969-06-01,30,195.0,-195.0,CRU-CY4.08,CRU-CY:Israel,gridded estimate; station support unavailable,30.0,-0.10666666666666669,30.0,0.29666666666666686,30.0,0.3866666666666667,30.0,0.8000000000000114,30.0,-0.9066666666666947,30.0,-0.05000000000000001
1969,7,0.0,24.0,29.9,6.1,0.0,1969-07-01,31,189.1,-189.1,CRU-CY4.08,CRU-CY:Israel,gridded estimate; station support unavailable,30.0,0.0,30.0,-2.2699999999999996,30.0,-2.200000000000003,30.0,-12.606666666666683,30.0,12.606666666666683,30.0,0.0
1969,8,0.0,25.3,31.2,5.8,0.0,1969-08-01,31,179.79999999999998,-179.79999999999998,CRU-CY4.08,CRU-CY:Israel,gridded estimate; station support unavailable,30.0,0.0,30.0,-1.4033333333333324,30.0,-1.1500000000000021,30.0,-6.509999999999991,30.0,6.509999999999991,30.0,0.0
1969,9,0.3,25.0,31.1,5.0,0.0,1969-09-01,30,150.0,-149.7,CRU-CY4.08,CRU-CY:Israel,gridded estimate; station support unavailable,30.0,-0.14,30.0,-0.0933333333333266,30.0,0.273333333333337,30.0,2.4000000000000057,30.0,-2.539999999999992,30.0,-0.09333333333333334
1969,10,25.1,21.3,26.9,3.4,4.1,1969-10-01,31,105.39999999999999,-80.29999999999998,CRU-CY4.08,CRU-CY:Israel,gridded estimate; station support unavailable,30.0,9.426666666666668,30.0,-1.1199999999999974,30.0,-1.2900000000000027,30.0,-6.406666666666652,30.0,15.833333333333357,30.0,1.5
1969,11,47.1,17.1,23.0,2.6,6.0,1969-11-01,30,78.0,-30.9,CRU-CY4.08,CRU-CY:Israel,gridded estimate; station support unavailable,30.0,-4.140000000000001,30.0,-0.6166666666666636,30.0,-0.2799999999999976,30.0,3.200000000000003,30.0,-7.34,30.0,1.0666666666666673
1969,12,58.1,14.3,19.2,1.9,6.7,1969-12-01,31,58.9,-0.7999999999999972,CRU-CY4.08,CRU-CY:Israel,gridded estimate; station support unavailable,30.0,-35.62333333333333,30.0,0.5366666666666671,30.0,0.5933333333333302,30.0,1.2399999999999949,30.0,-36.86333333333332,30.0,-2.2799999999999985
1970,1,117.5,13.0,17.6,1.9,11.3,1970-01-01,31,58.9,58.6,CRU-CY4.08,CRU-CY:Israel,gridded estimate; station support unavailable,30.0,8.84333333333332,30.0,0.7766666666666655,30.0,0.8533333333333353,30.0,2.06666666666667,30.0,6.776666666666664,30.0,0.3133333333333308
1970,2,37.7,13.4,18.6,2.4,6.8,1970-02-01,28,67.2,-29.5,CRU-CY4.08,CRU-CY:Israel,gridded estimate; station support unavailable,30.0,-40.44000000000001,30.0,0.559999999999997,30.0,0.7700000000000031,30.0,-0.730000000000004,30.0,-39.71,30.0,-3.5333333333333323
1970,3,83.9,15.7,21.1,3.3,8.9,1970-03-01,31,102.3,-18.39999999999999,CRU-CY4.08,CRU-CY:Israel,gridded estimate; station support unavailable,30.0,40.216666666666676,30.0,0.5533333333333328,30.0,0.5200000000000031,30.0,1.549999999999983,30.0,38.666666666666664,30.0,2.5333333333333323
1970,4,22.5,19.0,25.5,4.6,3.1,1970-04-01,30,138.0,-115.5,CRU-CY4.08,CRU-CY:Israel,gridded estimate; station support unavailable,30.0,6.233333333333331,30.0,0.6066666666666691,30.0,0.870000000000001,30.0,3.5,30.0,2.73333333333332,30.0,0.6066666666666669
1970,5,3.4,20.4,26.9,5.3,0.9,1970-05-01,31,164.29999999999998,-160.89999999999998,CRU-CY4.08,CRU-CY:Israel,gridded estimate; station support unavailable,30.0,-0.976666666666667,30.0,-1.1466666666666718,30.0,-1.0366666666666653,30.0,-3.306666666666672,30.0,2.3300000000000125,30.0,-0.2000000000000003
1970,6,0.0,22.8,29.1,6.1,0.0,1970-06-01,30,183.0,-183.0,CRU-CY4.08,CRU-CY:Israel,gridded estimate; station support unavailable,30.0,-0.10666666666666669,30.0,-1.5033333333333339,30.0,-1.4133333333333304,30.0,-11.199999999999989,30.0,11.093333333333305,30.0,-0.05000000000000001
1970,7,0.0,24.5,30.5,6.0,0.0,1970-07-01,31,186.0,-186.0,CRU-CY4.08,CRU-CY:Israel,gridded estimate; station support unavailable,30.0,0.0,30.0,-1.7699999999999996,30.0,-1.6000000000000014,30.0,-15.706666666666678,30.0,15.706666666666678,30.0,0.0
1970,8,0.1,25.0,30.9,5.7,0.0,1970-08-01,31,176.70000000000002,-176.60000000000002,CRU-CY4.08,CRU-CY:Israel,gridded estimate; station support unavailable,30.0,0.1,30.0,-1.7033333333333331,30.0,-1.4500000000000028,30.0,-9.609999999999957,30.0,9.709999999999951,30.0,0.0
1970,9,0.6,23.6,29.3,4.7,0.2,1970-09-01,30,141.0,-140.4,CRU-CY4.08,CRU-CY:Israel,gridded estimate; station support unavailable,30.0,0.15999999999999998,30.0,-1.4933333333333252,30.0,-1.5266666666666637,30.0,-6.599999999999994,30.0,6.759999999999991,30.0,0.10666666666666667
1970,10,13.9,19.9,25.9,3.3,2.4,1970-10-01,31,102.3,-88.39999999999999,CRU-CY4.08,CRU-CY:Israel,gridded estimate; station support unavailable,30.0,-1.7733333333333334,30.0,-2.5199999999999996,30.0,-2.2900000000000027,30.0,-9.506666666666646,30.0,7.7333333333333485,30.0,-0.19999999999999973
1970,11,33.4,17.5,22.7,2.4,5.4,1970-11-01,30,72.0,-38.6,CRU-CY4.08,CRU-CY:Israel,gridded estimate; station support unavailable,30.0,-17.840000000000003,30.0,-0.216666666666665,30.0,-0.5799999999999983,30.0,-2.799999999999997,30.0,-15.040000000000003,30.0,0.4666666666666677
1970,12,82.7,11.6,16.4,1.6,9.4,1970-12-01,31,49.6,33.1,CRU-CY4.08,CRU-CY:Israel,gridded estimate; station support unavailable,30.0,-11.023333333333326,30.0,-2.163333333333334,30.0,-2.2066666666666706,30.0,-8.060000000000002,30.0,-2.963333333333324,30.0,0.4200000000000017
1971,1,75.2,13.9,18.9,2.1,10.6,1971-01-01,31,65.10000000000001,10.099999999999994,CRU-CY4.08,CRU-CY:Israel,gridded estimate; station support unavailable,30.0,-33.45666666666668,30.0,1.6766666666666659,30.0,2.1533333333333324,30.0,8.26666666666668,30.0,-41.72333333333334,30.0,-0.38666666666667027
1971,2,94.9,12.3,17.2,2.4,10.4,1971-02-01,28,67.2,27.700000000000003,CRU-CY4.08,CRU-CY:Israel,gridded estimate; station support unavailable,30.0,16.75999999999999,30.0,-0.5400000000000027,30.0,-0.629999999999999,30.0,-0.730000000000004,30.0,17.490000000000002,30.0,0.0666666666666682
1971,3,39.7,14.8,20.4,3.3,7.3,1971-03-01,31,102.3,-62.599999999999994,CRU-CY4.08,CRU-CY:Israel,gridded estimate; station support unavailable,30.0,-3.983333333333327,30.0,-0.3466666666666658,30.0,-0.17999999999999972,30.0,1.549999999999983,30.0,-5.5333333333333385,30.0,0.9333333333333318
1971,4,111.3,15.6,21.3,3.8,8.0,1971-04-01,30,114.0,-2.700000000000003,CRU-CY4.08,CRU-CY:Israel,gridded estimate; station support unavailable,30.0,95.03333333333333,30.0,-2.7933333333333312,30.0,-3.3299999999999983,30.0,-20.5,30.0,115.53333333333332,30.0,5.506666666666667
1971,5,0.4,21.3,27.9,5.5,0.4,1971-05-01,31,170.5,-170.1,CRU-CY4.08,CRU-CY:Israel,gridded estimate; station support unavailable,30.0,-3.976666666666667,30.0,-0.2466666666666697,30.0,-0.03666666666666529,30.0,2.893333333333345,30.0,-6.8700000000000045,30.0,-0.7000000000000003
1971,6,0.3,22.8,29.1,6.2,0.1,1971-06-01,30,186.0,-185.7,CRU-CY4.08,CRU-CY:Israel,gridded estimate; station support unavailable,30.0,0.1933333333333333,30.0,-1.5033333333333339,30.0,-1.4133333333333304,30.0,-8.199999999999989,30.0,8.393333333333317,30.0,0.049999999999999996
1971,7,0.0,24.1,30.0,6.1,0.0,1971-07-01,31,189.1,-189.1,CRU-CY4.08,CRU-CY:Israel,gridded estimate; station support unavailable,30.0,0.0,30.0,-2.169999999999998,30.0,-2.1000000000000014,30.0,-12.606666666666683,30.0,12.606666666666683,30.0,0.0
1971,8,0.1,25.0,30.7,5.7,0.0,1971-08-01,31,176.70000000000002,-176.60000000000002,CRU-CY4.08,CRU-CY:Israel,gridded estimate; station support unavailable,30.0,0.1,30.0,-1.7033333333333331,30.0,-1.6500000000000021,30.0,-9.609999999999957,30.0,9.709999999999951,30.0,0.0
1971,9,0.0,24.2,29.9,4.8,0.0,1971-09-01,30,144.0,-144.0,CRU-CY4.08,CRU-CY:Israel,gridded estimate; station support unavailable,30.0,-0.44,30.0,-0.8933333333333273,30.0,-0.9266666666666659,30.0,-3.5999999999999943,30.0,3.1599999999999966,30.0,-0.09333333333333334
1971,10,7.4,20.0,26.1,3.5,1.5,1971-10-01,31,108.5,-101.1,CRU-CY4.08,CRU-CY:Israel,gridded estimate; station support unavailable,30.0,-8.273333333333333,30.0,-2.419999999999998,30.0,-2.09,30.0,-3.3066666666666436,30.0,-4.966666666666654,30.0,-1.0999999999999996
1971,11,48.6,16.3,21.9,2.4,5.4,1971-11-01,30,72.0,-23.4,CRU-CY4.08,CRU-CY:Israel,gridded estimate; station support unavailable,30.0,-2.6400000000000006,30.0,-1.4166666666666643,30.0,-1.379999999999999,30.0,-2.799999999999997,30.0,0.16000000000000014,30.0,0.4666666666666677
1971,12,157.3,11.6,16.0,1.6,14.2,1971-12-01,31,49.6,107.70000000000002,CRU-CY4.08,CRU-CY:Israel,gridded estimate; station support unavailable,30.0,63.57666666666668,30.0,-2.163333333333334,30.0,-2.606666666666669,30.0,-8.060000000000002,30.0,71.63666666666668,30.0,5.220000000000001
1972,1,65.4,10.9,15.5,1.8,8.3,1972-01-01,31,55.800000000000004,9.600000000000001,CRU-CY4.08,CRU-CY:Israel,gridded estimate; station support unavailable,30.0,-43.256666666666675,30.0,-1.3233333333333341,30.0,-1.2466666666666661,30.0,-1.0333333333333243,30.0,-42.223333333333336,30.0,-2.686666666666669
1972,2,88.8,10.7,15.9,2.3,11.1,1972-02-01,29,66.69999999999999,22.10000000000001,CRU-CY4.08,CRU-CY:Israel,gridded estimate; station support unavailable,30.0,10.659999999999982,30.0,-2.140000000000004,30.0,-1.929999999999998,30.0,-1.2300000000000182,30.0,11.890000000000008,30.0,0.7666666666666675
1972,3,64.2,13.9,19.1,3.1,9.3,1972-03-01,31,96.10000000000001,-31.900000000000006,CRU-CY4.08,CRU-CY:Israel,gridded estimate; station support unavailable,30.0,20.516666666666673,30.0,-1.2466666666666661,30.0,-1.4799999999999969,30.0,-4.650000000000006,30.0,25.16666666666665,30.0,2.9333333333333327
1972,4,30.5,18.9,25.0,4.4,4.1,1972-04-01,30,132.0,-101.5,CRU-CY4.08,CRU-CY:Israel,gridded estimate; station support unavailable,30.0,14.23333333333333,30.0,0.5066666666666677,30.0,0.370000000000001,30.0,-2.5,30.0,16.73333333333332,30.0,1.6066666666666665
1972,5,4.4,19.7,25.9,5.1,1.4,1972-05-01,31,158.1,-153.7,CRU-CY4.08,CRU-CY:Israel,gridded estimate; station support unavailable,30.0,0.023333333333333428,30.0,-1.8466666666666711,30.0,-2.0366666666666653,30.0,-9.50666666666666,30.0,9.530000000000001,30.0,0.2999999999999996
1972,6,0.7,22.6,28.8,6.2,0.3,1972-06-01,30,186.0,-185.3,CRU-CY4.08,CRU-CY:Israel,gridded estimate; station support unavailable,30.0,0.5933333333333333,30.0,-1.7033333333333331,30.0,-1.7133333333333312,30.0,-8.199999999999989,30.0,8.793333333333294,30.0,0.24999999999999997
1972,7,0.0,23.9,29.7,6.1,0.0,1972-07-01,31,189.1,-189.1,CRU-CY4.08,CRU-CY:Israel,gridded estimate; station support unavailable,30.0,0.0,30.0,-2.370000000000001,30.0,-2.400000000000002,30.0,-12.606666666666683,30.0,12.606666666666683,30.0,0.0
1972,8,0.0,25.1,30.8,5.7,0.0,1972-08-01,31,176.70000000000002,-176.70000000000002,CRU-CY4.08,CRU-CY:Israel,gridded estimate; station support unavailable,30.0,0.0,30.0,-1.6033333333333317,30.0,-1.5500000000000007,30.0,-9.609999999999957,30.0,9.609999999999957,30.0,0.0
1972,9,0.3,24.4,30.5,4.9,0.1,1972-09-01,30,147.0,-146.7,CRU-CY4.08,CRU-CY:Israel,gridded estimate; station support unavailable,30.0,-0.14,30.0,-0.693333333333328,30.0,-0.32666666666666444,30.0,-0.5999999999999943,30.0,0.46000000000000796,30.0,0.006666666666666668
1972,10,4.8,22.1,28.0,3.6,1.9,1972-10-01,31,111.60000000000001,-106.80000000000001,CRU-CY4.08,CRU-CY:Israel,gridded estimate; station support unavailable,30.0,-10.873333333333335,30.0,-0.31999999999999673,30.0,-0.19000000000000128,30.0,-0.20666666666663502,30.0,-10.666666666666671,30.0,-0.6999999999999997
1972,11,51.0,16.5,22.0,2.5,6.9,1972-11-01,30,75.0,-24.0,CRU-CY4.08,CRU-CY:Israel,gridded estimate; station support unavailable,30.0,-0.240000000000002,30.0,-1.216666666666665,30.0,-1.2799999999999976,30.0,0.20000000000000284,30.0,-0.4400000000000013,30.0,1.9666666666666677
1972,12,43.1,10.9,16.4,1.8,6.6,1972-12-01,31,55.800000000000004,-12.700000000000003,CRU-CY4.08,CRU-CY:Israel,gridded estimate; station support unavailable,30.0,-50.62333333333333,30.0,-2.8633333333333333,30.0,-2.2066666666666706,30.0,-1.8599999999999994,30.0,-48.76333333333333,30.0,-2.379999999999999
1973,1,112.7,10.9,16.1,1.9,11.5,1973-01-01,31,58.9,53.800000000000004,CRU-CY4.08,CRU-CY:Israel,gridded estimate; station support unavailable,30.0,4.043333333333322,30.0,-1.3233333333333341,30.0,-0.6466666666666647,30.0,2.06666666666667,30.0,1.9766666666666666,30.0,0.5133333333333301
1973,2,18.7,14.1,19.6,2.6,5.2,1973-02-01,28,72.8,-54.099999999999994,CRU-CY4.08,CRU-CY:Israel,gridded estimate; station support unavailable,30.0,-59.44000000000001,30.0,1.2599999999999962,30.0,1.7700000000000031,30.0,4.86999999999999,30.0,-64.31,30.0,-5.133333333333332
1973,3,60.0,13.9,19.7,3.2,6.8,1973-03-01,31,99.2,-39.2,CRU-CY4.08,CRU-CY:Israel,gridded estimate; station support unavailable,30.0,16.31666666666667,30.0,-1.2466666666666661,30.0,-0.879999999999999,30.0,-1.5500000000000114,30.0,17.866666666666653,30.0,0.4333333333333318
1973,4,10.5,17.0,23.1,4.2,2.3,1973-04-01,30,126.0,-115.5,CRU-CY4.08,CRU-CY:Israel,gridded estimate; station support unavailable,30.0,-5.766666666666669,30.0,-1.3933333333333309,30.0,-1.5299999999999976,30.0,-8.5,30.0,2.73333333333332,30.0,-0.19333333333333336
1973,5,7.7,20.5,27.0,5.5,1.4,1973-05-01,31,170.5,-162.8,CRU-CY4.08,CRU-CY:Israel,gridded estimate; station support unavailable,30.0,3.3233333333333333,30.0,-1.0466666666666704,30.0,-0.9366666666666639,30.0,2.893333333333345,30.0,0.4299999999999784,30.0,0.2999999999999996
1973,6,0.2,22.5,28.8,6.3,0.3,1973-06-01,30,189.0,-188.8,CRU-CY4.08,CRU-CY:Israel,gridded estimate; station support unavailable,30.0,0.09333333333333332,30.0,-1.8033333333333346,30.0,-1.7133333333333312,30.0,-5.199999999999989,30.0,5.293333333333294,30.0,0.24999999999999997
1973,7,0.0,25.4,31.5,6.5,0.0,1973-07-01,31,201.5,-201.5,CRU-CY4.08,CRU-CY:Israel,gridded estimate; station support unavailable,30.0,0.0,30.0,-0.870000000000001,30.0,-0.6000000000000014,30.0,-0.20666666666667766,30.0,0.20666666666667766,30.0,0.0
1973,8,0.0,25.1,30.8,5.7,0.0,1973-08-01,31,176.70000000000002,-176.70000000000002,CRU-CY4.08,CRU-CY:Israel,gridded estimate; station support unavailable,30.0,0.0,30.0,-1.6033333333333317,30.0,-1.5500000000000007,30.0,-9.609999999999957,30.0,9.609999999999957,30.0,0.0
1973,9,0.0,24.0,30.0,4.8,0.0,1973-09-01,30,144.0,-144.0,CRU-CY4.08,CRU-CY:Israel,gridded estimate; station support unavailable,30.0,-0.44,30.0,-1.0933333333333266,30.0,-0.8266666666666644,30.0,-3.5999999999999943,30.0,3.1599999999999966,30.0,-0.09333333333333334
1973,10,10.5,21.9,27.9,3.6,2.1,1973-10-01,31,111.60000000000001,-101.10000000000001,CRU-CY4.08,CRU-CY:Israel,gridded estimate; station support unavailable,30.0,-5.173333333333334,30.0,-0.5199999999999996,30.0,-0.2900000000000027,30.0,-0.20666666666663502,30.0,-4.966666666666669,30.0,-0.49999999999999956
1973,11,78.5,14.7,20.2,2.3,7.3,1973-11-01,30,69.0,9.5,CRU-CY4.08,CRU-CY:Israel,gridded estimate; station support unavailable,30.0,27.259999999999998,30.0,-3.0166666666666657,30.0,-3.0799999999999983,30.0,-5.799999999999997,30.0,33.06,30.0,2.366666666666667
1973,12,36.3,13.1,18.1,1.9,6.0,1973-12-01,31,58.9,-22.6,CRU-CY4.08,CRU-CY:Israel,gridded estimate; station support unavailable,30.0,-57.42333333333333,30.0,-0.663333333333334,30.0,-0.5066666666666677,30.0,1.2399999999999949,30.0,-58.66333333333333,30.0,-2.9799999999999986
1974,1,273.2,10.0,14.3,1.6,17.9,1974-01-01,31,49.6,223.6,CRU-CY4.08,CRU-CY:Israel,gridded estimate; station support unavailable,30.0,164.5433333333333,30.0,-2.2233333333333345,30.0,-2.4466666666666654,30.0,-7.233333333333327,30.0,171.77666666666664,30.0,6.913333333333329
1974,2,93.6,12.0,17.0,2.4,12.3,1974-02-01,28,67.2,26.39999999999999,CRU-CY4.08,CRU-CY:Israel,gridded estimate; station support unavailable,30.0,15.45999999999998,30.0,-0.8400000000000034,30.0,-0.8299999999999983,30.0,-0.730000000000004,30.0,16.18999999999999,30.0,1.9666666666666686
1974,3,46.9,14.9,19.9,3.1,7.7,1974-03-01,31,96.10000000000001,-49.20000000000001,CRU-CY4.08,CRU-CY:Israel,gridded estimate; station support unavailable,30.0,3.2166666666666686,30.0,-0.24666666666666615,30.0,-0.6799999999999997,30.0,-4.650000000000006,30.0,7.866666666666646,30.0,1.3333333333333321
1974,4,36.6,17.4,23.3,4.2,4.2,1974-04-01,30,126.0,-89.4,CRU-CY4.08,CRU-CY:Israel,gridded estimate; station support unavailable,30.0,20.333333333333332,30.0,-0.9933333333333323,30.0,-1.3299999999999983,30.0,-8.5,30.0,28.833333333333314,30.0,1.706666666666667
1974,5,0.0,19.7,26.2,5.2,0.0,1974-05-01,31,161.20000000000002,-161.20000000000002,CRU-CY4.08,CRU-CY:Israel,gridded estimate; station support unavailable,30.0,-4.376666666666667,30.0,-1.8466666666666711,30.0,-1.7366666666666646,30.0,-6.406666666666638,30.0,2.0299999999999727,30.0,-1.1000000000000003
1974,6,0.0,23.3,29.4,6.4,0.0,1974-06-01,30,192.0,-192.0,CRU-CY4.08,CRU-CY:Israel,gridded estimate; station support unavailable,30.0,-0.10666666666666669,30.0,-1.0033333333333339,30.0,-1.1133333333333333,30.0,-2.1999999999999886,30.0,2.0933333333333053,30.0,-0.05000000000000001
1974,7,0.0,25.1,31.0,6.5,0.0,1974-07-01,31,201.5,-201.5,CRU-CY4.08,CRU-CY:Israel,gridded estimate; station support unavailable,30.0,0.0,30.0,-1.1699999999999982,30.0,-1.1000000000000014,30.0,-0.20666666666667766,30.0,0.20666666666667766,30.0,0.0
1974,8,0.0,24.7,30.4,5.6,0.0,1974-08-01,31,173.6,-173.6,CRU-CY4.08,CRU-CY:Israel,gridded estimate; station support unavailable,30.0,0.0,30.0,-2.003333333333334,30.0,-1.9500000000000028,30.0,-12.70999999999998,30.0,12.70999999999998,30.0,0.0
1974,9,0.0,23.3,29.4,4.7,0.0,1974-09-01,30,141.0,-141.0,CRU-CY4.08,CRU-CY:Israel,gridded estimate; station support unavailable,30.0,-0.44,30.0,-1.793333333333326,30.0,-1.4266666666666659,30.0,-6.599999999999994,30.0,6.159999999999997,30.0,-0.09333333333333334
1974,10,2.7,22.5,28.5,3.7,0.6,1974-10-01,31,114.7,-112.0,CRU-CY4.08,CRU-CY:Israel,gridded estimate; station support unavailable,30.0,-12.973333333333333,30.0,0.08000000000000185,30.0,0.3099999999999987,30.0,2.8933333333333593,30.0,-15.86666666666666,30.0,-1.9999999999999996
1974,11,50.2,17.2,22.9,2.5,6.3,1974-11-01,30,75.0,-24.799999999999997,CRU-CY4.08,CRU-CY:Israel,gridded estimate; station support unavailable,30.0,-1.0399999999999991,30.0,-0.5166666666666657,30.0,-0.379999999999999,30.0,0.20000000000000284,30.0,-1.2399999999999984,30.0,1.3666666666666671
1974,12,112.2,12.0,16.5,1.6,11.1,1974-12-01,31,49.6,62.6,CRU-CY4.08,CRU-CY:Israel,gridded estimate; station support unavailable,30.0,18.476666666666674,30.0,-1.7633333333333336,30.0,-2.106666666666669,30.0,-8.060000000000002,30.0,26.536666666666676,30.0,2.120000000000001
1975,1,51.3,11.2,15.7,1.8,8.2,1975-01-01,31,55.800000000000004,-4.500000000000007,CRU-CY4.08,CRU-CY:Israel,gridded estimate; station support unavailable,30.0,-57.35666666666668,30.0,-1.0233333333333352,30.0,-1.0466666666666669,30.0,-1.0333333333333243,30.0,-56.323333333333345,30.0,-2.7866666666666706
1975,2,145.9,11.6,16.1,2.2,15.1,1975-02-01,28,61.60000000000001,84.3,CRU-CY4.08,CRU-CY:Israel,gridded estimate; station support unavailable,30.0,67.75999999999999,30.0,-1.2400000000000038,30.0,-1.7299999999999969,30.0,-6.329999999999998,30.0,74.09,30.0,4.7666666666666675
1975,3,38.3,14.5,20.4,3.3,5.6,1975-03-01,31,102.3,-64.0,CRU-CY4.08,CRU-CY:Israel,gridded estimate; station support unavailable,30.0,-5.383333333333333,30.0,-0.6466666666666665,30.0,-0.17999999999999972,30.0,1.549999999999983,30.0,-6.933333333333344,30.0,-0.7666666666666684
1975,4,9.8,19.3,25.6,4.6,2.1,1975-04-01,30,138.0,-128.2,CRU-CY4.08,CRU-CY:Israel,gridded estimate; station support unavailable,30.0,-6.466666666666669,30.0,0.9066666666666698,30.0,0.9700000000000024,30.0,3.5,30.0,-9.966666666666669,30.0,-0.3933333333333331
1975,5,0.4,19.7,26.0,5.2,0.4,1975-05-01,31,161.20000000000002,-160.8,CRU-CY4.08,CRU-CY:Israel,gridded estimate; station support unavailable,30.0,-3.976666666666667,30.0,-1.8466666666666711,30.0,-1.9366666666666639,30.0,-6.406666666666638,30.0,2.4299999999999784,30.0,-0.7000000000000003
1975,6,0.0,22.9,28.9,6.2,0.0,1975-06-01,30,186.0,-186.0,CRU-CY4.08,CRU-CY:Israel,gridded estimate; station support unavailable,30.0,-0.10666666666666669,30.0,-1.403333333333336,30.0,-1.6133333333333333,30.0,-8.199999999999989,30.0,8.093333333333305,30.0,-0.05000000000000001
1975,7,0.0,24.8,30.6,6.4,0.0,1975-07-01,31,198.4,-198.4,CRU-CY4.08,CRU-CY:Israel,gridded estimate; station support unavailable,30.0,0.0,30.0,-1.4699999999999989,30.0,-1.5,30.0,-3.306666666666672,30.0,3.306666666666672,30.0,0.0
1975,8,0.0,24.4,29.9,5.5,0.0,1975-08-01,31,170.5,-170.5,CRU-CY4.08,CRU-CY:Israel,gridded estimate; station support unavailable,30.0,0.0,30.0,-2.3033333333333346,30.0,-2.450000000000003,30.0,-15.809999999999974,30.0,15.809999999999974,30.0,0.0
1975,9,1.5,23.5,29.2,4.6,0.1,1975-09-01,30,138.0,-136.5,CRU-CY4.08,CRU-CY:Israel,gridded estimate; station support unavailable,30.0,1.06,30.0,-1.5933333333333266,30.0,-1.6266666666666652,30.0,-9.599999999999994,30.0,10.659999999999997,30.0,0.006666666666666668
1975,10,3.6,20.3,26.3,3.5,1.3,1975-10-01,31,108.5,-104.9,CRU-CY4.08,CRU-CY:Israel,gridded estimate; station support unavailable,30.0,-12.073333333333334,30.0,-2.1199999999999974,30.0,-1.8900000000000006,30.0,-3.3066666666666436,30.0,-8.766666666666666,30.0,-1.2999999999999996
1975,11,47.4,16.7,22.3,2.4,5.3,1975-11-01,30,72.0,-24.6,CRU-CY4.08,CRU-CY:Israel,gridded estimate; station support unavailable,30.0,-3.8400000000000034,30.0,-1.0166666666666657,30.0,-0.9799999999999969,30.0,-2.799999999999997,30.0,-1.0400000000000027,30.0,0.36666666666666714
1975,12,84.0,12.2,16.8,1.8,10.9,1975-12-01,31,55.800000000000004,28.199999999999996,CRU-CY4.08,CRU-CY:Israel,gridded estimate; station support unavailable,30.0,-9.72333333333333,30.0,-1.5633333333333344,30.0,-1.8066666666666684,30.0,-1.8599999999999994,30.0,-7.86333333333333,30.0,1.9200000000000017
1976,1,54.5,11.6,16.1,1.8,7.1,1976-01-01,31,55.800000000000004,-1.3000000000000043,CRU-CY4.08,CRU-CY:Israel,gridded estimate; station support unavailable,30.0,-54.15666666666668,30.0,-0.6233333333333348,30.0,-0.6466666666666647,30.0,-1.0333333333333243,30.0,-53.12333333333334,30.0,-3.8866666666666703
1976,2,88.2,10.6,15.5,2.2,10.9,1976-02-01,29,63.800000000000004,24.4,CRU-CY4.08,CRU-CY:Israel,gridded estimate; station support unavailable,30.0,10.059999999999988,30.0,-2.2400000000000038,30.0,-2.3299999999999983,30.0,-4.130000000000003,30.0,14.189999999999998,30.0,0.5666666666666682
1976,3,61.4,13.7,19.0,3.1,9.2,1976-03-01,31,96.10000000000001,-34.70000000000001,CRU-CY4.08,CRU-CY:Israel,gridded estimate; station support unavailable,30.0,17.71666666666667,30.0,-1.4466666666666672,30.0,-1.5799999999999983,30.0,-4.650000000000006,30.0,22.366666666666646,30.0,2.8333333333333313
1976,4,28.4,17.1,23.0,4.0,3.5,1976-04-01,30,120.0,-91.6,CRU-CY4.08,CRU-CY:Israel,gridded estimate; station support unavailable,30.0,12.13333333333333,30.0,-1.2933333333333294,30.0,-1.629999999999999,30.0,-14.5,30.0,26.633333333333326,30.0,1.0066666666666668
1976,5,9.2,20.4,26.8,5.2,2.2,1976-05-01,31,161.20000000000002,-152.00000000000003,CRU-CY4.08,CRU-CY:Israel,gridded estimate; station support unavailable,30.0,4.823333333333332,30.0,-1.1466666666666718,30.0,-1.1366666666666632,30.0,-6.406666666666638,30.0,11.229999999999961,30.0,1.0999999999999999
1976,6,0.2,22.6,28.8,6.2,0.0,1976-06-01,30,186.0,-185.8,CRU-CY4.08,CRU-CY:Israel,gridded estimate; station support unavailable,30.0,0.09333333333333332,30.0,-1.7033333333333331,30.0,-1.7133333333333312,30.0,-8.199999999999989,30.0,8.293333333333294,30.0,-0.05000000000000001
1976,7,0.0,23.9,29.6,6.1,0.0,1976-07-01,31,189.1,-189.1,CRU-CY4.08,CRU-CY:Israel,gridded estimate; station support unavailable,30.0,0.0,30.0,-2.370000000000001,30.0,-2.5,30.0,-12.606666666666683,30.0,12.606666666666683,30.0,0.0
1976,8,0.0,23.8,29.4,5.5,0.0,1976-08-01,31,170.5,-170.5,CRU-CY4.08,CRU-CY:Israel,gridded estimate; station support unavailable,30.0,0.0,30.0,-2.9033333333333324,30.0,-2.950000000000003,30.0,-15.809999999999974,30.0,15.809999999999974,30.0,0.0
1976,9,0.6,23.1,28.9,4.6,0.1,1976-09-01,30,138.0,-137.4,CRU-CY4.08,CRU-CY:Israel,gridded estimate; station support unavailable,30.0,0.15999999999999998,30.0,-1.9933333333333252,30.0,-1.9266666666666659,30.0,-9.599999999999994,30.0,9.759999999999991,30.0,0.006666666666666668
1976,10,17.7,21.8,27.6,3.5,3.3,1976-10-01,31,108.5,-90.8,CRU-CY4.08,CRU-CY:Israel,gridded estimate; station support unavailable,30.0,2.0266666666666655,30.0,-0.6199999999999974,30.0,-0.5899999999999999,30.0,-3.3066666666666436,30.0,5.333333333333343,30.0,0.7000000000000002
1976,11,71.0,17.7,23.5,2.5,5.5,1976-11-01,30,75.0,-4.0,CRU-CY4.08,CRU-CY:Israel,gridded estimate; station support unavailable,30.0,19.759999999999998,30.0,-0.01666666666666572,30.0,0.22000000000000242,30.0,0.20000000000000284,30.0,19.56,30.0,0.5666666666666673
1976,12,47.0,14.1,19.0,1.9,6.0,1976-12-01,31,58.9,-11.899999999999999,CRU-CY4.08,CRU-CY:Israel,gridded estimate; station support unavailable,30.0,-46.72333333333333,30.0,0.336666666666666,30.0,0.39333333333333087,30.0,1.2399999999999949,30.0,-47.963333333333324,30.0,-2.9799999999999986
1977,1,102.3,10.9,15.5,1.8,11.5,1977-01-01,31,55.800000000000004,46.49999999999999,CRU-CY4.08,CRU-CY:Israel,gridded estimate; station support unavailable,30.0,-6.356666666666683,30.0,-1.3233333333333341,30.0,-1.2466666666666661,30.0,-1.0333333333333243,30.0,-5.323333333333345,30.0,0.5133333333333301
1977,2,40.3,14.6,19.8,2.6,7.2,1977-02-01,28,72.8,-32.5,CRU-CY4.08,CRU-CY:Israel,gridded estimate; station support unavailable,30.0,-37.84000000000002,30.0,1.7599999999999962,30.0,1.9700000000000024,30.0,4.86999999999999,30.0,-42.71,30.0,-3.133333333333332
1977,3,66.7,13.8,19.1,3.1,7.7,1977-03-01,31,96.10000000000001,-29.400000000000006,CRU-CY4.08,CRU-CY:Israel,gridded estimate; station support unavailable,30.0,23.016666666666673,30.0,-1.3466666666666658,30.0,-1.4799999999999969,30.0,-4.650000000000006,30.0,27.66666666666665,30.0,1.3333333333333321
1977,4,68.9,16.7,22.7,4.1,6.1,1977-04-01,30,122.99999999999999,-54.09999999999998,CRU-CY4.08,CRU-CY:Israel,gridded estimate; station support unavailable,30.0,52.63333333333334,30.0,-1.6933333333333316,30.0,-1.9299999999999997,30.0,-11.500000000000014,30.0,64.13333333333334,30.0,3.6066666666666665
1977,5,2.9,20.7,27.1,5.4,1.4,1977-05-01,31,167.4,-164.5,CRU-CY4.08,CRU-CY:Israel,gridded estimate; station support unavailable,30.0,-1.476666666666667,30.0,-0.8466666666666711,30.0,-0.8366666666666625,30.0,-0.20666666666664923,30.0,-1.2700000000000102,30.0,0.2999999999999996
1977,6,0.2,23.2,29.3,6.3,0.1,1977-06-01,30,189.0,-188.8,CRU-CY4.08,CRU-CY:Israel,gridded estimate; station support unavailable,30.0,0.09333333333333332,30.0,-1.1033333333333353,30.0,-1.2133333333333312,30.0,-5.199999999999989,30.0,5.293333333333294,30.0,0.049999999999999996
1977,7,0.0,25.4,31.4,6.5,0.0,1977-07-01,31,201.5,-201.5,CRU-CY4.08,CRU-CY:Israel,gridded estimate; station support unavailable,30.0,0.0,30.0,-0.870000000000001,30.0,-0.7000000000000028,30.0,-0.20666666666667766,30.0,0.20666666666667766,30.0,0.0
1977,8,0.0,26.0,32.1,6.0,0.0,1977-08-01,31,186.0,-186.0,CRU-CY4.08,CRU-CY:Israel,gridded estimate; station support unavailable,30.0,0.0,30.0,-0.7033333333333331,30.0,-0.25,30.0,-0.30999999999997385,30.0,0.30999999999997385,30.0,0.0
1977,9,0.6,23.6,29.2,4.6,0.1,1977-09-01,30,138.0,-137.4,CRU-CY4.08,CRU-CY:Israel,gridded estimate; station support unavailable,30.0,0.15999999999999998,30.0,-1.4933333333333252,30.0,-1.6266666666666652,30.0,-9.599999999999994,30.0,9.759999999999991,30.0,0.006666666666666668
1977,10,44.6,19.4,25.1,3.3,4.3,1977-10-01,31,102.3,-57.699999999999996,CRU-CY4.08,CRU-CY:Israel,gridded estimate; station support unavailable,30.0,28.92666666666667,30.0,-3.0199999999999996,30.0,-3.09,30.0,-9.506666666666646,30.0,38.433333333333344,30.0,1.7000000000000002
1977,11,22.8,16.6,22.7,2.5,3.7,1977-11-01,30,75.0,-52.2,CRU-CY4.08,CRU-CY:Israel,gridded estimate; station support unavailable,30.0,-28.44,30.0,-1.1166666666666636,30.0,-0.5799999999999983,30.0,0.20000000000000284,30.0,-28.640000000000004,30.0,-1.2333333333333325
1977,12,160.1,12.2,16.5,1.6,12.6,1977-12-01,31,49.6,110.5,CRU-CY4.08,CRU-CY:Israel,gridded estimate; station support unavailable,30.0,66.37666666666667,30.0,-1.5633333333333344,30.0,-2.106666666666669,30.0,-8.060000000000002,30.0,74.43666666666667,30.0,3.620000000000001
1978,1,86.0,11.9,16.4,1.8,9.6,1978-01-01,31,55.800000000000004,30.199999999999996,CRU-CY4.08,CRU-CY:Israel,gridded estimate; station support unavailable,30.0,-22.65666666666668,30.0,-0.32333333333333414,30.0,-0.34666666666666757,30.0,-1.0333333333333243,30.0,-21.623333333333342,30.0,-1.3866666666666703
1978,2,50.1,13.5,18.6,2.5,8.9,1978-02-01,28,70.0,-19.9,CRU-CY4.08,CRU-CY:Israel,gridded estimate; station support unavailable,30.0,-28.040000000000013,30.0,0.6599999999999966,30.0,0.7700000000000031,30.0,2.069999999999993,30.0,-30.11,30.0,-1.4333333333333318
1978,3,65.8,14.6,19.9,3.2,7.8,1978-03-01,31,99.2,-33.400000000000006,CRU-CY4.08,CRU-CY:Israel,gridded estimate; station support unavailable,30.0,22.116666666666667,30.0,-0.5466666666666669,30.0,-0.6799999999999997,30.0,-1.5500000000000114,30.0,23.66666666666665,30.0,1.4333333333333318
1978,4,11.6,17.5,24.0,4.3,2.2,1978-04-01,30,129.0,-117.4,CRU-CY4.08,CRU-CY:Israel,gridded estimate; station support unavailable,30.0,-4.66666666666667,30.0,-0.8933333333333309,30.0,-0.629999999999999,30.0,-5.5,30.0,0.8333333333333144,30.0,-0.293333333333333
1978,5,0.3,21.8,28.5,5.7,0.2,1978-05-01,31,176.70000000000002,-176.4,CRU-CY4.08,CRU-CY:Israel,gridded estimate; station support unavailable,30.0,-4.076666666666667,30.0,0.2533333333333303,30.0,0.5633333333333361,30.0,9.093333333333362,30.0,-13.170000000000016,30.0,-0.9000000000000004
1978,6,0.7,22.9,29.1,6.3,0.3,1978-06-01,30,189.0,-188.3,CRU-CY4.08,CRU-CY:Israel,gridded estimate; station support unavailable,30.0,0.5933333333333333,30.0,-1.403333333333336,30.0,-1.4133333333333304,30.0,-5.199999999999989,30.0,5.793333333333294,30.0,0.24999999999999997
1978,7,0.0,26.3,32.3,6.7,0.0,1978-07-01,31,207.70000000000002,-207.70000000000002,CRU-CY4.08,CRU-CY:Israel,gridded estimate; station support unavailable,30.0,0.0,30.0,0.030000000000001137,30.0,0.19999999999999574,30.0,5.993333333333339,30.0,-5.993333333333339,30.0,0.0
1978,8,0.0,24.0,29.9,5.6,0.0,1978-08-01,31,173.6,-173.6,CRU-CY4.08,CRU-CY:Israel,gridded estimate; station support unavailable,30.0,0.0,30.0,-2.703333333333333,30.0,-2.450000000000003,30.0,-12.70999999999998,30.0,12.70999999999998,30.0,0.0
1978,9,0.0,23.1,28.8,4.6,0.1,1978-09-01,30,138.0,-138.0,CRU-CY4.08,CRU-CY:Israel,gridded estimate; station support unavailable,30.0,-0.44,30.0,-1.9933333333333252,30.0,-2.0266666666666637,30.0,-9.599999999999994,30.0,9.159999999999997,30.0,0.006666666666666668
1978,10,28.8,22.1,28.1,3.6,3.4,1978-10-01,31,111.60000000000001,-82.80000000000001,CRU-CY4.08,CRU-CY:Israel,gridded estimate; station support unavailable,30.0,13.126666666666667,30.0,-0.31999999999999673,30.0,-0.08999999999999986,30.0,-0.20666666666663502,30.0,13.333333333333329,30.0,0.8000000000000003
1978,11,11.5,14.6,20.4,2.3,2.7,1978-11-01,30,69.0,-57.5,CRU-CY4.08,CRU-CY:Israel,gridded estimate; station support unavailable,30.0,-39.74,30.0,-3.1166666666666654,30.0,-2.879999999999999,30.0,-5.799999999999997,30.0,-33.94,30.0,-2.2333333333333325
1978,12,101.9,13.7,18.2,1.8,10.4,1978-12-01,31,55.800000000000004,46.1,CRU-CY4.08,CRU-CY:Israel,gridded estimate; station support unavailable,30.0,8.176666666666677,30.0,-0.06333333333333435,30.0,-0.40666666666666984,30.0,-1.8599999999999994,30.0,10.036666666666676,30.0,1.4200000000000017
1979,1,63.7,12.3,17.0,1.8,9.4,1979-01-01,31,55.800000000000004,7.899999999999999,CRU-CY4.08,CRU-CY:Israel,gridded estimate; station support unavailable,30.0,-44.95666666666668,30.0,0.07666666666666622,30.0,0.25333333333333385,30.0,-1.0333333333333243,30.0,-43.92333333333334,30.0,-1.5866666666666696
1979,2,26.8,14.2,19.3,2.6,7.6,1979-02-01,28,72.8,-46.0,CRU-CY4.08,CRU-CY:Israel,gridded estimate; station support unavailable,30.0,-51.34000000000002,30.0,1.3599999999999959,30.0,1.4700000000000024,30.0,4.86999999999999,30.0,-56.21,30.0,-2.7333333333333325
1979,3,48.8,15.5,21.0,3.4,7.3,1979-03-01,31,105.39999999999999,-56.599999999999994,CRU-CY4.08,CRU-CY:Israel,gridded estimate; station support unavailable,30.0,5.116666666666667,30.0,0.3533333333333335,30.0,0.4200000000000017,30.0,4.649999999999977,30.0,0.46666666666666146,30.0,0.9333333333333318
1979,4,6.3,18.9,25.3,4.5,1.8,1979-04-01,30,135.0,-128.7,CRU-CY4.08,CRU-CY:Israel,gridded estimate; station support unavailable,30.0,-9.966666666666669,30.0,0.5066666666666677,30.0,0.6700000000000017,30.0,0.5,30.0,-10.466666666666669,30.0,-0.6933333333333331
1979,5,3.2,20.3,26.6,5.2,1.0,1979-05-01,31,161.20000000000002,-158.00000000000003,CRU-CY4.08,CRU-CY:Israel,gridded estimate; station support unavailable,30.0,-1.1766666666666667,30.0,-1.2466666666666697,30.0,-1.3366666666666625,30.0,-6.406666666666638,30.0,5.229999999999961,30.0,-0.10000000000000031
1979,6,0.1,23.9,30.1,6.5,0.1,1979-06-01,30,195.0,-194.9,CRU-CY4.08,CRU-CY:Israel,gridded estimate; station support unavailable,30.0,-0.006666666666666682,30.0,-0.403333333333336,30.0,-0.41333333333333044,30.0,0.8000000000000114,30.0,-0.8066666666667004,30.0,0.049999999999999996
1979,7,0.0,24.8,30.8,6.4,0.0,1979-07-01,31,198.4,-198.4,CRU-CY4.08,CRU-CY:Israel,gridded estimate; station support unavailable,30.0,0.0,30.0,-1.4699999999999989,30.0,-1.3000000000000007,30.0,-3.306666666666672,30.0,3.306666666666672,30.0,0.0
1979,8,0.0,25.0,30.8,5.7,0.0,1979-08-01,31,176.70000000000002,-176.70000000000002,CRU-CY4.08,CRU-CY:Israel,gridded estimate; station support unavailable,30.0,0.0,30.0,-1.7033333333333331,30.0,-1.5500000000000007,30.0,-9.609999999999957,30.0,9.609999999999957,30.0,0.0
1979,9,0.0,24.3,30.1,4.8,0.0,1979-09-01,30,144.0,-144.0,CRU-CY4.08,CRU-CY:Israel,gridded estimate; station support unavailable,30.0,-0.44,30.0,-0.7933333333333259,30.0,-0.726666666666663,30.0,-3.5999999999999943,30.0,3.1599999999999966,30.0,-0.09333333333333334
1979,10,46.5,21.7,27.5,3.4,4.8,1979-10-01,31,105.39999999999999,-58.89999999999999,CRU-CY4.08,CRU-CY:Israel,gridded estimate; station support unavailable,30.0,30.826666666666668,30.0,-0.7199999999999989,30.0,-0.6900000000000013,30.0,-6.406666666666652,30.0,37.23333333333335,30.0,2.2
1979,11,116.1,18.8,24.1,2.6,7.6,1979-11-01,30,78.0,38.099999999999994,CRU-CY4.08,CRU-CY:Israel,gridded estimate; station support unavailable,30.0,64.85999999999999,30.0,1.0833333333333357,30.0,0.8200000000000038,30.0,3.200000000000003,30.0,61.66,30.0,2.666666666666667
1979,12,174.0,12.2,16.5,1.6,12.4,1979-12-01,31,49.6,124.4,CRU-CY4.08,CRU-CY:Israel,gridded estimate; station support unavailable,30.0,80.27666666666667,30.0,-1.5633333333333344,30.0,-2.106666666666669,30.0,-8.060000000000002,30.0,88.33666666666667,30.0,3.4200000000000017
1980,1,99.5,10.9,15.3,1.8,10.9,1980-01-01,31,55.800000000000004,43.699999999999996,CRU-CY4.08,CRU-CY:Israel,gridded estimate; station support unavailable,30.0,-9.15666666666668,30.0,-1.3233333333333341,30.0,-1.4466666666666654,30.0,-1.0333333333333243,30.0,-8.123333333333342,30.0,-0.08666666666666956
1980,2,123.4,11.4,15.9,2.2,13.6,1980-02-01,29,63.800000000000004,59.6,CRU-CY4.08,CRU-CY:Israel,gridded estimate; station support unavailable,30.0,45.25999999999999,30.0,-1.440000000000003,30.0,-1.929999999999998,30.0,-4.130000000000003,30.0,49.39,30.0,3.2666666666666675
1980,3,72.0,13.8,19.0,3.0,8.9,1980-03-01,31,93.0,-21.0,CRU-CY4.08,CRU-CY:Israel,gridded estimate; station support unavailable,30.0,28.31666666666667,30.0,-1.3466666666666658,30.0,-1.5799999999999983,30.0,-7.750000000000014,30.0,36.066666666666656,30.0,2.5333333333333323
1980,4,24.0,17.4,23.7,4.3,3.3,1980-04-01,30,129.0,-105.0,CRU-CY4.08,CRU-CY:Israel,gridded estimate; station support unavailable,30.0,7.733333333333331,30.0,-0.9933333333333323,30.0,-0.9299999999999997,30.0,-5.5,30.0,13.23333333333332,30.0,0.8066666666666666
1980,5,1.0,21.0,27.8,5.5,0.4,1980-05-01,31,170.5,-169.5,CRU-CY4.08,CRU-CY:Israel,gridded estimate; station support unavailable,30.0,-3.376666666666667,30.0,-0.5466666666666704,30.0,-0.13666666666666316,30.0,2.893333333333345,30.0,-6.27000000000001,30.0,-0.7000000000000003
1980,6,0.0,23.6,30.0,6.5,0.0,1980-06-01,30,195.0,-195.0,CRU-CY4.08,CRU-CY:Israel,gridded estimate; station support unavailable,30.0,-0.10666666666666669,30.0,-0.7033333333333331,30.0,-0.5133333333333319,30.0,0.8000000000000114,30.0,-0.9066666666666947,30.0,-0.05000000000000001
1980,7,0.0,25.5,31.3,6.4,0.0,1980-07-01,31,198.4,-198.4,CRU-CY4.08,CRU-CY:Israel,gridded estimate; station support unavailable,30.0,0.0,30.0,-0.7699999999999996,30.0,-0.8000000000000007,30.0,-3.306666666666672,30.0,3.306666666666672,30.0,0.0
1980,8,0.0,25.4,31.2,5.8,0.0,1980-08-01,31,179.79999999999998,-179.79999999999998,CRU-CY4.08,CRU-CY:Israel,gridded estimate; station support unavailable,30.0,0.0,30.0,-1.3033333333333346,30.0,-1.1500000000000021,30.0,-6.509999999999991,30.0,6.509999999999991,30.0,0.0
1980,9,0.0,22.8,28.6,4.6,0.0,1980-09-01,30,138.0,-138.0,CRU-CY4.08,CRU-CY:Israel,gridded estimate; station support unavailable,30.0,-0.44,30.0,-2.293333333333326,30.0,-2.226666666666663,30.0,-9.599999999999994,30.0,9.159999999999997,30.0,-0.09333333333333334
1980,10,19.4,21.3,27.2,3.5,2.7,1980-10-01,31,108.5,-89.1,CRU-CY4.08,CRU-CY:Israel,gridded estimate; station support unavailable,30.0,3.726666666666665,30.0,-1.1199999999999974,30.0,-0.990000000000002,30.0,-3.3066666666666436,30.0,7.033333333333346,30.0,0.10000000000000053
1980,11,15.0,18.1,23.8,2.6,2.3,1980-11-01,30,78.0,-63.0,CRU-CY4.08,CRU-CY:Israel,gridded estimate; station support unavailable,30.0,-36.24,30.0,0.3833333333333364,30.0,0.5200000000000031,30.0,3.200000000000003,30.0,-39.44,30.0,-2.633333333333333
1980,12,169.8,13.5,18.1,1.8,15.0,1980-12-01,31,55.800000000000004,114.0,CRU-CY4.08,CRU-CY:Israel,gridded estimate; station support unavailable,30.0,76.07666666666668,30.0,-0.26333333333333364,30.0,-0.5066666666666677,30.0,-1.8599999999999994,30.0,77.93666666666667,30.0,6.020000000000001
1981,1,151.2,11.0,15.4,1.7,11.5,1981-01-01,31,52.699999999999996,98.5,CRU-CY4.08,CRU-CY:Israel,gridded estimate; station support unavailable,30.0,42.54333333333331,30.0,-1.2233333333333345,30.0,-1.3466666666666658,30.0,-4.133333333333333,30.0,46.67666666666666,30.0,0.5133333333333301
1981,2,69.0,11.9,16.6,2.2,9.4,1981-02-01,28,61.60000000000001,7.3999999999999915,CRU-CY4.08,CRU-CY:Israel,gridded estimate; station support unavailable,30.0,-9.140000000000015,30.0,-0.940000000000003,30.0,-1.2299999999999969,30.0,-6.329999999999998,30.0,-2.8100000000000094,30.0,-0.9333333333333318
1981,3,43.0,14.9,20.1,3.2,6.9,1981-03-01,31,99.2,-56.2,CRU-CY4.08,CRU-CY:Israel,gridded estimate; station support unavailable,30.0,-0.68333333333333,30.0,-0.24666666666666615,30.0,-0.4799999999999969,30.0,-1.5500000000000114,30.0,0.8666666666666529,30.0,0.5333333333333323
1981,4,16.4,17.4,23.8,4.4,4.1,1981-04-01,30,132.0,-115.6,CRU-CY4.08,CRU-CY:Israel,gridded estimate; station support unavailable,30.0,0.1333333333333293,30.0,-0.9933333333333323,30.0,-0.8299999999999983,30.0,-2.5,30.0,2.6333333333333258,30.0,1.6066666666666665
1981,5,0.8,19.3,26.0,5.2,0.6,1981-05-01,31,161.20000000000002,-160.4,CRU-CY4.08,CRU-CY:Israel,gridded estimate; station support unavailable,30.0,-3.576666666666667,30.0,-2.2466666666666697,30.0,-1.9366666666666639,30.0,-6.406666666666638,30.0,2.829999999999984,30.0,-0.5000000000000003
1981,6,0.1,23.3,29.6,6.4,0.2,1981-06-01,30,192.0,-191.9,CRU-CY4.08,CRU-CY:Israel,gridded estimate; station support unavailable,30.0,-0.006666666666666682,30.0,-1.0033333333333339,30.0,-0.9133333333333304,30.0,-2.1999999999999886,30.0,2.1933333333332996,30.0,0.15
1981,7,0.0,25.2,31.0,6.3,0.0,1981-07-01,31,195.29999999999998,-195.29999999999998,CRU-CY4.08,CRU-CY:Israel,gridded estimate; station support unavailable,30.0,0.0,30.0,-1.0700000000000003,30.0,-1.1000000000000014,30.0,-6.406666666666695,30.0,6.406666666666695,30.0,0.0
1981,8,0.0,25.4,31.0,5.8,0.0,1981-08-01,31,179.79999999999998,-179.79999999999998,CRU-CY4.08,CRU-CY:Israel,gridded estimate; station support unavailable,30.0,0.0,30.0,-1.3033333333333346,30.0,-1.3500000000000014,30.0,-6.509999999999991,30.0,6.509999999999991,30.0,0.0
1981,9,0.7,24.5,30.6,4.9,0.0,1981-09-01,30,147.0,-146.3,CRU-CY4.08,CRU-CY:Israel,gridded estimate; station support unavailable,30.0,0.25999999999999995,30.0,-0.5933333333333266,30.0,-0.22666666666666302,30.0,-0.5999999999999943,30.0,0.8599999999999852,30.0,-0.09333333333333334
1981,10,3.0,22.3,28.5,3.7,0.8,1981-10-01,31,114.7,-111.7,CRU-CY4.08,CRU-CY:Israel,gridded estimate; station support unavailable,30.0,-12.673333333333334,30.0,-0.11999999999999744,30.0,0.3099999999999987,30.0,2.8933333333333593,30.0,-15.566666666666663,30.0,-1.7999999999999996
1981,11,64.9,15.2,20.5,2.3,5.9,1981-11-01,30,69.0,-4.099999999999994,CRU-CY4.08,CRU-CY:Israel,gridded estimate; station support unavailable,30.0,13.660000000000004,30.0,-2.5166666666666657,30.0,-2.7799999999999976,30.0,-5.799999999999997,30.0,19.460000000000004,30.0,0.9666666666666677
1981,12,29.7,14.3,19.2,1.9,3.9,1981-12-01,31,58.9,-29.2,CRU-CY4.08,CRU-CY:Israel,gridded estimate; station support unavailable,30.0,-64.02333333333333,30.0,0.5366666666666671,30.0,0.5933333333333302,30.0,1.2399999999999949,30.0,-65.26333333333332,30.0,-5.079999999999998
1982,1,86.2,12.4,17.0,1.9,11.3,1982-01-01,31,58.9,27.300000000000004,CRU-CY4.08,CRU-CY:Israel,gridded estimate; station support unavailable,30.0,-22.456666666666678,30.0,0.17666666666666586,30.0,0.25333333333333385,30.0,2.06666666666667,30.0,-24.523333333333333,30.0,0.3133333333333308
1982,2,102.2,10.6,15.3,2.1,12.4,1982-02-01,28,58.800000000000004,43.4,CRU-CY4.08,CRU-CY:Israel,gridded estimate; station support unavailable,30.0,24.059999999999988,30.0,-2.2400000000000038,30.0,-2.5299999999999976,30.0,-9.130000000000003,30.0,33.19,30.0,2.066666666666668
1982,3,65.9,12.5,17.7,2.9,8.8,1982-03-01,31,89.89999999999999,-23.999999999999986,CRU-CY4.08,CRU-CY:Israel,gridded estimate; station support unavailable,30.0,22.216666666666676,30.0,-2.6466666666666665,30.0,-2.879999999999999,30.0,-10.850000000000023,30.0,33.06666666666667,30.0,2.4333333333333327
1982,4,13.4,18.7,24.6,4.3,3.0,1982-04-01,30,129.0,-115.6,CRU-CY4.08,CRU-CY:Israel,gridded estimate; station support unavailable,30.0,-2.866666666666669,30.0,0.3066666666666684,30.0,-0.029999999999997584,30.0,-5.5,30.0,2.6333333333333258,30.0,0.5066666666666668
1982,5,6.1,19.4,25.6,5.0,1.8,1982-05-01,31,155.0,-148.9,CRU-CY4.08,CRU-CY:Israel,gridded estimate; station support unavailable,30.0,1.7233333333333327,30.0,-2.146666666666672,30.0,-2.3366666666666625,30.0,-12.606666666666655,30.0,14.329999999999984,30.0,0.6999999999999997
1982,6,0.0,22.7,28.9,6.3,0.1,1982-06-01,30,189.0,-189.0,CRU-CY4.08,CRU-CY:Israel,gridded estimate; station support unavailable,30.0,-0.10666666666666669,30.0,-1.6033333333333353,30.0,-1.6133333333333333,30.0,-5.199999999999989,30.0,5.093333333333305,30.0,0.049999999999999996
1982,7,0.0,24.1,29.8,6.2,0.0,1982-07-01,31,192.20000000000002,-192.20000000000002,CRU-CY4.08,CRU-CY:Israel,gridded estimate; station support unavailable,30.0,0.0,30.0,-2.169999999999998,30.0,-2.3000000000000007,30.0,-9.50666666666666,30.0,9.50666666666666,30.0,0.0
1982,8,0.0,25.0,30.7,5.7,0.0,1982-08-01,31,176.70000000000002,-176.70000000000002,CRU-CY4.08,CRU-CY:Israel,gridded estimate; station support unavailable,30.0,0.0,30.0,-1.7033333333333331,30.0,-1.6500000000000021,30.0,-9.609999999999957,30.0,9.609999999999957,30.0,0.0
1982,9,1.2,23.8,29.6,4.7,0.0,1982-09-01,30,141.0,-139.8,CRU-CY4.08,CRU-CY:Israel,gridded estimate; station support unavailable,30.0,0.76,30.0,-1.293333333333326,30.0,-1.226666666666663,30.0,-6.599999999999994,30.0,7.359999999999985,30.0,-0.09333333333333334
1982,10,6.1,21.2,27.1,3.5,2.3,1982-10-01,31,108.5,-102.4,CRU-CY4.08,CRU-CY:Israel,gridded estimate; station support unavailable,30.0,-9.573333333333334,30.0,-1.2199999999999989,30.0,-1.0899999999999999,30.0,-3.3066666666666436,30.0,-6.266666666666666,30.0,-0.2999999999999998
1982,11,90.0,14.2,19.8,2.2,8.3,1982-11-01,30,66.0,24.0,CRU-CY4.08,CRU-CY:Israel,gridded estimate; station support unavailable,30.0,38.76,30.0,-3.5166666666666657,30.0,-3.479999999999997,30.0,-8.799999999999997,30.0,47.56,30.0,3.366666666666668
1982,12,73.1,11.4,16.2,1.7,9.1,1982-12-01,31,52.699999999999996,20.4,CRU-CY4.08,CRU-CY:Israel,gridded estimate; station support unavailable,30.0,-20.623333333333335,30.0,-2.3633333333333333,30.0,-2.40666666666667,30.0,-4.960000000000008,30.0,-15.663333333333327,30.0,0.120000000000001
1983,1,142.3,9.2,13.7,1.6,12.6,1983-01-01,31,49.6,92.70000000000002,CRU-CY4.08,CRU-CY:Israel,gridded estimate; station support unavailable,30.0,33.64333333333333,30.0,-3.023333333333335,30.0,-3.046666666666667,30.0,-7.233333333333327,30.0,40.87666666666668,30.0,1.6133333333333297
1983,2,136.5,10.3,14.9,2.1,12.8,1983-02-01,28,58.800000000000004,77.69999999999999,CRU-CY4.08,CRU-CY:Israel,gridded estimate; station support unavailable,30.0,58.359999999999985,30.0,-2.5400000000000027,30.0,-2.929999999999998,30.0,-9.130000000000003,30.0,67.48999999999998,30.0,2.4666666666666686
1983,3,84.4,12.5,17.8,2.9,9.8,1983-03-01,31,89.89999999999999,-5.499999999999986,CRU-CY4.08,CRU-CY:Israel,gridded estimate; station support unavailable,30.0,40.716666666666676,30.0,-2.6466666666666665,30.0,-2.7799999999999976,30.0,-10.850000000000023,30.0,51.56666666666667,30.0,3.4333333333333327
1983,4,13.0,16.2,22.1,4.1,2.9,1983-04-01,30,122.99999999999999,-109.99999999999999,CRU-CY4.08,CRU-CY:Israel,gridded estimate; station support unavailable,30.0,-3.2666666666666693,30.0,-2.1933333333333316,30.0,-2.5299999999999976,30.0,-11.500000000000014,30.0,8.233333333333334,30.0,0.40666666666666673
1983,5,5.4,20.0,26.4,5.2,1.3,1983-05-01,31,161.20000000000002,-155.8,CRU-CY4.08,CRU-CY:Israel,gridded estimate; station support unavailable,30.0,1.0233333333333334,30.0,-1.5466666666666704,30.0,-1.5366666666666653,30.0,-6.406666666666638,30.0,7.429999999999978,30.0,0.19999999999999973
1983,6,0.5,22.8,29.0,6.2,0.3,1983-06-01,30,186.0,-185.5,CRU-CY4.08,CRU-CY:Israel,gridded estimate; station support unavailable,30.0,0.3933333333333333,30.0,-1.5033333333333339,30.0,-1.5133333333333319,30.0,-8.199999999999989,30.0,8.593333333333305,30.0,0.24999999999999997
1983,7,0.0,24.8,30.7,6.3,0.0,1983-07-01,31,195.29999999999998,-195.29999999999998,CRU-CY4.08,CRU-CY:Israel,gridded estimate; station support unavailable,30.0,0.0,30.0,-1.4699999999999989,30.0,-1.4000000000000021,30.0,-6.406666666666695,30.0,6.406666666666695,30.0,0.0
1983,8,0.0,24.6,30.5,5.7,0.0,1983-08-01,31,176.70000000000002,-176.70000000000002,CRU-CY4.08,CRU-CY:Israel,gridded estimate; station support unavailable,30.0,0.0,30.0,-2.1033333333333317,30.0,-1.8500000000000014,30.0,-9.609999999999957,30.0,9.609999999999957,30.0,0.0
1983,9,0.0,23.4,29.3,4.7,0.0,1983-09-01,30,141.0,-141.0,CRU-CY4.08,CRU-CY:Israel,gridded estimate; station support unavailable,30.0,-0.44,30.0,-1.693333333333328,30.0,-1.5266666666666637,30.0,-6.599999999999994,30.0,6.159999999999997,30.0,-0.09333333333333334
1983,10,4.3,19.9,25.8,3.4,1.2,1983-10-01,31,105.39999999999999,-101.1,CRU-CY4.08,CRU-CY:Israel,gridded estimate; station support unavailable,30.0,-11.373333333333335,30.0,-2.5199999999999996,30.0,-2.3900000000000006,30.0,-6.406666666666652,30.0,-4.966666666666654,30.0,-1.3999999999999997
1983,11,56.9,17.8,23.4,2.5,5.0,1983-11-01,30,75.0,-18.1,CRU-CY4.08,CRU-CY:Israel,gridded estimate; station support unavailable,30.0,5.659999999999997,30.0,0.0833333333333357,30.0,0.120000000000001,30.0,0.20000000000000284,30.0,5.459999999999997,30.0,0.06666666666666732
1983,12,33.9,13.4,18.5,1.9,6.5,1983-12-01,31,58.9,-25.0,CRU-CY4.08,CRU-CY:Israel,gridded estimate; station support unavailable,30.0,-59.82333333333333,30.0,-0.3633333333333333,30.0,-0.10666666666666913,30.0,1.2399999999999949,30.0,-61.063333333333325,30.0,-2.4799999999999986
1984,1,106.0,12.0,16.5,1.8,10.5,1984-01-01,31,55.800000000000004,50.199999999999996,CRU-CY4.08,CRU-CY:Israel,gridded estimate; station support unavailable,30.0,-2.6566666666666805,30.0,-0.2233333333333345,30.0,-0.24666666666666615,30.0,-1.0333333333333243,30.0,-1.623333333333342,30.0,-0.4866666666666699
1984,2,33.1,13.0,18.6,2.6,6.3,1984-02-01,29,75.4,-42.300000000000004,CRU-CY4.08,CRU-CY:Israel,gridded estimate; station support unavailable,30.0,-45.04000000000001,30.0,0.1599999999999966,30.0,0.7700000000000031,30.0,7.469999999999999,30.0,-52.510000000000005,30.0,-4.033333333333332
1984,3,86.6,14.8,20.0,3.1,9.6,1984-03-01,31,96.10000000000001,-9.500000000000014,CRU-CY4.08,CRU-CY:Israel,gridded estimate; station support unavailable,30.0,42.916666666666664,30.0,-0.3466666666666658,30.0,-0.5799999999999983,30.0,-4.650000000000006,30.0,47.56666666666664,30.0,3.2333333333333316
1984,4,37.5,16.5,22.6,4.2,3.6,1984-04-01,30,126.0,-88.5,CRU-CY4.08,CRU-CY:Israel,gridded estimate; station support unavailable,30.0,21.23333333333333,30.0,-1.8933333333333309,30.0,-2.0299999999999976,30.0,-8.5,30.0,29.73333333333332,30.0,1.106666666666667
1984,5,0.0,21.4,28.3,5.7,0.0,1984-05-01,31,176.70000000000002,-176.70000000000002,CRU-CY4.08,CRU-CY:Israel,gridded estimate; station support unavailable,30.0,-4.376666666666667,30.0,-0.14666666666667183,30.0,0.36333333333333684,30.0,9.093333333333362,30.0,-13.470000000000027,30.0,-1.1000000000000003
1984,6,0.0,22.5,28.6,6.2,0.1,1984-06-01,30,186.0,-186.0,CRU-CY4.08,CRU-CY:Israel,gridded estimate; station support unavailable,30.0,-0.10666666666666669,30.0,-1.8033333333333346,30.0,-1.9133333333333304,30.0,-8.199999999999989,30.0,8.093333333333305,30.0,0.049999999999999996
1984,7,0.0,24.2,30.1,6.3,0.0,1984-07-01,31,195.29999999999998,-195.29999999999998,CRU-CY4.08,CRU-CY:Israel,gridded estimate; station support unavailable,30.0,0.0,30.0,-2.0700000000000003,30.0,-2.0,30.0,-6.406666666666695,30.0,6.406666666666695,30.0,0.0
1984,8,0.0,23.8,29.7,5.5,0.0,1984-08-01,31,170.5,-170.5,CRU-CY4.08,CRU-CY:Israel,gridded estimate; station support unavailable,30.0,0.0,30.0,-2.9033333333333324,30.0,-2.650000000000002,30.0,-15.809999999999974,30.0,15.809999999999974,30.0,0.0
1984,9,0.0,23.9,30.0,4.8,0.0,1984-09-01,30,144.0,-144.0,CRU-CY4.08,CRU-CY:Israel,gridded estimate; station support unavailable,30.0,-0.44,30.0,-1.193333333333328,30.0,-0.8266666666666644,30.0,-3.5999999999999943,30.0,3.1599999999999966,30.0,-0.09333333333333334
1984,10,21.6,21.4,27.7,3.7,3.2,1984-10-01,31,114.7,-93.1,CRU-CY4.08,CRU-CY:Israel,gridded estimate; station support unavailable,30.0,5.926666666666668,30.0,-1.0199999999999996,30.0,-0.490000000000002,30.0,2.8933333333333593,30.0,3.0333333333333456,30.0,0.6000000000000005
1984,11,39.8,16.5,21.8,2.4,5.2,1984-11-01,30,72.0,-32.2,CRU-CY4.08,CRU-CY:Israel,gridded estimate; station support unavailable,30.0,-11.440000000000005,30.0,-1.216666666666665,30.0,-1.4799999999999969,30.0,-2.799999999999997,30.0,-8.640000000000004,30.0,0.2666666666666675
1984,12,59.8,11.7,16.9,1.8,8.3,1984-12-01,31,55.800000000000004,3.999999999999993,CRU-CY4.08,CRU-CY:Israel,gridded estimate; station support unavailable,30.0,-33.92333333333333,30.0,-2.0633333333333344,30.0,-1.7066666666666706,30.0,-1.8599999999999994,30.0,-32.06333333333333,30.0,-0.6799999999999979
1985,1,60.2,13.7,18.2,2.0,7.4,1985-01-01,31,62.0,-1.7999999999999972,CRU-CY4.08,CRU-CY:Israel,gridded estimate; station support unavailable,30.0,-48.45666666666668,30.0,1.4766666666666648,30.0,1.4533333333333331,30.0,5.166666666666671,30.0,-53.623333333333335,30.0,-3.5866666666666696
1985,2,160.6,11.2,16.0,2.2,13.2,1985-02-01,28,61.60000000000001,98.99999999999999,CRU-CY4.08,CRU-CY:Israel,gridded estimate; station support unavailable,30.0,82.45999999999998,30.0,-1.6400000000000041,30.0,-1.8299999999999983,30.0,-6.329999999999998,30.0,88.78999999999999,30.0,2.866666666666667
1985,3,27.0,14.0,19.8,3.3,6.9,1985-03-01,31,102.3,-75.3,CRU-CY4.08,CRU-CY:Israel,gridded estimate; station support unavailable,30.0,-16.68333333333333,30.0,-1.1466666666666665,30.0,-0.7799999999999976,30.0,1.549999999999983,30.0,-18.23333333333334,30.0,0.5333333333333323
1985,4,26.5,17.4,23.5,4.2,3.3,1985-04-01,30,126.0,-99.5,CRU-CY4.08,CRU-CY:Israel,gridded estimate; station support unavailable,30.0,10.23333333333333,30.0,-0.9933333333333323,30.0,-1.129999999999999,30.0,-8.5,30.0,18.73333333333332,30.0,0.8066666666666666
1985,5,1.6,21.3,27.5,5.4,1.1,1985-05-01,31,167.4,-165.8,CRU-CY4.08,CRU-CY:Israel,gridded estimate; station support unavailable,30.0,-2.776666666666667,30.0,-0.2466666666666697,30.0,-0.43666666666666387,30.0,-0.20666666666664923,30.0,-2.5700000000000216,30.0,-2.220446049250313e-16
1985,6,0.0,23.3,29.5,6.4,0.0,1985-06-01,30,192.0,-192.0,CRU-CY4.08,CRU-CY:Israel,gridded estimate; station support unavailable,30.0,-0.10666666666666669,30.0,-1.0033333333333339,30.0,-1.0133333333333319,30.0,-2.1999999999999886,30.0,2.0933333333333053,30.0,-0.05000000000000001
1985,7,0.0,24.5,30.6,6.3,0.0,1985-07-01,31,195.29999999999998,-195.29999999999998,CRU-CY4.08,CRU-CY:Israel,gridded estimate; station support unavailable,30.0,0.0,30.0,-1.7699999999999996,30.0,-1.5,30.0,-6.406666666666695,30.0,6.406666666666695,30.0,0.0
1985,8,0.0,26.8,32.8,6.0,0.0,1985-08-01,31,186.0,-186.0,CRU-CY4.08,CRU-CY:Israel,gridded estimate; station support unavailable,30.0,0.0,30.0,0.09666666666666757,30.0,0.44999999999999574,30.0,-0.30999999999997385,30.0,0.30999999999997385,30.0,0.0
1985,9,0.4,23.8,29.7,4.7,0.1,1985-09-01,30,141.0,-140.6,CRU-CY4.08,CRU-CY:Israel,gridded estimate; station support unavailable,30.0,-0.03999999999999998,30.0,-1.293333333333326,30.0,-1.1266666666666652,30.0,-6.599999999999994,30.0,6.560000000000002,30.0,0.006666666666666668
1985,10,23.1,19.7,25.5,3.4,3.6,1985-10-01,31,105.39999999999999,-82.29999999999998,CRU-CY4.08,CRU-CY:Israel,gridded estimate; station support unavailable,30.0,7.426666666666668,30.0,-2.719999999999999,30.0,-2.6900000000000013,30.0,-6.406666666666652,30.0,13.833333333333357,30.0,1.0000000000000004
1985,11,19.9,18.2,23.8,2.5,3.4,1985-11-01,30,75.0,-55.1,CRU-CY4.08,CRU-CY:Israel,gridded estimate; station support unavailable,30.0,-31.340000000000003,30.0,0.4833333333333343,30.0,0.5200000000000031,30.0,0.20000000000000284,30.0,-31.540000000000003,30.0,-1.5333333333333328
1985,12,64.9,13.6,18.3,1.9,10.0,1985-12-01,31,58.9,6.000000000000007,CRU-CY4.08,CRU-CY:Israel,gridded estimate; station support unavailable,30.0,-28.823333333333323,30.0,-0.163333333333334,30.0,-0.3066666666666684,30.0,1.2399999999999949,30.0,-30.06333333333332,30.0,1.0200000000000014
1986,1,75.6,12.5,17.2,1.9,8.1,1986-01-01,31,58.9,16.699999999999996,CRU-CY4.08,CRU-CY:Israel,gridded estimate; station support unavailable,30.0,-33.056666666666686,30.0,0.2766666666666655,30.0,0.45333333333333314,30.0,2.06666666666667,30.0,-35.12333333333334,30.0,-2.8866666666666703
1986,2,93.4,13.4,18.5,2.5,10.5,1986-02-01,28,70.0,23.400000000000006,CRU-CY4.08,CRU-CY:Israel,gridded estimate; station support unavailable,30.0,15.259999999999991,30.0,0.559999999999997,30.0,0.6700000000000017,30.0,2.069999999999993,30.0,13.190000000000005,30.0,0.16666666666666785
1986,3,14.1,15.4,21.0,3.4,3.8,1986-03-01,31,105.39999999999999,-91.3,CRU-CY4.08,CRU-CY:Israel,gridded estimate; station support unavailable,30.0,-29.58333333333333,30.0,0.25333333333333385,30.0,0.4200000000000017,30.0,4.649999999999977,30.0,-34.23333333333334,30.0,-2.566666666666668
1986,4,18.1,19.2,25.4,4.5,3.9,1986-04-01,30,135.0,-116.9,CRU-CY4.08,CRU-CY:Israel,gridded estimate; station support unavailable,30.0,1.8333333333333321,30.0,0.8066666666666684,30.0,0.7699999999999996,30.0,0.5,30.0,1.3333333333333144,30.0,1.4066666666666667
1986,5,17.0,18.3,24.3,4.8,2.4,1986-05-01,31,148.79999999999998,-131.79999999999998,CRU-CY4.08,CRU-CY:Israel,gridded estimate; station support unavailable,30.0,12.623333333333333,30.0,-3.2466666666666697,30.0,-3.636666666666663,30.0,-18.806666666666672,30.0,31.430000000000007,30.0,1.2999999999999996
1986,6,0.7,23.2,29.2,6.3,0.2,1986-06-01,30,189.0,-188.3,CRU-CY4.08,CRU-CY:Israel,gridded estimate; station support unavailable,30.0,0.5933333333333333,30.0,-1.1033333333333353,30.0,-1.3133333333333326,30.0,-5.199999999999989,30.0,5.793333333333294,30.0,0.15
1986,7,0.0,25.1,31.0,6.4,0.0,1986-07-01,31,198.4,-198.4,CRU-CY4.08,CRU-CY:Israel,gridded estimate; station support unavailable,30.0,0.0,30.0,-1.1699999999999982,30.0,-1.1000000000000014,30.0,-3.306666666666672,30.0,3.306666666666672,30.0,0.0
1986,8,0.0,25.5,31.2,5.8,0.0,1986-08-01,31,179.79999999999998,-179.79999999999998,CRU-CY4.08,CRU-CY:Israel,gridded estimate; station support unavailable,30.0,0.0,30.0,-1.2033333333333331,30.0,-1.1500000000000021,30.0,-6.509999999999991,30.0,6.509999999999991,30.0,0.0
1986,9,1.3,25.6,31.5,5.0,0.2,1986-09-01,30,150.0,-148.7,CRU-CY4.08,CRU-CY:Israel,gridded estimate; station support unavailable,30.0,0.8600000000000001,30.0,0.5066666666666748,30.0,0.6733333333333356,30.0,2.4000000000000057,30.0,-1.539999999999992,30.0,0.10666666666666667
1986,10,34.8,21.2,26.9,3.5,4.0,1986-10-01,31,108.5,-73.7,CRU-CY4.08,CRU-CY:Israel,gridded estimate; station support unavailable,30.0,19.126666666666665,30.0,-1.2199999999999989,30.0,-1.2900000000000027,30.0,-3.3066666666666436,30.0,22.433333333333337,30.0,1.4000000000000004
1986,11,198.0,14.5,19.7,2.1,11.4,1986-11-01,30,63.0,135.0,CRU-CY4.08,CRU-CY:Israel,gridded estimate; station support unavailable,30.0,146.76,30.0,-3.216666666666665,30.0,-3.5799999999999983,30.0,-11.799999999999997,30.0,158.56,30.0,6.466666666666668
1986,12,92.9,11.9,16.7,1.7,9.3,1986-12-01,31,52.699999999999996,40.20000000000001,CRU-CY4.08,CRU-CY:Israel,gridded estimate; station support unavailable,30.0,-0.8233333333333235,30.0,-1.8633333333333333,30.0,-1.9066666666666698,30.0,-4.960000000000008,30.0,4.1366666666666845,30.0,0.32000000000000206
1987,1,79.4,12.5,17.2,1.9,8.1,1987-01-01,31,58.9,20.500000000000007,CRU-CY4.08,CRU-CY:Israel,gridded estimate; station support unavailable,30.0,-29.256666666666675,30.0,0.2766666666666655,30.0,0.45333333333333314,30.0,2.06666666666667,30.0,-31.32333333333333,30.0,-2.8866666666666703
1987,2,39.3,14.2,19.2,2.6,8.5,1987-02-01,28,72.8,-33.5,CRU-CY4.08,CRU-CY:Israel,gridded estimate; station support unavailable,30.0,-38.84000000000002,30.0,1.3599999999999959,30.0,1.370000000000001,30.0,4.86999999999999,30.0,-43.71,30.0,-1.8333333333333321
1987,3,70.1,11.9,16.8,2.7,11.3,1987-03-01,31,83.7,-13.600000000000009,CRU-CY4.08,CRU-CY:Israel,gridded estimate; station support unavailable,30.0,26.416666666666664,30.0,-3.246666666666666,30.0,-3.7799999999999976,30.0,-17.05000000000001,30.0,43.46666666666665,30.0,4.933333333333333
1987,4,4.3,16.2,22.3,4.2,1.2,1987-04-01,30,126.0,-121.7,CRU-CY4.08,CRU-CY:Israel,gridded estimate; station support unavailable,30.0,-11.966666666666669,30.0,-2.1933333333333316,30.0,-2.3299999999999983,30.0,-8.5,30.0,-3.4666666666666828,30.0,-1.2933333333333332
1987,5,0.3,20.7,27.3,5.4,0.2,1987-05-01,31,167.4,-167.1,CRU-CY4.08,CRU-CY:Israel,gridded estimate; station support unavailable,30.0,-4.076666666666667,30.0,-0.8466666666666711,30.0,-0.6366666666666632,30.0,-0.20666666666664923,30.0,-3.8700000000000045,30.0,-0.9000000000000004
1987,6,0.0,22.8,28.9,6.2,0.0,1987-06-01,30,186.0,-186.0,CRU-CY4.08,CRU-CY:Israel,gridded estimate; station support unavailable,30.0,-0.10666666666666669,30.0,-1.5033333333333339,30.0,-1.6133333333333333,30.0,-8.199999999999989,30.0,8.093333333333305,30.0,-0.05000000000000001
1987,7,0.0,26.1,32.1,6.6,0.0,1987-07-01,31,204.6,-204.6,CRU-CY4.08,CRU-CY:Israel,gridded estimate; station support unavailable,30.0,0.0,30.0,-0.16999999999999815,30.0,0.0,30.0,2.8933333333333167,30.0,-2.8933333333333167,30.0,0.0
1987,8,0.0,26.1,32.1,5.9,0.0,1987-08-01,31,182.9,-182.9,CRU-CY4.08,CRU-CY:Israel,gridded estimate; station support unavailable,30.0,0.0,30.0,-0.6033333333333317,30.0,-0.25,30.0,-3.409999999999968,30.0,3.409999999999968,30.0,0.0
1987,9,0.0,24.2,30.3,4.9,0.0,1987-09-01,30,147.0,-147.0,CRU-CY4.08,CRU-CY:Israel,gridded estimate; station support unavailable,30.0,-0.44,30.0,-0.8933333333333273,30.0,-0.5266666666666637,30.0,-0.5999999999999943,30.0,0.1599999999999966,30.0,-0.09333333333333334
1987,10,42.3,20.1,25.9,3.3,5.5,1987-10-01,31,102.3,-60.0,CRU-CY4.08,CRU-CY:Israel,gridded estimate; station support unavailable,30.0,26.626666666666665,30.0,-2.3199999999999967,30.0,-2.2900000000000027,30.0,-9.506666666666646,30.0,36.13333333333334,30.0,2.9000000000000004
1987,11,27.6,16.8,22.6,2.5,3.0,1987-11-01,30,75.0,-47.4,CRU-CY4.08,CRU-CY:Israel,gridded estimate; station support unavailable,30.0,-23.64,30.0,-0.9166666666666643,30.0,-0.6799999999999962,30.0,0.20000000000000284,30.0,-23.84,30.0,-1.9333333333333327
1987,12,151.2,13.9,18.0,1.7,13.2,1987-12-01,31,52.699999999999996,98.5,CRU-CY4.08,CRU-CY:Israel,gridded estimate; station support unavailable,30.0,57.47666666666666,30.0,0.13666666666666671,30.0,-0.6066666666666691,30.0,-4.960000000000008,30.0,62.436666666666675,30.0,4.220000000000001
1988,1,122.4,12.0,16.3,1.8,13.3,1988-01-01,31,55.800000000000004,66.6,CRU-CY4.08,CRU-CY:Israel,gridded estimate; station support unavailable,30.0,13.743333333333325,30.0,-0.2233333333333345,30.0,-0.44666666666666544,30.0,-1.0333333333333243,30.0,14.776666666666657,30.0,2.313333333333331
1988,2,149.9,11.9,16.4,2.2,13.1,1988-02-01,29,63.800000000000004,86.1,CRU-CY4.08,CRU-CY:Israel,gridded estimate; station support unavailable,30.0,71.75999999999999,30.0,-0.940000000000003,30.0,-1.4299999999999997,30.0,-4.130000000000003,30.0,75.88999999999999,30.0,2.7666666666666675
1988,3,62.0,13.5,18.4,3.0,9.5,1988-03-01,31,93.0,-31.0,CRU-CY4.08,CRU-CY:Israel,gridded estimate; station support unavailable,30.0,18.31666666666667,30.0,-1.6466666666666665,30.0,-2.1799999999999997,30.0,-7.750000000000014,30.0,26.066666666666656,30.0,3.133333333333332
1988,4,11.0,17.7,23.9,4.4,3.1,1988-04-01,30,132.0,-121.0,CRU-CY4.08,CRU-CY:Israel,gridded estimate; station support unavailable,30.0,-5.266666666666669,30.0,-0.6933333333333316,30.0,-0.7300000000000004,30.0,-2.5,30.0,-2.76666666666668,30.0,0.6066666666666669
1988,5,0.5,22.0,28.7,5.7,0.3,1988-05-01,31,176.70000000000002,-176.20000000000002,CRU-CY4.08,CRU-CY:Israel,gridded estimate; station support unavailable,30.0,-3.876666666666667,30.0,0.4533333333333296,30.0,0.7633333333333354,30.0,9.093333333333362,30.0,-12.970000000000027,30.0,-0.8000000000000003
1988,6,0.0,23.8,30.0,6.4,0.1,1988-06-01,30,192.0,-192.0,CRU-CY4.08,CRU-CY:Israel,gridded estimate; station support unavailable,30.0,-0.10666666666666669,30.0,-0.5033333333333339,30.0,-0.5133333333333319,30.0,-2.1999999999999886,30.0,2.0933333333333053,30.0,0.049999999999999996
1988,7,0.0,26.3,32.5,6.7,0.0,1988-07-01,31,207.70000000000002,-207.70000000000002,CRU-CY4.08,CRU-CY:Israel,gridded estimate; station support unavailable,30.0,0.0,30.0,0.030000000000001137,30.0,0.3999999999999986,30.0,5.993333333333339,30.0,-5.993333333333339,30.0,0.0
1988,8,0.0,25.9,31.9,5.9,0.0,1988-08-01,31,182.9,-182.9,CRU-CY4.08,CRU-CY:Israel,gridded estimate; station support unavailable,30.0,0.0,30.0,-0.8033333333333346,30.0,-0.45000000000000284,30.0,-3.409999999999968,30.0,3.409999999999968,30.0,0.0
1988,9,0.1,24.6,30.8,5.0,0.0,1988-09-01,30,150.0,-149.9,CRU-CY4.08,CRU-CY:Israel,gridded estimate; station support unavailable,30.0,-0.33999999999999997,30.0,-0.4933333333333252,30.0,-0.02666666666666373,30.0,2.4000000000000057,30.0,-2.740000000000009,30.0,-0.09333333333333334
1988,10,12.6,20.4,26.1,3.3,3.8,1988-10-01,31,102.3,-89.7,CRU-CY4.08,CRU-CY:Israel,gridded estimate; station support unavailable,30.0,-3.073333333333334,30.0,-2.0199999999999996,30.0,-2.09,30.0,-9.506666666666646,30.0,6.433333333333337,30.0,1.2000000000000002
1988,11,47.1,15.0,20.5,2.3,4.9,1988-11-01,30,69.0,-21.9,CRU-CY4.08,CRU-CY:Israel,gridded estimate; station support unavailable,30.0,-4.140000000000001,30.0,-2.716666666666665,30.0,-2.7799999999999976,30.0,-5.799999999999997,30.0,1.6600000000000001,30.0,-0.03333333333333233
1988,12,151.3,12.9,17.4,1.7,13.7,1988-12-01,31,52.699999999999996,98.60000000000002,CRU-CY4.08,CRU-CY:Israel,gridded estimate; station support unavailable,30.0,57.57666666666668,30.0,-0.8633333333333333,30.0,-1.2066666666666706,30.0,-4.960000000000008,30.0,62.5366666666667,30.0,4.720000000000001
1989,1,66.3,9.3,14.3,1.7,10.9,1989-01-01,31,52.699999999999996,13.600000000000001,CRU-CY4.08,CRU-CY:Israel,gridded estimate; station support unavailable,30.0,-42.35666666666668,30.0,-2.923333333333334,30.0,-2.4466666666666654,30.0,-4.133333333333333,30.0,-38.223333333333336,30.0,-0.08666666666666956
1989,2,40.0,10.8,16.3,2.3,8.1,1989-02-01,28,64.39999999999999,-24.39999999999999,CRU-CY4.08,CRU-CY:Israel,gridded estimate; station support unavailable,30.0,-38.140000000000015,30.0,-2.0400000000000027,30.0,-1.5299999999999976,30.0,-3.5300000000000153,30.0,-34.60999999999999,30.0,-2.2333333333333325
1989,3,62.1,14.3,19.5,3.2,7.8,1989-03-01,31,99.2,-37.1,CRU-CY4.08,CRU-CY:Israel,gridded estimate; station support unavailable,30.0,18.41666666666667,30.0,-0.8466666666666658,30.0,-1.0799999999999983,30.0,-1.5500000000000114,30.0,19.966666666666654,30.0,1.4333333333333318
1989,4,0.6,20.4,27.2,5.0,0.3,1989-04-01,30,150.0,-149.4,CRU-CY4.08,CRU-CY:Israel,gridded estimate; station support unavailable,30.0,-15.66666666666667,30.0,2.0066666666666677,30.0,2.5700000000000003,30.0,15.5,30.0,-31.166666666666686,30.0,-2.1933333333333334
1989,5,0.3,21.8,28.4,5.7,0.2,1989-05-01,31,176.70000000000002,-176.4,CRU-CY4.08,CRU-CY:Israel,gridded estimate; station support unavailable,30.0,-4.076666666666667,30.0,0.2533333333333303,30.0,0.4633333333333347,30.0,9.093333333333362,30.0,-13.170000000000016,30.0,-0.9000000000000004
1989,6,0.0,23.0,29.3,6.3,0.0,1989-06-01,30,189.0,-189.0,CRU-CY4.08,CRU-CY:Israel,gridded estimate; station support unavailable,30.0,-0.10666666666666669,30.0,-1.3033333333333346,30.0,-1.2133333333333312,30.0,-5.199999999999989,30.0,5.093333333333305,30.0,-0.05000000000000001
1989,7,0.0,25.3,31.3,6.4,0.0,1989-07-01,31,198.4,-198.4,CRU-CY4.08,CRU-CY:Israel,gridded estimate; station support unavailable,30.0,0.0,30.0,-0.9699999999999989,30.0,-0.8000000000000007,30.0,-3.306666666666672,30.0,3.306666666666672,30.0,0.0
1989,8,0.0,25.5,31.4,5.9,0.0,1989-08-01,31,182.9,-182.9,CRU-CY4.08,CRU-CY:Israel,gridded estimate; station support unavailable,30.0,0.0,30.0,-1.2033333333333331,30.0,-0.9500000000000028,30.0,-3.409999999999968,30.0,3.409999999999968,30.0,0.0
1989,9,0.0,24.2,30.3,4.9,0.0,1989-09-01,30,147.0,-147.0,CRU-CY4.08,CRU-CY:Israel,gridded estimate; station support unavailable,30.0,-0.44,30.0,-0.8933333333333273,30.0,-0.5266666666666637,30.0,-0.5999999999999943,30.0,0.1599999999999966,30.0,-0.09333333333333334
1989,10,17.0,20.5,26.2,3.4,2.2,1989-10-01,31,105.39999999999999,-88.39999999999999,CRU-CY4.08,CRU-CY:Israel,gridded estimate; station support unavailable,30.0,1.3266666666666662,30.0,-1.9199999999999982,30.0,-1.990000000000002,30.0,-6.406666666666652,30.0,7.7333333333333485,30.0,-0.39999999999999947
1989,11,67.2,17.3,22.7,2.5,5.8,1989-11-01,30,75.0,-7.799999999999997,CRU-CY4.08,CRU-CY:Israel,gridded estimate; station support unavailable,30.0,15.96,30.0,-0.4166666666666643,30.0,-0.5799999999999983,30.0,0.20000000000000284,30.0,15.760000000000002,30.0,0.8666666666666671
1989,12,71.3,13.0,17.9,1.9,7.0,1989-12-01,31,58.9,12.399999999999999,CRU-CY4.08,CRU-CY:Israel,gridded estimate; station support unavailable,30.0,-22.423333333333332,30.0,-0.7633333333333336,30.0,-0.7066666666666706,30.0,1.2399999999999949,30.0,-23.663333333333327,30.0,-1.9799999999999986
1990,1,110.7,11.0,15.7,1.8,10.9,1990-01-01,31,55.800000000000004,54.9,CRU-CY4.08,CRU-CY:Israel,gridded estimate; station support unavailable,30.0,2.0433333333333223,30.0,-1.2233333333333345,30.0,-1.0466666666666669,30.0,-1.0333333333333243,30.0,3.076666666666661,30.0,-0.08666666666666956
1990,2,65.4,11.3,16.1,2.2,9.5,1990-02-01,28,61.60000000000001,3.799999999999997,CRU-CY4.08,CRU-CY:Israel,gridded estimate; station support unavailable,30.0,-12.740000000000009,30.0,-1.5400000000000027,30.0,-1.7299999999999969,30.0,-6.329999999999998,30.0,-6.410000000000004,30.0,-0.8333333333333321
1990,3,51.9,13.8,19.3,3.3,9.0,1990-03-01,31,102.3,-50.4,CRU-CY4.08,CRU-CY:Israel,gridded estimate; station support unavailable,30.0,8.216666666666669,30.0,-1.3466666666666658,30.0,-1.2799999999999976,30.0,1.549999999999983,30.0,6.666666666666657,30.0,2.633333333333332
1990,4,27.9,17.7,24.0,4.3,4.1,1990-04-01,30,129.0,-101.1,CRU-CY4.08,CRU-CY:Israel,gridded estimate; station support unavailable,30.0,11.63333333333333,30.0,-0.6933333333333316,30.0,-0.629999999999999,30.0,-5.5,30.0,17.133333333333326,30.0,1.6066666666666665
1990,5,2.0,20.3,26.8,5.2,1.0,1990-05-01,31,161.20000000000002,-159.20000000000002,CRU-CY4.08,CRU-CY:Israel,gridded estimate; station support unavailable,30.0,-2.376666666666667,30.0,-1.2466666666666697,30.0,-1.1366666666666632,30.0,-6.406666666666638,30.0,4.029999999999973,30.0,-0.10000000000000031
1990,6,0.0,23.3,29.7,6.4,0.0,1990-06-01,30,192.0,-192.0,CRU-CY4.08,CRU-CY:Israel,gridded estimate; station support unavailable,30.0,-0.10666666666666669,30.0,-1.0033333333333339,30.0,-0.8133333333333326,30.0,-2.1999999999999886,30.0,2.0933333333333053,30.0,-0.05000000000000001
1990,7,0.0,25.3,31.2,6.4,0.0,1990-07-01,31,198.4,-198.4,CRU-CY4.08,CRU-CY:Israel,gridded estimate; station support unavailable,30.0,0.0,30.0,-0.9699999999999989,30.0,-0.9000000000000021,30.0,-3.306666666666672,30.0,3.306666666666672,30.0,0.0
1990,8,0.0,25.4,31.3,5.8,0.0,1990-08-01,31,179.79999999999998,-179.79999999999998,CRU-CY4.08,CRU-CY:Israel,gridded estimate; station support unavailable,30.0,0.0,30.0,-1.3033333333333346,30.0,-1.0500000000000007,30.0,-6.509999999999991,30.0,6.509999999999991,30.0,0.0
1990,9,0.0,23.8,29.5,4.7,0.0,1990-09-01,30,141.0,-141.0,CRU-CY4.08,CRU-CY:Israel,gridded estimate; station support unavailable,30.0,-0.44,30.0,-1.293333333333326,30.0,-1.3266666666666644,30.0,-6.599999999999994,30.0,6.159999999999997,30.0,-0.09333333333333334
1990,10,7.6,22.2,28.1,3.6,3.2,1990-10-01,31,111.60000000000001,-104.00000000000001,CRU-CY4.08,CRU-CY:Israel,gridded estimate; station support unavailable,30.0,-8.073333333333334,30.0,-0.21999999999999886,30.0,-0.08999999999999986,30.0,-0.20666666666663502,30.0,-7.866666666666674,30.0,0.6000000000000005
1990,11,23.7,19.3,25.1,2.7,3.1,1990-11-01,30,81.0,-57.3,CRU-CY4.08,CRU-CY:Israel,gridded estimate; station support unavailable,30.0,-27.540000000000003,30.0,1.5833333333333357,30.0,1.8200000000000038,30.0,6.200000000000003,30.0,-33.739999999999995,30.0,-1.8333333333333326
1990,12,15.0,15.3,20.5,2.1,3.7,1990-12-01,31,65.10000000000001,-50.10000000000001,CRU-CY4.08,CRU-CY:Israel,gridded estimate; station support unavailable,30.0,-78.72333333333333,30.0,1.536666666666667,30.0,1.8933333333333309,30.0,7.440000000000005,30.0,-86.16333333333333,30.0,-5.2799999999999985
1991,1,142.1,11.8,16.4,1.9,13.4,1991-01-01,31,58.9,83.19999999999999,CRU-CY4.08,CRU-CY:Israel,gridded estimate; station support unavailable,30.0,33.443333333333314,30.0,-0.4233333333333338,30.0,-0.34666666666666757,30.0,2.06666666666667,30.0,31.37666666666665,30.0,2.4133333333333304
1991,2,61.5,12.3,17.2,2.4,9.4,1991-02-01,28,67.2,-5.700000000000003,CRU-CY4.08,CRU-CY:Israel,gridded estimate; station support unavailable,30.0,-16.640000000000015,30.0,-0.5400000000000027,30.0,-0.629999999999999,30.0,-0.730000000000004,30.0,-15.910000000000004,30.0,-0.9333333333333318
1991,3,80.2,15.7,20.8,3.3,11.5,1991-03-01,31,102.3,-22.099999999999994,CRU-CY4.08,CRU-CY:Israel,gridded estimate; station support unavailable,30.0,36.51666666666667,30.0,0.5533333333333328,30.0,0.22000000000000242,30.0,1.549999999999983,30.0,34.96666666666666,30.0,5.133333333333332
1991,4,17.8,19.2,25.4,4.6,2.6,1991-04-01,30,138.0,-120.2,CRU-CY4.08,CRU-CY:Israel,gridded estimate; station support unavailable,30.0,1.5333333333333314,30.0,0.8066666666666684,30.0,0.7699999999999996,30.0,3.5,30.0,-1.9666666666666828,30.0,0.10666666666666691
1991,5,3.2,20.5,26.7,5.2,1.2,1991-05-01,31,161.20000000000002,-158.00000000000003,CRU-CY4.08,CRU-CY:Israel,gridded estimate; station support unavailable,30.0,-1.1766666666666667,30.0,-1.0466666666666704,30.0,-1.2366666666666646,30.0,-6.406666666666638,30.0,5.229999999999961,30.0,0.09999999999999964
1991,6,0.0,23.6,29.8,6.4,0.0,1991-06-01,30,192.0,-192.0,CRU-CY4.08,CRU-CY:Israel,gridded estimate; station support unavailable,30.0,-0.10666666666666669,30.0,-0.7033333333333331,30.0,-0.7133333333333312,30.0,-2.1999999999999886,30.0,2.0933333333333053,30.0,-0.05000000000000001
1991,7,0.0,24.7,30.4,6.2,0.0,1991-07-01,31,192.20000000000002,-192.20000000000002,CRU-CY4.08,CRU-CY:Israel,gridded estimate; station support unavailable,30.0,0.0,30.0,-1.5700000000000003,30.0,-1.7000000000000028,30.0,-9.50666666666666,30.0,9.50666666666666,30.0,0.0
1991,8,0.0,25.1,30.6,5.6,0.0,1991-08-01,31,173.6,-173.6,CRU-CY4.08,CRU-CY:Israel,gridded estimate; station support unavailable,30.0,0.0,30.0,-1.6033333333333317,30.0,-1.75,30.0,-12.70999999999998,30.0,12.70999999999998,30.0,0.0
1991,9,0.8,23.9,29.6,4.7,0.0,1991-09-01,30,141.0,-140.2,CRU-CY4.08,CRU-CY:Israel,gridded estimate; station support unavailable,30.0,0.36000000000000004,30.0,-1.193333333333328,30.0,-1.226666666666663,30.0,-6.599999999999994,30.0,6.960000000000008,30.0,-0.09333333333333334
1991,10,12.8,22.1,27.8,3.5,3.1,1991-10-01,31,108.5,-95.7,CRU-CY4.08,CRU-CY:Israel,gridded estimate; station support unavailable,30.0,-2.873333333333333,30.0,-0.31999999999999673,30.0,-0.39000000000000057,30.0,-3.3066666666666436,30.0,0.4333333333333371,30.0,0.5000000000000004
1991,11,100.2,17.8,23.2,2.5,7.0,1991-11-01,30,75.0,25.200000000000003,CRU-CY4.08,CRU-CY:Israel,gridded estimate; station support unavailable,30.0,48.96,30.0,0.0833333333333357,30.0,-0.0799999999999983,30.0,0.20000000000000284,30.0,48.760000000000005,30.0,2.0666666666666673
1991,12,234.3,11.3,15.5,1.6,15.2,1991-12-01,31,49.6,184.70000000000002,CRU-CY4.08,CRU-CY:Israel,gridded estimate; station support unavailable,30.0,140.57666666666668,30.0,-2.463333333333333,30.0,-3.106666666666669,30.0,-8.060000000000002,30.0,148.63666666666668,30.0,6.220000000000001
1992,1,155.7,9.4,13.7,1.6,13.6,1992-01-01,31,49.6,106.1,CRU-CY4.08,CRU-CY:Israel,gridded estimate; station support unavailable,30.0,47.04333333333331,30.0,-2.823333333333334,30.0,-3.046666666666667,30.0,-7.233333333333327,30.0,54.27666666666666,30.0,2.6133333333333297
1992,2,169.0,9.2,13.5,1.9,14.4,1992-02-01,29,55.099999999999994,113.9,CRU-CY4.08,CRU-CY:Israel,gridded estimate; station support unavailable,30.0,90.85999999999999,30.0,-3.640000000000004,30.0,-4.329999999999998,30.0,-12.830000000000013,30.0,103.69,30.0,4.066666666666668
1992,3,27.6,12.6,17.7,3.0,5.8,1992-03-01,31,93.0,-65.4,CRU-CY4.08,CRU-CY:Israel,gridded estimate; station support unavailable,30.0,-16.08333333333333,30.0,-2.546666666666667,30.0,-2.879999999999999,30.0,-7.750000000000014,30.0,-8.33333333333335,30.0,-0.5666666666666682
1992,4,7.6,16.8,23.0,4.2,1.1,1992-04-01,30,126.0,-118.4,CRU-CY4.08,CRU-CY:Israel,gridded estimate; station support unavailable,30.0,-8.66666666666667,30.0,-1.5933333333333302,30.0,-1.629999999999999,30.0,-8.5,30.0,-0.16666666666668561,30.0,-1.393333333333333
1992,5,8.2,19.8,26.1,5.0,2.2,1992-05-01,31,155.0,-146.8,CRU-CY4.08,CRU-CY:Israel,gridded estimate; station support unavailable,30.0,3.8233333333333324,30.0,-1.7466666666666697,30.0,-1.8366666666666625,30.0,-12.606666666666655,30.0,16.42999999999998,30.0,1.0999999999999999
1992,6,1.3,23.2,29.3,6.2,0.5,1992-06-01,30,186.0,-184.7,CRU-CY4.08,CRU-CY:Israel,gridded estimate; station support unavailable,30.0,1.1933333333333334,30.0,-1.1033333333333353,30.0,-1.2133333333333312,30.0,-8.199999999999989,30.0,9.393333333333317,30.0,0.45
1992,7,0.0,24.4,30.3,6.2,0.0,1992-07-01,31,192.20000000000002,-192.20000000000002,CRU-CY4.08,CRU-CY:Israel,gridded estimate; station support unavailable,30.0,0.0,30.0,-1.870000000000001,30.0,-1.8000000000000007,30.0,-9.50666666666666,30.0,9.50666666666666,30.0,0.0
1992,8,0.0,25.9,31.8,5.9,0.0,1992-08-01,31,182.9,-182.9,CRU-CY4.08,CRU-CY:Israel,gridded estimate; station support unavailable,30.0,0.0,30.0,-0.8033333333333346,30.0,-0.5500000000000007,30.0,-3.409999999999968,30.0,3.409999999999968,30.0,0.0
1992,9,0.2,23.7,29.7,4.8,0.1,1992-09-01,30,144.0,-143.8,CRU-CY4.08,CRU-CY:Israel,gridded estimate; station support unavailable,30.0,-0.24,30.0,-1.3933333333333273,30.0,-1.1266666666666652,30.0,-3.5999999999999943,30.0,3.359999999999985,30.0,0.006666666666666668
1992,10,1.1,22.3,28.7,3.8,0.1,1992-10-01,31,117.8,-116.7,CRU-CY4.08,CRU-CY:Israel,gridded estimate; station support unavailable,30.0,-14.573333333333334,30.0,-0.11999999999999744,30.0,0.509999999999998,30.0,5.993333333333354,30.0,-20.566666666666663,30.0,-2.4999999999999996
1992,11,57.7,17.0,22.5,2.4,5.6,1992-11-01,30,72.0,-14.299999999999997,CRU-CY4.08,CRU-CY:Israel,gridded estimate; station support unavailable,30.0,6.460000000000001,30.0,-0.716666666666665,30.0,-0.7799999999999976,30.0,-2.799999999999997,30.0,9.260000000000002,30.0,0.666666666666667
1992,12,179.0,11.2,15.6,1.6,15.0,1992-12-01,31,49.6,129.4,CRU-CY4.08,CRU-CY:Israel,gridded estimate; station support unavailable,30.0,85.27666666666667,30.0,-2.5633333333333344,30.0,-3.0066666666666695,30.0,-8.060000000000002,30.0,93.33666666666667,30.0,6.020000000000001
1993,1,96.6,10.5,15.0,1.7,9.9,1993-01-01,31,52.699999999999996,43.9,CRU-CY4.08,CRU-CY:Israel,gridded estimate; station support unavailable,30.0,-12.056666666666686,30.0,-1.7233333333333345,30.0,-1.7466666666666661,30.0,-4.133333333333333,30.0,-7.923333333333339,30.0,-1.0866666666666696
1993,2,82.5,10.1,15.0,2.1,10.7,1993-02-01,28,58.800000000000004,23.699999999999996,CRU-CY4.08,CRU-CY:Israel,gridded estimate; station support unavailable,30.0,4.359999999999985,30.0,-2.7400000000000038,30.0,-2.8299999999999983,30.0,-9.130000000000003,30.0,13.489999999999995,30.0,0.36666666666666714
1993,3,31.5,14.0,19.5,3.2,6.1,1993-03-01,31,99.2,-67.7,CRU-CY4.08,CRU-CY:Israel,gridded estimate; station support unavailable,30.0,-12.18333333333333,30.0,-1.1466666666666665,30.0,-1.0799999999999983,30.0,-1.5500000000000114,30.0,-10.633333333333347,30.0,-0.2666666666666684
1993,4,1.4,18.1,24.3,4.5,0.9,1993-04-01,30,135.0,-133.6,CRU-CY4.08,CRU-CY:Israel,gridded estimate; station support unavailable,30.0,-14.866666666666669,30.0,-0.29333333333332945,30.0,-0.3299999999999983,30.0,0.5,30.0,-15.366666666666674,30.0,-1.5933333333333333
1993,5,10.4,19.7,25.6,5.0,2.1,1993-05-01,31,155.0,-144.6,CRU-CY4.08,CRU-CY:Israel,gridded estimate; station support unavailable,30.0,6.023333333333333,30.0,-1.8466666666666711,30.0,-2.3366666666666625,30.0,-12.606666666666655,30.0,18.629999999999995,30.0,0.9999999999999998
1993,6,0.1,23.9,30.3,6.4,0.1,1993-06-01,30,192.0,-191.9,CRU-CY4.08,CRU-CY:Israel,gridded estimate; station support unavailable,30.0,-0.006666666666666682,30.0,-0.403333333333336,30.0,-0.21333333333333115,30.0,-2.1999999999999886,30.0,2.1933333333332996,30.0,0.049999999999999996
1993,7,0.0,25.3,31.3,6.4,0.0,1993-07-01,31,198.4,-198.4,CRU-CY4.08,CRU-CY:Israel,gridded estimate; station support unavailable,30.0,0.0,30.0,-0.9699999999999989,30.0,-0.8000000000000007,30.0,-3.306666666666672,30.0,3.306666666666672,30.0,0.0
1993,8,0.0,26.3,32.3,6.0,0.0,1993-08-01,31,186.0,-186.0,CRU-CY4.08,CRU-CY:Israel,gridded estimate; station support unavailable,30.0,0.0,30.0,-0.40333333333333243,30.0,-0.05000000000000426,30.0,-0.30999999999997385,30.0,0.30999999999997385,30.0,0.0
1993,9,0.0,24.3,30.3,4.9,0.0,1993-09-01,30,147.0,-147.0,CRU-CY4.08,CRU-CY:Israel,gridded estimate; station support unavailable,30.0,-0.44,30.0,-0.7933333333333259,30.0,-0.5266666666666637,30.0,-0.5999999999999943,30.0,0.1599999999999966,30.0,-0.09333333333333334
1993,10,16.3,23.3,29.1,3.8,3.2,1993-10-01,31,117.8,-101.5,CRU-CY4.08,CRU-CY:Israel,gridded estimate; station support unavailable,30.0,0.6266666666666669,30.0,0.8800000000000026,30.0,0.9100000000000001,30.0,5.993333333333354,30.0,-5.36666666666666,30.0,0.6000000000000005
1993,11,28.9,16.8,22.3,2.5,4.7,1993-11-01,30,75.0,-46.1,CRU-CY4.08,CRU-CY:Israel,gridded estimate; station support unavailable,30.0,-22.340000000000003,30.0,-0.9166666666666643,30.0,-0.9799999999999969,30.0,0.20000000000000284,30.0,-22.540000000000003,30.0,-0.2333333333333325
1993,12,45.4,14.3,19.2,2.0,7.0,1993-12-01,31,62.0,-16.6,CRU-CY4.08,CRU-CY:Israel,gridded estimate; station support unavailable,30.0,-48.32333333333333,30.0,0.5366666666666671,30.0,0.5933333333333302,30.0,4.339999999999996,30.0,-52.66333333333333,30.0,-1.9799999999999986
1994,1,123.4,13.8,18.1,1.9,13.8,1994-01-01,31,58.9,64.5,CRU-CY4.08,CRU-CY:Israel,gridded estimate; station support unavailable,30.0,14.743333333333325,30.0,1.5766666666666662,30.0,1.3533333333333353,30.0,2.06666666666667,30.0,12.676666666666662,30.0,2.813333333333331
1994,2,77.4,12.5,17.3,2.4,10.3,1994-02-01,28,67.2,10.200000000000003,CRU-CY4.08,CRU-CY:Israel,gridded estimate; station support unavailable,30.0,-0.7400000000000091,30.0,-0.3400000000000034,30.0,-0.5299999999999976,30.0,-0.730000000000004,30.0,-0.00999999999999801,30.0,-0.03333333333333144
1994,3,56.2,14.2,19.2,3.0,8.7,1994-03-01,31,93.0,-36.8,CRU-CY4.08,CRU-CY:Israel,gridded estimate; station support unavailable,30.0,12.516666666666673,30.0,-0.9466666666666672,30.0,-1.379999999999999,30.0,-7.750000000000014,30.0,20.26666666666666,30.0,2.3333333333333313
1994,4,9.9,19.9,26.4,4.9,1.9,1994-04-01,30,147.0,-137.1,CRU-CY4.08,CRU-CY:Israel,gridded estimate; station support unavailable,30.0,-6.366666666666669,30.0,1.5066666666666677,30.0,1.7699999999999996,30.0,12.5,30.0,-18.866666666666674,30.0,-0.5933333333333333
1994,5,5.5,21.8,28.3,5.6,1.1,1994-05-01,31,173.6,-168.1,CRU-CY4.08,CRU-CY:Israel,gridded estimate; station support unavailable,30.0,1.123333333333333,30.0,0.2533333333333303,30.0,0.36333333333333684,30.0,5.993333333333339,30.0,-4.8700000000000045,30.0,-2.220446049250313e-16
1994,6,0.0,23.4,29.7,6.3,0.0,1994-06-01,30,189.0,-189.0,CRU-CY4.08,CRU-CY:Israel,gridded estimate; station support unavailable,30.0,-0.10666666666666669,30.0,-0.903333333333336,30.0,-0.8133333333333326,30.0,-5.199999999999989,30.0,5.093333333333305,30.0,-0.05000000000000001
1994,7,0.0,25.2,30.8,6.3,0.0,1994-07-01,31,195.29999999999998,-195.29999999999998,CRU-CY4.08,CRU-CY:Israel,gridded estimate; station support unavailable,30.0,0.0,30.0,-1.0700000000000003,30.0,-1.3000000000000007,30.0,-6.406666666666695,30.0,6.406666666666695,30.0,0.0
1994,8,0.0,25.9,31.8,5.9,0.0,1994-08-01,31,182.9,-182.9,CRU-CY4.08,CRU-CY:Israel,gridded estimate; station support unavailable,30.0,0.0,30.0,-0.8033333333333346,30.0,-0.5500000000000007,30.0,-3.409999999999968,30.0,3.409999999999968,30.0,0.0
1994,9,0.3,26.0,31.9,5.1,0.2,1994-09-01,30,153.0,-152.7,CRU-CY4.08,CRU-CY:Israel,gridded estimate; station support unavailable,30.0,-0.14,30.0,0.9066666666666734,30.0,1.0733333333333341,30.0,5.400000000000006,30.0,-5.539999999999992,30.0,0.10666666666666667
1994,10,20.5,24.0,30.1,3.8,3.8,1994-10-01,31,117.8,-97.3,CRU-CY4.08,CRU-CY:Israel,gridded estimate; station support unavailable,30.0,4.826666666666666,30.0,1.5800000000000018,30.0,1.9100000000000001,30.0,5.993333333333354,30.0,-1.1666666666666572,30.0,1.2000000000000002
1994,11,185.4,16.2,21.2,2.3,12.0,1994-11-01,30,69.0,116.4,CRU-CY4.08,CRU-CY:Israel,gridded estimate; station support unavailable,30.0,134.16,30.0,-1.5166666666666657,30.0,-2.0799999999999983,30.0,-5.799999999999997,30.0,139.96,30.0,7.066666666666667
1994,12,135.2,11.3,16.0,1.7,11.2,1994-12-01,31,52.699999999999996,82.5,CRU-CY4.08,CRU-CY:Israel,gridded estimate; station support unavailable,30.0,41.47666666666666,30.0,-2.463333333333333,30.0,-2.606666666666669,30.0,-4.960000000000008,30.0,46.436666666666675,30.0,2.2200000000000006
1995,1,31.5,12.4,17.0,1.9,4.4,1995-01-01,31,58.9,-27.4,CRU-CY4.08,CRU-CY:Israel,gridded estimate; station support unavailable,30.0,-77.15666666666668,30.0,0.17666666666666586,30.0,0.25333333333333385,30.0,2.06666666666667,30.0,-79.22333333333333,30.0,-6.58666666666667
1995,2,70.0,12.7,17.6,2.4,10.4,1995-02-01,28,67.2,2.799999999999997,CRU-CY4.08,CRU-CY:Israel,gridded estimate; station support unavailable,30.0,-8.140000000000015,30.0,-0.14000000000000412,30.0,-0.22999999999999687,30.0,-0.730000000000004,30.0,-7.410000000000004,30.0,0.0666666666666682
1995,3,31.8,14.8,20.4,3.3,5.3,1995-03-01,31,102.3,-70.5,CRU-CY4.08,CRU-CY:Israel,gridded estimate; station support unavailable,30.0,-11.88333333333333,30.0,-0.3466666666666658,30.0,-0.17999999999999972,30.0,1.549999999999983,30.0,-13.433333333333344,30.0,-1.0666666666666682
1995,4,16.9,16.9,23.2,4.4,3.5,1995-04-01,30,132.0,-115.1,CRU-CY4.08,CRU-CY:Israel,gridded estimate; station support unavailable,30.0,0.6333333333333293,30.0,-1.4933333333333323,30.0,-1.4299999999999997,30.0,-2.5,30.0,3.1333333333333258,30.0,1.0066666666666668
1995,5,2.3,21.2,27.9,5.5,0.6,1995-05-01,31,170.5,-168.2,CRU-CY4.08,CRU-CY:Israel,gridded estimate; station support unavailable,30.0,-2.076666666666667,30.0,-0.3466666666666711,30.0,-0.03666666666666529,30.0,2.893333333333345,30.0,-4.969999999999999,30.0,-0.5000000000000003
1995,6,0.0,25.0,31.6,6.7,0.0,1995-06-01,30,201.0,-201.0,CRU-CY4.08,CRU-CY:Israel,gridded estimate; station support unavailable,30.0,-0.10666666666666669,30.0,0.6966666666666654,30.0,1.0866666666666696,30.0,6.800000000000011,30.0,-6.906666666666695,30.0,-0.05000000000000001
1995,7,0.0,25.6,31.5,6.4,0.0,1995-07-01,31,198.4,-198.4,CRU-CY4.08,CRU-CY:Israel,gridded estimate; station support unavailable,30.0,0.0,30.0,-0.6699999999999982,30.0,-0.6000000000000014,30.0,-3.306666666666672,30.0,3.306666666666672,30.0,0.0
1995,8,0.0,26.3,32.0,5.9,0.0,1995-08-01,31,182.9,-182.9,CRU-CY4.08,CRU-CY:Israel,gridded estimate; station support unavailable,30.0,0.0,30.0,-0.40333333333333243,30.0,-0.3500000000000014,30.0,-3.409999999999968,30.0,3.409999999999968,30.0,0.0
1995,9,0.0,25.0,31.0,4.9,0.0,1995-09-01,30,147.0,-147.0,CRU-CY4.08,CRU-CY:Israel,gridded estimate; station support unavailable,30.0,-0.44,30.0,-0.0933333333333266,30.0,0.17333333333333556,30.0,-0.5999999999999943,30.0,0.1599999999999966,30.0,-0.09333333333333334
1995,10,1.2,21.1,27.2,3.5,0.5,1995-10-01,31,108.5,-107.3,CRU-CY4.08,CRU-CY:Israel,gridded estimate; station support unavailable,30.0,-14.473333333333334,30.0,-1.3199999999999967,30.0,-0.990000000000002,30.0,-3.3066666666666436,30.0,-11.166666666666657,30.0,-2.0999999999999996
1995,11,74.2,15.6,21.4,2.4,6.8,1995-11-01,30,72.0,2.200000000000003,CRU-CY4.08,CRU-CY:Israel,gridded estimate; station support unavailable,30.0,22.96,30.0,-2.1166666666666654,30.0,-1.879999999999999,30.0,-2.799999999999997,30.0,25.76,30.0,1.8666666666666671
1995,12,34.3,12.9,18.0,1.8,7.5,1995-12-01,31,55.800000000000004,-21.500000000000007,CRU-CY4.08,CRU-CY:Israel,gridded estimate; station support unavailable,30.0,-59.42333333333333,30.0,-0.8633333333333333,30.0,-0.6066666666666691,30.0,-1.8599999999999994,30.0,-57.56333333333333,30.0,-1.4799999999999986
1996,1,132.6,12.4,16.9,1.8,14.2,1996-01-01,31,55.800000000000004,76.79999999999998,CRU-CY4.08,CRU-CY:Israel,gridded estimate; station support unavailable,30.0,23.943333333333314,30.0,0.17666666666666586,30.0,0.15333333333333243,30.0,-1.0333333333333243,30.0,24.976666666666645,30.0,3.2133333333333294
1996,2,36.3,13.7,18.6,2.5,8.9,1996-02-01,29,72.5,-36.2,CRU-CY4.08,CRU-CY:Israel,gridded estimate; station support unavailable,30.0,-41.84000000000002,30.0,0.8599999999999959,30.0,0.7700000000000031,30.0,4.569999999999993,30.0,-46.410000000000004,30.0,-1.4333333333333318
1996,3,90.3,14.0,19.1,2.9,10.2,1996-03-01,31,89.89999999999999,0.4000000000000057,CRU-CY4.08,CRU-CY:Israel,gridded estimate; station support unavailable,30.0,46.61666666666667,30.0,-1.1466666666666665,30.0,-1.4799999999999969,30.0,-10.850000000000023,30.0,57.46666666666666,30.0,3.8333333333333313
1996,4,18.2,17.1,23.4,4.4,2.8,1996-04-01,30,132.0,-113.8,CRU-CY4.08,CRU-CY:Israel,gridded estimate; station support unavailable,30.0,1.93333333333333,30.0,-1.2933333333333294,30.0,-1.2300000000000004,30.0,-2.5,30.0,4.433333333333323,30.0,0.30666666666666664
1996,5,0.3,22.6,29.1,5.6,0.1,1996-05-01,31,173.6,-173.29999999999998,CRU-CY4.08,CRU-CY:Israel,gridded estimate; station support unavailable,30.0,-4.076666666666667,30.0,1.053333333333331,30.0,1.1633333333333375,30.0,5.993333333333339,30.0,-10.069999999999993,30.0,-1.0000000000000002
1996,6,0.0,23.8,30.1,6.5,0.0,1996-06-01,30,195.0,-195.0,CRU-CY4.08,CRU-CY:Israel,gridded estimate; station support unavailable,30.0,-0.10666666666666669,30.0,-0.5033333333333339,30.0,-0.41333333333333044,30.0,0.8000000000000114,30.0,-0.9066666666666947,30.0,-0.05000000000000001
1996,7,0.0,26.6,32.4,6.4,0.0,1996-07-01,31,198.4,-198.4,CRU-CY4.08,CRU-CY:Israel,gridded estimate; station support unavailable,30.0,0.0,30.0,0.33000000000000185,30.0,0.29999999999999716,30.0,-3.306666666666672,30.0,3.306666666666672,30.0,0.0
1996,8,0.0,26.4,32.3,6.0,0.0,1996-08-01,31,186.0,-186.0,CRU-CY4.08,CRU-CY:Israel,gridded estimate; station support unavailable,30.0,0.0,30.0,-0.30333333333333456,30.0,-0.05000000000000426,30.0,-0.30999999999997385,30.0,0.30999999999997385,30.0,0.0
1996,9,0.8,25.0,31.0,4.9,0.1,1996-09-01,30,147.0,-146.2,CRU-CY4.08,CRU-CY:Israel,gridded estimate; station support unavailable,30.0,0.36000000000000004,30.0,-0.0933333333333266,30.0,0.17333333333333556,30.0,-0.5999999999999943,30.0,0.960000000000008,30.0,0.006666666666666668
1996,10,30.4,20.8,26.6,3.5,3.2,1996-10-01,31,108.5,-78.1,CRU-CY4.08,CRU-CY:Israel,gridded estimate; station support unavailable,30.0,14.726666666666665,30.0,-1.6199999999999974,30.0,-1.5899999999999999,30.0,-3.3066666666666436,30.0,18.033333333333346,30.0,0.6000000000000005
1996,11,16.8,18.0,23.7,2.5,4.3,1996-11-01,30,75.0,-58.2,CRU-CY4.08,CRU-CY:Israel,gridded estimate; station support unavailable,30.0,-34.44,30.0,0.283333333333335,30.0,0.4200000000000017,30.0,0.20000000000000284,30.0,-34.64,30.0,-0.6333333333333329
1996,12,58.1,15.1,20.0,1.9,7.5,1996-12-01,31,58.9,-0.7999999999999972,CRU-CY4.08,CRU-CY:Israel,gridded estimate; station support unavailable,30.0,-35.62333333333333,30.0,1.336666666666666,30.0,1.3933333333333309,30.0,1.2399999999999949,30.0,-36.86333333333332,30.0,-1.4799999999999986
1997,1,80.8,13.0,17.7,2.0,12.1,1997-01-01,31,62.0,18.799999999999997,CRU-CY4.08,CRU-CY:Israel,gridded estimate; station support unavailable,30.0,-27.856666666666683,30.0,0.7766666666666655,30.0,0.9533333333333331,30.0,5.166666666666671,30.0,-33.02333333333334,30.0,1.1133333333333297
1997,2,106.7,10.2,15.2,2.2,11.3,1997-02-01,28,61.60000000000001,45.099999999999994,CRU-CY4.08,CRU-CY:Israel,gridded estimate; station support unavailable,30.0,28.559999999999988,30.0,-2.640000000000004,30.0,-2.629999999999999,30.0,-6.329999999999998,30.0,34.88999999999999,30.0,0.9666666666666686
1997,3,77.7,12.4,17.5,2.9,10.1,1997-03-01,31,89.89999999999999,-12.199999999999989,CRU-CY4.08,CRU-CY:Israel,gridded estimate; station support unavailable,30.0,34.01666666666667,30.0,-2.746666666666666,30.0,-3.0799999999999983,30.0,-10.850000000000023,30.0,44.86666666666667,30.0,3.7333333333333316
1997,4,15.5,16.2,22.2,4.0,2.2,1997-04-01,30,120.0,-104.5,CRU-CY4.08,CRU-CY:Israel,gridded estimate; station support unavailable,30.0,-0.7666666666666693,30.0,-2.1933333333333316,30.0,-2.4299999999999997,30.0,-14.5,30.0,13.73333333333332,30.0,-0.293333333333333
1997,5,5.4,21.9,28.4,5.7,1.9,1997-05-01,31,176.70000000000002,-171.3,CRU-CY4.08,CRU-CY:Israel,gridded estimate; station support unavailable,30.0,1.0233333333333334,30.0,0.35333333333332817,30.0,0.4633333333333347,30.0,9.093333333333362,30.0,-8.070000000000022,30.0,0.7999999999999996
1997,6,0.2,24.1,30.4,6.4,0.0,1997-06-01,30,192.0,-191.8,CRU-CY4.08,CRU-CY:Israel,gridded estimate; station support unavailable,30.0,0.09333333333333332,30.0,-0.20333333333333314,30.0,-0.11333333333333329,30.0,-2.1999999999999886,30.0,2.293333333333294,30.0,-0.05000000000000001
1997,7,0.0,26.1,32.0,6.6,0.0,1997-07-01,31,204.6,-204.6,CRU-CY4.08,CRU-CY:Israel,gridded estimate; station support unavailable,30.0,0.0,30.0,-0.16999999999999815,30.0,-0.10000000000000142,30.0,2.8933333333333167,30.0,-2.8933333333333167,30.0,0.0
1997,8,0.0,24.7,30.2,5.7,0.0,1997-08-01,31,176.70000000000002,-176.70000000000002,CRU-CY4.08,CRU-CY:Israel,gridded estimate; station support unavailable,30.0,0.0,30.0,-2.003333333333334,30.0,-2.150000000000002,30.0,-9.609999999999957,30.0,9.609999999999957,30.0,0.0
1997,9,1.4,23.7,29.7,4.8,0.4,1997-09-01,30,144.0,-142.6,CRU-CY4.08,CRU-CY:Israel,gridded estimate; station support unavailable,30.0,0.96,30.0,-1.3933333333333273,30.0,-1.1266666666666652,30.0,-3.5999999999999943,30.0,4.560000000000002,30.0,0.3066666666666667
1997,10,23.9,21.9,27.6,3.5,4.4,1997-10-01,31,108.5,-84.6,CRU-CY4.08,CRU-CY:Israel,gridded estimate; station support unavailable,30.0,8.226666666666665,30.0,-0.5199999999999996,30.0,-0.5899999999999999,30.0,-3.3066666666666436,30.0,11.533333333333346,30.0,1.8000000000000007
1997,11,52.3,17.8,23.2,2.5,6.2,1997-11-01,30,75.0,-22.700000000000003,CRU-CY4.08,CRU-CY:Israel,gridded estimate; station support unavailable,30.0,1.0599999999999952,30.0,0.0833333333333357,30.0,-0.0799999999999983,30.0,0.20000000000000284,30.0,0.8599999999999959,30.0,1.2666666666666675
1997,12,100.3,14.0,18.5,1.8,10.0,1997-12-01,31,55.800000000000004,44.49999999999999,CRU-CY4.08,CRU-CY:Israel,gridded estimate; station support unavailable,30.0,6.576666666666668,30.0,0.23666666666666636,30.0,-0.10666666666666913,30.0,-1.8599999999999994,30.0,8.436666666666667,30.0,1.0200000000000014
1998,1,97.6,12.1,16.4,1.8,12.3,1998-01-01,31,55.800000000000004,41.79999999999999,CRU-CY4.08,CRU-CY:Israel,gridded estimate; station support unavailable,30.0,-11.056666666666686,30.0,-0.12333333333333485,30.0,-0.34666666666666757,30.0,-1.0333333333333243,30.0,-10.023333333333348,30.0,1.3133333333333308
1998,2,60.2,12.9,17.9,2.5,9.1,1998-02-01,28,70.0,-9.799999999999997,CRU-CY4.08,CRU-CY:Israel,gridded estimate; station support unavailable,30.0,-17.940000000000012,30.0,0.059999999999996945,30.0,0.07000000000000028,30.0,2.069999999999993,30.0,-20.009999999999998,30.0,-1.2333333333333325
1998,3,87.0,13.4,18.6,2.9,10.1,1998-03-01,31,89.89999999999999,-2.8999999999999915,CRU-CY4.08,CRU-CY:Israel,gridded estimate; station support unavailable,30.0,43.31666666666667,30.0,-1.7466666666666661,30.0,-1.9799999999999969,30.0,-10.850000000000023,30.0,54.166666666666664,30.0,3.7333333333333316
1998,4,9.7,19.3,25.6,4.7,1.7,1998-04-01,30,141.0,-131.3,CRU-CY4.08,CRU-CY:Israel,gridded estimate; station support unavailable,30.0,-6.56666666666667,30.0,0.9066666666666698,30.0,0.9700000000000024,30.0,6.5,30.0,-13.066666666666691,30.0,-0.7933333333333332
1998,5,7.7,21.6,27.7,5.2,2.0,1998-05-01,31,161.20000000000002,-153.50000000000003,CRU-CY4.08,CRU-CY:Israel,gridded estimate; station support unavailable,30.0,3.3233333333333333,30.0,0.05333333333333101,30.0,-0.23666666666666458,30.0,-6.406666666666638,30.0,9.729999999999961,30.0,0.8999999999999997
1998,6,0.0,24.1,30.2,6.4,0.0,1998-06-01,30,192.0,-192.0,CRU-CY4.08,CRU-CY:Israel,gridded estimate; station support unavailable,30.0,-0.10666666666666669,30.0,-0.20333333333333314,30.0,-0.3133333333333326,30.0,-2.1999999999999886,30.0,2.0933333333333053,30.0,-0.05000000000000001
1998,7,0.0,26.6,32.6,6.6,0.0,1998-07-01,31,204.6,-204.6,CRU-CY4.08,CRU-CY:Israel,gridded estimate; station support unavailable,30.0,0.0,30.0,0.33000000000000185,30.0,0.5,30.0,2.8933333333333167,30.0,-2.8933333333333167,30.0,0.0
1998,8,0.0,27.9,33.8,6.3,0.0,1998-08-01,31,195.29999999999998,-195.29999999999998,CRU-CY4.08,CRU-CY:Israel,gridded estimate; station support unavailable,30.0,0.0,30.0,1.1966666666666654,30.0,1.4499999999999957,30.0,8.990000000000009,30.0,-8.990000000000009,30.0,0.0
1998,9,0.5,25.6,31.4,5.0,0.2,1998-09-01,30,150.0,-149.5,CRU-CY4.08,CRU-CY:Israel,gridded estimate; station support unavailable,30.0,0.06,30.0,0.5066666666666748,30.0,0.5733333333333341,30.0,2.4000000000000057,30.0,-2.3400000000000034,30.0,0.10666666666666667
1998,10,2.6,22.6,28.7,3.7,0.9,1998-10-01,31,114.7,-112.10000000000001,CRU-CY4.08,CRU-CY:Israel,gridded estimate; station support unavailable,30.0,-13.073333333333334,30.0,0.18000000000000327,30.0,0.509999999999998,30.0,2.8933333333333593,30.0,-15.966666666666669,30.0,-1.6999999999999997
1998,11,11.1,19.5,25.2,2.7,2.0,1998-11-01,30,81.0,-69.9,CRU-CY4.08,CRU-CY:Israel,gridded estimate; station support unavailable,30.0,-40.14,30.0,1.783333333333335,30.0,1.9200000000000017,30.0,6.200000000000003,30.0,-46.34,30.0,-2.9333333333333327
1998,12,60.4,14.8,19.7,1.9,5.6,1998-12-01,31,58.9,1.5,CRU-CY4.08,CRU-CY:Israel,gridded estimate; station support unavailable,30.0,-33.32333333333333,30.0,1.036666666666667,30.0,1.0933333333333302,30.0,1.2399999999999949,30.0,-34.563333333333325,30.0,-3.379999999999999
1999,1,67.9,13.0,17.6,1.9,8.8,1999-01-01,31,58.9,9.000000000000007,CRU-CY4.08,CRU-CY:Israel,gridded estimate; station support unavailable,30.0,-40.756666666666675,30.0,0.7766666666666655,30.0,0.8533333333333353,30.0,2.06666666666667,30.0,-42.82333333333333,30.0,-2.186666666666669
1999,2,55.1,13.2,18.3,2.4,10.2,1999-02-01,28,67.2,-12.100000000000001,CRU-CY4.08,CRU-CY:Israel,gridded estimate; station support unavailable,30.0,-23.040000000000013,30.0,0.3599999999999959,30.0,0.4700000000000024,30.0,-0.730000000000004,30.0,-22.310000000000002,30.0,-0.13333333333333286
1999,3,38.7,15.1,20.6,3.3,4.4,1999-03-01,31,102.3,-63.599999999999994,CRU-CY4.08,CRU-CY:Israel,gridded estimate; station support unavailable,30.0,-4.983333333333327,30.0,-0.046666666666666856,30.0,0.020000000000003126,30.0,1.549999999999983,30.0,-6.5333333333333385,30.0,-1.9666666666666677
1999,4,13.7,18.0,24.3,4.5,2.6,1999-04-01,30,135.0,-121.3,CRU-CY4.08,CRU-CY:Israel,gridded estimate; station support unavailable,30.0,-2.56666666666667,30.0,-0.39333333333333087,30.0,-0.3299999999999983,30.0,0.5,30.0,-3.066666666666677,30.0,0.10666666666666691
1999,5,0.0,22.3,28.8,5.6,0.0,1999-05-01,31,173.6,-173.6,CRU-CY4.08,CRU-CY:Israel,gridded estimate; station support unavailable,30.0,-4.376666666666667,30.0,0.7533333333333303,30.0,0.8633333333333368,30.0,5.993333333333339,30.0,-10.370000000000005,30.0,-1.1000000000000003
1999,6,0.0,24.0,29.9,6.3,0.0,1999-06-01,30,189.0,-189.0,CRU-CY4.08,CRU-CY:Israel,gridded estimate; station support unavailable,30.0,-0.10666666666666669,30.0,-0.30333333333333456,30.0,-0.6133333333333333,30.0,-5.199999999999989,30.0,5.093333333333305,30.0,-0.05000000000000001
1999,7,0.0,26.0,31.7,6.5,0.0,1999-07-01,31,201.5,-201.5,CRU-CY4.08,CRU-CY:Israel,gridded estimate; station support unavailable,30.0,0.0,30.0,-0.2699999999999996,30.0,-0.40000000000000213,30.0,-0.20666666666667766,30.0,0.20666666666667766,30.0,0.0
1999,8,0.0,27.0,32.8,6.0,0.0,1999-08-01,31,186.0,-186.0,CRU-CY4.08,CRU-CY:Israel,gridded estimate; station support unavailable,30.0,0.0,30.0,0.29666666666666686,30.0,0.44999999999999574,30.0,-0.30999999999997385,30.0,0.30999999999997385,30.0,0.0
1999,9,0.4,25.0,30.8,4.9,0.1,1999-09-01,30,147.0,-146.6,CRU-CY4.08,CRU-CY:Israel,gridded estimate; station support unavailable,30.0,-0.03999999999999998,30.0,-0.0933333333333266,30.0,-0.02666666666666373,30.0,-0.5999999999999943,30.0,0.5600000000000023,30.0,0.006666666666666668
1999,10,8.2,22.4,27.9,3.6,1.7,1999-10-01,31,111.60000000000001,-103.4,CRU-CY4.08,CRU-CY:Israel,gridded estimate; station support unavailable,30.0,-7.4733333333333345,30.0,-0.019999999999999574,30.0,-0.2900000000000027,30.0,-0.20666666666663502,30.0,-7.266666666666666,30.0,-0.8999999999999997
1999,11,13.5,18.0,23.8,2.6,2.4,1999-11-01,30,78.0,-64.5,CRU-CY4.08,CRU-CY:Israel,gridded estimate; station support unavailable,30.0,-37.74,30.0,0.283333333333335,30.0,0.5200000000000031,30.0,3.200000000000003,30.0,-40.94,30.0,-2.5333333333333328
1999,12,23.4,14.3,19.8,2.0,4.3,1999-12-01,31,62.0,-38.6,CRU-CY4.08,CRU-CY:Israel,gridded estimate; station support unavailable,30.0,-70.32333333333332,30.0,0.5366666666666671,30.0,1.1933333333333316,30.0,4.339999999999996,30.0,-74.66333333333333,30.0,-4.679999999999999
2000,1,185.1,11.3,16.1,1.8,14.2,2000-01-01,31,55.800000000000004,129.29999999999998,CRU-CY4.08,CRU-CY:Israel,gridded estimate; station support unavailable,30.0,76.44333333333331,30.0,-0.9233333333333338,30.0,-0.6466666666666647,30.0,-1.0333333333333243,30.0,77.47666666666665,30.0,3.2133333333333294
2000,2,41.3,11.7,17.0,2.4,7.0,2000-02-01,29,69.6,-28.299999999999997,CRU-CY4.08,CRU-CY:Israel,gridded estimate; station support unavailable,30.0,-36.84000000000002,30.0,-1.1400000000000041,30.0,-0.8299999999999983,30.0,1.6699999999999875,30.0,-38.51,30.0,-3.333333333333332
2000,3,44.3,13.2,18.9,3.1,6.8,2000-03-01,31,96.10000000000001,-51.80000000000001,CRU-CY4.08,CRU-CY:Israel,gridded estimate; station support unavailable,30.0,0.6166666666666671,30.0,-1.9466666666666672,30.0,-1.6799999999999997,30.0,-4.650000000000006,30.0,5.266666666666644,30.0,0.4333333333333318
2000,4,7.4,19.2,25.9,4.6,1.2,2000-04-01,30,138.0,-130.6,CRU-CY4.08,CRU-CY:Israel,gridded estimate; station support unavailable,30.0,-8.866666666666669,30.0,0.8066666666666684,30.0,1.2699999999999996,30.0,3.5,30.0,-12.366666666666674,30.0,-1.2933333333333332
2000,5,0.3,20.9,27.8,5.5,0.1,2000-05-01,31,170.5,-170.2,CRU-CY4.08,CRU-CY:Israel,gridded estimate; station support unavailable,30.0,-4.076666666666667,30.0,-0.6466666666666718,30.0,-0.13666666666666316,30.0,2.893333333333345,30.0,-6.969999999999999,30.0,-1.0000000000000002
2000,6,0.0,24.4,31.1,6.6,0.0,2000-06-01,30,198.0,-198.0,CRU-CY4.08,CRU-CY:Israel,gridded estimate; station support unavailable,30.0,-0.10666666666666669,30.0,0.09666666666666401,30.0,0.5866666666666696,30.0,3.8000000000000114,30.0,-3.9066666666666947,30.0,-0.05000000000000001
2000,7,0.0,27.3,33.6,6.5,0.0,2000-07-01,31,201.5,-201.5,CRU-CY4.08,CRU-CY:Israel,gridded estimate; station support unavailable,30.0,0.0,30.0,1.0300000000000011,30.0,1.5,30.0,-0.20666666666667766,30.0,0.20666666666667766,30.0,0.0
2000,8,0.0,26.7,32.6,6.0,0.0,2000-08-01,31,186.0,-186.0,CRU-CY4.08,CRU-CY:Israel,gridded estimate; station support unavailable,30.0,0.0,30.0,-0.0033333333333338544,30.0,0.25,30.0,-0.30999999999997385,30.0,0.30999999999997385,30.0,0.0
2000,9,0.7,24.8,30.6,4.8,0.1,2000-09-01,30,144.0,-143.3,CRU-CY4.08,CRU-CY:Israel,gridded estimate; station support unavailable,30.0,0.25999999999999995,30.0,-0.2933333333333259,30.0,-0.22666666666666302,30.0,-3.5999999999999943,30.0,3.859999999999985,30.0,0.006666666666666668
2000,10,48.6,20.7,26.3,3.4,5.1,2000-10-01,31,105.39999999999999,-56.79999999999999,CRU-CY4.08,CRU-CY:Israel,gridded estimate; station support unavailable,30.0,32.92666666666667,30.0,-1.7199999999999989,30.0,-1.8900000000000006,30.0,-6.406666666666652,30.0,39.33333333333335,30.0,2.5
2000,11,26.2,17.3,23.2,2.5,4.8,2000-11-01,30,75.0,-48.8,CRU-CY4.08,CRU-CY:Israel,gridded estimate; station support unavailable,30.0,-25.040000000000003,30.0,-0.4166666666666643,30.0,-0.0799999999999983,30.0,0.20000000000000284,30.0,-25.24,30.0,-0.13333333333333286
2000,12,114.5,13.9,18.7,1.9,10.0,2000-12-01,31,58.9,55.6,CRU-CY4.08,CRU-CY:Israel,gridded estimate; station support unavailable,30.0,20.77666666666667,30.0,0.13666666666666671,30.0,0.09333333333333016,30.0,1.2399999999999949,30.0,19.536666666666676,30.0,1.0200000000000014
2001,1,79.0,12.9,17.7,1.9,9.3,2001-01-01,31,58.9,20.1,CRU-CY4.08,CRU-CY:Israel,gridded estimate; station support unavailable,30.0,-29.65666666666668,30.0,0.6766666666666659,30.0,0.9533333333333331,30.0,2.06666666666667,30.0,-31.723333333333336,30.0,-1.6866666666666692
2001,2,86.9,12.9,17.9,2.4,11.0,2001-02-01,28,67.2,19.700000000000003,CRU-CY4.08,CRU-CY:Israel,gridded estimate; station support unavailable,30.0,8.759999999999991,30.0,0.059999999999996945,30.0,0.07000000000000028,30.0,-0.730000000000004,30.0,9.490000000000002,30.0,0.6666666666666679
2001,3,14.7,17.5,23.0,3.6,5.2,2001-03-01,31,111.60000000000001,-96.9,CRU-CY4.08,CRU-CY:Israel,gridded estimate; station support unavailable,30.0,-28.98333333333333,30.0,2.3533333333333335,30.0,2.4200000000000017,30.0,10.849999999999994,30.0,-39.83333333333335,30.0,-1.1666666666666679
2001,4,13.1,18.9,25.3,4.5,3.4,2001-04-01,30,135.0,-121.9,CRU-CY4.08,CRU-CY:Israel,gridded estimate; station support unavailable,30.0,-3.1666666666666696,30.0,0.5066666666666677,30.0,0.6700000000000017,30.0,0.5,30.0,-3.6666666666666856,30.0,0.9066666666666667
2001,5,11.0,21.4,27.6,5.3,2.2,2001-05-01,31,164.29999999999998,-153.29999999999998,CRU-CY4.08,CRU-CY:Israel,gridded estimate; station support unavailable,30.0,6.623333333333333,30.0,-0.14666666666667183,30.0,-0.33666666666666245,30.0,-3.306666666666672,30.0,9.930000000000007,30.0,1.0999999999999999
2001,6,0.0,24.3,30.5,6.5,0.0,2001-06-01,30,195.0,-195.0,CRU-CY4.08,CRU-CY:Israel,gridded estimate; station support unavailable,30.0,-0.10666666666666669,30.0,-0.0033333333333338544,30.0,-0.013333333333331865,30.0,0.8000000000000114,30.0,-0.9066666666666947,30.0,-0.05000000000000001
2001,7,0.0,26.3,32.3,6.5,0.0,2001-07-01,31,201.5,-201.5,CRU-CY4.08,CRU-CY:Israel,gridded estimate; station support unavailable,30.0,0.0,30.0,0.030000000000001137,30.0,0.19999999999999574,30.0,-0.20666666666667766,30.0,0.20666666666667766,30.0,0.0
2001,8,0.0,27.1,32.6,6.0,0.0,2001-08-01,31,186.0,-186.0,CRU-CY4.08,CRU-CY:Israel,gridded estimate; station support unavailable,30.0,0.0,30.0,0.3966666666666683,30.0,0.25,30.0,-0.30999999999997385,30.0,0.30999999999997385,30.0,0.0
2001,9,0.1,25.1,30.9,4.9,0.0,2001-09-01,30,147.0,-146.9,CRU-CY4.08,CRU-CY:Israel,gridded estimate; station support unavailable,30.0,-0.33999999999999997,30.0,0.006666666666674814,30.0,0.07333333333333414,30.0,-0.5999999999999943,30.0,0.2599999999999909,30.0,-0.09333333333333334
2001,10,16.9,22.2,27.7,3.6,2.5,2001-10-01,31,111.60000000000001,-94.70000000000002,CRU-CY4.08,CRU-CY:Israel,gridded estimate; station support unavailable,30.0,1.2266666666666648,30.0,-0.21999999999999886,30.0,-0.490000000000002,30.0,-0.20666666666663502,30.0,1.433333333333323,30.0,-0.09999999999999964
2001,11,58.9,17.2,22.7,2.4,5.5,2001-11-01,30,72.0,-13.100000000000001,CRU-CY4.08,CRU-CY:Israel,gridded estimate; station support unavailable,30.0,7.659999999999997,30.0,-0.5166666666666657,30.0,-0.5799999999999983,30.0,-2.799999999999997,30.0,10.459999999999997,30.0,0.5666666666666673
2001,12,123.0,14.0,18.4,1.8,10.0,2001-12-01,31,55.800000000000004,67.19999999999999,CRU-CY4.08,CRU-CY:Israel,gridded estimate; station support unavailable,30.0,29.27666666666667,30.0,0.23666666666666636,30.0,-0.20666666666667055,30.0,-1.8599999999999994,30.0,31.136666666666663,30.0,1.0200000000000014
2002,1,172.4,10.9,15.5,1.7,13.9,2002-01-01,31,52.699999999999996,119.70000000000002,CRU-CY4.08,CRU-CY:Israel,gridded estimate; station support unavailable,30.0,63.743333333333325,30.0,-1.3233333333333341,30.0,-1.2466666666666661,30.0,-4.133333333333333,30.0,67.87666666666668,30.0,2.9133333333333304
2002,2,56.4,14.4,19.8,2.6,9.4,2002-02-01,28,72.8,-16.4,CRU-CY4.08,CRU-CY:Israel,gridded estimate; station support unavailable,30.0,-21.740000000000016,30.0,1.559999999999997,30.0,1.9700000000000024,30.0,4.86999999999999,30.0,-26.61,30.0,-0.9333333333333318
2002,3,49.0,16.3,21.6,3.4,6.5,2002-03-01,31,105.39999999999999,-56.39999999999999,CRU-CY4.08,CRU-CY:Israel,gridded estimate; station support unavailable,30.0,5.31666666666667,30.0,1.1533333333333342,30.0,1.0200000000000031,30.0,4.649999999999977,30.0,0.6666666666666643,30.0,0.13333333333333197
2002,4,36.5,17.7,23.4,4.1,3.7,2002-04-01,30,122.99999999999999,-86.49999999999999,CRU-CY4.08,CRU-CY:Israel,gridded estimate; station support unavailable,30.0,20.23333333333333,30.0,-0.6933333333333316,30.0,-1.2300000000000004,30.0,-11.500000000000014,30.0,31.733333333333334,30.0,1.206666666666667
2002,5,4.1,20.7,27.1,5.4,1.3,2002-05-01,31,167.4,-163.3,CRU-CY4.08,CRU-CY:Israel,gridded estimate; station support unavailable,30.0,-0.2766666666666673,30.0,-0.8466666666666711,30.0,-0.8366666666666625,30.0,-0.20666666666664923,30.0,-0.0700000000000216,30.0,0.19999999999999973
2002,6,0.0,23.9,30.1,6.3,0.0,2002-06-01,30,189.0,-189.0,CRU-CY4.08,CRU-CY:Israel,gridded estimate; station support unavailable,30.0,-0.10666666666666669,30.0,-0.403333333333336,30.0,-0.41333333333333044,30.0,-5.199999999999989,30.0,5.093333333333305,30.0,-0.05000000000000001
2002,7,0.0,27.1,32.9,6.7,0.0,2002-07-01,31,207.70000000000002,-207.70000000000002,CRU-CY4.08,CRU-CY:Israel,gridded estimate; station support unavailable,30.0,0.0,30.0,0.8300000000000018,30.0,0.7999999999999972,30.0,5.993333333333339,30.0,-5.993333333333339,30.0,0.0
2002,8,0.0,26.7,32.1,6.0,0.0,2002-08-01,31,186.0,-186.0,CRU-CY4.08,CRU-CY:Israel,gridded estimate; station support unavailable,30.0,0.0,30.0,-0.0033333333333338544,30.0,-0.25,30.0,-0.30999999999997385,30.0,0.30999999999997385,30.0,0.0
2002,9,0.3,25.2,30.7,4.8,0.1,2002-09-01,30,144.0,-143.7,CRU-CY4.08,CRU-CY:Israel,gridded estimate; station support unavailable,30.0,-0.14,30.0,0.10666666666667268,30.0,-0.12666666666666515,30.0,-3.5999999999999943,30.0,3.460000000000008,30.0,0.006666666666666668
2002,10,11.6,22.8,28.2,3.4,3.4,2002-10-01,31,105.39999999999999,-93.8,CRU-CY4.08,CRU-CY:Israel,gridded estimate; station support unavailable,30.0,-4.073333333333334,30.0,0.38000000000000256,30.0,0.00999999999999801,30.0,-6.406666666666652,30.0,2.333333333333343,30.0,0.8000000000000003
2002,11,33.7,18.5,24.3,2.6,6.2,2002-11-01,30,78.0,-44.3,CRU-CY4.08,CRU-CY:Israel,gridded estimate; station support unavailable,30.0,-17.54,30.0,0.783333333333335,30.0,1.0200000000000031,30.0,3.200000000000003,30.0,-20.74,30.0,1.2666666666666675
2002,12,136.6,14.0,18.4,1.8,11.4,2002-12-01,31,55.800000000000004,80.79999999999998,CRU-CY4.08,CRU-CY:Israel,gridded estimate; station support unavailable,30.0,42.876666666666665,30.0,0.23666666666666636,30.0,-0.20666666666667055,30.0,-1.8599999999999994,30.0,44.73666666666666,30.0,2.4200000000000017
2003,1,90.3,14.0,18.4,1.9,10.1,2003-01-01,31,58.9,31.4,CRU-CY4.08,CRU-CY:Israel,gridded estimate; station support unavailable,30.0,-18.356666666666683,30.0,1.7766666666666655,30.0,1.6533333333333324,30.0,2.06666666666667,30.0,-20.42333333333334,30.0,-0.8866666666666703
2003,2,189.0,11.8,16.4,2.2,11.9,2003-02-01,28,61.60000000000001,127.39999999999999,CRU-CY4.08,CRU-CY:Israel,gridded estimate; station support unavailable,30.0,110.85999999999999,30.0,-1.0400000000000027,30.0,-1.4299999999999997,30.0,-6.329999999999998,30.0,117.19,30.0,1.5666666666666682
2003,3,107.3,13.0,17.9,2.8,9.9,2003-03-01,31,86.8,20.5,CRU-CY4.08,CRU-CY:Israel,gridded estimate; station support unavailable,30.0,63.61666666666667,30.0,-2.1466666666666665,30.0,-2.6799999999999997,30.0,-13.950000000000017,30.0,77.56666666666666,30.0,3.5333333333333323
2003,4,12.5,18.2,24.1,4.3,2.8,2003-04-01,30,129.0,-116.5,CRU-CY4.08,CRU-CY:Israel,gridded estimate; station support unavailable,30.0,-3.7666666666666693,30.0,-0.19333333333333158,30.0,-0.5299999999999976,30.0,-5.5,30.0,1.73333333333332,30.0,0.30666666666666664
2003,5,0.4,23.2,29.7,5.7,0.3,2003-05-01,31,176.70000000000002,-176.3,CRU-CY4.08,CRU-CY:Israel,gridded estimate; station support unavailable,30.0,-3.976666666666667,30.0,1.6533333333333289,30.0,1.7633333333333354,30.0,9.093333333333362,30.0,-13.070000000000022,30.0,-0.8000000000000003
2003,6,0.2,24.6,30.7,6.5,0.1,2003-06-01,30,195.0,-194.8,CRU-CY4.08,CRU-CY:Israel,gridded estimate; station support unavailable,30.0,0.09333333333333332,30.0,0.29666666666666686,30.0,0.18666666666666742,30.0,0.8000000000000114,30.0,-0.7066666666667061,30.0,0.049999999999999996
2003,7,0.0,26.2,31.8,6.5,0.0,2003-07-01,31,201.5,-201.5,CRU-CY4.08,CRU-CY:Israel,gridded estimate; station support unavailable,30.0,0.0,30.0,-0.07000000000000028,30.0,-0.3000000000000007,30.0,-0.20666666666667766,30.0,0.20666666666667766,30.0,0.0
2003,8,0.0,27.1,32.8,6.1,0.0,2003-08-01,31,189.1,-189.1,CRU-CY4.08,CRU-CY:Israel,gridded estimate; station support unavailable,30.0,0.0,30.0,0.3966666666666683,30.0,0.44999999999999574,30.0,2.7900000000000205,30.0,-2.7900000000000205,30.0,0.0
2003,9,0.2,24.5,30.1,4.8,0.1,2003-09-01,30,144.0,-143.8,CRU-CY4.08,CRU-CY:Israel,gridded estimate; station support unavailable,30.0,-0.24,30.0,-0.5933333333333266,30.0,-0.726666666666663,30.0,-3.5999999999999943,30.0,3.359999999999985,30.0,0.006666666666666668
2003,10,2.4,22.7,28.3,3.6,0.8,2003-10-01,31,111.60000000000001,-109.2,CRU-CY4.08,CRU-CY:Israel,gridded estimate; station support unavailable,30.0,-13.273333333333333,30.0,0.28000000000000114,30.0,0.10999999999999943,30.0,-0.20666666666663502,30.0,-13.066666666666663,30.0,-1.7999999999999996
2003,11,34.6,18.2,23.8,2.5,3.1,2003-11-01,30,75.0,-40.4,CRU-CY4.08,CRU-CY:Israel,gridded estimate; station support unavailable,30.0,-16.64,30.0,0.4833333333333343,30.0,0.5200000000000031,30.0,0.20000000000000284,30.0,-16.84,30.0,-1.8333333333333326
2003,12,114.7,13.8,18.5,1.8,12.3,2003-12-01,31,55.800000000000004,58.9,CRU-CY4.08,CRU-CY:Israel,gridded estimate; station support unavailable,30.0,20.976666666666674,30.0,0.03666666666666707,30.0,-0.10666666666666913,30.0,-1.8599999999999994,30.0,22.836666666666673,30.0,3.320000000000002
2004,1,142.2,12.7,16.8,1.8,13.6,2004-01-01,31,55.800000000000004,86.39999999999998,CRU-CY4.08,CRU-CY:Israel,gridded estimate; station support unavailable,30.0,33.54333333333331,30.0,0.4766666666666648,30.0,0.053333333333334565,30.0,-1.0333333333333243,30.0,34.57666666666664,30.0,2.6133333333333297
2004,2,67.1,12.8,17.9,2.4,11.4,2004-02-01,29,69.6,-2.5,CRU-CY4.08,CRU-CY:Israel,gridded estimate; station support unavailable,30.0,-11.04000000000002,30.0,-0.0400000000000027,30.0,0.07000000000000028,30.0,1.6699999999999875,30.0,-12.71,30.0,1.0666666666666682
2004,3,16.8,16.0,21.6,3.3,3.6,2004-03-01,31,102.3,-85.5,CRU-CY4.08,CRU-CY:Israel,gridded estimate; station support unavailable,30.0,-26.88333333333333,30.0,0.8533333333333335,30.0,1.0200000000000031,30.0,1.549999999999983,30.0,-28.433333333333344,30.0,-2.766666666666668
2004,4,4.6,18.1,24.4,4.4,1.1,2004-04-01,30,132.0,-127.4,CRU-CY4.08,CRU-CY:Israel,gridded estimate; station support unavailable,30.0,-11.66666666666667,30.0,-0.29333333333332945,30.0,-0.23000000000000043,30.0,-2.5,30.0,-9.166666666666686,30.0,-1.393333333333333
2004,5,2.8,21.3,27.7,5.3,0.6,2004-05-01,31,164.29999999999998,-161.49999999999997,CRU-CY4.08,CRU-CY:Israel,gridded estimate; station support unavailable,30.0,-1.576666666666667,30.0,-0.2466666666666697,30.0,-0.23666666666666458,30.0,-3.306666666666672,30.0,1.7300000000000182,30.0,-0.5000000000000003
2004,6,0.1,23.7,29.9,6.5,0.0,2004-06-01,30,195.0,-194.9,CRU-CY4.08,CRU-CY:Israel,gridded estimate; station support unavailable,30.0,-0.006666666666666682,30.0,-0.6033333333333353,30.0,-0.6133333333333333,30.0,0.8000000000000114,30.0,-0.8066666666667004,30.0,-0.05000000000000001
2004,7,0.0,26.6,32.6,6.6,0.0,2004-07-01,31,204.6,-204.6,CRU-CY4.08,CRU-CY:Israel,gridded estimate; station support unavailable,30.0,0.0,30.0,0.33000000000000185,30.0,0.5,30.0,2.8933333333333167,30.0,-2.8933333333333167,30.0,0.0
2004,8,0.0,26.0,31.5,5.9,0.0,2004-08-01,31,182.9,-182.9,CRU-CY4.08,CRU-CY:Israel,gridded estimate; station support unavailable,30.0,0.0,30.0,-0.7033333333333331,30.0,-0.8500000000000014,30.0,-3.409999999999968,30.0,3.409999999999968,30.0,0.0
2004,9,0.1,24.6,30.6,4.9,0.0,2004-09-01,30,147.0,-146.9,CRU-CY4.08,CRU-CY:Israel,gridded estimate; station support unavailable,30.0,-0.33999999999999997,30.0,-0.4933333333333252,30.0,-0.22666666666666302,30.0,-0.5999999999999943,30.0,0.2599999999999909,30.0,-0.09333333333333334
2004,10,2.8,23.0,28.8,3.6,0.7,2004-10-01,31,111.60000000000001,-108.80000000000001,CRU-CY4.08,CRU-CY:Israel,gridded estimate; station support unavailable,30.0,-12.873333333333335,30.0,0.5800000000000018,30.0,0.6099999999999994,30.0,-0.20666666666663502,30.0,-12.666666666666671,30.0,-1.8999999999999997
2004,11,76.2,18.1,23.3,2.5,4.7,2004-11-01,30,75.0,1.2000000000000028,CRU-CY4.08,CRU-CY:Israel,gridded estimate; station support unavailable,30.0,24.96,30.0,0.3833333333333364,30.0,0.020000000000003126,30.0,0.20000000000000284,30.0,24.76,30.0,-0.2333333333333325
2004,12,57.2,12.6,17.7,1.8,9.3,2004-12-01,31,55.800000000000004,1.3999999999999986,CRU-CY4.08,CRU-CY:Israel,gridded estimate; station support unavailable,30.0,-36.523333333333326,30.0,-1.163333333333334,30.0,-0.9066666666666698,30.0,-1.8599999999999994,30.0,-34.66333333333333,30.0,0.32000000000000206
2005,1,108.1,12.8,17.5,1.9,10.5,2005-01-01,31,58.9,49.199999999999996,CRU-CY4.08,CRU-CY:Israel,gridded estimate; station support unavailable,30.0,-0.5566666666666862,30.0,0.5766666666666662,30.0,0.7533333333333339,30.0,2.06666666666667,30.0,-2.623333333333342,30.0,-0.4866666666666699
2005,2,79.4,12.5,17.4,2.3,8.8,2005-02-01,28,64.39999999999999,15.000000000000014,CRU-CY4.08,CRU-CY:Israel,gridded estimate; station support unavailable,30.0,1.259999999999991,30.0,-0.3400000000000034,30.0,-0.4299999999999997,30.0,-3.5300000000000153,30.0,4.790000000000013,30.0,-1.5333333333333314
2005,3,31.9,15.3,20.7,3.3,7.3,2005-03-01,31,102.3,-70.4,CRU-CY4.08,CRU-CY:Israel,gridded estimate; station support unavailable,30.0,-11.783333333333331,30.0,0.1533333333333342,30.0,0.120000000000001,30.0,1.549999999999983,30.0,-13.33333333333335,30.0,0.9333333333333318
2005,4,15.0,18.6,24.7,4.5,2.7,2005-04-01,30,135.0,-120.0,CRU-CY4.08,CRU-CY:Israel,gridded estimate; station support unavailable,30.0,-1.2666666666666693,30.0,0.20666666666667055,30.0,0.07000000000000028,30.0,0.5,30.0,-1.76666666666668,30.0,0.206666666666667
2005,5,2.4,20.7,27.0,5.3,0.5,2005-05-01,31,164.29999999999998,-161.89999999999998,CRU-CY4.08,CRU-CY:Israel,gridded estimate; station support unavailable,30.0,-1.976666666666667,30.0,-0.8466666666666711,30.0,-0.9366666666666639,30.0,-3.306666666666672,30.0,1.3300000000000125,30.0,-0.6000000000000003
2005,6,0.4,23.6,29.6,6.4,0.1,2005-06-01,30,192.0,-191.6,CRU-CY4.08,CRU-CY:Israel,gridded estimate; station support unavailable,30.0,0.29333333333333333,30.0,-0.7033333333333331,30.0,-0.9133333333333304,30.0,-2.1999999999999886,30.0,2.493333333333311,30.0,0.049999999999999996
2005,7,0.0,26.3,32.1,6.5,0.0,2005-07-01,31,201.5,-201.5,CRU-CY4.08,CRU-CY:Israel,gridded estimate; station support unavailable,30.0,0.0,30.0,0.030000000000001137,30.0,0.0,30.0,-0.20666666666667766,30.0,0.20666666666667766,30.0,0.0
2005,8,0.0,26.6,32.1,6.0,0.0,2005-08-01,31,186.0,-186.0,CRU-CY4.08,CRU-CY:Israel,gridded estimate; station support unavailable,30.0,0.0,30.0,-0.10333333333333172,30.0,-0.25,30.0,-0.30999999999997385,30.0,0.30999999999997385,30.0,0.0
2005,9,0.6,24.6,30.5,4.9,0.1,2005-09-01,30,147.0,-146.4,CRU-CY4.08,CRU-CY:Israel,gridded estimate; station support unavailable,30.0,0.15999999999999998,30.0,-0.4933333333333252,30.0,-0.32666666666666444,30.0,-0.5999999999999943,30.0,0.7599999999999909,30.0,0.006666666666666668
2005,10,9.3,21.0,26.8,3.5,1.8,2005-10-01,31,108.5,-99.2,CRU-CY4.08,CRU-CY:Israel,gridded estimate; station support unavailable,30.0,-6.373333333333333,30.0,-1.4199999999999982,30.0,-1.3900000000000006,30.0,-3.3066666666666436,30.0,-3.066666666666663,30.0,-0.7999999999999996
2005,11,40.5,16.5,22.0,2.4,4.0,2005-11-01,30,72.0,-31.5,CRU-CY4.08,CRU-CY:Israel,gridded estimate; station support unavailable,30.0,-10.740000000000002,30.0,-1.216666666666665,30.0,-1.2799999999999976,30.0,-2.799999999999997,30.0,-7.940000000000001,30.0,-0.9333333333333327
2005,12,74.2,15.3,20.4,2.1,6.5,2005-12-01,31,65.10000000000001,9.099999999999994,CRU-CY4.08,CRU-CY:Israel,gridded estimate; station support unavailable,30.0,-19.523333333333326,30.0,1.536666666666667,30.0,1.7933333333333294,30.0,7.440000000000005,30.0,-26.96333333333333,30.0,-2.4799999999999986
2006,1,93.7,12.3,16.7,1.8,11.1,2006-01-01,31,55.800000000000004,37.9,CRU-CY4.08,CRU-CY:Israel,gridded estimate; station support unavailable,30.0,-14.956666666666678,30.0,0.07666666666666622,30.0,-0.046666666666666856,30.0,-1.0333333333333243,30.0,-13.92333333333334,30.0,0.11333333333332973
2006,2,51.3,13.7,18.6,2.4,9.7,2006-02-01,28,67.2,-15.900000000000006,CRU-CY4.08,CRU-CY:Israel,gridded estimate; station support unavailable,30.0,-26.840000000000018,30.0,0.8599999999999959,30.0,0.7700000000000031,30.0,-0.730000000000004,30.0,-26.110000000000007,30.0,-0.6333333333333329
2006,3,11.8,15.4,21.2,3.4,2.9,2006-03-01,31,105.39999999999999,-93.6,CRU-CY4.08,CRU-CY:Israel,gridded estimate; station support unavailable,30.0,-31.88333333333333,30.0,0.25333333333333385,30.0,0.620000000000001,30.0,4.649999999999977,30.0,-36.53333333333334,30.0,-3.466666666666668
2006,4,71.7,18.2,24.3,4.4,5.8,2006-04-01,30,132.0,-60.3,CRU-CY4.08,CRU-CY:Israel,gridded estimate; station support unavailable,30.0,55.43333333333334,30.0,-0.19333333333333158,30.0,-0.3299999999999983,30.0,-2.5,30.0,57.93333333333332,30.0,3.3066666666666666
2006,5,0.2,20.8,27.2,5.3,0.1,2006-05-01,31,164.29999999999998,-164.1,CRU-CY4.08,CRU-CY:Israel,gridded estimate; station support unavailable,30.0,-4.176666666666667,30.0,-0.7466666666666697,30.0,-0.7366666666666646,30.0,-3.306666666666672,30.0,-0.8700000000000045,30.0,-1.0000000000000002
2006,6,0.0,24.5,30.9,6.5,0.0,2006-06-01,30,195.0,-195.0,CRU-CY4.08,CRU-CY:Israel,gridded estimate; station support unavailable,30.0,-0.10666666666666669,30.0,0.19666666666666544,30.0,0.3866666666666667,30.0,0.8000000000000114,30.0,-0.9066666666666947,30.0,-0.05000000000000001
2006,7,0.0,25.5,31.1,6.3,0.0,2006-07-01,31,195.29999999999998,-195.29999999999998,CRU-CY4.08,CRU-CY:Israel,gridded estimate; station support unavailable,30.0,0.0,30.0,-0.7699999999999996,30.0,-1.0,30.0,-6.406666666666695,30.0,6.406666666666695,30.0,0.0
2006,8,0.0,27.0,32.8,6.1,0.0,2006-08-01,31,189.1,-189.1,CRU-CY4.08,CRU-CY:Israel,gridded estimate; station support unavailable,30.0,0.0,30.0,0.29666666666666686,30.0,0.44999999999999574,30.0,2.7900000000000205,30.0,-2.7900000000000205,30.0,0.0
2006,9,0.2,25.0,30.8,4.9,0.1,2006-09-01,30,147.0,-146.8,CRU-CY4.08,CRU-CY:Israel,gridded estimate; station support unavailable,30.0,-0.24,30.0,-0.0933333333333266,30.0,-0.02666666666666373,30.0,-0.5999999999999943,30.0,0.3599999999999852,30.0,0.006666666666666668
2006,10,42.2,22.0,27.4,3.5,3.9,2006-10-01,31,108.5,-66.3,CRU-CY4.08,CRU-CY:Israel,gridded estimate; station support unavailable,30.0,26.52666666666667,30.0,-0.41999999999999815,30.0,-0.7900000000000027,30.0,-3.3066666666666436,30.0,29.833333333333343,30.0,1.3000000000000003
2006,11,19.6,16.0,21.6,2.4,3.1,2006-11-01,30,72.0,-52.4,CRU-CY4.08,CRU-CY:Israel,gridded estimate; station support unavailable,30.0,-31.64,30.0,-1.716666666666665,30.0,-1.6799999999999962,30.0,-2.799999999999997,30.0,-28.84,30.0,-1.8333333333333326
2006,12,61.1,12.6,18.1,1.9,8.5,2006-12-01,31,58.9,2.200000000000003,CRU-CY4.08,CRU-CY:Israel,gridded estimate; station support unavailable,30.0,-32.62333333333333,30.0,-1.163333333333334,30.0,-0.5066666666666677,30.0,1.2399999999999949,30.0,-33.86333333333332,30.0,-0.47999999999999865
2007,1,76.3,11.9,17.0,1.9,10.4,2007-01-01,31,58.9,17.4,CRU-CY4.08,CRU-CY:Israel,gridded estimate; station support unavailable,30.0,-32.35666666666668,30.0,-0.32333333333333414,30.0,0.25333333333333385,30.0,2.06666666666667,30.0,-34.42333333333334,30.0,-0.5866666666666696
2007,2,84.5,13.2,18.0,2.4,12.5,2007-02-01,28,67.2,17.299999999999997,CRU-CY4.08,CRU-CY:Israel,gridded estimate; station support unavailable,30.0,6.359999999999985,30.0,0.3599999999999959,30.0,0.1700000000000017,30.0,-0.730000000000004,30.0,7.089999999999996,30.0,2.166666666666668
2007,3,44.0,14.6,20.1,3.2,6.8,2007-03-01,31,99.2,-55.2,CRU-CY4.08,CRU-CY:Israel,gridded estimate; station support unavailable,30.0,0.31666666666667,30.0,-0.5466666666666669,30.0,-0.4799999999999969,30.0,-1.5500000000000114,30.0,1.866666666666653,30.0,0.4333333333333318
2007,4,10.7,17.0,23.0,4.2,3.1,2007-04-01,30,126.0,-115.3,CRU-CY4.08,CRU-CY:Israel,gridded estimate; station support unavailable,30.0,-5.56666666666667,30.0,-1.3933333333333309,30.0,-1.629999999999999,30.0,-8.5,30.0,2.933333333333323,30.0,0.6066666666666669
2007,5,6.0,22.2,28.8,5.4,1.8,2007-05-01,31,167.4,-161.4,CRU-CY4.08,CRU-CY:Israel,gridded estimate; station support unavailable,30.0,1.623333333333333,30.0,0.6533333333333289,30.0,0.8633333333333368,30.0,-0.20666666666664923,30.0,1.829999999999984,30.0,0.6999999999999997
2007,6,0.0,24.6,31.1,6.6,0.0,2007-06-01,30,198.0,-198.0,CRU-CY4.08,CRU-CY:Israel,gridded estimate; station support unavailable,30.0,-0.10666666666666669,30.0,0.29666666666666686,30.0,0.5866666666666696,30.0,3.8000000000000114,30.0,-3.9066666666666947,30.0,-0.05000000000000001
2007,7,0.0,26.6,32.5,6.6,0.0,2007-07-01,31,204.6,-204.6,CRU-CY4.08,CRU-CY:Israel,gridded estimate; station support unavailable,30.0,0.0,30.0,0.33000000000000185,30.0,0.3999999999999986,30.0,2.8933333333333167,30.0,-2.8933333333333167,30.0,0.0
2007,8,0.0,26.6,32.2,6.0,0.0,2007-08-01,31,186.0,-186.0,CRU-CY4.08,CRU-CY:Israel,gridded estimate; station support unavailable,30.0,0.0,30.0,-0.10333333333333172,30.0,-0.14999999999999858,30.0,-0.30999999999997385,30.0,0.30999999999997385,30.0,0.0
2007,9,0.0,24.8,30.5,4.8,0.0,2007-09-01,30,144.0,-144.0,CRU-CY4.08,CRU-CY:Israel,gridded estimate; station support unavailable,30.0,-0.44,30.0,-0.2933333333333259,30.0,-0.32666666666666444,30.0,-3.5999999999999943,30.0,3.1599999999999966,30.0,-0.09333333333333334
2007,10,3.3,22.9,28.9,3.7,0.7,2007-10-01,31,114.7,-111.4,CRU-CY4.08,CRU-CY:Israel,gridded estimate; station support unavailable,30.0,-12.373333333333335,30.0,0.4800000000000004,30.0,0.7099999999999973,30.0,2.8933333333333593,30.0,-15.266666666666666,30.0,-1.8999999999999997
2007,11,62.6,18.0,23.7,2.6,4.8,2007-11-01,30,78.0,-15.399999999999999,CRU-CY4.08,CRU-CY:Israel,gridded estimate; station support unavailable,30.0,11.36,30.0,0.283333333333335,30.0,0.4200000000000017,30.0,3.200000000000003,30.0,8.16,30.0,-0.13333333333333286
2007,12,52.7,13.6,18.6,1.9,6.2,2007-12-01,31,58.9,-6.199999999999996,CRU-CY4.08,CRU-CY:Israel,gridded estimate; station support unavailable,30.0,-41.023333333333326,30.0,-0.163333333333334,30.0,-0.006666666666667709,30.0,1.2399999999999949,30.0,-42.26333333333332,30.0,-2.7799999999999985
2008,1,117.7,9.8,14.5,1.7,13.6,2008-01-01,31,52.699999999999996,65.0,CRU-CY4.08,CRU-CY:Israel,gridded estimate; station support unavailable,30.0,9.043333333333322,30.0,-2.423333333333334,30.0,-2.246666666666666,30.0,-4.133333333333333,30.0,13.176666666666662,30.0,2.6133333333333297
2008,2,63.9,11.8,17.4,2.4,8.5,2008-02-01,29,69.6,-5.699999999999996,CRU-CY4.08,CRU-CY:Israel,gridded estimate; station support unavailable,30.0,-14.240000000000016,30.0,-1.0400000000000027,30.0,-0.4299999999999997,30.0,1.6699999999999875,30.0,-15.909999999999997,30.0,-1.8333333333333321
2008,3,6.5,17.9,24.0,3.8,1.5,2008-03-01,31,117.8,-111.3,CRU-CY4.08,CRU-CY:Israel,gridded estimate; station support unavailable,30.0,-37.18333333333333,30.0,2.753333333333332,30.0,3.4200000000000017,30.0,17.049999999999983,30.0,-54.23333333333334,30.0,-4.866666666666668
2008,4,0.8,20.0,26.7,4.8,0.4,2008-04-01,30,144.0,-143.2,CRU-CY4.08,CRU-CY:Israel,gridded estimate; station support unavailable,30.0,-15.466666666666669,30.0,1.6066666666666691,30.0,2.0700000000000003,30.0,9.5,30.0,-24.96666666666667,30.0,-2.0933333333333333
2008,5,3.5,20.7,27.3,5.4,1.0,2008-05-01,31,167.4,-163.9,CRU-CY4.08,CRU-CY:Israel,gridded estimate; station support unavailable,30.0,-0.8766666666666669,30.0,-0.8466666666666711,30.0,-0.6366666666666632,30.0,-0.20666666666664923,30.0,-0.6700000000000159,30.0,-0.10000000000000031
2008,6,0.0,25.2,31.7,6.7,0.0,2008-06-01,30,201.0,-201.0,CRU-CY4.08,CRU-CY:Israel,gridded estimate; station support unavailable,30.0,-0.10666666666666669,30.0,0.8966666666666647,30.0,1.1866666666666674,30.0,6.800000000000011,30.0,-6.906666666666695,30.0,-0.05000000000000001
2008,7,0.0,26.5,32.5,6.7,0.0,2008-07-01,31,207.70000000000002,-207.70000000000002,CRU-CY4.08,CRU-CY:Israel,gridded estimate; station support unavailable,30.0,0.0,30.0,0.23000000000000043,30.0,0.3999999999999986,30.0,5.993333333333339,30.0,-5.993333333333339,30.0,0.0
2008,8,0.0,27.2,33.0,6.1,0.0,2008-08-01,31,189.1,-189.1,CRU-CY4.08,CRU-CY:Israel,gridded estimate; station support unavailable,30.0,0.0,30.0,0.49666666666666615,30.0,0.6499999999999986,30.0,2.7900000000000205,30.0,-2.7900000000000205,30.0,0.0
2008,9,1.6,25.5,31.2,5.0,0.4,2008-09-01,30,150.0,-148.4,CRU-CY4.08,CRU-CY:Israel,gridded estimate; station support unavailable,30.0,1.1600000000000001,30.0,0.4066666666666734,30.0,0.37333333333333485,30.0,2.4000000000000057,30.0,-1.240000000000009,30.0,0.3066666666666667
2008,10,26.7,21.7,27.3,3.5,4.0,2008-10-01,31,108.5,-81.8,CRU-CY4.08,CRU-CY:Israel,gridded estimate; station support unavailable,30.0,11.026666666666666,30.0,-0.7199999999999989,30.0,-0.8900000000000006,30.0,-3.3066666666666436,30.0,14.333333333333343,30.0,1.4000000000000004
2008,11,14.7,18.3,24.0,2.6,2.6,2008-11-01,30,78.0,-63.3,CRU-CY4.08,CRU-CY:Israel,gridded estimate; station support unavailable,30.0,-36.540000000000006,30.0,0.5833333333333357,30.0,0.7200000000000024,30.0,3.200000000000003,30.0,-39.739999999999995,30.0,-2.3333333333333326
2008,12,62.0,14.4,19.6,2.0,6.5,2008-12-01,31,62.0,0.0,CRU-CY4.08,CRU-CY:Israel,gridded estimate; station support unavailable,30.0,-31.72333333333333,30.0,0.6366666666666667,30.0,0.9933333333333323,30.0,4.339999999999996,30.0,-36.063333333333325,30.0,-2.4799999999999986
2009,1,33.7,12.4,17.3,1.9,4.5,2009-01-01,31,58.9,-25.199999999999996,CRU-CY4.08,CRU-CY:Israel,gridded estimate; station support unavailable,30.0,-74.95666666666668,30.0,0.17666666666666586,30.0,0.5533333333333346,30.0,2.06666666666667,30.0,-77.02333333333334,30.0,-6.48666666666667
2009,2,106.9,13.4,18.5,2.4,10.8,2009-02-01,28,67.2,39.7,CRU-CY4.08,CRU-CY:Israel,gridded estimate; station support unavailable,30.0,28.75999999999999,30.0,0.559999999999997,30.0,0.6700000000000017,30.0,-0.730000000000004,30.0,29.490000000000002,30.0,0.46666666666666856
2009,3,39.5,14.1,19.5,3.0,6.4,2009-03-01,31,93.0,-53.5,CRU-CY4.08,CRU-CY:Israel,gridded estimate; station support unavailable,30.0,-4.18333333333333,30.0,-1.0466666666666669,30.0,-1.0799999999999983,30.0,-7.750000000000014,30.0,3.5666666666666558,30.0,0.03333333333333233
2009,4,4.7,18.3,24.7,4.5,1.0,2009-04-01,30,135.0,-130.3,CRU-CY4.08,CRU-CY:Israel,gridded estimate; station support unavailable,30.0,-11.56666666666667,30.0,-0.09333333333333016,30.0,0.07000000000000028,30.0,0.5,30.0,-12.066666666666691,30.0,-1.4933333333333332
2009,5,0.3,21.0,27.3,5.2,0.3,2009-05-01,31,161.20000000000002,-160.9,CRU-CY4.08,CRU-CY:Israel,gridded estimate; station support unavailable,30.0,-4.076666666666667,30.0,-0.5466666666666704,30.0,-0.6366666666666632,30.0,-6.406666666666638,30.0,2.329999999999984,30.0,-0.8000000000000003
2009,6,0.0,25.2,31.5,6.6,0.0,2009-06-01,30,198.0,-198.0,CRU-CY4.08,CRU-CY:Israel,gridded estimate; station support unavailable,30.0,-0.10666666666666669,30.0,0.8966666666666647,30.0,0.9866666666666681,30.0,3.8000000000000114,30.0,-3.9066666666666947,30.0,-0.05000000000000001
2009,7,0.0,26.3,32.1,6.6,0.0,2009-07-01,31,204.6,-204.6,CRU-CY4.08,CRU-CY:Israel,gridded estimate; station support unavailable,30.0,0.0,30.0,0.030000000000001137,30.0,0.0,30.0,2.8933333333333167,30.0,-2.8933333333333167,30.0,0.0
2009,8,0.0,26.6,32.3,6.0,0.0,2009-08-01,31,186.0,-186.0,CRU-CY4.08,CRU-CY:Israel,gridded estimate; station support unavailable,30.0,0.0,30.0,-0.10333333333333172,30.0,-0.05000000000000426,30.0,-0.30999999999997385,30.0,0.30999999999997385,30.0,0.0
2009,9,0.8,24.3,29.9,4.8,0.1,2009-09-01,30,144.0,-143.2,CRU-CY4.08,CRU-CY:Israel,gridded estimate; station support unavailable,30.0,0.36000000000000004,30.0,-0.7933333333333259,30.0,-0.9266666666666659,30.0,-3.5999999999999943,30.0,3.960000000000008,30.0,0.006666666666666668
2009,10,30.3,23.6,29.5,3.8,3.0,2009-10-01,31,117.8,-87.5,CRU-CY4.08,CRU-CY:Israel,gridded estimate; station support unavailable,30.0,14.626666666666667,30.0,1.1800000000000033,30.0,1.3099999999999987,30.0,5.993333333333354,30.0,8.63333333333334,30.0,0.40000000000000036
2009,11,54.9,17.2,22.8,2.5,4.8,2009-11-01,30,75.0,-20.1,CRU-CY4.08,CRU-CY:Israel,gridded estimate; station support unavailable,30.0,3.6599999999999966,30.0,-0.5166666666666657,30.0,-0.4799999999999969,30.0,0.20000000000000284,30.0,3.4599999999999973,30.0,-0.13333333333333286
2009,12,82.8,15.4,20.2,2.0,9.4,2009-12-01,31,62.0,20.799999999999997,CRU-CY4.08,CRU-CY:Israel,gridded estimate; station support unavailable,30.0,-10.923333333333332,30.0,1.6366666666666667,30.0,1.5933333333333302,30.0,4.339999999999996,30.0,-15.263333333333328,30.0,0.4200000000000017
2010,1,87.0,14.9,19.6,2.1,11.7,2010-01-01,31,65.10000000000001,21.89999999999999,CRU-CY4.08,CRU-CY:Israel,gridded estimate; station support unavailable,30.0,-21.65666666666668,30.0,2.676666666666666,30.0,2.8533333333333353,30.0,8.26666666666668,30.0,-29.923333333333346,30.0,0.7133333333333294
2010,2,108.0,15.3,20.2,2.6,13.4,2010-02-01,28,72.8,35.2,CRU-CY4.08,CRU-CY:Israel,gridded estimate; station support unavailable,30.0,29.859999999999985,30.0,2.4599999999999973,30.0,2.370000000000001,30.0,4.86999999999999,30.0,24.990000000000002,30.0,3.066666666666668
2010,3,10.1,17.5,23.1,3.5,4.8,2010-03-01,31,108.5,-98.4,CRU-CY4.08,CRU-CY:Israel,gridded estimate; station support unavailable,30.0,-33.58333333333333,30.0,2.3533333333333335,30.0,2.520000000000003,30.0,7.749999999999986,30.0,-41.33333333333335,30.0,-1.5666666666666682
2010,4,1.9,19.6,26.1,4.8,0.8,2010-04-01,30,144.0,-142.1,CRU-CY4.08,CRU-CY:Israel,gridded estimate; station support unavailable,30.0,-14.366666666666669,30.0,1.2066666666666706,30.0,1.4700000000000024,30.0,9.5,30.0,-23.866666666666674,30.0,-1.6933333333333331
2010,5,1.7,22.2,28.8,5.4,0.7,2010-05-01,31,167.4,-165.70000000000002,CRU-CY4.08,CRU-CY:Israel,gridded estimate; station support unavailable,30.0,-2.6766666666666667,30.0,0.6533333333333289,30.0,0.8633333333333368,30.0,-0.20666666666664923,30.0,-2.4700000000000273,30.0,-0.40000000000000036
2010,6,0.2,25.1,31.2,6.7,0.1,2010-06-01,30,201.0,-200.8,CRU-CY4.08,CRU-CY:Israel,gridded estimate; station support unavailable,30.0,0.09333333333333332,30.0,0.7966666666666669,30.0,0.6866666666666674,30.0,6.800000000000011,30.0,-6.706666666666706,30.0,0.049999999999999996
2010,7,0.0,26.8,32.7,6.6,0.0,2010-07-01,31,204.6,-204.6,CRU-CY4.08,CRU-CY:Israel,gridded estimate; station support unavailable,30.0,0.0,30.0,0.5300000000000011,30.0,0.6000000000000014,30.0,2.8933333333333167,30.0,-2.8933333333333167,30.0,0.0
2010,8,0.0,28.5,34.5,6.4,0.0,2010-08-01,31,198.4,-198.4,CRU-CY4.08,CRU-CY:Israel,gridded estimate; station support unavailable,30.0,0.0,30.0,1.7966666666666669,30.0,2.1499999999999986,30.0,12.090000000000032,30.0,-12.090000000000032,30.0,0.0
2010,9,0.3,26.4,32.3,5.2,0.0,2010-09-01,30,156.0,-155.7,CRU-CY4.08,CRU-CY:Israel,gridded estimate; station support unavailable,30.0,-0.14,30.0,1.306666666666672,30.0,1.4733333333333327,30.0,8.400000000000006,30.0,-8.539999999999992,30.0,-0.09333333333333334
2010,10,6.1,24.2,30.2,3.9,2.1,2010-10-01,31,120.89999999999999,-114.8,CRU-CY4.08,CRU-CY:Israel,gridded estimate; station support unavailable,30.0,-9.573333333333334,30.0,1.7800000000000011,30.0,2.009999999999998,30.0,9.093333333333348,30.0,-18.666666666666657,30.0,-0.49999999999999956
2010,11,0.2,20.2,26.8,2.9,0.8,2010-11-01,30,87.0,-86.8,CRU-CY4.08,CRU-CY:Israel,gridded estimate; station support unavailable,30.0,-51.04,30.0,2.4833333333333343,30.0,3.520000000000003,30.0,12.200000000000003,30.0,-63.239999999999995,30.0,-4.133333333333333
2010,12,83.0,15.4,20.8,2.1,10.1,2010-12-01,31,65.10000000000001,17.89999999999999,CRU-CY4.08,CRU-CY:Israel,gridded estimate; station support unavailable,30.0,-10.72333333333333,30.0,1.6366666666666667,30.0,2.1933333333333316,30.0,7.440000000000005,30.0,-18.163333333333334,30.0,1.120000000000001
2011,1,79.1,13.3,17.9,1.9,10.6,2011-01-01,31,58.9,20.199999999999996,CRU-CY4.08,CRU-CY:Israel,gridded estimate; station support unavailable,30.0,-29.556666666666686,30.0,1.0766666666666662,30.0,1.1533333333333324,30.0,2.06666666666667,30.0,-31.623333333333342,30.0,-0.38666666666667027
2011,2,85.9,13.6,18.4,2.4,10.7,2011-02-01,28,67.2,18.700000000000003,CRU-CY4.08,CRU-CY:Israel,gridded estimate; station support unavailable,30.0,7.759999999999991,30.0,0.7599999999999962,30.0,0.5700000000000003,30.0,-0.730000000000004,30.0,8.490000000000002,30.0,0.36666666666666714
2011,3,56.6,14.8,20.4,3.3,6.4,2011-03-01,31,102.3,-45.699999999999996,CRU-CY4.08,CRU-CY:Israel,gridded estimate; station support unavailable,30.0,12.916666666666671,30.0,-0.3466666666666658,30.0,-0.17999999999999972,30.0,1.549999999999983,30.0,11.36666666666666,30.0,0.03333333333333233
2011,4,39.4,17.9,24.0,4.3,5.3,2011-04-01,30,129.0,-89.6,CRU-CY4.08,CRU-CY:Israel,gridded estimate; station support unavailable,30.0,23.13333333333333,30.0,-0.4933333333333323,30.0,-0.629999999999999,30.0,-5.5,30.0,28.633333333333326,30.0,2.8066666666666666
2011,5,5.0,20.8,26.9,5.1,1.4,2011-05-01,31,158.1,-153.1,CRU-CY4.08,CRU-CY:Israel,gridded estimate; station support unavailable,30.0,0.6233333333333331,30.0,-0.7466666666666697,30.0,-1.0366666666666653,30.0,-9.50666666666666,30.0,10.129999999999995,30.0,0.2999999999999996
2011,6,0.2,23.9,29.8,6.4,0.1,2011-06-01,30,192.0,-191.8,CRU-CY4.08,CRU-CY:Israel,gridded estimate; station support unavailable,30.0,0.09333333333333332,30.0,-0.403333333333336,30.0,-0.7133333333333312,30.0,-2.1999999999999886,30.0,2.293333333333294,30.0,0.049999999999999996
2011,7,0.0,27.0,33.0,6.6,0.0,2011-07-01,31,204.6,-204.6,CRU-CY4.08,CRU-CY:Israel,gridded estimate; station support unavailable,30.0,0.0,30.0,0.7300000000000004,30.0,0.8999999999999986,30.0,2.8933333333333167,30.0,-2.8933333333333167,30.0,0.0
2011,8,0.0,26.6,32.3,6.0,0.0,2011-08-01,31,186.0,-186.0,CRU-CY4.08,CRU-CY:Israel,gridded estimate; station support unavailable,30.0,0.0,30.0,-0.10333333333333172,30.0,-0.05000000000000426,30.0,-0.30999999999997385,30.0,0.30999999999997385,30.0,0.0
2011,9,1.5,25.3,30.8,4.9,0.3,2011-09-01,30,147.0,-145.5,CRU-CY4.08,CRU-CY:Israel,gridded estimate; station support unavailable,30.0,1.06,30.0,0.2066666666666741,30.0,-0.02666666666666373,30.0,-0.5999999999999943,30.0,1.6599999999999966,30.0,0.20666666666666667
2011,10,4.6,21.4,27.1,3.5,1.0,2011-10-01,31,108.5,-103.9,CRU-CY4.08,CRU-CY:Israel,gridded estimate; station support unavailable,30.0,-11.073333333333334,30.0,-1.0199999999999996,30.0,-1.0899999999999999,30.0,-3.3066666666666436,30.0,-7.766666666666666,30.0,-1.5999999999999996
2011,11,90.3,14.6,20.1,2.2,6.0,2011-11-01,30,66.0,24.299999999999997,CRU-CY4.08,CRU-CY:Israel,gridded estimate; station support unavailable,30.0,39.059999999999995,30.0,-3.1166666666666654,30.0,-3.179999999999996,30.0,-8.799999999999997,30.0,47.86,30.0,1.0666666666666673
2011,12,52.4,12.9,18.1,1.8,5.2,2011-12-01,31,55.800000000000004,-3.4000000000000057,CRU-CY4.08,CRU-CY:Israel,gridded estimate; station support unavailable,30.0,-41.32333333333333,30.0,-0.8633333333333333,30.0,-0.5066666666666677,30.0,-1.8599999999999994,30.0,-39.46333333333333,30.0,-3.7799999999999985
2012,1,158.6,11.4,15.6,1.7,10.8,2012-01-01,31,52.699999999999996,105.9,CRU-CY4.08,CRU-CY:Israel,gridded estimate; station support unavailable,30.0,49.943333333333314,30.0,-0.8233333333333341,30.0,-1.1466666666666665,30.0,-4.133333333333333,30.0,54.07666666666667,30.0,-0.1866666666666692
2012,2,88.6,11.7,16.7,2.3,9.6,2012-02-01,29,66.69999999999999,21.900000000000006,CRU-CY4.08,CRU-CY:Israel,gridded estimate; station support unavailable,30.0,10.45999999999998,30.0,-1.1400000000000041,30.0,-1.129999999999999,30.0,-1.2300000000000182,30.0,11.690000000000005,30.0,-0.7333333333333325
2012,3,63.1,13.4,18.7,2.9,7.0,2012-03-01,31,89.89999999999999,-26.79999999999999,CRU-CY4.08,CRU-CY:Israel,gridded estimate; station support unavailable,30.0,19.41666666666667,30.0,-1.7466666666666661,30.0,-1.879999999999999,30.0,-10.850000000000023,30.0,30.266666666666666,30.0,0.633333333333332
2012,4,2.0,19.5,26.2,4.8,0.4,2012-04-01,30,144.0,-142.0,CRU-CY4.08,CRU-CY:Israel,gridded estimate; station support unavailable,30.0,-14.26666666666667,30.0,1.1066666666666691,30.0,1.5700000000000003,30.0,9.5,30.0,-23.76666666666668,30.0,-2.0933333333333333
2012,5,4.1,22.0,28.3,5.4,0.8,2012-05-01,31,167.4,-163.3,CRU-CY4.08,CRU-CY:Israel,gridded estimate; station support unavailable,30.0,-0.2766666666666673,30.0,0.4533333333333296,30.0,0.36333333333333684,30.0,-0.20666666666664923,30.0,-0.0700000000000216,30.0,-0.30000000000000027
2012,6,0.1,25.6,32.0,6.7,0.1,2012-06-01,30,201.0,-200.9,CRU-CY4.08,CRU-CY:Israel,gridded estimate; station support unavailable,30.0,-0.006666666666666682,30.0,1.2966666666666669,30.0,1.4866666666666681,30.0,6.800000000000011,30.0,-6.8066666666667,30.0,0.049999999999999996
2012,7,0.0,27.5,33.5,6.8,0.0,2012-07-01,31,210.79999999999998,-210.79999999999998,CRU-CY4.08,CRU-CY:Israel,gridded estimate; station support unavailable,30.0,0.0,30.0,1.2300000000000004,30.0,1.3999999999999986,30.0,9.093333333333305,30.0,-9.093333333333305,30.0,0.0
2012,8,0.0,27.1,32.7,6.2,0.0,2012-08-01,31,192.20000000000002,-192.20000000000002,CRU-CY4.08,CRU-CY:Israel,gridded estimate; station support unavailable,30.0,0.0,30.0,0.3966666666666683,30.0,0.3500000000000014,30.0,5.890000000000043,30.0,-5.890000000000043,30.0,0.0
2012,9,0.4,25.7,31.6,5.1,0.0,2012-09-01,30,153.0,-152.6,CRU-CY4.08,CRU-CY:Israel,gridded estimate; station support unavailable,30.0,-0.03999999999999998,30.0,0.6066666666666727,30.0,0.773333333333337,30.0,5.400000000000006,30.0,-5.439999999999998,30.0,-0.09333333333333334
2012,10,10.1,23.4,29.2,3.6,2.4,2012-10-01,31,111.60000000000001,-101.50000000000001,CRU-CY4.08,CRU-CY:Israel,gridded estimate; station support unavailable,30.0,-5.573333333333334,30.0,0.9800000000000004,30.0,1.009999999999998,30.0,-0.20666666666663502,30.0,-5.366666666666674,30.0,-0.19999999999999973
2012,11,88.9,19.1,24.5,2.5,9.5,2012-11-01,30,75.0,13.900000000000006,CRU-CY4.08,CRU-CY:Israel,gridded estimate; station support unavailable,30.0,37.660000000000004,30.0,1.3833333333333364,30.0,1.2200000000000024,30.0,0.20000000000000284,30.0,37.46000000000001,30.0,4.566666666666667
2012,12,86.6,14.6,19.3,1.9,7.2,2012-12-01,31,58.9,27.699999999999996,CRU-CY4.08,CRU-CY:Israel,gridded estimate; station support unavailable,30.0,-7.123333333333335,30.0,0.836666666666666,30.0,0.6933333333333316,30.0,1.2399999999999949,30.0,-8.36333333333333,30.0,-1.7799999999999985
2013,1,178.9,13.0,17.5,1.9,14.5,2013-01-01,31,58.9,120.0,CRU-CY4.08,CRU-CY:Israel,gridded estimate; station support unavailable,30.0,70.24333333333333,30.0,0.7766666666666655,30.0,0.7533333333333339,30.0,2.06666666666667,30.0,68.17666666666666,30.0,3.51333333333333
2013,2,56.5,14.6,19.6,2.6,8.6,2013-02-01,28,72.8,-16.299999999999997,CRU-CY4.08,CRU-CY:Israel,gridded estimate; station support unavailable,30.0,-21.640000000000015,30.0,1.7599999999999962,30.0,1.7700000000000031,30.0,4.86999999999999,30.0,-26.509999999999998,30.0,-1.7333333333333325
2013,3,4.1,17.0,22.9,3.6,1.2,2013-03-01,31,111.60000000000001,-107.50000000000001,CRU-CY4.08,CRU-CY:Israel,gridded estimate; station support unavailable,30.0,-39.58333333333333,30.0,1.8533333333333335,30.0,2.3200000000000003,30.0,10.849999999999994,30.0,-50.43333333333336,30.0,-5.166666666666668
2013,4,22.3,18.2,24.5,4.6,3.2,2013-04-01,30,138.0,-115.7,CRU-CY4.08,CRU-CY:Israel,gridded estimate; station support unavailable,30.0,6.033333333333331,30.0,-0.19333333333333158,30.0,-0.129999999999999,30.0,3.5,30.0,2.5333333333333172,30.0,0.706666666666667
2013,5,5.8,22.7,29.1,5.7,1.7,2013-05-01,31,176.70000000000002,-170.9,CRU-CY4.08,CRU-CY:Israel,gridded estimate; station support unavailable,30.0,1.423333333333333,30.0,1.1533333333333289,30.0,1.1633333333333375,30.0,9.093333333333362,30.0,-7.670000000000016,30.0,0.5999999999999996
2013,6,0.0,24.2,30.5,6.4,0.0,2013-06-01,30,192.0,-192.0,CRU-CY4.08,CRU-CY:Israel,gridded estimate; station support unavailable,30.0,-0.10666666666666669,30.0,-0.10333333333333528,30.0,-0.013333333333331865,30.0,-2.1999999999999886,30.0,2.0933333333333053,30.0,-0.05000000000000001
2013,7,0.0,25.5,31.3,6.3,0.0,2013-07-01,31,195.29999999999998,-195.29999999999998,CRU-CY4.08,CRU-CY:Israel,gridded estimate; station support unavailable,30.0,0.0,30.0,-0.7699999999999996,30.0,-0.8000000000000007,30.0,-6.406666666666695,30.0,6.406666666666695,30.0,0.0
2013,8,0.0,26.3,32.1,6.0,0.0,2013-08-01,31,186.0,-186.0,CRU-CY4.08,CRU-CY:Israel,gridded estimate; station support unavailable,30.0,0.0,30.0,-0.40333333333333243,30.0,-0.25,30.0,-0.30999999999997385,30.0,0.30999999999997385,30.0,0.0
2013,9,0.7,24.4,30.0,4.8,0.2,2013-09-01,30,144.0,-143.3,CRU-CY4.08,CRU-CY:Israel,gridded estimate; station support unavailable,30.0,0.25999999999999995,30.0,-0.693333333333328,30.0,-0.8266666666666644,30.0,-3.5999999999999943,30.0,3.859999999999985,30.0,0.10666666666666667
2013,10,3.3,20.6,26.6,3.5,0.9,2013-10-01,31,108.5,-105.2,CRU-CY4.08,CRU-CY:Israel,gridded estimate; station support unavailable,30.0,-12.373333333333335,30.0,-1.8199999999999967,30.0,-1.5899999999999999,30.0,-3.3066666666666436,30.0,-9.066666666666663,30.0,-1.6999999999999997
2013,11,18.7,19.2,24.9,2.6,1.0,2013-11-01,30,78.0,-59.3,CRU-CY4.08,CRU-CY:Israel,gridded estimate; station support unavailable,30.0,-32.540000000000006,30.0,1.4833333333333343,30.0,1.620000000000001,30.0,3.200000000000003,30.0,-35.739999999999995,30.0,-3.9333333333333327
2013,12,135.9,12.4,17.1,1.7,10.3,2013-12-01,31,52.699999999999996,83.20000000000002,CRU-CY4.08,CRU-CY:Israel,gridded estimate; station support unavailable,30.0,42.17666666666668,30.0,-1.3633333333333333,30.0,-1.5066666666666677,30.0,-4.960000000000008,30.0,47.13666666666669,30.0,1.320000000000002
2014,1,44.3,13.4,18.0,1.9,8.0,2014-01-01,31,58.9,-14.600000000000001,CRU-CY4.08,CRU-CY:Israel,gridded estimate; station support unavailable,30.0,-64.35666666666668,30.0,1.1766666666666659,30.0,1.2533333333333339,30.0,2.06666666666667,30.0,-66.42333333333335,30.0,-2.98666666666667
2014,2,23.7,14.0,19.5,2.7,6.1,2014-02-01,28,75.60000000000001,-51.900000000000006,CRU-CY4.08,CRU-CY:Israel,gridded estimate; station support unavailable,30.0,-54.44000000000001,30.0,1.1599999999999966,30.0,1.6700000000000017,30.0,7.670000000000002,30.0,-62.11000000000001,30.0,-4.2333333333333325
2014,3,63.4,16.2,21.7,3.3,8.9,2014-03-01,31,102.3,-38.9,CRU-CY4.08,CRU-CY:Israel,gridded estimate; station support unavailable,30.0,19.71666666666667,30.0,1.0533333333333328,30.0,1.120000000000001,30.0,1.549999999999983,30.0,18.166666666666657,30.0,2.5333333333333323
2014,4,0.8,19.7,25.9,4.8,0.3,2014-04-01,30,144.0,-143.2,CRU-CY4.08,CRU-CY:Israel,gridded estimate; station support unavailable,30.0,-15.466666666666669,30.0,1.3066666666666684,30.0,1.2699999999999996,30.0,9.5,30.0,-24.96666666666667,30.0,-2.1933333333333334
2014,5,16.6,21.6,27.8,5.3,2.6,2014-05-01,31,164.29999999999998,-147.7,CRU-CY4.08,CRU-CY:Israel,gridded estimate; station support unavailable,30.0,12.223333333333334,30.0,0.05333333333333101,30.0,-0.13666666666666316,30.0,-3.306666666666672,30.0,15.530000000000001,30.0,1.4999999999999998
2014,6,0.1,24.0,30.2,6.4,0.1,2014-06-01,30,192.0,-191.9,CRU-CY4.08,CRU-CY:Israel,gridded estimate; station support unavailable,30.0,-0.006666666666666682,30.0,-0.30333333333333456,30.0,-0.3133333333333326,30.0,-2.1999999999999886,30.0,2.1933333333332996,30.0,0.049999999999999996
2014,7,0.0,26.0,31.6,6.5,0.0,2014-07-01,31,201.5,-201.5,CRU-CY4.08,CRU-CY:Israel,gridded estimate; station support unavailable,30.0,0.0,30.0,-0.2699999999999996,30.0,-0.5,30.0,-0.20666666666667766,30.0,0.20666666666667766,30.0,0.0
2014,8,0.0,27.1,32.6,6.0,0.0,2014-08-01,31,186.0,-186.0,CRU-CY4.08,CRU-CY:Israel,gridded estimate; station support unavailable,30.0,0.0,30.0,0.3966666666666683,30.0,0.25,30.0,-0.30999999999997385,30.0,0.30999999999997385,30.0,0.0
2014,9,1.1,24.6,30.1,4.8,0.1,2014-09-01,30,144.0,-142.9,CRU-CY4.08,CRU-CY:Israel,gridded estimate; station support unavailable,30.0,0.6600000000000001,30.0,-0.4933333333333252,30.0,-0.726666666666663,30.0,-3.5999999999999943,30.0,4.259999999999991,30.0,0.006666666666666668
2014,10,23.1,21.5,27.2,3.4,4.0,2014-10-01,31,105.39999999999999,-82.29999999999998,CRU-CY4.08,CRU-CY:Israel,gridded estimate; station support unavailable,30.0,7.426666666666668,30.0,-0.9199999999999982,30.0,-0.990000000000002,30.0,-6.406666666666652,30.0,13.833333333333357,30.0,1.4000000000000004
2014,11,115.3,17.2,22.6,2.4,7.5,2014-11-01,30,72.0,43.3,CRU-CY4.08,CRU-CY:Israel,gridded estimate; station support unavailable,30.0,64.06,30.0,-0.5166666666666657,30.0,-0.6799999999999962,30.0,-2.799999999999997,30.0,66.86,30.0,2.5666666666666673
2014,12,85.1,15.4,20.1,2.0,8.3,2014-12-01,31,62.0,23.099999999999994,CRU-CY4.08,CRU-CY:Israel,gridded estimate; station support unavailable,30.0,-8.623333333333335,30.0,1.6366666666666667,30.0,1.4933333333333323,30.0,4.339999999999996,30.0,-12.963333333333331,30.0,-0.6799999999999979
2015,1,132.6,12.0,16.4,1.8,11.7,2015-01-01,31,55.800000000000004,76.79999999999998,CRU-CY4.08,CRU-CY:Israel,gridded estimate; station support unavailable,30.0,23.943333333333314,30.0,-0.2233333333333345,30.0,-0.34666666666666757,30.0,-1.0333333333333243,30.0,24.976666666666645,30.0,0.7133333333333294
2015,2,69.9,13.0,17.7,2.3,9.6,2015-02-01,28,64.39999999999999,5.500000000000014,CRU-CY4.08,CRU-CY:Israel,gridded estimate; station support unavailable,30.0,-8.240000000000009,30.0,0.1599999999999966,30.0,-0.129999999999999,30.0,-3.5300000000000153,30.0,-4.709999999999987,30.0,-0.7333333333333325
2015,3,28.4,16.3,21.9,3.5,6.2,2015-03-01,31,108.5,-80.1,CRU-CY4.08,CRU-CY:Israel,gridded estimate; station support unavailable,30.0,-15.283333333333331,30.0,1.1533333333333342,30.0,1.3200000000000003,30.0,7.749999999999986,30.0,-23.03333333333334,30.0,-0.16666666666666785
2015,4,29.3,17.3,23.5,4.4,3.7,2015-04-01,30,132.0,-102.7,CRU-CY4.08,CRU-CY:Israel,gridded estimate; station support unavailable,30.0,13.033333333333331,30.0,-1.0933333333333302,30.0,-1.129999999999999,30.0,-2.5,30.0,15.533333333333317,30.0,1.206666666666667
2015,5,0.4,22.1,28.4,5.5,0.2,2015-05-01,31,170.5,-170.1,CRU-CY4.08,CRU-CY:Israel,gridded estimate; station support unavailable,30.0,-3.976666666666667,30.0,0.553333333333331,30.0,0.4633333333333347,30.0,2.893333333333345,30.0,-6.8700000000000045,30.0,-0.9000000000000004
2015,6,0.0,22.9,28.8,6.1,0.1,2015-06-01,30,183.0,-183.0,CRU-CY4.08,CRU-CY:Israel,gridded estimate; station support unavailable,30.0,-0.10666666666666669,30.0,-1.403333333333336,30.0,-1.7133333333333312,30.0,-11.199999999999989,30.0,11.093333333333305,30.0,0.049999999999999996
2015,7,0.0,26.2,32.0,6.5,0.0,2015-07-01,31,201.5,-201.5,CRU-CY4.08,CRU-CY:Israel,gridded estimate; station support unavailable,30.0,0.0,30.0,-0.07000000000000028,30.0,-0.10000000000000142,30.0,-0.20666666666667766,30.0,0.20666666666667766,30.0,0.0
2015,8,0.0,27.2,32.4,6.1,0.0,2015-08-01,31,189.1,-189.1,CRU-CY4.08,CRU-CY:Israel,gridded estimate; station support unavailable,30.0,0.0,30.0,0.49666666666666615,30.0,0.04999999999999716,30.0,2.7900000000000205,30.0,-2.7900000000000205,30.0,0.0
2015,9,0.0,26.8,32.3,5.1,0.0,2015-09-01,30,153.0,-153.0,CRU-CY4.08,CRU-CY:Israel,gridded estimate; station support unavailable,30.0,-0.44,30.0,1.706666666666674,30.0,1.4733333333333327,30.0,5.400000000000006,30.0,-5.840000000000003,30.0,-0.09333333333333334
2015,10,45.9,23.3,28.7,3.5,6.3,2015-10-01,31,108.5,-62.6,CRU-CY4.08,CRU-CY:Israel,gridded estimate; station support unavailable,30.0,30.226666666666667,30.0,0.8800000000000026,30.0,0.509999999999998,30.0,-3.3066666666666436,30.0,33.53333333333334,30.0,3.7
2015,11,48.8,18.5,23.6,2.5,6.2,2015-11-01,30,75.0,-26.200000000000003,CRU-CY4.08,CRU-CY:Israel,gridded estimate; station support unavailable,30.0,-2.440000000000005,30.0,0.783333333333335,30.0,0.32000000000000384,30.0,0.20000000000000284,30.0,-2.640000000000004,30.0,1.2666666666666675
2015,12,73.6,12.5,17.6,1.8,7.7,2015-12-01,31,55.800000000000004,17.79999999999999,CRU-CY4.08,CRU-CY:Israel,gridded estimate; station support unavailable,30.0,-20.123333333333335,30.0,-1.2633333333333336,30.0,-1.0066666666666677,30.0,-1.8599999999999994,30.0,-18.263333333333335,30.0,-1.2799999999999985
2016,1,75.8,11.8,16.1,1.8,7.1,2016-01-01,31,55.800000000000004,19.999999999999993,CRU-CY4.08,CRU-CY:Israel,gridded estimate; station support unavailable,30.0,-32.85666666666668,30.0,-0.4233333333333338,30.0,-0.6466666666666647,30.0,-1.0333333333333243,30.0,-31.823333333333345,30.0,-3.8866666666666703
2016,2,50.8,15.1,20.5,2.8,8.5,2016-02-01,29,81.19999999999999,-30.39999999999999,CRU-CY4.08,CRU-CY:Israel,gridded estimate; station support unavailable,30.0,-27.340000000000018,30.0,2.2599999999999962,30.0,2.6700000000000017,30.0,13.269999999999982,30.0,-40.60999999999999,30.0,-1.8333333333333321
2016,3,39.6,16.5,22.0,3.4,5.9,2016-03-01,31,105.39999999999999,-65.79999999999998,CRU-CY4.08,CRU-CY:Israel,gridded estimate; station support unavailable,30.0,-4.083333333333329,30.0,1.3533333333333335,30.0,1.4200000000000017,30.0,4.649999999999977,30.0,-8.733333333333327,30.0,-0.4666666666666677
2016,4,17.8,21.0,27.4,5.0,3.2,2016-04-01,30,150.0,-132.2,CRU-CY4.08,CRU-CY:Israel,gridded estimate; station support unavailable,30.0,1.5333333333333314,30.0,2.606666666666669,30.0,2.7699999999999996,30.0,15.5,30.0,-13.966666666666669,30.0,0.706666666666667
2016,5,3.3,21.7,27.9,5.4,1.1,2016-05-01,31,167.4,-164.1,CRU-CY4.08,CRU-CY:Israel,gridded estimate; station support unavailable,30.0,-1.076666666666667,30.0,0.15333333333332888,30.0,-0.03666666666666529,30.0,-0.20666666666664923,30.0,-0.8700000000000045,30.0,-2.220446049250313e-16
2016,6,0.0,26.0,32.2,6.8,0.0,2016-06-01,30,204.0,-204.0,CRU-CY4.08,CRU-CY:Israel,gridded estimate; station support unavailable,30.0,-0.10666666666666669,30.0,1.6966666666666654,30.0,1.686666666666671,30.0,9.800000000000011,30.0,-9.906666666666695,30.0,-0.05000000000000001
2016,7,0.0,26.7,32.4,6.6,0.0,2016-07-01,31,204.6,-204.6,CRU-CY4.08,CRU-CY:Israel,gridded estimate; station support unavailable,30.0,0.0,30.0,0.4299999999999997,30.0,0.29999999999999716,30.0,2.8933333333333167,30.0,-2.8933333333333167,30.0,0.0
2016,8,0.0,27.5,32.8,6.2,0.0,2016-08-01,31,192.20000000000002,-192.20000000000002,CRU-CY4.08,CRU-CY:Israel,gridded estimate; station support unavailable,30.0,0.0,30.0,0.7966666666666669,30.0,0.44999999999999574,30.0,5.890000000000043,30.0,-5.890000000000043,30.0,0.0
2016,9,0.0,24.8,30.4,4.9,0.0,2016-09-01,30,147.0,-147.0,CRU-CY4.08,CRU-CY:Israel,gridded estimate; station support unavailable,30.0,-0.44,30.0,-0.2933333333333259,30.0,-0.42666666666666586,30.0,-0.5999999999999943,30.0,0.1599999999999966,30.0,-0.09333333333333334
2016,10,19.0,22.9,28.9,3.7,4.1,2016-10-01,31,114.7,-95.7,CRU-CY4.08,CRU-CY:Israel,gridded estimate; station support unavailable,30.0,3.326666666666666,30.0,0.4800000000000004,30.0,0.7099999999999973,30.0,2.8933333333333593,30.0,0.4333333333333371,30.0,1.5
2016,11,8.1,18.1,23.7,2.5,1.8,2016-11-01,30,75.0,-66.9,CRU-CY4.08,CRU-CY:Israel,gridded estimate; station support unavailable,30.0,-43.14,30.0,0.3833333333333364,30.0,0.4200000000000017,30.0,0.20000000000000284,30.0,-43.34,30.0,-3.133333333333333
2016,12,178.1,11.6,16.2,1.6,13.1,2016-12-01,31,49.6,128.5,CRU-CY4.08,CRU-CY:Israel,gridded estimate; station support unavailable,30.0,84.37666666666667,30.0,-2.163333333333334,30.0,-2.40666666666667,30.0,-8.060000000000002,30.0,92.43666666666667,30.0,4.120000000000001
2017,1,43.5,11.0,15.5,1.7,4.8,2017-01-01,31,52.699999999999996,-9.199999999999996,CRU-CY4.08,CRU-CY:Israel,gridded estimate; station support unavailable,30.0,-65.15666666666668,30.0,-1.2233333333333345,30.0,-1.2466666666666661,30.0,-4.133333333333333,30.0,-61.02333333333333,30.0,-6.18666666666667
2017,2,47.9,11.6,17.1,2.4,9.9,2017-02-01,28,67.2,-19.300000000000004,CRU-CY4.08,CRU-CY:Israel,gridded estimate; station support unavailable,30.0,-30.240000000000016,30.0,-1.2400000000000038,30.0,-0.7299999999999969,30.0,-0.730000000000004,30.0,-29.510000000000005,30.0,-0.4333333333333318
2017,3,22.9,15.4,20.9,3.3,3.9,2017-03-01,31,102.3,-79.4,CRU-CY4.08,CRU-CY:Israel,gridded estimate; station support unavailable,30.0,-20.78333333333333,30.0,0.25333333333333385,30.0,0.3200000000000003,30.0,1.549999999999983,30.0,-22.33333333333335,30.0,-2.466666666666668
2017,4,16.6,18.6,24.7,4.3,2.8,2017-04-01,30,129.0,-112.4,CRU-CY4.08,CRU-CY:Israel,gridded estimate; station support unavailable,30.0,0.33333333333333215,30.0,0.20666666666667055,30.0,0.07000000000000028,30.0,-5.5,30.0,5.833333333333314,30.0,0.30666666666666664
2017,5,1.8,21.7,28.1,5.5,0.6,2017-05-01,31,170.5,-168.7,CRU-CY4.08,CRU-CY:Israel,gridded estimate; station support unavailable,30.0,-2.576666666666667,30.0,0.15333333333332888,30.0,0.16333333333333755,30.0,2.893333333333345,30.0,-5.469999999999999,30.0,-0.5000000000000003
2017,6,0.1,24.8,30.9,6.6,0.1,2017-06-01,30,198.0,-197.9,CRU-CY4.08,CRU-CY:Israel,gridded estimate; station support unavailable,30.0,-0.006666666666666682,30.0,0.49666666666666615,30.0,0.3866666666666667,30.0,3.8000000000000114,30.0,-3.8066666666667004,30.0,0.049999999999999996
2017,7,0.0,27.3,33.1,6.6,0.0,2017-07-01,31,204.6,-204.6,CRU-CY4.08,CRU-CY:Israel,gridded estimate; station support unavailable,30.0,0.0,30.0,1.0300000000000011,30.0,1.0,30.0,2.8933333333333167,30.0,-2.8933333333333167,30.0,0.0
2017,8,0.0,27.2,32.5,6.0,0.0,2017-08-01,31,186.0,-186.0,CRU-CY4.08,CRU-CY:Israel,gridded estimate; station support unavailable,30.0,0.0,30.0,0.49666666666666615,30.0,0.14999999999999858,30.0,-0.30999999999997385,30.0,0.30999999999997385,30.0,0.0
2017,9,0.0,25.9,31.5,5.0,0.0,2017-09-01,30,150.0,-150.0,CRU-CY4.08,CRU-CY:Israel,gridded estimate; station support unavailable,30.0,-0.44,30.0,0.806666666666672,30.0,0.6733333333333356,30.0,2.4000000000000057,30.0,-2.8400000000000034,30.0,-0.09333333333333334
2017,10,7.1,21.5,27.3,3.5,1.7,2017-10-01,31,108.5,-101.4,CRU-CY4.08,CRU-CY:Israel,gridded estimate; station support unavailable,30.0,-8.573333333333334,30.0,-0.9199999999999982,30.0,-0.8900000000000006,30.0,-3.3066666666666436,30.0,-5.266666666666666,30.0,-0.8999999999999997
2017,11,20.7,17.5,23.1,2.4,2.8,2017-11-01,30,72.0,-51.3,CRU-CY4.08,CRU-CY:Israel,gridded estimate; station support unavailable,30.0,-30.540000000000003,30.0,-0.216666666666665,30.0,-0.17999999999999616,30.0,-2.799999999999997,30.0,-27.74,30.0,-2.133333333333333
2017,12,28.8,15.8,20.8,2.0,4.1,2017-12-01,31,62.0,-33.2,CRU-CY4.08,CRU-CY:Israel,gridded estimate; station support unavailable,30.0,-64.92333333333333,30.0,2.036666666666667,30.0,2.1933333333333316,30.0,4.339999999999996,30.0,-69.26333333333332,30.0,-4.879999999999999
2018,1,132.4,12.9,17.2,1.8,12.6,2018-01-01,31,55.800000000000004,76.6,CRU-CY4.08,CRU-CY:Israel,gridded estimate; station support unavailable,30.0,23.743333333333325,30.0,0.6766666666666659,30.0,0.45333333333333314,30.0,-1.0333333333333243,30.0,24.776666666666657,30.0,1.6133333333333297
2018,2,84.3,15.3,20.2,2.6,13.0,2018-02-01,28,72.8,11.5,CRU-CY4.08,CRU-CY:Israel,gridded estimate; station support unavailable,30.0,6.159999999999982,30.0,2.4599999999999973,30.0,2.370000000000001,30.0,4.86999999999999,30.0,1.2899999999999991,30.0,2.666666666666668
2018,3,6.6,18.1,24.0,3.8,2.3,2018-03-01,31,117.8,-111.2,CRU-CY4.08,CRU-CY:Israel,gridded estimate; station support unavailable,30.0,-37.08333333333333,30.0,2.953333333333335,30.0,3.4200000000000017,30.0,17.049999999999983,30.0,-54.13333333333335,30.0,-4.066666666666668
2018,4,30.3,19.6,25.9,4.6,4.1,2018-04-01,30,138.0,-107.7,CRU-CY4.08,CRU-CY:Israel,gridded estimate; station support unavailable,30.0,14.033333333333331,30.0,1.2066666666666706,30.0,1.2699999999999996,30.0,3.5,30.0,10.533333333333317,30.0,1.6066666666666665
2018,5,9.1,22.9,28.8,5.5,2.3,2018-05-01,31,170.5,-161.4,CRU-CY4.08,CRU-CY:Israel,gridded estimate; station support unavailable,30.0,4.723333333333333,30.0,1.3533333333333282,30.0,0.8633333333333368,30.0,2.893333333333345,30.0,1.829999999999984,30.0,1.1999999999999995
2018,6,0.0,24.9,30.7,6.5,0.0,2018-06-01,30,195.0,-195.0,CRU-CY4.08,CRU-CY:Israel,gridded estimate; station support unavailable,30.0,-0.10666666666666669,30.0,0.596666666666664,30.0,0.18666666666666742,30.0,0.8000000000000114,30.0,-0.9066666666666947,30.0,-0.05000000000000001
2018,7,0.0,26.6,32.2,6.5,0.0,2018-07-01,31,201.5,-201.5,CRU-CY4.08,CRU-CY:Israel,gridded estimate; station support unavailable,30.0,0.0,30.0,0.33000000000000185,30.0,0.10000000000000142,30.0,-0.20666666666667766,30.0,0.20666666666667766,30.0,0.0
2018,8,0.0,26.8,32.2,6.0,0.0,2018-08-01,31,186.0,-186.0,CRU-CY4.08,CRU-CY:Israel,gridded estimate; station support unavailable,30.0,0.0,30.0,0.09666666666666757,30.0,-0.14999999999999858,30.0,-0.30999999999997385,30.0,0.30999999999997385,30.0,0.0
2018,9,0.0,25.8,31.3,5.0,0.0,2018-09-01,30,150.0,-150.0,CRU-CY4.08,CRU-CY:Israel,gridded estimate; station support unavailable,30.0,-0.44,30.0,0.7066666666666741,30.0,0.47333333333333627,30.0,2.4000000000000057,30.0,-2.8400000000000034,30.0,-0.09333333333333334
2018,10,20.7,22.8,28.2,3.6,4.1,2018-10-01,31,111.60000000000001,-90.9,CRU-CY4.08,CRU-CY:Israel,gridded estimate; station support unavailable,30.0,5.0266666666666655,30.0,0.38000000000000256,30.0,0.00999999999999801,30.0,-0.20666666666663502,30.0,5.233333333333334,30.0,1.5
2018,11,47.0,18.0,22.9,2.4,6.2,2018-11-01,30,72.0,-25.0,CRU-CY4.08,CRU-CY:Israel,gridded estimate; station support unavailable,30.0,-4.240000000000002,30.0,0.283333333333335,30.0,-0.379999999999999,30.0,-2.799999999999997,30.0,-1.4400000000000013,30.0,1.2666666666666675
2018,12,141.8,14.0,18.3,1.8,11.9,2018-12-01,31,55.800000000000004,86.0,CRU-CY4.08,CRU-CY:Israel,gridded estimate; station support unavailable,30.0,48.07666666666668,30.0,0.23666666666666636,30.0,-0.3066666666666684,30.0,-1.8599999999999994,30.0,49.936666666666675,30.0,2.9200000000000017
2019,1,111.5,11.8,16.2,1.8,10.0,2019-01-01,31,55.800000000000004,55.699999999999996,CRU-CY4.08,CRU-CY:Israel,gridded estimate; station support unavailable,30.0,2.8433333333333195,30.0,-0.4233333333333338,30.0,-0.5466666666666669,30.0,-1.0333333333333243,30.0,3.876666666666658,30.0,-0.9866666666666699
2019,2,110.8,13.0,17.7,2.3,13.4,2019-02-01,28,64.39999999999999,46.400000000000006,CRU-CY4.08,CRU-CY:Israel,gridded estimate; station support unavailable,30.0,32.65999999999998,30.0,0.1599999999999966,30.0,-0.129999999999999,30.0,-3.5300000000000153,30.0,36.190000000000005,30.0,3.066666666666668
2019,3,61.9,14.2,19.2,3.0,7.5,2019-03-01,31,93.0,-31.1,CRU-CY4.08,CRU-CY:Israel,gridded estimate; station support unavailable,30.0,18.21666666666667,30.0,-0.9466666666666672,30.0,-1.379999999999999,30.0,-7.750000000000014,30.0,25.966666666666654,30.0,1.133333333333332
2019,4,20.8,16.9,22.9,4.1,3.4,2019-04-01,30,122.99999999999999,-102.19999999999999,CRU-CY4.08,CRU-CY:Israel,gridded estimate; station support unavailable,30.0,4.533333333333331,30.0,-1.4933333333333323,30.0,-1.7300000000000004,30.0,-11.500000000000014,30.0,16.03333333333333,30.0,0.9066666666666667
2019,5,0.0,22.9,29.8,5.7,0.0,2019-05-01,31,176.70000000000002,-176.70000000000002,CRU-CY4.08,CRU-CY:Israel,gridded estimate; station support unavailable,30.0,-4.376666666666667,30.0,1.3533333333333282,30.0,1.8633333333333368,30.0,9.093333333333362,30.0,-13.470000000000027,30.0,-1.1000000000000003
2019,6,0.2,25.4,31.4,6.6,0.0,2019-06-01,30,198.0,-197.8,CRU-CY4.08,CRU-CY:Israel,gridded estimate; station support unavailable,30.0,0.09333333333333332,30.0,1.096666666666664,30.0,0.8866666666666667,30.0,3.8000000000000114,30.0,-3.706666666666706,30.0,-0.05000000000000001
2019,7,0.0,26.5,32.2,6.6,0.0,2019-07-01,31,204.6,-204.6,CRU-CY4.08,CRU-CY:Israel,gridded estimate; station support unavailable,30.0,0.0,30.0,0.23000000000000043,30.0,0.10000000000000142,30.0,2.8933333333333167,30.0,-2.8933333333333167,30.0,0.0
2019,8,0.0,26.8,32.2,5.9,0.0,2019-08-01,31,182.9,-182.9,CRU-CY4.08,CRU-CY:Israel,gridded estimate; station support unavailable,30.0,0.0,30.0,0.09666666666666757,30.0,-0.14999999999999858,30.0,-3.409999999999968,30.0,3.409999999999968,30.0,0.0
2019,9,0.2,25.4,30.7,4.9,0.1,2019-09-01,30,147.0,-146.8,CRU-CY4.08,CRU-CY:Israel,gridded estimate; station support unavailable,30.0,-0.24,30.0,0.30666666666667197,30.0,-0.12666666666666515,30.0,-0.5999999999999943,30.0,0.3599999999999852,30.0,0.006666666666666668
2019,10,19.2,23.4,29.0,3.7,4.6,2019-10-01,31,114.7,-95.5,CRU-CY4.08,CRU-CY:Israel,gridded estimate; station support unavailable,30.0,3.5266666666666655,30.0,0.9800000000000004,30.0,0.8099999999999987,30.0,2.8933333333333593,30.0,0.63333333333334,30.0,2.0
2019,11,5.4,19.3,25.0,2.6,1.7,2019-11-01,30,78.0,-72.6,CRU-CY4.08,CRU-CY:Israel,gridded estimate; station support unavailable,30.0,-45.84,30.0,1.5833333333333357,30.0,1.7200000000000024,30.0,3.200000000000003,30.0,-49.03999999999999,30.0,-3.2333333333333325
2019,12,121.1,14.4,19.1,1.9,8.5,2019-12-01,31,58.9,62.199999999999996,CRU-CY4.08,CRU-CY:Israel,gridded estimate; station support unavailable,30.0,27.376666666666665,30.0,0.6366666666666667,30.0,0.4933333333333323,30.0,1.2399999999999949,30.0,26.13666666666667,30.0,-0.47999999999999865
2020,1,189.3,11.8,16.1,1.8,14.1,2020-01-01,31,55.800000000000004,133.5,CRU-CY4.08,CRU-CY:Israel,gridded estimate; station support unavailable,30.0,80.64333333333333,30.0,-0.4233333333333338,30.0,-0.6466666666666647,30.0,-1.0333333333333243,30.0,81.67666666666666,30.0,3.1133333333333297
2020,2,72.4,13.0,17.8,2.4,11.5,2020-02-01,29,69.6,2.8000000000000114,CRU-CY4.08,CRU-CY:Israel,gridded estimate; station support unavailable,30.0,-5.740000000000009,30.0,0.1599999999999966,30.0,-0.029999999999997584,30.0,1.6699999999999875,30.0,-7.4099999999999895,30.0,1.1666666666666679
2020,3,67.0,15.5,20.7,3.2,7.8,2020-03-01,31,99.2,-32.2,CRU-CY4.08,CRU-CY:Israel,gridded estimate; station support unavailable,30.0,23.31666666666667,30.0,0.3533333333333335,30.0,0.120000000000001,30.0,-1.5500000000000114,30.0,24.866666666666653,30.0,1.4333333333333318
2020,4,19.1,17.8,23.5,4.3,3.1,2020-04-01,30,129.0,-109.9,CRU-CY4.08,CRU-CY:Israel,gridded estimate; station support unavailable,30.0,2.833333333333332,30.0,-0.5933333333333302,30.0,-1.129999999999999,30.0,-5.5,30.0,8.333333333333314,30.0,0.6066666666666669
2020,5,9.5,21.5,28.1,5.5,2.2,2020-05-01,31,170.5,-161.0,CRU-CY4.08,CRU-CY:Israel,gridded estimate; station support unavailable,30.0,5.123333333333333,30.0,-0.04666666666667041,30.0,0.16333333333333755,30.0,2.893333333333345,30.0,2.2299999999999898,30.0,1.0999999999999999
2020,6,0.0,23.2,29.3,6.2,0.1,2020-06-01,30,186.0,-186.0,CRU-CY4.08,CRU-CY:Israel,gridded estimate; station support unavailable,30.0,-0.10666666666666669,30.0,-1.1033333333333353,30.0,-1.2133333333333312,30.0,-8.199999999999989,30.0,8.093333333333305,30.0,0.049999999999999996
2020,7,0.0,26.8,32.5,6.5,0.0,2020-07-01,31,201.5,-201.5,CRU-CY4.08,CRU-CY:Israel,gridded estimate; station support unavailable,30.0,0.0,30.0,0.5300000000000011,30.0,0.3999999999999986,30.0,-0.20666666666667766,30.0,0.20666666666667766,30.0,0.0
2020,8,0.0,26.9,32.6,6.0,0.0,2020-08-01,31,186.0,-186.0,CRU-CY4.08,CRU-CY:Israel,gridded estimate; station support unavailable,30.0,0.0,30.0,0.19666666666666544,30.0,0.25,30.0,-0.30999999999997385,30.0,0.30999999999997385,30.0,0.0
2020,9,0.0,27.1,32.6,5.3,0.0,2020-09-01,30,159.0,-159.0,CRU-CY4.08,CRU-CY:Israel,gridded estimate; station support unavailable,30.0,-0.44,30.0,2.006666666666675,30.0,1.773333333333337,30.0,11.400000000000006,30.0,-11.840000000000003,30.0,-0.09333333333333334
2020,10,0.0,24.5,30.4,4.0,0.0,2020-10-01,31,124.0,-124.0,CRU-CY4.08,CRU-CY:Israel,gridded estimate; station support unavailable,30.0,-15.673333333333334,30.0,2.080000000000002,30.0,2.2099999999999973,30.0,12.193333333333356,30.0,-27.86666666666666,30.0,-2.5999999999999996
2020,11,131.8,17.8,23.3,2.4,9.9,2020-11-01,30,72.0,59.80000000000001,CRU-CY4.08,CRU-CY:Israel,gridded estimate; station support unavailable,30.0,80.56,30.0,0.0833333333333357,30.0,0.020000000000003126,30.0,-2.799999999999997,30.0,83.36000000000001,30.0,4.966666666666668
2020,12,76.1,15.1,19.9,1.9,9.6,2020-12-01,31,58.9,17.199999999999996,CRU-CY4.08,CRU-CY:Israel,gridded estimate; station support unavailable,30.0,-17.623333333333335,30.0,1.336666666666666,30.0,1.2933333333333294,30.0,1.2399999999999949,30.0,-18.86333333333333,30.0,0.620000000000001
2021,1,89.4,14.1,18.8,2.0,9.4,2021-01-01,31,62.0,27.400000000000006,CRU-CY4.08,CRU-CY:Israel,gridded estimate; station support unavailable,30.0,-19.256666666666675,30.0,1.8766666666666652,30.0,2.0533333333333346,30.0,5.166666666666671,30.0,-24.423333333333332,30.0,-1.5866666666666696
2021,2,79.9,14.5,19.7,2.6,11.0,2021-02-01,28,72.8,7.1000000000000085,CRU-CY4.08,CRU-CY:Israel,gridded estimate; station support unavailable,30.0,1.759999999999991,30.0,1.6599999999999966,30.0,1.870000000000001,30.0,4.86999999999999,30.0,-3.1099999999999923,30.0,0.6666666666666679
2021,3,21.5,15.0,20.5,3.2,4.5,2021-03-01,31,99.2,-77.7,CRU-CY4.08,CRU-CY:Israel,gridded estimate; station support unavailable,30.0,-22.18333333333333,30.0,-0.1466666666666665,30.0,-0.0799999999999983,30.0,-1.5500000000000114,30.0,-20.633333333333347,30.0,-1.866666666666668
2021,4,7.9,19.1,25.6,4.6,2.0,2021-04-01,30,138.0,-130.1,CRU-CY4.08,CRU-CY:Israel,gridded estimate; station support unavailable,30.0,-8.366666666666669,30.0,0.7066666666666706,30.0,0.9700000000000024,30.0,3.5,30.0,-11.866666666666674,30.0,-0.4933333333333332
2021,5,0.1,23.3,30.1,5.9,0.1,2021-05-01,31,182.9,-182.8,CRU-CY4.08,CRU-CY:Israel,gridded estimate; station support unavailable,30.0,-4.276666666666667,30.0,1.7533333333333303,30.0,2.1633333333333375,30.0,15.29333333333335,30.0,-19.57000000000002,30.0,-1.0000000000000002
2021,6,0.0,23.8,29.8,6.3,0.0,2021-06-01,30,189.0,-189.0,CRU-CY4.08,CRU-CY:Israel,gridded estimate; station support unavailable,30.0,-0.10666666666666669,30.0,-0.5033333333333339,30.0,-0.7133333333333312,30.0,-5.199999999999989,30.0,5.093333333333305,30.0,-0.05000000000000001
2021,7,0.0,27.0,32.7,6.8,0.0,2021-07-01,31,210.79999999999998,-210.79999999999998,CRU-CY4.08,CRU-CY:Israel,gridded estimate; station support unavailable,30.0,0.0,30.0,0.7300000000000004,30.0,0.6000000000000014,30.0,9.093333333333305,30.0,-9.093333333333305,30.0,0.0
2021,8,0.0,27.5,33.0,6.2,0.0,2021-08-01,31,192.20000000000002,-192.20000000000002,CRU-CY4.08,CRU-CY:Israel,gridded estimate; station support unavailable,30.0,0.0,30.0,0.7966666666666669,30.0,0.6499999999999986,30.0,5.890000000000043,30.0,-5.890000000000043,30.0,0.0
2021,9,0.0,24.8,30.4,4.8,0.0,2021-09-01,30,144.0,-144.0,CRU-CY4.08,CRU-CY:Israel,gridded estimate; station support unavailable,30.0,-0.44,30.0,-0.2933333333333259,30.0,-0.42666666666666586,30.0,-3.5999999999999943,30.0,3.1599999999999966,30.0,-0.09333333333333334
2021,10,2.4,22.3,27.9,3.6,1.0,2021-10-01,31,111.60000000000001,-109.2,CRU-CY4.08,CRU-CY:Israel,gridded estimate; station support unavailable,30.0,-13.273333333333333,30.0,-0.11999999999999744,30.0,-0.2900000000000027,30.0,-0.20666666666663502,30.0,-13.066666666666663,30.0,-1.5999999999999996
2021,11,37.4,19.1,24.8,2.6,5.7,2021-11-01,30,78.0,-40.6,CRU-CY4.08,CRU-CY:Israel,gridded estimate; station support unavailable,30.0,-13.840000000000003,30.0,1.3833333333333364,30.0,1.5200000000000031,30.0,3.200000000000003,30.0,-17.040000000000003,30.0,0.7666666666666675
2021,12,137.2,14.0,18.7,1.8,11.3,2021-12-01,31,55.800000000000004,81.39999999999998,CRU-CY4.08,CRU-CY:Israel,gridded estimate; station support unavailable,30.0,43.47666666666666,30.0,0.23666666666666636,30.0,0.09333333333333016,30.0,-1.8599999999999994,30.0,45.33666666666665,30.0,2.320000000000002
2022,1,175.7,10.9,15.1,1.7,15.2,2022-01-01,31,52.699999999999996,123.0,CRU-CY4.08,CRU-CY:Israel,gridded estimate; station support unavailable,30.0,67.04333333333331,30.0,-1.3233333333333341,30.0,-1.6466666666666665,30.0,-4.133333333333333,30.0,71.17666666666666,30.0,4.213333333333329
2022,2,68.1,12.6,17.6,2.3,10.7,2022-02-01,28,64.39999999999999,3.700000000000003,CRU-CY4.08,CRU-CY:Israel,gridded estimate; station support unavailable,30.0,-10.04000000000002,30.0,-0.24000000000000377,30.0,-0.22999999999999687,30.0,-3.5300000000000153,30.0,-6.509999999999998,30.0,0.36666666666666714
2022,3,61.6,11.9,17.0,2.8,7.5,2022-03-01,31,86.8,-25.199999999999996,CRU-CY4.08,CRU-CY:Israel,gridded estimate; station support unavailable,30.0,17.91666666666667,30.0,-3.246666666666666,30.0,-3.5799999999999983,30.0,-13.950000000000017,30.0,31.86666666666666,30.0,1.133333333333332
2022,4,0.1,20.1,26.7,4.7,0.0,2022-04-01,30,141.0,-140.9,CRU-CY4.08,CRU-CY:Israel,gridded estimate; station support unavailable,30.0,-16.166666666666668,30.0,1.7066666666666706,30.0,2.0700000000000003,30.0,6.5,30.0,-22.666666666666686,30.0,-2.493333333333333
2022,5,0.5,21.2,27.5,5.3,0.3,2022-05-01,31,164.29999999999998,-163.79999999999998,CRU-CY4.08,CRU-CY:Israel,gridded estimate; station support unavailable,30.0,-3.876666666666667,30.0,-0.3466666666666711,30.0,-0.43666666666666387,30.0,-3.306666666666672,30.0,-0.5699999999999932,30.0,-0.8000000000000003
2022,6,0.0,24.7,30.6,6.3,0.0,2022-06-01,30,189.0,-189.0,CRU-CY4.08,CRU-CY:Israel,gridded estimate; station support unavailable,30.0,-0.10666666666666669,30.0,0.3966666666666647,30.0,0.08666666666666956,30.0,-5.199999999999989,30.0,5.093333333333305,30.0,-0.05000000000000001
2022,7,0.0,26.0,31.7,6.4,0.0,2022-07-01,31,198.4,-198.4,CRU-CY4.08,CRU-CY:Israel,gridded estimate; station support unavailable,30.0,0.0,30.0,-0.2699999999999996,30.0,-0.40000000000000213,30.0,-3.306666666666672,30.0,3.306666666666672,30.0,0.0
2022,8,0.0,27.4,32.7,6.1,0.0,2022-08-01,31,189.1,-189.1,CRU-CY4.08,CRU-CY:Israel,gridded estimate; station support unavailable,30.0,0.0,30.0,0.6966666666666654,30.0,0.3500000000000014,30.0,2.7900000000000205,30.0,-2.7900000000000205,30.0,0.0
2022,9,0.0,25.9,31.4,5.0,0.0,2022-09-01,30,150.0,-150.0,CRU-CY4.08,CRU-CY:Israel,gridded estimate; station support unavailable,30.0,-0.44,30.0,0.806666666666672,30.0,0.5733333333333341,30.0,2.4000000000000057,30.0,-2.8400000000000034,30.0,-0.09333333333333334
2022,10,15.1,22.4,27.9,3.6,3.3,2022-10-01,31,111.60000000000001,-96.50000000000001,CRU-CY4.08,CRU-CY:Israel,gridded estimate; station support unavailable,30.0,-0.5733333333333341,30.0,-0.019999999999999574,30.0,-0.2900000000000027,30.0,-0.20666666666663502,30.0,-0.36666666666667425,30.0,0.7000000000000002
2022,11,91.0,18.4,23.6,2.5,8.8,2022-11-01,30,75.0,16.0,CRU-CY4.08,CRU-CY:Israel,gridded estimate; station support unavailable,30.0,39.76,30.0,0.6833333333333336,30.0,0.32000000000000384,30.0,0.20000000000000284,30.0,39.56,30.0,3.866666666666668
2022,12,78.7,15.6,20.4,2.0,9.7,2022-12-01,31,62.0,16.700000000000003,CRU-CY4.08,CRU-CY:Israel,gridded estimate; station support unavailable,30.0,-15.023333333333326,30.0,1.836666666666666,30.0,1.7933333333333294,30.0,4.339999999999996,30.0,-19.363333333333323,30.0,0.7200000000000006
2023,1,157.6,13.8,18.5,2.0,12.6,2023-01-01,31,62.0,95.6,CRU-CY4.08,CRU-CY:Israel,gridded estimate; station support unavailable,30.0,48.943333333333314,30.0,1.5766666666666662,30.0,1.7533333333333339,30.0,5.166666666666671,30.0,43.77666666666666,30.0,1.6133333333333297
2023,2,78.6,12.0,17.2,2.4,8.8,2023-02-01,28,67.2,11.399999999999991,CRU-CY4.08,CRU-CY:Israel,gridded estimate; station support unavailable,30.0,0.45999999999997954,30.0,-0.8400000000000034,30.0,-0.629999999999999,30.0,-0.730000000000004,30.0,1.1899999999999906,30.0,-1.5333333333333314
2023,3,32.7,16.1,21.5,3.4,5.0,2023-03-01,31,105.39999999999999,-72.69999999999999,CRU-CY4.08,CRU-CY:Israel,gridded estimate; station support unavailable,30.0,-10.983333333333327,30.0,0.9533333333333349,30.0,0.9200000000000017,30.0,4.649999999999977,30.0,-15.633333333333333,30.0,-1.366666666666668
2023,4,57.7,18.3,24.3,4.3,5.6,2023-04-01,30,129.0,-71.3,CRU-CY4.08,CRU-CY:Israel,gridded estimate; station support unavailable,30.0,41.43333333333334,30.0,-0.09333333333333016,30.0,-0.3299999999999983,30.0,-5.5,30.0,46.93333333333332,30.0,3.1066666666666665
2023,5,9.5,21.0,27.2,5.2,1.7,2023-05-01,31,161.20000000000002,-151.70000000000002,CRU-CY4.08,CRU-CY:Israel,gridded estimate; station support unavailable,30.0,5.123333333333333,30.0,-0.5466666666666704,30.0,-0.7366666666666646,30.0,-6.406666666666638,30.0,11.529999999999973,30.0,0.5999999999999996
2023,6,0.0,24.1,30.0,6.2,0.1,2023-06-01,30,186.0,-186.0,CRU-CY4.08,CRU-CY:Israel,gridded estimate; station support unavailable,30.0,-0.10666666666666669,30.0,-0.20333333333333314,30.0,-0.5133333333333319,30.0,-8.199999999999989,30.0,8.093333333333305,30.0,0.049999999999999996
2023,7,0.0,27.4,33.3,6.7,0.0,2023-07-01,31,207.70000000000002,-207.70000000000002,CRU-CY4.08,CRU-CY:Israel,gridded estimate; station support unavailable,30.0,0.0,30.0,1.129999999999999,30.0,1.1999999999999957,30.0,5.993333333333339,30.0,-5.993333333333339,30.0,0.0
2023,8,0.0,27.9,33.4,6.2,0.0,2023-08-01,31,192.20000000000002,-192.20000000000002,CRU-CY4.08,CRU-CY:Israel,gridded estimate; station support unavailable,30.0,0.0,30.0,1.1966666666666654,30.0,1.0499999999999972,30.0,5.890000000000043,30.0,-5.890000000000043,30.0,0.0
2023,9,0.1,26.3,32.1,5.1,0.0,2023-09-01,30,153.0,-152.9,CRU-CY4.08,CRU-CY:Israel,gridded estimate; station support unavailable,30.0,-0.33999999999999997,30.0,1.206666666666674,30.0,1.273333333333337,30.0,5.400000000000006,30.0,-5.740000000000009,30.0,-0.09333333333333334
2023,10,8.6,23.4,28.8,3.7,2.1,2023-10-01,31,114.7,-106.10000000000001,CRU-CY4.08,CRU-CY:Israel,gridded estimate; station support unavailable,30.0,-7.073333333333334,30.0,0.9800000000000004,30.0,0.6099999999999994,30.0,2.8933333333333593,30.0,-9.966666666666669,30.0,-0.49999999999999956
2023,11,80.7,20.1,25.4,2.6,7.4,2023-11-01,30,78.0,2.700000000000003,CRU-CY4.08,CRU-CY:Israel,gridded estimate; station support unavailable,30.0,29.46,30.0,2.3833333333333364,30.0,2.120000000000001,30.0,3.200000000000003,30.0,26.26,30.0,2.4666666666666677
2023,12,88.3,16.5,21.2,2.1,10.3,2023-12-01,31,65.10000000000001,23.19999999999999,CRU-CY4.08,CRU-CY:Israel,gridded estimate; station support unavailable,30.0,-5.423333333333332,30.0,2.7366666666666664,30.0,2.59333333333333,30.0,7.440000000000005,30.0,-12.863333333333337,30.0,1.320000000000002
