year,crop,element,element_code,unit,value,flag,source_url,fetched_at,publication_date,location
1961,Barley,Area harvested,5312,ha,69730.0,A,https://bulks-faostat.fao.org/production/Production_Crops_Livestock_E_All_Data_(Normalized).zip,2026-09-05T00:37:44.601932+00:00,,Israel (FAO Area Code 105)
1962,Barley,Area harvested,5312,ha,65075.0,A,https://bulks-faostat.fao.org/production/Production_Crops_Livestock_E_All_Data_(Normalized).zip,2026-09-05T00:37:44.601932+00:00,,Israel (FAO Area Code 105)
1963,Barley,Area harvested,5312,ha,65175.0,A,https://bulks-faostat.fao.org/production/Production_Crops_Livestock_E_All_Data_(Normalized).zip,2026-09-05T00:37:44.601932+00:00,,Israel (FAO Area Code 105)
1964,Barley,Area harvested,5312,ha,73145.0,A,https://bulks-faostat.fao.org/production/Production_Crops_Livestock_E_All_Data_(Normalized).zip,2026-09-05T00:37:44.601932+00:00,,Israel (FAO Area Code 105)
1965,Barley,Area harvested,5312,ha,52105.0,A,https://bulks-faostat.fao.org/production/Production_Crops_Livestock_E_All_Data_(Normalized).zip,2026-09-05T00:37:44.601932+00:00,,Israel (FAO Area Code 105)
1966,Barley,Area harvested,5312,ha,48900.0,A,https://bulks-faostat.fao.org/production/Production_Crops_Livestock_E_All_Data_(Normalized).zip,2026-09-05T00:37:44.601932+00:00,,Israel (FAO Area Code 105)
1967,Barley,Area harvested,5312,ha,43340.0,A,https://bulks-faostat.fao.org/production/Production_Crops_Livestock_E_All_Data_(Normalized).zip,2026-09-05T00:37:44.601932+00:00,,Israel (FAO Area Code 105)
1968,Barley,Area harvested,5312,ha,38505.0,A,https://bulks-faostat.fao.org/production/Production_Crops_Livestock_E_All_Data_(Normalized).zip,2026-09-05T00:37:44.601932+00:00,,Israel (FAO Area Code 105)
1969,Barley,Area harvested,5312,ha,25290.0,A,https://bulks-faostat.fao.org/production/Production_Crops_Livestock_E_All_Data_(Normalized).zip,2026-09-05T00:37:44.601932+00:00,,Israel (FAO Area Code 105)
1970,Barley,Area harvested,5312,ha,17440.0,A,https://bulks-faostat.fao.org/production/Production_Crops_Livestock_E_All_Data_(Normalized).zip,2026-09-05T00:37:44.601932+00:00,,Israel (FAO Area Code 105)
1971,Barley,Area harvested,5312,ha,15805.0,A,https://bulks-faostat.fao.org/production/Production_Crops_Livestock_E_All_Data_(Normalized).zip,2026-09-05T00:37:44.601932+00:00,,Israel (FAO Area Code 105)
1972,Barley,Area harvested,5312,ha,22065.0,A,https://bulks-faostat.fao.org/production/Production_Crops_Livestock_E_All_Data_(Normalized).zip,2026-09-05T00:37:44.601932+00:00,,Israel (FAO Area Code 105)
1973,Barley,Area harvested,5312,ha,21250.0,A,https://bulks-faostat.fao.org/production/Production_Crops_Livestock_E_All_Data_(Normalized).zip,2026-09-05T00:37:44.601932+00:00,,Israel (FAO Area Code 105)
1974,Barley,Area harvested,5312,ha,27830.0,A,https://bulks-faostat.fao.org/production/Production_Crops_Livestock_E_All_Data_(Normalized).zip,2026-09-05T00:37:44.601932+00:00,,Israel (FAO Area Code 105)
1975,Barley,Area harvested,5312,ha,27820.0,A,https://bulks-faostat.fao.org/production/Production_Crops_Livestock_E_All_Data_(Normalized).zip,2026-09-05T00:37:44.601932+00:00,,Israel (FAO Area Code 105)
1976,Barley,Area harvested,5312,ha,26560.0,A,https://bulks-faostat.fao.org/production/Production_Crops_Livestock_E_All_Data_(Normalized).zip,2026-09-05T00:37:44.601932+00:00,,Israel (FAO Area Code 105)
1977,Barley,Area harvested,5312,ha,28360.0,A,https://bulks-faostat.fao.org/production/Production_Crops_Livestock_E_All_Data_(Normalized).zip,2026-09-05T00:37:44.601932+00:00,,Israel (FAO Area Code 105)
1978,Barley,Area harvested,5312,ha,33610.0,A,https://bulks-faostat.fao.org/production/Production_Crops_Livestock_E_All_Data_(Normalized).zip,2026-09-05T00:37:44.601932+00:00,,Israel (FAO Area Code 105)
1979,Barley,Area harvested,5312,ha,32250.0,A,https://bulks-faostat.fao.org/production/Production_Crops_Livestock_E_All_Data_(Normalized).zip,2026-09-05T00:37:44.601932+00:00,,Israel (FAO Area Code 105)
1980,Barley,Area harvested,5312,ha,26700.0,A,https://bulks-faostat.fao.org/production/Production_Crops_Livestock_E_All_Data_(Normalized).zip,2026-09-05T00:37:44.601932+00:00,,Israel (FAO Area Code 105)
1981,Barley,Area harvested,5312,ha,22200.0,A,https://bulks-faostat.fao.org/production/Production_Crops_Livestock_E_All_Data_(Normalized).zip,2026-09-05T00:37:44.601932+00:00,,Israel (FAO Area Code 105)
1982,Barley,Area harvested,5312,ha,25040.0,A,https://bulks-faostat.fao.org/production/Production_Crops_Livestock_E_All_Data_(Normalized).zip,2026-09-05T00:37:44.601932+00:00,,Israel (FAO Area Code 105)
1983,Barley,Area harvested,5312,ha,21330.0,A,https://bulks-faostat.fao.org/production/Production_Crops_Livestock_E_All_Data_(Normalized).zip,2026-09-05T00:37:44.601932+00:00,,Israel (FAO Area Code 105)
1984,Barley,Area harvested,5312,ha,13930.0,A,https://bulks-faostat.fao.org/production/Production_Crops_Livestock_E_All_Data_(Normalized).zip,2026-09-05T00:37:44.601932+00:00,,Israel (FAO Area Code 105)
1985,Barley,Area harvested,5312,ha,18610.0,A,https://bulks-faostat.fao.org/production/Production_Crops_Livestock_E_All_Data_(Normalized).zip,2026-09-05T00:37:44.601932+00:00,,Israel (FAO Area Code 105)
1986,Barley,Area harvested,5312,ha,17680.0,A,https://bulks-faostat.fao.org/production/Production_Crops_Livestock_E_All_Data_(Normalized).zip,2026-09-05T00:37:44.601932+00:00,,Israel (FAO Area Code 105)
1987,Barley,Area harvested,5312,ha,15130.0,A,https://bulks-faostat.fao.org/production/Production_Crops_Livestock_E_All_Data_(Normalized).zip,2026-09-05T00:37:44.601932+00:00,,Israel (FAO Area Code 105)
1988,Barley,Area harvested,5312,ha,13960.0,A,https://bulks-faostat.fao.org/production/Production_Crops_Livestock_E_All_Data_(Normalized).zip,2026-09-05T00:37:44.601932+00:00,,Israel (FAO Area Code 105)
1989,Barley,Area harvested,5312,ha,14320.0,A,https://bulks-faostat.fao.org/production/Production_Crops_Livestock_E_All_Data_(Normalized).zip,2026-09-05T00:37:44.601932+00:00,,Israel (FAO Area Code 105)
1990,Barley,Area harvested,5312,ha,14681.0,A,https://bulks-faostat.fao.org/production/Production_Crops_Livestock_E_All_Data_(Normalized).zip,2026-09-05T00:37:44.601932+00:00,,Israel (FAO Area Code 105)
1991,Barley,Area harvested,5312,ha,13207.0,A,https://bulks-faostat.fao.org/production/Production_Crops_Livestock_E_All_Data_(Normalized).zip,2026-09-05T00:37:44.601932+00:00,,Israel (FAO Area Code 105)
1992,Barley,Area harvested,5312,ha,10519.0,A,https://bulks-faostat.fao.org/production/Production_Crops_Livestock_E_All_Data_(Normalized).zip,2026-09-05T00:37:44.601932+00:00,,Israel (FAO Area Code 105)
1993,Barley,Area harvested,5312,ha,12474.0,A,https://bulks-faostat.fao.org/production/Production_Crops_Livestock_E_All_Data_(Normalized).zip,2026-09-05T00:37:44.601932+00:00,,Israel (FAO Area Code 105)
1994,Barley,Area harvested,5312,ha,12068.0,A,https://bulks-faostat.fao.org/production/Production_Crops_Livestock_E_All_Data_(Normalized).zip,2026-09-05T00:37:44.601932+00:00,,Israel (FAO Area Code 105)
1995,Barley,Area harvested,5312,ha,11428.0,A,https://bulks-faostat.fao.org/production/Production_Crops_Livestock_E_All_Data_(Normalized).zip,2026-09-05T00:37:44.601932+00:00,,Israel (FAO Area Code 105)
1996,Barley,Area harvested,5312,ha,6390.0,A,https://bulks-faostat.fao.org/production/Production_Crops_Livestock_E_All_Data_(Normalized).zip,2026-09-05T00:37:44.601932+00:00,,Israel (FAO Area Code 105)
1997,Barley,Area harvested,5312,ha,6640.0,A,https://bulks-faostat.fao.org/production/Production_Crops_Livestock_E_All_Data_(Normalized).zip,2026-09-05T00:37:44.601932+00:00,,Israel (FAO Area Code 105)
1998,Barley,Area harvested,5312,ha,7611.0,A,https://bulks-faostat.fao.org/production/Production_Crops_Livestock_E_All_Data_(Normalized).zip,2026-09-05T00:37:44.601932+00:00,,Israel (FAO Area Code 105)
1999,Barley,Area harvested,5312,ha,2153.0,A,https://bulks-faostat.fao.org/production/Production_Crops_Livestock_E_All_Data_(Normalized).zip,2026-09-05T00:37:44.601932+00:00,,Israel (FAO Area Code 105)
2000,Barley,Area harvested,5312,ha,2031.0,A,https://bulks-faostat.fao.org/production/Production_Crops_Livestock_E_All_Data_(Normalized).zip,2026-09-05T00:37:44.601932+00:00,,Israel (FAO Area Code 105)
2001,Barley,Area harvested,5312,ha,8820.0,A,https://bulks-faostat.fao.org/production/Production_Crops_Livestock_E_All_Data_(Normalized).zip,2026-09-05T00:37:44.601932+00:00,,Israel (FAO Area Code 105)
2002,Barley,Area harvested,5312,ha,8360.0,A,https://bulks-faostat.fao.org/production/Production_Crops_Livestock_E_All_Data_(Normalized).zip,2026-09-05T00:37:44.601932+00:00,,Israel (FAO Area Code 105)
2003,Barley,Area harvested,5312,ha,7790.0,A,https://bulks-faostat.fao.org/production/Production_Crops_Livestock_E_All_Data_(Normalized).zip,2026-09-05T00:37:44.601932+00:00,,Israel (FAO Area Code 105)
2004,Barley,Area harvested,5312,ha,7380.0,A,https://bulks-faostat.fao.org/production/Production_Crops_Livestock_E_All_Data_(Normalized).zip,2026-09-05T00:37:44.601932+00:00,,Israel (FAO Area Code 105)
2005,Barley,Area harvested,5312,ha,7380.0,A,https://bulks-faostat.fao.org/production/Production_Crops_Livestock_E_All_Data_(Normalized).zip,2026-09-05T00:37:44.601932+00:00,,Israel (FAO Area Code 105)
2006,Barley,Area harvested,5312,ha,7610.0,A,https://bulks-faostat.fao.org/production/Production_Crops_Livestock_E_All_Data_(Normalized).zip,2026-09-05T00:37:44.601932+00:00,,Israel (FAO Area Code 105)
2007,Barley,Area harvested,5312,ha,7600.0,E,https://bulks-faostat.fao.org/production/Production_Crops_Livestock_E_All_Data_(Normalized).zip,2026-09-05T00:37:44.601932+00:00,,Israel (FAO Area Code 105)
2008,Barley,Area harvested,5312,ha,6360.0,A,https://bulks-faostat.fao.org/production/Production_Crops_Livestock_E_All_Data_(Normalized).zip,2026-09-05T00:37:44.601932+00:00,,Israel (FAO Area Code 105)
2009,Barley,Area harvested,5312,ha,6360.0,A,https://bulks-faostat.fao.org/production/Production_Crops_Livestock_E_All_Data_(Normalized).zip,2026-09-05T00:37:44.601932+00:00,,Israel (FAO Area Code 105)
2010,Barley,Area harvested,5312,ha,5300.0,A,https://bulks-faostat.fao.org/production/Production_Crops_Livestock_E_All_Data_(Normalized).zip,2026-09-05T00:37:44.601932+00:00,,Israel (FAO Area Code 105)
2011,Barley,Area harvested,5312,ha,5260.0,A,https://bulks-faostat.fao.org/production/Production_Crops_Livestock_E_All_Data_(Normalized).zip,2026-09-05T00:37:44.601932+00:00,,Israel (FAO Area Code 105)
2012,Barley,Area harvested,5312,ha,5300.0,A,https://bulks-faostat.fao.org/production/Production_Crops_Livestock_E_All_Data_(Normalized).zip,2026-09-05T00:37:44.601932+00:00,,Israel (FAO Area Code 105)
2013,Barley,Area harvested,5312,ha,5510.0,A,https://bulks-faostat.fao.org/production/Production_Crops_Livestock_E_All_Data_(Normalized).zip,2026-09-05T00:37:44.601932+00:00,,Israel (FAO Area Code 105)
2014,Barley,Area harvested,5312,ha,6077.0,A,https://bulks-faostat.fao.org/production/Production_Crops_Livestock_E_All_Data_(Normalized).zip,2026-09-05T00:37:44.601932+00:00,,Israel (FAO Area Code 105)
2015,Barley,Area harvested,5312,ha,6570.0,A,https://bulks-faostat.fao.org/production/Production_Crops_Livestock_E_All_Data_(Normalized).zip,2026-09-05T00:37:44.601932+00:00,,Israel (FAO Area Code 105)
2016,Barley,Area harvested,5312,ha,6150.0,A,https://bulks-faostat.fao.org/production/Production_Crops_Livestock_E_All_Data_(Normalized).zip,2026-09-05T00:37:44.601932+00:00,,Israel (FAO Area Code 105)
2017,Barley,Area harvested,5312,ha,5250.0,A,https://bulks-faostat.fao.org/production/Production_Crops_Livestock_E_All_Data_(Normalized).zip,2026-09-05T00:37:44.601932+00:00,,Israel (FAO Area Code 105)
2018,Barley,Area harvested,5312,ha,4090.0,A,https://bulks-faostat.fao.org/production/Production_Crops_Livestock_E_All_Data_(Normalized).zip,2026-09-05T00:37:44.601932+00:00,,Israel (FAO Area Code 105)
2019,Barley,Area harvested,5312,ha,4740.0,A,https://bulks-faostat.fao.org/production/Production_Crops_Livestock_E_All_Data_(Normalized).zip,2026-09-05T00:37:44.601932+00:00,,Israel (FAO Area Code 105)
2020,Barley,Area harvested,5312,ha,7030.0,A,https://bulks-faostat.fao.org/production/Production_Crops_Livestock_E_All_Data_(Normalized).zip,2026-09-05T00:37:44.601932+00:00,,Israel (FAO Area Code 105)
2021,Barley,Area harvested,5312,ha,6000.0,X,https://bulks-faostat.fao.org/production/Production_Crops_Livestock_E_All_Data_(Normalized).zip,2026-09-05T00:37:44.601932+00:00,,Israel (FAO Area Code 105)
2022,Barley,Area harvested,5312,ha,6403.0,A,https://bulks-faostat.fao.org/production/Production_Crops_Livestock_E_All_Data_(Normalized).zip,2026-09-05T00:37:44.601932+00:00,,Israel (FAO Area Code 105)
2023,Barley,Area harvested,5312,ha,7877.0,A,https://bulks-faostat.fao.org/production/Production_Crops_Livestock_E_All_Data_(Normalized).zip,2026-09-05T00:37:44.601932+00:00,,Israel (FAO Area Code 105)
2024,Barley,Area harvested,5312,ha,6893.0,A,https://bulks-faostat.fao.org/production/Production_Crops_Livestock_E_All_Data_(Normalized).zip,2026-09-05T00:37:44.601932+00:00,,Israel (FAO Area Code 105)
1961,Barley,Yield,5412,kg/ha,896.3,A,https://bulks-faostat.fao.org/production/Production_Crops_Livestock_E_All_Data_(Normalized).zip,2026-09-05T00:37:44.601932+00:00,,Israel (FAO Area Code 105)
1962,Barley,Yield,5412,kg/ha,740.7,A,https://bulks-faostat.fao.org/production/Production_Crops_Livestock_E_All_Data_(Normalized).zip,2026-09-05T00:37:44.601932+00:00,,Israel (FAO Area Code 105)
1963,Barley,Yield,5412,kg/ha,557.0,A,https://bulks-faostat.fao.org/production/Production_Crops_Livestock_E_All_Data_(Normalized).zip,2026-09-05T00:37:44.601932+00:00,,Israel (FAO Area Code 105)
1964,Barley,Yield,5412,kg/ha,1594.1,A,https://bulks-faostat.fao.org/production/Production_Crops_Livestock_E_All_Data_(Normalized).zip,2026-09-05T00:37:44.601932+00:00,,Israel (FAO Area Code 105)
1965,Barley,Yield,5412,kg/ha,1293.5,A,https://bulks-faostat.fao.org/production/Production_Crops_Livestock_E_All_Data_(Normalized).zip,2026-09-05T00:37:44.601932+00:00,,Israel (FAO Area Code 105)
1966,Barley,Yield,5412,kg/ha,433.5,A,https://bulks-faostat.fao.org/production/Production_Crops_Livestock_E_All_Data_(Normalized).zip,2026-09-05T00:37:44.601932+00:00,,Israel (FAO Area Code 105)
1967,Barley,Yield,5412,kg/ha,1292.1,A,https://bulks-faostat.fao.org/production/Production_Crops_Livestock_E_All_Data_(Normalized).zip,2026-09-05T00:37:44.601932+00:00,,Israel (FAO Area Code 105)
1968,Barley,Yield,5412,kg/ha,636.3,A,https://bulks-faostat.fao.org/production/Production_Crops_Livestock_E_All_Data_(Normalized).zip,2026-09-05T00:37:44.601932+00:00,,Israel (FAO Area Code 105)
1969,Barley,Yield,5412,kg/ha,810.6,A,https://bulks-faostat.fao.org/production/Production_Crops_Livestock_E_All_Data_(Normalized).zip,2026-09-05T00:37:44.601932+00:00,,Israel (FAO Area Code 105)
1970,Barley,Yield,5412,kg/ha,779.8,A,https://bulks-faostat.fao.org/production/Production_Crops_Livestock_E_All_Data_(Normalized).zip,2026-09-05T00:37:44.601932+00:00,,Israel (FAO Area Code 105)
1971,Barley,Yield,5412,kg/ha,1113.6,A,https://bulks-faostat.fao.org/production/Production_Crops_Livestock_E_All_Data_(Normalized).zip,2026-09-05T00:37:44.601932+00:00,,Israel (FAO Area Code 105)
1972,Barley,Yield,5412,kg/ha,1486.5,A,https://bulks-faostat.fao.org/production/Production_Crops_Livestock_E_All_Data_(Normalized).zip,2026-09-05T00:37:44.601932+00:00,,Israel (FAO Area Code 105)
1973,Barley,Yield,5412,kg/ha,842.4,A,https://bulks-faostat.fao.org/production/Production_Crops_Livestock_E_All_Data_(Normalized).zip,2026-09-05T00:37:44.601932+00:00,,Israel (FAO Area Code 105)
1974,Barley,Yield,5412,kg/ha,1085.2,A,https://bulks-faostat.fao.org/production/Production_Crops_Livestock_E_All_Data_(Normalized).zip,2026-09-05T00:37:44.601932+00:00,,Israel (FAO Area Code 105)
1975,Barley,Yield,5412,kg/ha,740.5,A,https://bulks-faostat.fao.org/production/Production_Crops_Livestock_E_All_Data_(Normalized).zip,2026-09-05T00:37:44.601932+00:00,,Israel (FAO Area Code 105)
1976,Barley,Yield,5412,kg/ha,685.2,A,https://bulks-faostat.fao.org/production/Production_Crops_Livestock_E_All_Data_(Normalized).zip,2026-09-05T00:37:44.601932+00:00,,Israel (FAO Area Code 105)
1977,Barley,Yield,5412,kg/ha,585.3,A,https://bulks-faostat.fao.org/production/Production_Crops_Livestock_E_All_Data_(Normalized).zip,2026-09-05T00:37:44.601932+00:00,,Israel (FAO Area Code 105)
1978,Barley,Yield,5412,kg/ha,238.0,A,https://bulks-faostat.fao.org/production/Production_Crops_Livestock_E_All_Data_(Normalized).zip,2026-09-05T00:37:44.601932+00:00,,Israel (FAO Area Code 105)
1979,Barley,Yield,5412,kg/ha,186.0,A,https://bulks-faostat.fao.org/production/Production_Crops_Livestock_E_All_Data_(Normalized).zip,2026-09-05T00:37:44.601932+00:00,,Israel (FAO Area Code 105)
1980,Barley,Yield,5412,kg/ha,1082.4,A,https://bulks-faostat.fao.org/production/Production_Crops_Livestock_E_All_Data_(Normalized).zip,2026-09-05T00:37:44.601932+00:00,,Israel (FAO Area Code 105)
1981,Barley,Yield,5412,kg/ha,918.9,A,https://bulks-faostat.fao.org/production/Production_Crops_Livestock_E_All_Data_(Normalized).zip,2026-09-05T00:37:44.601932+00:00,,Israel (FAO Area Code 105)
1982,Barley,Yield,5412,kg/ha,519.2,A,https://bulks-faostat.fao.org/production/Production_Crops_Livestock_E_All_Data_(Normalized).zip,2026-09-05T00:37:44.601932+00:00,,Israel (FAO Area Code 105)
1983,Barley,Yield,5412,kg/ha,1781.5,A,https://bulks-faostat.fao.org/production/Production_Crops_Livestock_E_All_Data_(Normalized).zip,2026-09-05T00:37:44.601932+00:00,,Israel (FAO Area Code 105)
1984,Barley,Yield,5412,kg/ha,610.2,A,https://bulks-faostat.fao.org/production/Production_Crops_Livestock_E_All_Data_(Normalized).zip,2026-09-05T00:37:44.601932+00:00,,Israel (FAO Area Code 105)
1985,Barley,Yield,5412,kg/ha,349.3,A,https://bulks-faostat.fao.org/production/Production_Crops_Livestock_E_All_Data_(Normalized).zip,2026-09-05T00:37:44.601932+00:00,,Israel (FAO Area Code 105)
1986,Barley,Yield,5412,kg/ha,633.5,A,https://bulks-faostat.fao.org/production/Production_Crops_Livestock_E_All_Data_(Normalized).zip,2026-09-05T00:37:44.601932+00:00,,Israel (FAO Area Code 105)
1987,Barley,Yield,5412,kg/ha,1354.9,A,https://bulks-faostat.fao.org/production/Production_Crops_Livestock_E_All_Data_(Normalized).zip,2026-09-05T00:37:44.601932+00:00,,Israel (FAO Area Code 105)
1988,Barley,Yield,5412,kg/ha,716.3,A,https://bulks-faostat.fao.org/production/Production_Crops_Livestock_E_All_Data_(Normalized).zip,2026-09-05T00:37:44.601932+00:00,,Israel (FAO Area Code 105)
1989,Barley,Yield,5412,kg/ha,244.4,A,https://bulks-faostat.fao.org/production/Production_Crops_Livestock_E_All_Data_(Normalized).zip,2026-09-05T00:37:44.601932+00:00,,Israel (FAO Area Code 105)
1990,Barley,Yield,5412,kg/ha,524.5,A,https://bulks-faostat.fao.org/production/Production_Crops_Livestock_E_All_Data_(Normalized).zip,2026-09-05T00:37:44.601932+00:00,,Israel (FAO Area Code 105)
1991,Barley,Yield,5412,kg/ha,484.6,A,https://bulks-faostat.fao.org/production/Production_Crops_Livestock_E_All_Data_(Normalized).zip,2026-09-05T00:37:44.601932+00:00,,Israel (FAO Area Code 105)
1992,Barley,Yield,5412,kg/ha,855.6,A,https://bulks-faostat.fao.org/production/Production_Crops_Livestock_E_All_Data_(Normalized).zip,2026-09-05T00:37:44.601932+00:00,,Israel (FAO Area Code 105)
1993,Barley,Yield,5412,kg/ha,657.4,A,https://bulks-faostat.fao.org/production/Production_Crops_Livestock_E_All_Data_(Normalized).zip,2026-09-05T00:37:44.601932+00:00,,Israel (FAO Area Code 105)
1994,Barley,Yield,5412,kg/ha,1160.1,E,https://bulks-faostat.fao.org/production/Production_Crops_Livestock_E_All_Data_(Normalized).zip,2026-09-05T00:37:44.601932+00:00,,Israel (FAO Area Code 105)
1995,Barley,Yield,5412,kg/ha,201.3,A,https://bulks-faostat.fao.org/production/Production_Crops_Livestock_E_All_Data_(Normalized).zip,2026-09-05T00:37:44.601932+00:00,,Israel (FAO Area Code 105)
1996,Barley,Yield,5412,kg/ha,375.6,E,https://bulks-faostat.fao.org/production/Production_Crops_Livestock_E_All_Data_(Normalized).zip,2026-09-05T00:37:44.601932+00:00,,Israel (FAO Area Code 105)
1997,Barley,Yield,5412,kg/ha,180.7,A,https://bulks-faostat.fao.org/production/Production_Crops_Livestock_E_All_Data_(Normalized).zip,2026-09-05T00:37:44.601932+00:00,,Israel (FAO Area Code 105)
1998,Barley,Yield,5412,kg/ha,328.5,A,https://bulks-faostat.fao.org/production/Production_Crops_Livestock_E_All_Data_(Normalized).zip,2026-09-05T00:37:44.601932+00:00,,Israel (FAO Area Code 105)
1999,Barley,Yield,5412,kg/ha,928.9,E,https://bulks-faostat.fao.org/production/Production_Crops_Livestock_E_All_Data_(Normalized).zip,2026-09-05T00:37:44.601932+00:00,,Israel (FAO Area Code 105)
2000,Barley,Yield,5412,kg/ha,1132.4,A,https://bulks-faostat.fao.org/production/Production_Crops_Livestock_E_All_Data_(Normalized).zip,2026-09-05T00:37:44.601932+00:00,,Israel (FAO Area Code 105)
2001,Barley,Yield,5412,kg/ha,1020.4,A,https://bulks-faostat.fao.org/production/Production_Crops_Livestock_E_All_Data_(Normalized).zip,2026-09-05T00:37:44.601932+00:00,,Israel (FAO Area Code 105)
2002,Barley,Yield,5412,kg/ha,1543.1,A,https://bulks-faostat.fao.org/production/Production_Crops_Livestock_E_All_Data_(Normalized).zip,2026-09-05T00:37:44.601932+00:00,,Israel (FAO Area Code 105)
2003,Barley,Yield,5412,kg/ha,1771.5,A,https://bulks-faostat.fao.org/production/Production_Crops_Livestock_E_All_Data_(Normalized).zip,2026-09-05T00:37:44.601932+00:00,,Israel (FAO Area Code 105)
2004,Barley,Yield,5412,kg/ha,1449.9,A,https://bulks-faostat.fao.org/production/Production_Crops_Livestock_E_All_Data_(Normalized).zip,2026-09-05T00:37:44.601932+00:00,,Israel (FAO Area Code 105)
2005,Barley,Yield,5412,kg/ha,1639.6,A,https://bulks-faostat.fao.org/production/Production_Crops_Livestock_E_All_Data_(Normalized).zip,2026-09-05T00:37:44.601932+00:00,,Israel (FAO Area Code 105)
2006,Barley,Yield,5412,kg/ha,1133.4,A,https://bulks-faostat.fao.org/production/Production_Crops_Livestock_E_All_Data_(Normalized).zip,2026-09-05T00:37:44.601932+00:00,,Israel (FAO Area Code 105)
2007,Barley,Yield,5412,kg/ha,1125.0,E,https://bulks-faostat.fao.org/production/Production_Crops_Livestock_E_All_Data_(Normalized).zip,2026-09-05T00:37:44.601932+00:00,,Israel (FAO Area Code 105)
2008,Barley,Yield,5412,kg/ha,864.8,A,https://bulks-faostat.fao.org/production/Production_Crops_Livestock_E_All_Data_(Normalized).zip,2026-09-05T00:37:44.601932+00:00,,Israel (FAO Area Code 105)
2009,Barley,Yield,5412,kg/ha,807.4,A,https://bulks-faostat.fao.org/production/Production_Crops_Livestock_E_All_Data_(Normalized).zip,2026-09-05T00:37:44.601932+00:00,,Israel (FAO Area Code 105)
2010,Barley,Yield,5412,kg/ha,827.7,A,https://bulks-faostat.fao.org/production/Production_Crops_Livestock_E_All_Data_(Normalized).zip,2026-09-05T00:37:44.601932+00:00,,Israel (FAO Area Code 105)
2011,Barley,Yield,5412,kg/ha,946.6,A,https://bulks-faostat.fao.org/production/Production_Crops_Livestock_E_All_Data_(Normalized).zip,2026-09-05T00:37:44.601932+00:00,,Israel (FAO Area Code 105)
2012,Barley,Yield,5412,kg/ha,3018.9,A,https://bulks-faostat.fao.org/production/Production_Crops_Livestock_E_All_Data_(Normalized).zip,2026-09-05T00:37:44.601932+00:00,,Israel (FAO Area Code 105)
2013,Barley,Yield,5412,kg/ha,2858.4,A,https://bulks-faostat.fao.org/production/Production_Crops_Livestock_E_All_Data_(Normalized).zip,2026-09-05T00:37:44.601932+00:00,,Israel (FAO Area Code 105)
2014,Barley,Yield,5412,kg/ha,2468.3,A,https://bulks-faostat.fao.org/production/Production_Crops_Livestock_E_All_Data_(Normalized).zip,2026-09-05T00:37:44.601932+00:00,,Israel (FAO Area Code 105)
2015,Barley,Yield,5412,kg/ha,2511.4,A,https://bulks-faostat.fao.org/production/Production_Crops_Livestock_E_All_Data_(Normalized).zip,2026-09-05T00:37:44.601932+00:00,,Israel (FAO Area Code 105)
2016,Barley,Yield,5412,kg/ha,2235.8,A,https://bulks-faostat.fao.org/production/Production_Crops_Livestock_E_All_Data_(Normalized).zip,2026-09-05T00:37:44.601932+00:00,,Israel (FAO Area Code 105)
2017,Barley,Yield,5412,kg/ha,2619.0,A,https://bulks-faostat.fao.org/production/Production_Crops_Livestock_E_All_Data_(Normalized).zip,2026-09-05T00:37:44.601932+00:00,,Israel (FAO Area Code 105)
2018,Barley,Yield,5412,kg/ha,1222.5,A,https://bulks-faostat.fao.org/production/Production_Crops_Livestock_E_All_Data_(Normalized).zip,2026-09-05T00:37:44.601932+00:00,,Israel (FAO Area Code 105)
2019,Barley,Yield,5412,kg/ha,2278.5,A,https://bulks-faostat.fao.org/production/Production_Crops_Livestock_E_All_Data_(Normalized).zip,2026-09-05T00:37:44.601932+00:00,,Israel (FAO Area Code 105)
2020,Barley,Yield,5412,kg/ha,2202.0,A,https://bulks-faostat.fao.org/production/Production_Crops_Livestock_E_All_Data_(Normalized).zip,2026-09-05T00:37:44.601932+00:00,,Israel (FAO Area Code 105)
2021,Barley,Yield,5412,kg/ha,1633.3,E,https://bulks-faostat.fao.org/production/Production_Crops_Livestock_E_All_Data_(Normalized).zip,2026-09-05T00:37:44.601932+00:00,,Israel (FAO Area Code 105)
2022,Barley,Yield,5412,kg/ha,1530.5,A,https://bulks-faostat.fao.org/production/Production_Crops_Livestock_E_All_Data_(Normalized).zip,2026-09-05T00:37:44.601932+00:00,,Israel (FAO Area Code 105)
2023,Barley,Yield,5412,kg/ha,1421.9,A,https://bulks-faostat.fao.org/production/Production_Crops_Livestock_E_All_Data_(Normalized).zip,2026-09-05T00:37:44.601932+00:00,,Israel (FAO Area Code 105)
2024,Barley,Yield,5412,kg/ha,1044.5,A,https://bulks-faostat.fao.org/production/Production_Crops_Livestock_E_All_Data_(Normalized).zip,2026-09-05T00:37:44.601932+00:00,,Israel (FAO Area Code 105)
1961,Barley,Production,5510,t,62500.0,A,https://bulks-faostat.fao.org/production/Production_Crops_Livestock_E_All_Data_(Normalized).zip,2026-09-05T00:37:44.601932+00:00,,Israel (FAO Area Code 105)
1962,Barley,Production,5510,t,48200.0,A,https://bulks-faostat.fao.org/production/Production_Crops_Livestock_E_All_Data_(Normalized).zip,2026-09-05T00:37:44.601932+00:00,,Israel (FAO Area Code 105)
1963,Barley,Production,5510,t,36300.0,A,https://bulks-faostat.fao.org/production/Production_Crops_Livestock_E_All_Data_(Normalized).zip,2026-09-05T00:37:44.601932+00:00,,Israel (FAO Area Code 105)
1964,Barley,Production,5510,t,116600.0,A,https://bulks-faostat.fao.org/production/Production_Crops_Livestock_E_All_Data_(Normalized).zip,2026-09-05T00:37:44.601932+00:00,,Israel (FAO Area Code 105)
1965,Barley,Production,5510,t,67400.0,A,https://bulks-faostat.fao.org/production/Production_Crops_Livestock_E_All_Data_(Normalized).zip,2026-09-05T00:37:44.601932+00:00,,Israel (FAO Area Code 105)
1966,Barley,Production,5510,t,21200.0,A,https://bulks-faostat.fao.org/production/Production_Crops_Livestock_E_All_Data_(Normalized).zip,2026-09-05T00:37:44.601932+00:00,,Israel (FAO Area Code 105)
1967,Barley,Production,5510,t,56000.0,A,https://bulks-faostat.fao.org/production/Production_Crops_Livestock_E_All_Data_(Normalized).zip,2026-09-05T00:37:44.601932+00:00,,Israel (FAO Area Code 105)
1968,Barley,Production,5510,t,24500.0,A,https://bulks-faostat.fao.org/production/Production_Crops_Livestock_E_All_Data_(Normalized).zip,2026-09-05T00:37:44.601932+00:00,,Israel (FAO Area Code 105)
1969,Barley,Production,5510,t,20500.0,A,https://bulks-faostat.fao.org/production/Production_Crops_Livestock_E_All_Data_(Normalized).zip,2026-09-05T00:37:44.601932+00:00,,Israel (FAO Area Code 105)
1970,Barley,Production,5510,t,13600.0,A,https://bulks-faostat.fao.org/production/Production_Crops_Livestock_E_All_Data_(Normalized).zip,2026-09-05T00:37:44.601932+00:00,,Israel (FAO Area Code 105)
1971,Barley,Production,5510,t,17600.0,A,https://bulks-faostat.fao.org/production/Production_Crops_Livestock_E_All_Data_(Normalized).zip,2026-09-05T00:37:44.601932+00:00,,Israel (FAO Area Code 105)
1972,Barley,Production,5510,t,32800.0,A,https://bulks-faostat.fao.org/production/Production_Crops_Livestock_E_All_Data_(Normalized).zip,2026-09-05T00:37:44.601932+00:00,,Israel (FAO Area Code 105)
1973,Barley,Production,5510,t,17900.0,A,https://bulks-faostat.fao.org/production/Production_Crops_Livestock_E_All_Data_(Normalized).zip,2026-09-05T00:37:44.601932+00:00,,Israel (FAO Area Code 105)
1974,Barley,Production,5510,t,30200.0,A,https://bulks-faostat.fao.org/production/Production_Crops_Livestock_E_All_Data_(Normalized).zip,2026-09-05T00:37:44.601932+00:00,,Israel (FAO Area Code 105)
1975,Barley,Production,5510,t,20600.0,A,https://bulks-faostat.fao.org/production/Production_Crops_Livestock_E_All_Data_(Normalized).zip,2026-09-05T00:37:44.601932+00:00,,Israel (FAO Area Code 105)
1976,Barley,Production,5510,t,18200.0,A,https://bulks-faostat.fao.org/production/Production_Crops_Livestock_E_All_Data_(Normalized).zip,2026-09-05T00:37:44.601932+00:00,,Israel (FAO Area Code 105)
1977,Barley,Production,5510,t,16600.0,A,https://bulks-faostat.fao.org/production/Production_Crops_Livestock_E_All_Data_(Normalized).zip,2026-09-05T00:37:44.601932+00:00,,Israel (FAO Area Code 105)
1978,Barley,Production,5510,t,8000.0,A,https://bulks-faostat.fao.org/production/Production_Crops_Livestock_E_All_Data_(Normalized).zip,2026-09-05T00:37:44.601932+00:00,,Israel (FAO Area Code 105)
1979,Barley,Production,5510,t,6000.0,A,https://bulks-faostat.fao.org/production/Production_Crops_Livestock_E_All_Data_(Normalized).zip,2026-09-05T00:37:44.601932+00:00,,Israel (FAO Area Code 105)
1980,Barley,Production,5510,t,28900.0,A,https://bulks-faostat.fao.org/production/Production_Crops_Livestock_E_All_Data_(Normalized).zip,2026-09-05T00:37:44.601932+00:00,,Israel (FAO Area Code 105)
1981,Barley,Production,5510,t,20400.0,A,https://bulks-faostat.fao.org/production/Production_Crops_Livestock_E_All_Data_(Normalized).zip,2026-09-05T00:37:44.601932+00:00,,Israel (FAO Area Code 105)
1982,Barley,Production,5510,t,13000.0,A,https://bulks-faostat.fao.org/production/Production_Crops_Livestock_E_All_Data_(Normalized).zip,2026-09-05T00:37:44.601932+00:00,,Israel (FAO Area Code 105)
1983,Barley,Production,5510,t,38000.0,A,https://bulks-faostat.fao.org/production/Production_Crops_Livestock_E_All_Data_(Normalized).zip,2026-09-05T00:37:44.601932+00:00,,Israel (FAO Area Code 105)
1984,Barley,Production,5510,t,8500.0,A,https://bulks-faostat.fao.org/production/Production_Crops_Livestock_E_All_Data_(Normalized).zip,2026-09-05T00:37:44.601932+00:00,,Israel (FAO Area Code 105)
1985,Barley,Production,5510,t,6500.0,A,https://bulks-faostat.fao.org/production/Production_Crops_Livestock_E_All_Data_(Normalized).zip,2026-09-05T00:37:44.601932+00:00,,Israel (FAO Area Code 105)
1986,Barley,Production,5510,t,11200.0,A,https://bulks-faostat.fao.org/production/Production_Crops_Livestock_E_All_Data_(Normalized).zip,2026-09-05T00:37:44.601932+00:00,,Israel (FAO Area Code 105)
1987,Barley,Production,5510,t,20500.0,A,https://bulks-faostat.fao.org/production/Production_Crops_Livestock_E_All_Data_(Normalized).zip,2026-09-05T00:37:44.601932+00:00,,Israel (FAO Area Code 105)
1988,Barley,Production,5510,t,10000.0,A,https://bulks-faostat.fao.org/production/Production_Crops_Livestock_E_All_Data_(Normalized).zip,2026-09-05T00:37:44.601932+00:00,,Israel (FAO Area Code 105)
1989,Barley,Production,5510,t,3500.0,A,https://bulks-faostat.fao.org/production/Production_Crops_Livestock_E_All_Data_(Normalized).zip,2026-09-05T00:37:44.601932+00:00,,Israel (FAO Area Code 105)
1990,Barley,Production,5510,t,7700.0,A,https://bulks-faostat.fao.org/production/Production_Crops_Livestock_E_All_Data_(Normalized).zip,2026-09-05T00:37:44.601932+00:00,,Israel (FAO Area Code 105)
1991,Barley,Production,5510,t,6400.0,A,https://bulks-faostat.fao.org/production/Production_Crops_Livestock_E_All_Data_(Normalized).zip,2026-09-05T00:37:44.601932+00:00,,Israel (FAO Area Code 105)
1992,Barley,Production,5510,t,9000.0,A,https://bulks-faostat.fao.org/production/Production_Crops_Livestock_E_All_Data_(Normalized).zip,2026-09-05T00:37:44.601932+00:00,,Israel (FAO Area Code 105)
1993,Barley,Production,5510,t,8200.0,A,https://bulks-faostat.fao.org/production/Production_Crops_Livestock_E_All_Data_(Normalized).zip,2026-09-05T00:37:44.601932+00:00,,Israel (FAO Area Code 105)
1994,Barley,Production,5510,t,14000.0,X,https://bulks-faostat.fao.org/production/Production_Crops_Livestock_E_All_Data_(Normalized).zip,2026-09-05T00:37:44.601932+00:00,,Israel (FAO Area Code 105)
1995,Barley,Production,5510,t,2300.0,A,https://bulks-faostat.fao.org/production/Production_Crops_Livestock_E_All_Data_(Normalized).zip,2026-09-05T00:37:44.601932+00:00,,Israel (FAO Area Code 105)
1996,Barley,Production,5510,t,2400.0,X,https://bulks-faostat.fao.org/production/Production_Crops_Livestock_E_All_Data_(Normalized).zip,2026-09-05T00:37:44.601932+00:00,,Israel (FAO Area Code 105)
1997,Barley,Production,5510,t,1200.0,A,https://bulks-faostat.fao.org/production/Production_Crops_Livestock_E_All_Data_(Normalized).zip,2026-09-05T00:37:44.601932+00:00,,Israel (FAO Area Code 105)
1998,Barley,Production,5510,t,2500.0,A,https://bulks-faostat.fao.org/production/Production_Crops_Livestock_E_All_Data_(Normalized).zip,2026-09-05T00:37:44.601932+00:00,,Israel (FAO Area Code 105)
1999,Barley,Production,5510,t,2000.0,X,https://bulks-faostat.fao.org/production/Production_Crops_Livestock_E_All_Data_(Normalized).zip,2026-09-05T00:37:44.601932+00:00,,Israel (FAO Area Code 105)
2000,Barley,Production,5510,t,2300.0,A,https://bulks-faostat.fao.org/production/Production_Crops_Livestock_E_All_Data_(Normalized).zip,2026-09-05T00:37:44.601932+00:00,,Israel (FAO Area Code 105)
2001,Barley,Production,5510,t,9000.0,A,https://bulks-faostat.fao.org/production/Production_Crops_Livestock_E_All_Data_(Normalized).zip,2026-09-05T00:37:44.601932+00:00,,Israel (FAO Area Code 105)
2002,Barley,Production,5510,t,12900.0,A,https://bulks-faostat.fao.org/production/Production_Crops_Livestock_E_All_Data_(Normalized).zip,2026-09-05T00:37:44.601932+00:00,,Israel (FAO Area Code 105)
2003,Barley,Production,5510,t,13800.0,A,https://bulks-faostat.fao.org/production/Production_Crops_Livestock_E_All_Data_(Normalized).zip,2026-09-05T00:37:44.601932+00:00,,Israel (FAO Area Code 105)
2004,Barley,Production,5510,t,10700.0,A,https://bulks-faostat.fao.org/production/Production_Crops_Livestock_E_All_Data_(Normalized).zip,2026-09-05T00:37:44.601932+00:00,,Israel (FAO Area Code 105)
2005,Barley,Production,5510,t,12100.0,A,https://bulks-faostat.fao.org/production/Production_Crops_Livestock_E_All_Data_(Normalized).zip,2026-09-05T00:37:44.601932+00:00,,Israel (FAO Area Code 105)
2006,Barley,Production,5510,t,8625.0,A,https://bulks-faostat.fao.org/production/Production_Crops_Livestock_E_All_Data_(Normalized).zip,2026-09-05T00:37:44.601932+00:00,,Israel (FAO Area Code 105)
2007,Barley,Production,5510,t,8550.0,A,https://bulks-faostat.fao.org/production/Production_Crops_Livestock_E_All_Data_(Normalized).zip,2026-09-05T00:37:44.601932+00:00,,Israel (FAO Area Code 105)
2008,Barley,Production,5510,t,5500.0,A,https://bulks-faostat.fao.org/production/Production_Crops_Livestock_E_All_Data_(Normalized).zip,2026-09-05T00:37:44.601932+00:00,,Israel (FAO Area Code 105)
2009,Barley,Production,5510,t,5135.0,A,https://bulks-faostat.fao.org/production/Production_Crops_Livestock_E_All_Data_(Normalized).zip,2026-09-05T00:37:44.601932+00:00,,Israel (FAO Area Code 105)
2010,Barley,Production,5510,t,4387.0,A,https://bulks-faostat.fao.org/production/Production_Crops_Livestock_E_All_Data_(Normalized).zip,2026-09-05T00:37:44.601932+00:00,,Israel (FAO Area Code 105)
2011,Barley,Production,5510,t,4979.0,A,https://bulks-faostat.fao.org/production/Production_Crops_Livestock_E_All_Data_(Normalized).zip,2026-09-05T00:37:44.601932+00:00,,Israel (FAO Area Code 105)
2012,Barley,Production,5510,t,16000.0,A,https://bulks-faostat.fao.org/production/Production_Crops_Livestock_E_All_Data_(Normalized).zip,2026-09-05T00:37:44.601932+00:00,,Israel (FAO Area Code 105)
2013,Barley,Production,5510,t,15750.0,A,https://bulks-faostat.fao.org/production/Production_Crops_Livestock_E_All_Data_(Normalized).zip,2026-09-05T00:37:44.601932+00:00,,Israel (FAO Area Code 105)
2014,Barley,Production,5510,t,15000.0,A,https://bulks-faostat.fao.org/production/Production_Crops_Livestock_E_All_Data_(Normalized).zip,2026-09-05T00:37:44.601932+00:00,,Israel (FAO Area Code 105)
2015,Barley,Production,5510,t,16500.0,A,https://bulks-faostat.fao.org/production/Production_Crops_Livestock_E_All_Data_(Normalized).zip,2026-09-05T00:37:44.601932+00:00,,Israel (FAO Area Code 105)
2016,Barley,Production,5510,t,13750.0,A,https://bulks-faostat.fao.org/production/Production_Crops_Livestock_E_All_Data_(Normalized).zip,2026-09-05T00:37:44.601932+00:00,,Israel (FAO Area Code 105)
2017,Barley,Production,5510,t,13750.0,A,https://bulks-faostat.fao.org/production/Production_Crops_Livestock_E_All_Data_(Normalized).zip,2026-09-05T00:37:44.601932+00:00,,Israel (FAO Area Code 105)
2018,Barley,Production,5510,t,5000.0,A,https://bulks-faostat.fao.org/production/Production_Crops_Livestock_E_All_Data_(Normalized).zip,2026-09-05T00:37:44.601932+00:00,,Israel (FAO Area Code 105)
2019,Barley,Production,5510,t,10800.0,A,https://bulks-faostat.fao.org/production/Production_Crops_Livestock_E_All_Data_(Normalized).zip,2026-09-05T00:37:44.601932+00:00,,Israel (FAO Area Code 105)
2020,Barley,Production,5510,t,15480.0,A,https://bulks-faostat.fao.org/production/Production_Crops_Livestock_E_All_Data_(Normalized).zip,2026-09-05T00:37:44.601932+00:00,,Israel (FAO Area Code 105)
2021,Barley,Production,5510,t,9800.0,A,https://bulks-faostat.fao.org/production/Production_Crops_Livestock_E_All_Data_(Normalized).zip,2026-09-05T00:37:44.601932+00:00,,Israel (FAO Area Code 105)
2022,Barley,Production,5510,t,9800.0,A,https://bulks-faostat.fao.org/production/Production_Crops_Livestock_E_All_Data_(Normalized).zip,2026-09-05T00:37:44.601932+00:00,,Israel (FAO Area Code 105)
2023,Barley,Production,5510,t,11200.0,A,https://bulks-faostat.fao.org/production/Production_Crops_Livestock_E_All_Data_(Normalized).zip,2026-09-05T00:37:44.601932+00:00,,Israel (FAO Area Code 105)
2024,Barley,Production,5510,t,7200.0,A,https://bulks-faostat.fao.org/production/Production_Crops_Livestock_E_All_Data_(Normalized).zip,2026-09-05T00:37:44.601932+00:00,,Israel (FAO Area Code 105)
1961,"Citrus Fruit, Total",Area harvested,5312,ha,26500.0,E,https://bulks-faostat.fao.org/production/Production_Crops_Livestock_E_All_Data_(Normalized).zip,2026-09-05T00:37:44.601932+00:00,,Israel (FAO Area Code 105)
1962,"Citrus Fruit, Total",Area harvested,5312,ha,27100.0,E,https://bulks-faostat.fao.org/production/Production_Crops_Livestock_E_All_Data_(Normalized).zip,2026-09-05T00:37:44.601932+00:00,,Israel (FAO Area Code 105)
1963,"Citrus Fruit, Total",Area harvested,5312,ha,37600.0,E,https://bulks-faostat.fao.org/production/Production_Crops_Livestock_E_All_Data_(Normalized).zip,2026-09-05T00:37:44.601932+00:00,,Israel (FAO Area Code 105)
1964,"Citrus Fruit, Total",Area harvested,5312,ha,38600.0,E,https://bulks-faostat.fao.org/production/Production_Crops_Livestock_E_All_Data_(Normalized).zip,2026-09-05T00:37:44.601932+00:00,,Israel (FAO Area Code 105)
1965,"Citrus Fruit, Total",Area harvested,5312,ha,39600.0,E,https://bulks-faostat.fao.org/production/Production_Crops_Livestock_E_All_Data_(Normalized).zip,2026-09-05T00:37:44.601932+00:00,,Israel (FAO Area Code 105)
1966,"Citrus Fruit, Total",Area harvested,5312,ha,42900.0,E,https://bulks-faostat.fao.org/production/Production_Crops_Livestock_E_All_Data_(Normalized).zip,2026-09-05T00:37:44.601932+00:00,,Israel (FAO Area Code 105)
1967,"Citrus Fruit, Total",Area harvested,5312,ha,42200.0,E,https://bulks-faostat.fao.org/production/Production_Crops_Livestock_E_All_Data_(Normalized).zip,2026-09-05T00:37:44.601932+00:00,,Israel (FAO Area Code 105)
1968,"Citrus Fruit, Total",Area harvested,5312,ha,42200.0,E,https://bulks-faostat.fao.org/production/Production_Crops_Livestock_E_All_Data_(Normalized).zip,2026-09-05T00:37:44.601932+00:00,,Israel (FAO Area Code 105)
1969,"Citrus Fruit, Total",Area harvested,5312,ha,42200.0,E,https://bulks-faostat.fao.org/production/Production_Crops_Livestock_E_All_Data_(Normalized).zip,2026-09-05T00:37:44.601932+00:00,,Israel (FAO Area Code 105)
1970,"Citrus Fruit, Total",Area harvested,5312,ha,39600.0,E,https://bulks-faostat.fao.org/production/Production_Crops_Livestock_E_All_Data_(Normalized).zip,2026-09-05T00:37:44.601932+00:00,,Israel (FAO Area Code 105)
1971,"Citrus Fruit, Total",Area harvested,5312,ha,40700.0,E,https://bulks-faostat.fao.org/production/Production_Crops_Livestock_E_All_Data_(Normalized).zip,2026-09-05T00:37:44.601932+00:00,,Israel (FAO Area Code 105)
1972,"Citrus Fruit, Total",Area harvested,5312,ha,39700.0,E,https://bulks-faostat.fao.org/production/Production_Crops_Livestock_E_All_Data_(Normalized).zip,2026-09-05T00:37:44.601932+00:00,,Israel (FAO Area Code 105)
1973,"Citrus Fruit, Total",Area harvested,5312,ha,43300.0,E,https://bulks-faostat.fao.org/production/Production_Crops_Livestock_E_All_Data_(Normalized).zip,2026-09-05T00:37:44.601932+00:00,,Israel (FAO Area Code 105)
1974,"Citrus Fruit, Total",Area harvested,5312,ha,43400.0,E,https://bulks-faostat.fao.org/production/Production_Crops_Livestock_E_All_Data_(Normalized).zip,2026-09-05T00:37:44.601932+00:00,,Israel (FAO Area Code 105)
1975,"Citrus Fruit, Total",Area harvested,5312,ha,40400.0,E,https://bulks-faostat.fao.org/production/Production_Crops_Livestock_E_All_Data_(Normalized).zip,2026-09-05T00:37:44.601932+00:00,,Israel (FAO Area Code 105)
1976,"Citrus Fruit, Total",Area harvested,5312,ha,40650.0,E,https://bulks-faostat.fao.org/production/Production_Crops_Livestock_E_All_Data_(Normalized).zip,2026-09-05T00:37:44.601932+00:00,,Israel (FAO Area Code 105)
1977,"Citrus Fruit, Total",Area harvested,5312,ha,39710.0,E,https://bulks-faostat.fao.org/production/Production_Crops_Livestock_E_All_Data_(Normalized).zip,2026-09-05T00:37:44.601932+00:00,,Israel (FAO Area Code 105)
1978,"Citrus Fruit, Total",Area harvested,5312,ha,39850.0,E,https://bulks-faostat.fao.org/production/Production_Crops_Livestock_E_All_Data_(Normalized).zip,2026-09-05T00:37:44.601932+00:00,,Israel (FAO Area Code 105)
1979,"Citrus Fruit, Total",Area harvested,5312,ha,39050.0,A,https://bulks-faostat.fao.org/production/Production_Crops_Livestock_E_All_Data_(Normalized).zip,2026-09-05T00:37:44.601932+00:00,,Israel (FAO Area Code 105)
1980,"Citrus Fruit, Total",Area harvested,5312,ha,38600.0,E,https://bulks-faostat.fao.org/production/Production_Crops_Livestock_E_All_Data_(Normalized).zip,2026-09-05T00:37:44.601932+00:00,,Israel (FAO Area Code 105)
1981,"Citrus Fruit, Total",Area harvested,5312,ha,40455.0,A,https://bulks-faostat.fao.org/production/Production_Crops_Livestock_E_All_Data_(Normalized).zip,2026-09-05T00:37:44.601932+00:00,,Israel (FAO Area Code 105)
1982,"Citrus Fruit, Total",Area harvested,5312,ha,38510.0,A,https://bulks-faostat.fao.org/production/Production_Crops_Livestock_E_All_Data_(Normalized).zip,2026-09-05T00:37:44.601932+00:00,,Israel (FAO Area Code 105)
1983,"Citrus Fruit, Total",Area harvested,5312,ha,35015.0,A,https://bulks-faostat.fao.org/production/Production_Crops_Livestock_E_All_Data_(Normalized).zip,2026-09-05T00:37:44.601932+00:00,,Israel (FAO Area Code 105)
1984,"Citrus Fruit, Total",Area harvested,5312,ha,36480.0,A,https://bulks-faostat.fao.org/production/Production_Crops_Livestock_E_All_Data_(Normalized).zip,2026-09-05T00:37:44.601932+00:00,,Israel (FAO Area Code 105)
1985,"Citrus Fruit, Total",Area harvested,5312,ha,35990.0,A,https://bulks-faostat.fao.org/production/Production_Crops_Livestock_E_All_Data_(Normalized).zip,2026-09-05T00:37:44.601932+00:00,,Israel (FAO Area Code 105)
1986,"Citrus Fruit, Total",Area harvested,5312,ha,35990.0,A,https://bulks-faostat.fao.org/production/Production_Crops_Livestock_E_All_Data_(Normalized).zip,2026-09-05T00:37:44.601932+00:00,,Israel (FAO Area Code 105)
1987,"Citrus Fruit, Total",Area harvested,5312,ha,33600.0,A,https://bulks-faostat.fao.org/production/Production_Crops_Livestock_E_All_Data_(Normalized).zip,2026-09-05T00:37:44.601932+00:00,,Israel (FAO Area Code 105)
1988,"Citrus Fruit, Total",Area harvested,5312,ha,32540.0,E,https://bulks-faostat.fao.org/production/Production_Crops_Livestock_E_All_Data_(Normalized).zip,2026-09-05T00:37:44.601932+00:00,,Israel (FAO Area Code 105)
1989,"Citrus Fruit, Total",Area harvested,5312,ha,32660.0,E,https://bulks-faostat.fao.org/production/Production_Crops_Livestock_E_All_Data_(Normalized).zip,2026-09-05T00:37:44.601932+00:00,,Israel (FAO Area Code 105)
1990,"Citrus Fruit, Total",Area harvested,5312,ha,31940.0,A,https://bulks-faostat.fao.org/production/Production_Crops_Livestock_E_All_Data_(Normalized).zip,2026-09-05T00:37:44.601932+00:00,,Israel (FAO Area Code 105)
1991,"Citrus Fruit, Total",Area harvested,5312,ha,30217.0,A,https://bulks-faostat.fao.org/production/Production_Crops_Livestock_E_All_Data_(Normalized).zip,2026-09-05T00:37:44.601932+00:00,,Israel (FAO Area Code 105)
1992,"Citrus Fruit, Total",Area harvested,5312,ha,29507.0,A,https://bulks-faostat.fao.org/production/Production_Crops_Livestock_E_All_Data_(Normalized).zip,2026-09-05T00:37:44.601932+00:00,,Israel (FAO Area Code 105)
1993,"Citrus Fruit, Total",Area harvested,5312,ha,34329.0,A,https://bulks-faostat.fao.org/production/Production_Crops_Livestock_E_All_Data_(Normalized).zip,2026-09-05T00:37:44.601932+00:00,,Israel (FAO Area Code 105)
1994,"Citrus Fruit, Total",Area harvested,5312,ha,31971.0,A,https://bulks-faostat.fao.org/production/Production_Crops_Livestock_E_All_Data_(Normalized).zip,2026-09-05T00:37:44.601932+00:00,,Israel (FAO Area Code 105)
1995,"Citrus Fruit, Total",Area harvested,5312,ha,29235.0,A,https://bulks-faostat.fao.org/production/Production_Crops_Livestock_E_All_Data_(Normalized).zip,2026-09-05T00:37:44.601932+00:00,,Israel (FAO Area Code 105)
1996,"Citrus Fruit, Total",Area harvested,5312,ha,29288.0,A,https://bulks-faostat.fao.org/production/Production_Crops_Livestock_E_All_Data_(Normalized).zip,2026-09-05T00:37:44.601932+00:00,,Israel (FAO Area Code 105)
1997,"Citrus Fruit, Total",Area harvested,5312,ha,27820.0,E,https://bulks-faostat.fao.org/production/Production_Crops_Livestock_E_All_Data_(Normalized).zip,2026-09-05T00:37:44.601932+00:00,,Israel (FAO Area Code 105)
1998,"Citrus Fruit, Total",Area harvested,5312,ha,29355.0,E,https://bulks-faostat.fao.org/production/Production_Crops_Livestock_E_All_Data_(Normalized).zip,2026-09-05T00:37:44.601932+00:00,,Israel (FAO Area Code 105)
1999,"Citrus Fruit, Total",Area harvested,5312,ha,24367.0,A,https://bulks-faostat.fao.org/production/Production_Crops_Livestock_E_All_Data_(Normalized).zip,2026-09-05T00:37:44.601932+00:00,,Israel (FAO Area Code 105)
2000,"Citrus Fruit, Total",Area harvested,5312,ha,22672.0,A,https://bulks-faostat.fao.org/production/Production_Crops_Livestock_E_All_Data_(Normalized).zip,2026-09-05T00:37:44.601932+00:00,,Israel (FAO Area Code 105)
2001,"Citrus Fruit, Total",Area harvested,5312,ha,17370.0,E,https://bulks-faostat.fao.org/production/Production_Crops_Livestock_E_All_Data_(Normalized).zip,2026-09-05T00:37:44.601932+00:00,,Israel (FAO Area Code 105)
2002,"Citrus Fruit, Total",Area harvested,5312,ha,17226.0,A,https://bulks-faostat.fao.org/production/Production_Crops_Livestock_E_All_Data_(Normalized).zip,2026-09-05T00:37:44.601932+00:00,,Israel (FAO Area Code 105)
2003,"Citrus Fruit, Total",Area harvested,5312,ha,17413.0,A,https://bulks-faostat.fao.org/production/Production_Crops_Livestock_E_All_Data_(Normalized).zip,2026-09-05T00:37:44.601932+00:00,,Israel (FAO Area Code 105)
2004,"Citrus Fruit, Total",Area harvested,5312,ha,18095.0,E,https://bulks-faostat.fao.org/production/Production_Crops_Livestock_E_All_Data_(Normalized).zip,2026-09-05T00:37:44.601932+00:00,,Israel (FAO Area Code 105)
2005,"Citrus Fruit, Total",Area harvested,5312,ha,15868.0,A,https://bulks-faostat.fao.org/production/Production_Crops_Livestock_E_All_Data_(Normalized).zip,2026-09-05T00:37:44.601932+00:00,,Israel (FAO Area Code 105)
2006,"Citrus Fruit, Total",Area harvested,5312,ha,16034.0,A,https://bulks-faostat.fao.org/production/Production_Crops_Livestock_E_All_Data_(Normalized).zip,2026-09-05T00:37:44.601932+00:00,,Israel (FAO Area Code 105)
2007,"Citrus Fruit, Total",Area harvested,5312,ha,18585.0,X,https://bulks-faostat.fao.org/production/Production_Crops_Livestock_E_All_Data_(Normalized).zip,2026-09-05T00:37:44.601932+00:00,,Israel (FAO Area Code 105)
2008,"Citrus Fruit, Total",Area harvested,5312,ha,17256.0,A,https://bulks-faostat.fao.org/production/Production_Crops_Livestock_E_All_Data_(Normalized).zip,2026-09-05T00:37:44.601932+00:00,,Israel (FAO Area Code 105)
2009,"Citrus Fruit, Total",Area harvested,5312,ha,17039.0,A,https://bulks-faostat.fao.org/production/Production_Crops_Livestock_E_All_Data_(Normalized).zip,2026-09-05T00:37:44.601932+00:00,,Israel (FAO Area Code 105)
2010,"Citrus Fruit, Total",Area harvested,5312,ha,17854.0,E,https://bulks-faostat.fao.org/production/Production_Crops_Livestock_E_All_Data_(Normalized).zip,2026-09-05T00:37:44.601932+00:00,,Israel (FAO Area Code 105)
2011,"Citrus Fruit, Total",Area harvested,5312,ha,17008.0,E,https://bulks-faostat.fao.org/production/Production_Crops_Livestock_E_All_Data_(Normalized).zip,2026-09-05T00:37:44.601932+00:00,,Israel (FAO Area Code 105)
2012,"Citrus Fruit, Total",Area harvested,5312,ha,20237.0,A,https://bulks-faostat.fao.org/production/Production_Crops_Livestock_E_All_Data_(Normalized).zip,2026-09-05T00:37:44.601932+00:00,,Israel (FAO Area Code 105)
2013,"Citrus Fruit, Total",Area harvested,5312,ha,20689.0,A,https://bulks-faostat.fao.org/production/Production_Crops_Livestock_E_All_Data_(Normalized).zip,2026-09-05T00:37:44.601932+00:00,,Israel (FAO Area Code 105)
2014,"Citrus Fruit, Total",Area harvested,5312,ha,20092.0,A,https://bulks-faostat.fao.org/production/Production_Crops_Livestock_E_All_Data_(Normalized).zip,2026-09-05T00:37:44.601932+00:00,,Israel (FAO Area Code 105)
2015,"Citrus Fruit, Total",Area harvested,5312,ha,22539.0,A,https://bulks-faostat.fao.org/production/Production_Crops_Livestock_E_All_Data_(Normalized).zip,2026-09-05T00:37:44.601932+00:00,,Israel (FAO Area Code 105)
2016,"Citrus Fruit, Total",Area harvested,5312,ha,20774.0,A,https://bulks-faostat.fao.org/production/Production_Crops_Livestock_E_All_Data_(Normalized).zip,2026-09-05T00:37:44.601932+00:00,,Israel (FAO Area Code 105)
2017,"Citrus Fruit, Total",Area harvested,5312,ha,18905.0,A,https://bulks-faostat.fao.org/production/Production_Crops_Livestock_E_All_Data_(Normalized).zip,2026-09-05T00:37:44.601932+00:00,,Israel (FAO Area Code 105)
2018,"Citrus Fruit, Total",Area harvested,5312,ha,22561.0,A,https://bulks-faostat.fao.org/production/Production_Crops_Livestock_E_All_Data_(Normalized).zip,2026-09-05T00:37:44.601932+00:00,,Israel (FAO Area Code 105)
2019,"Citrus Fruit, Total",Area harvested,5312,ha,21223.0,A,https://bulks-faostat.fao.org/production/Production_Crops_Livestock_E_All_Data_(Normalized).zip,2026-09-05T00:37:44.601932+00:00,,Israel (FAO Area Code 105)
2020,"Citrus Fruit, Total",Area harvested,5312,ha,19985.0,A,https://bulks-faostat.fao.org/production/Production_Crops_Livestock_E_All_Data_(Normalized).zip,2026-09-05T00:37:44.601932+00:00,,Israel (FAO Area Code 105)
2021,"Citrus Fruit, Total",Area harvested,5312,ha,20824.0,A,https://bulks-faostat.fao.org/production/Production_Crops_Livestock_E_All_Data_(Normalized).zip,2026-09-05T00:37:44.601932+00:00,,Israel (FAO Area Code 105)
2022,"Citrus Fruit, Total",Area harvested,5312,ha,18449.0,A,https://bulks-faostat.fao.org/production/Production_Crops_Livestock_E_All_Data_(Normalized).zip,2026-09-05T00:37:44.601932+00:00,,Israel (FAO Area Code 105)
2023,"Citrus Fruit, Total",Area harvested,5312,ha,17427.0,A,https://bulks-faostat.fao.org/production/Production_Crops_Livestock_E_All_Data_(Normalized).zip,2026-09-05T00:37:44.601932+00:00,,Israel (FAO Area Code 105)
2024,"Citrus Fruit, Total",Area harvested,5312,ha,14953.0,E,https://bulks-faostat.fao.org/production/Production_Crops_Livestock_E_All_Data_(Normalized).zip,2026-09-05T00:37:44.601932+00:00,,Israel (FAO Area Code 105)
1961,"Citrus Fruit, Total",Yield,5412,kg/ha,19460.4,E,https://bulks-faostat.fao.org/production/Production_Crops_Livestock_E_All_Data_(Normalized).zip,2026-09-05T00:37:44.601932+00:00,,Israel (FAO Area Code 105)
1962,"Citrus Fruit, Total",Yield,5412,kg/ha,20649.4,E,https://bulks-faostat.fao.org/production/Production_Crops_Livestock_E_All_Data_(Normalized).zip,2026-09-05T00:37:44.601932+00:00,,Israel (FAO Area Code 105)
1963,"Citrus Fruit, Total",Yield,5412,kg/ha,19585.1,E,https://bulks-faostat.fao.org/production/Production_Crops_Livestock_E_All_Data_(Normalized).zip,2026-09-05T00:37:44.601932+00:00,,Israel (FAO Area Code 105)
1964,"Citrus Fruit, Total",Yield,5412,kg/ha,21734.5,E,https://bulks-faostat.fao.org/production/Production_Crops_Livestock_E_All_Data_(Normalized).zip,2026-09-05T00:37:44.601932+00:00,,Israel (FAO Area Code 105)
1965,"Citrus Fruit, Total",Yield,5412,kg/ha,22176.8,E,https://bulks-faostat.fao.org/production/Production_Crops_Livestock_E_All_Data_(Normalized).zip,2026-09-05T00:37:44.601932+00:00,,Israel (FAO Area Code 105)
1966,"Citrus Fruit, Total",Yield,5412,kg/ha,21129.4,E,https://bulks-faostat.fao.org/production/Production_Crops_Livestock_E_All_Data_(Normalized).zip,2026-09-05T00:37:44.601932+00:00,,Israel (FAO Area Code 105)
1967,"Citrus Fruit, Total",Yield,5412,kg/ha,25639.8,E,https://bulks-faostat.fao.org/production/Production_Crops_Livestock_E_All_Data_(Normalized).zip,2026-09-05T00:37:44.601932+00:00,,Israel (FAO Area Code 105)
1968,"Citrus Fruit, Total",Yield,5412,kg/ha,29984.4,E,https://bulks-faostat.fao.org/production/Production_Crops_Livestock_E_All_Data_(Normalized).zip,2026-09-05T00:37:44.601932+00:00,,Israel (FAO Area Code 105)
1969,"Citrus Fruit, Total",Yield,5412,kg/ha,27917.1,E,https://bulks-faostat.fao.org/production/Production_Crops_Livestock_E_All_Data_(Normalized).zip,2026-09-05T00:37:44.601932+00:00,,Israel (FAO Area Code 105)
1970,"Citrus Fruit, Total",Yield,5412,kg/ha,31866.8,E,https://bulks-faostat.fao.org/production/Production_Crops_Livestock_E_All_Data_(Normalized).zip,2026-09-05T00:37:44.601932+00:00,,Israel (FAO Area Code 105)
1971,"Citrus Fruit, Total",Yield,5412,kg/ha,37186.7,E,https://bulks-faostat.fao.org/production/Production_Crops_Livestock_E_All_Data_(Normalized).zip,2026-09-05T00:37:44.601932+00:00,,Israel (FAO Area Code 105)
1972,"Citrus Fruit, Total",Yield,5412,kg/ha,39113.4,E,https://bulks-faostat.fao.org/production/Production_Crops_Livestock_E_All_Data_(Normalized).zip,2026-09-05T00:37:44.601932+00:00,,Israel (FAO Area Code 105)
1973,"Citrus Fruit, Total",Yield,5412,kg/ha,39092.4,E,https://bulks-faostat.fao.org/production/Production_Crops_Livestock_E_All_Data_(Normalized).zip,2026-09-05T00:37:44.601932+00:00,,Israel (FAO Area Code 105)
1974,"Citrus Fruit, Total",Yield,5412,kg/ha,39218.9,E,https://bulks-faostat.fao.org/production/Production_Crops_Livestock_E_All_Data_(Normalized).zip,2026-09-05T00:37:44.601932+00:00,,Israel (FAO Area Code 105)
1975,"Citrus Fruit, Total",Yield,5412,kg/ha,37378.7,E,https://bulks-faostat.fao.org/production/Production_Crops_Livestock_E_All_Data_(Normalized).zip,2026-09-05T00:37:44.601932+00:00,,Israel (FAO Area Code 105)
1976,"Citrus Fruit, Total",Yield,5412,kg/ha,37827.8,E,https://bulks-faostat.fao.org/production/Production_Crops_Livestock_E_All_Data_(Normalized).zip,2026-09-05T00:37:44.601932+00:00,,Israel (FAO Area Code 105)
1977,"Citrus Fruit, Total",Yield,5412,kg/ha,38710.7,E,https://bulks-faostat.fao.org/production/Production_Crops_Livestock_E_All_Data_(Normalized).zip,2026-09-05T00:37:44.601932+00:00,,Israel (FAO Area Code 105)
1978,"Citrus Fruit, Total",Yield,5412,kg/ha,37405.3,E,https://bulks-faostat.fao.org/production/Production_Crops_Livestock_E_All_Data_(Normalized).zip,2026-09-05T00:37:44.601932+00:00,,Israel (FAO Area Code 105)
1979,"Citrus Fruit, Total",Yield,5412,kg/ha,40455.8,A,https://bulks-faostat.fao.org/production/Production_Crops_Livestock_E_All_Data_(Normalized).zip,2026-09-05T00:37:44.601932+00:00,,Israel (FAO Area Code 105)
1980,"Citrus Fruit, Total",Yield,5412,kg/ha,40255.2,E,https://bulks-faostat.fao.org/production/Production_Crops_Livestock_E_All_Data_(Normalized).zip,2026-09-05T00:37:44.601932+00:00,,Israel (FAO Area Code 105)
1981,"Citrus Fruit, Total",Yield,5412,kg/ha,35110.6,A,https://bulks-faostat.fao.org/production/Production_Crops_Livestock_E_All_Data_(Normalized).zip,2026-09-05T00:37:44.601932+00:00,,Israel (FAO Area Code 105)
1982,"Citrus Fruit, Total",Yield,5412,kg/ha,46750.2,A,https://bulks-faostat.fao.org/production/Production_Crops_Livestock_E_All_Data_(Normalized).zip,2026-09-05T00:37:44.601932+00:00,,Israel (FAO Area Code 105)
1983,"Citrus Fruit, Total",Yield,5412,kg/ha,43578.5,A,https://bulks-faostat.fao.org/production/Production_Crops_Livestock_E_All_Data_(Normalized).zip,2026-09-05T00:37:44.601932+00:00,,Israel (FAO Area Code 105)
1984,"Citrus Fruit, Total",Yield,5412,kg/ha,41691.3,A,https://bulks-faostat.fao.org/production/Production_Crops_Livestock_E_All_Data_(Normalized).zip,2026-09-05T00:37:44.601932+00:00,,Israel (FAO Area Code 105)
1985,"Citrus Fruit, Total",Yield,5412,kg/ha,41210.1,A,https://bulks-faostat.fao.org/production/Production_Crops_Livestock_E_All_Data_(Normalized).zip,2026-09-05T00:37:44.601932+00:00,,Israel (FAO Area Code 105)
1986,"Citrus Fruit, Total",Yield,5412,kg/ha,36360.1,A,https://bulks-faostat.fao.org/production/Production_Crops_Livestock_E_All_Data_(Normalized).zip,2026-09-05T00:37:44.601932+00:00,,Israel (FAO Area Code 105)
1987,"Citrus Fruit, Total",Yield,5412,kg/ha,45071.4,A,https://bulks-faostat.fao.org/production/Production_Crops_Livestock_E_All_Data_(Normalized).zip,2026-09-05T00:37:44.601932+00:00,,Israel (FAO Area Code 105)
1988,"Citrus Fruit, Total",Yield,5412,kg/ha,34061.2,E,https://bulks-faostat.fao.org/production/Production_Crops_Livestock_E_All_Data_(Normalized).zip,2026-09-05T00:37:44.601932+00:00,,Israel (FAO Area Code 105)
1989,"Citrus Fruit, Total",Yield,5412,kg/ha,33259.3,E,https://bulks-faostat.fao.org/production/Production_Crops_Livestock_E_All_Data_(Normalized).zip,2026-09-05T00:37:44.601932+00:00,,Israel (FAO Area Code 105)
1990,"Citrus Fruit, Total",Yield,5412,kg/ha,46983.4,A,https://bulks-faostat.fao.org/production/Production_Crops_Livestock_E_All_Data_(Normalized).zip,2026-09-05T00:37:44.601932+00:00,,Israel (FAO Area Code 105)
1991,"Citrus Fruit, Total",Yield,5412,kg/ha,36234.6,A,https://bulks-faostat.fao.org/production/Production_Crops_Livestock_E_All_Data_(Normalized).zip,2026-09-05T00:37:44.601932+00:00,,Israel (FAO Area Code 105)
1992,"Citrus Fruit, Total",Yield,5412,kg/ha,34010.6,A,https://bulks-faostat.fao.org/production/Production_Crops_Livestock_E_All_Data_(Normalized).zip,2026-09-05T00:37:44.601932+00:00,,Israel (FAO Area Code 105)
1993,"Citrus Fruit, Total",Yield,5412,kg/ha,27424.3,A,https://bulks-faostat.fao.org/production/Production_Crops_Livestock_E_All_Data_(Normalized).zip,2026-09-05T00:37:44.601932+00:00,,Israel (FAO Area Code 105)
1994,"Citrus Fruit, Total",Yield,5412,kg/ha,26067.7,A,https://bulks-faostat.fao.org/production/Production_Crops_Livestock_E_All_Data_(Normalized).zip,2026-09-05T00:37:44.601932+00:00,,Israel (FAO Area Code 105)
1995,"Citrus Fruit, Total",Yield,5412,kg/ha,31005.0,A,https://bulks-faostat.fao.org/production/Production_Crops_Livestock_E_All_Data_(Normalized).zip,2026-09-05T00:37:44.601932+00:00,,Israel (FAO Area Code 105)
1996,"Citrus Fruit, Total",Yield,5412,kg/ha,29836.5,A,https://bulks-faostat.fao.org/production/Production_Crops_Livestock_E_All_Data_(Normalized).zip,2026-09-05T00:37:44.601932+00:00,,Israel (FAO Area Code 105)
1997,"Citrus Fruit, Total",Yield,5412,kg/ha,34543.1,E,https://bulks-faostat.fao.org/production/Production_Crops_Livestock_E_All_Data_(Normalized).zip,2026-09-05T00:37:44.601932+00:00,,Israel (FAO Area Code 105)
1998,"Citrus Fruit, Total",Yield,5412,kg/ha,30617.2,E,https://bulks-faostat.fao.org/production/Production_Crops_Livestock_E_All_Data_(Normalized).zip,2026-09-05T00:37:44.601932+00:00,,Israel (FAO Area Code 105)
1999,"Citrus Fruit, Total",Yield,5412,kg/ha,31891.1,A,https://bulks-faostat.fao.org/production/Production_Crops_Livestock_E_All_Data_(Normalized).zip,2026-09-05T00:37:44.601932+00:00,,Israel (FAO Area Code 105)
2000,"Citrus Fruit, Total",Yield,5412,kg/ha,29185.4,A,https://bulks-faostat.fao.org/production/Production_Crops_Livestock_E_All_Data_(Normalized).zip,2026-09-05T00:37:44.601932+00:00,,Israel (FAO Area Code 105)
2001,"Citrus Fruit, Total",Yield,5412,kg/ha,39148.0,E,https://bulks-faostat.fao.org/production/Production_Crops_Livestock_E_All_Data_(Normalized).zip,2026-09-05T00:37:44.601932+00:00,,Israel (FAO Area Code 105)
2002,"Citrus Fruit, Total",Yield,5412,kg/ha,34577.4,A,https://bulks-faostat.fao.org/production/Production_Crops_Livestock_E_All_Data_(Normalized).zip,2026-09-05T00:37:44.601932+00:00,,Israel (FAO Area Code 105)
2003,"Citrus Fruit, Total",Yield,5412,kg/ha,30932.6,A,https://bulks-faostat.fao.org/production/Production_Crops_Livestock_E_All_Data_(Normalized).zip,2026-09-05T00:37:44.601932+00:00,,Israel (FAO Area Code 105)
2004,"Citrus Fruit, Total",Yield,5412,kg/ha,28211.7,E,https://bulks-faostat.fao.org/production/Production_Crops_Livestock_E_All_Data_(Normalized).zip,2026-09-05T00:37:44.601932+00:00,,Israel (FAO Area Code 105)
2005,"Citrus Fruit, Total",Yield,5412,kg/ha,41973.2,A,https://bulks-faostat.fao.org/production/Production_Crops_Livestock_E_All_Data_(Normalized).zip,2026-09-05T00:37:44.601932+00:00,,Israel (FAO Area Code 105)
2006,"Citrus Fruit, Total",Yield,5412,kg/ha,36545.3,A,https://bulks-faostat.fao.org/production/Production_Crops_Livestock_E_All_Data_(Normalized).zip,2026-09-05T00:37:44.601932+00:00,,Israel (FAO Area Code 105)
2007,"Citrus Fruit, Total",Yield,5412,kg/ha,34865.4,E,https://bulks-faostat.fao.org/production/Production_Crops_Livestock_E_All_Data_(Normalized).zip,2026-09-05T00:37:44.601932+00:00,,Israel (FAO Area Code 105)
2008,"Citrus Fruit, Total",Yield,5412,kg/ha,31134.8,A,https://bulks-faostat.fao.org/production/Production_Crops_Livestock_E_All_Data_(Normalized).zip,2026-09-05T00:37:44.601932+00:00,,Israel (FAO Area Code 105)
2009,"Citrus Fruit, Total",Yield,5412,kg/ha,34750.7,A,https://bulks-faostat.fao.org/production/Production_Crops_Livestock_E_All_Data_(Normalized).zip,2026-09-05T00:37:44.601932+00:00,,Israel (FAO Area Code 105)
2010,"Citrus Fruit, Total",Yield,5412,kg/ha,31564.0,E,https://bulks-faostat.fao.org/production/Production_Crops_Livestock_E_All_Data_(Normalized).zip,2026-09-05T00:37:44.601932+00:00,,Israel (FAO Area Code 105)
2011,"Citrus Fruit, Total",Yield,5412,kg/ha,28028.6,E,https://bulks-faostat.fao.org/production/Production_Crops_Livestock_E_All_Data_(Normalized).zip,2026-09-05T00:37:44.601932+00:00,,Israel (FAO Area Code 105)
2012,"Citrus Fruit, Total",Yield,5412,kg/ha,30244.0,A,https://bulks-faostat.fao.org/production/Production_Crops_Livestock_E_All_Data_(Normalized).zip,2026-09-05T00:37:44.601932+00:00,,Israel (FAO Area Code 105)
2013,"Citrus Fruit, Total",Yield,5412,kg/ha,25768.8,A,https://bulks-faostat.fao.org/production/Production_Crops_Livestock_E_All_Data_(Normalized).zip,2026-09-05T00:37:44.601932+00:00,,Israel (FAO Area Code 105)
2014,"Citrus Fruit, Total",Yield,5412,kg/ha,26410.7,A,https://bulks-faostat.fao.org/production/Production_Crops_Livestock_E_All_Data_(Normalized).zip,2026-09-05T00:37:44.601932+00:00,,Israel (FAO Area Code 105)
2015,"Citrus Fruit, Total",Yield,5412,kg/ha,23677.4,A,https://bulks-faostat.fao.org/production/Production_Crops_Livestock_E_All_Data_(Normalized).zip,2026-09-05T00:37:44.601932+00:00,,Israel (FAO Area Code 105)
2016,"Citrus Fruit, Total",Yield,5412,kg/ha,23779.7,A,https://bulks-faostat.fao.org/production/Production_Crops_Livestock_E_All_Data_(Normalized).zip,2026-09-05T00:37:44.601932+00:00,,Israel (FAO Area Code 105)
2017,"Citrus Fruit, Total",Yield,5412,kg/ha,26145.9,A,https://bulks-faostat.fao.org/production/Production_Crops_Livestock_E_All_Data_(Normalized).zip,2026-09-05T00:37:44.601932+00:00,,Israel (FAO Area Code 105)
2018,"Citrus Fruit, Total",Yield,5412,kg/ha,21439.7,A,https://bulks-faostat.fao.org/production/Production_Crops_Livestock_E_All_Data_(Normalized).zip,2026-09-05T00:37:44.601932+00:00,,Israel (FAO Area Code 105)
2019,"Citrus Fruit, Total",Yield,5412,kg/ha,24485.2,A,https://bulks-faostat.fao.org/production/Production_Crops_Livestock_E_All_Data_(Normalized).zip,2026-09-05T00:37:44.601932+00:00,,Israel (FAO Area Code 105)
2020,"Citrus Fruit, Total",Yield,5412,kg/ha,24762.8,A,https://bulks-faostat.fao.org/production/Production_Crops_Livestock_E_All_Data_(Normalized).zip,2026-09-05T00:37:44.601932+00:00,,Israel (FAO Area Code 105)
2021,"Citrus Fruit, Total",Yield,5412,kg/ha,20264.5,A,https://bulks-faostat.fao.org/production/Production_Crops_Livestock_E_All_Data_(Normalized).zip,2026-09-05T00:37:44.601932+00:00,,Israel (FAO Area Code 105)
2022,"Citrus Fruit, Total",Yield,5412,kg/ha,29290.7,A,https://bulks-faostat.fao.org/production/Production_Crops_Livestock_E_All_Data_(Normalized).zip,2026-09-05T00:37:44.601932+00:00,,Israel (FAO Area Code 105)
2023,"Citrus Fruit, Total",Yield,5412,kg/ha,31976.5,A,https://bulks-faostat.fao.org/production/Production_Crops_Livestock_E_All_Data_(Normalized).zip,2026-09-05T00:37:44.601932+00:00,,Israel (FAO Area Code 105)
2024,"Citrus Fruit, Total",Yield,5412,kg/ha,30432.3,E,https://bulks-faostat.fao.org/production/Production_Crops_Livestock_E_All_Data_(Normalized).zip,2026-09-05T00:37:44.601932+00:00,,Israel (FAO Area Code 105)
1961,"Citrus Fruit, Total",Production,5510,t,515700.0,A,https://bulks-faostat.fao.org/production/Production_Crops_Livestock_E_All_Data_(Normalized).zip,2026-09-05T00:37:44.601932+00:00,,Israel (FAO Area Code 105)
1962,"Citrus Fruit, Total",Production,5510,t,559600.0,A,https://bulks-faostat.fao.org/production/Production_Crops_Livestock_E_All_Data_(Normalized).zip,2026-09-05T00:37:44.601932+00:00,,Israel (FAO Area Code 105)
1963,"Citrus Fruit, Total",Production,5510,t,736400.0,A,https://bulks-faostat.fao.org/production/Production_Crops_Livestock_E_All_Data_(Normalized).zip,2026-09-05T00:37:44.601932+00:00,,Israel (FAO Area Code 105)
1964,"Citrus Fruit, Total",Production,5510,t,838950.0,A,https://bulks-faostat.fao.org/production/Production_Crops_Livestock_E_All_Data_(Normalized).zip,2026-09-05T00:37:44.601932+00:00,,Israel (FAO Area Code 105)
1965,"Citrus Fruit, Total",Production,5510,t,878200.0,A,https://bulks-faostat.fao.org/production/Production_Crops_Livestock_E_All_Data_(Normalized).zip,2026-09-05T00:37:44.601932+00:00,,Israel (FAO Area Code 105)
1966,"Citrus Fruit, Total",Production,5510,t,906450.0,A,https://bulks-faostat.fao.org/production/Production_Crops_Livestock_E_All_Data_(Normalized).zip,2026-09-05T00:37:44.601932+00:00,,Israel (FAO Area Code 105)
1967,"Citrus Fruit, Total",Production,5510,t,1082000.0,A,https://bulks-faostat.fao.org/production/Production_Crops_Livestock_E_All_Data_(Normalized).zip,2026-09-05T00:37:44.601932+00:00,,Israel (FAO Area Code 105)
1968,"Citrus Fruit, Total",Production,5510,t,1265340.0,A,https://bulks-faostat.fao.org/production/Production_Crops_Livestock_E_All_Data_(Normalized).zip,2026-09-05T00:37:44.601932+00:00,,Israel (FAO Area Code 105)
1969,"Citrus Fruit, Total",Production,5510,t,1178100.0,A,https://bulks-faostat.fao.org/production/Production_Crops_Livestock_E_All_Data_(Normalized).zip,2026-09-05T00:37:44.601932+00:00,,Israel (FAO Area Code 105)
1970,"Citrus Fruit, Total",Production,5510,t,1261925.0,A,https://bulks-faostat.fao.org/production/Production_Crops_Livestock_E_All_Data_(Normalized).zip,2026-09-05T00:37:44.601932+00:00,,Israel (FAO Area Code 105)
1971,"Citrus Fruit, Total",Production,5510,t,1513500.0,A,https://bulks-faostat.fao.org/production/Production_Crops_Livestock_E_All_Data_(Normalized).zip,2026-09-05T00:37:44.601932+00:00,,Israel (FAO Area Code 105)
1972,"Citrus Fruit, Total",Production,5510,t,1552800.0,A,https://bulks-faostat.fao.org/production/Production_Crops_Livestock_E_All_Data_(Normalized).zip,2026-09-05T00:37:44.601932+00:00,,Israel (FAO Area Code 105)
1973,"Citrus Fruit, Total",Production,5510,t,1692700.0,A,https://bulks-faostat.fao.org/production/Production_Crops_Livestock_E_All_Data_(Normalized).zip,2026-09-05T00:37:44.601932+00:00,,Israel (FAO Area Code 105)
1974,"Citrus Fruit, Total",Production,5510,t,1702100.0,A,https://bulks-faostat.fao.org/production/Production_Crops_Livestock_E_All_Data_(Normalized).zip,2026-09-05T00:37:44.601932+00:00,,Israel (FAO Area Code 105)
1975,"Citrus Fruit, Total",Production,5510,t,1510100.0,A,https://bulks-faostat.fao.org/production/Production_Crops_Livestock_E_All_Data_(Normalized).zip,2026-09-05T00:37:44.601932+00:00,,Israel (FAO Area Code 105)
1976,"Citrus Fruit, Total",Production,5510,t,1537700.0,A,https://bulks-faostat.fao.org/production/Production_Crops_Livestock_E_All_Data_(Normalized).zip,2026-09-05T00:37:44.601932+00:00,,Israel (FAO Area Code 105)
1977,"Citrus Fruit, Total",Production,5510,t,1537200.0,A,https://bulks-faostat.fao.org/production/Production_Crops_Livestock_E_All_Data_(Normalized).zip,2026-09-05T00:37:44.601932+00:00,,Israel (FAO Area Code 105)
1978,"Citrus Fruit, Total",Production,5510,t,1490600.0,A,https://bulks-faostat.fao.org/production/Production_Crops_Livestock_E_All_Data_(Normalized).zip,2026-09-05T00:37:44.601932+00:00,,Israel (FAO Area Code 105)
1979,"Citrus Fruit, Total",Production,5510,t,1579800.0,A,https://bulks-faostat.fao.org/production/Production_Crops_Livestock_E_All_Data_(Normalized).zip,2026-09-05T00:37:44.601932+00:00,,Israel (FAO Area Code 105)
1980,"Citrus Fruit, Total",Production,5510,t,1553850.0,A,https://bulks-faostat.fao.org/production/Production_Crops_Livestock_E_All_Data_(Normalized).zip,2026-09-05T00:37:44.601932+00:00,,Israel (FAO Area Code 105)
1981,"Citrus Fruit, Total",Production,5510,t,1420400.0,A,https://bulks-faostat.fao.org/production/Production_Crops_Livestock_E_All_Data_(Normalized).zip,2026-09-05T00:37:44.601932+00:00,,Israel (FAO Area Code 105)
1982,"Citrus Fruit, Total",Production,5510,t,1800350.0,A,https://bulks-faostat.fao.org/production/Production_Crops_Livestock_E_All_Data_(Normalized).zip,2026-09-05T00:37:44.601932+00:00,,Israel (FAO Area Code 105)
1983,"Citrus Fruit, Total",Production,5510,t,1525900.0,A,https://bulks-faostat.fao.org/production/Production_Crops_Livestock_E_All_Data_(Normalized).zip,2026-09-05T00:37:44.601932+00:00,,Israel (FAO Area Code 105)
1984,"Citrus Fruit, Total",Production,5510,t,1520900.0,A,https://bulks-faostat.fao.org/production/Production_Crops_Livestock_E_All_Data_(Normalized).zip,2026-09-05T00:37:44.601932+00:00,,Israel (FAO Area Code 105)
1985,"Citrus Fruit, Total",Production,5510,t,1483150.0,A,https://bulks-faostat.fao.org/production/Production_Crops_Livestock_E_All_Data_(Normalized).zip,2026-09-05T00:37:44.601932+00:00,,Israel (FAO Area Code 105)
1986,"Citrus Fruit, Total",Production,5510,t,1308600.0,A,https://bulks-faostat.fao.org/production/Production_Crops_Livestock_E_All_Data_(Normalized).zip,2026-09-05T00:37:44.601932+00:00,,Israel (FAO Area Code 105)
1987,"Citrus Fruit, Total",Production,5510,t,1514400.0,A,https://bulks-faostat.fao.org/production/Production_Crops_Livestock_E_All_Data_(Normalized).zip,2026-09-05T00:37:44.601932+00:00,,Israel (FAO Area Code 105)
1988,"Citrus Fruit, Total",Production,5510,t,1108350.0,A,https://bulks-faostat.fao.org/production/Production_Crops_Livestock_E_All_Data_(Normalized).zip,2026-09-05T00:37:44.601932+00:00,,Israel (FAO Area Code 105)
1989,"Citrus Fruit, Total",Production,5510,t,1086250.0,A,https://bulks-faostat.fao.org/production/Production_Crops_Livestock_E_All_Data_(Normalized).zip,2026-09-05T00:37:44.601932+00:00,,Israel (FAO Area Code 105)
1990,"Citrus Fruit, Total",Production,5510,t,1500650.0,A,https://bulks-faostat.fao.org/production/Production_Crops_Livestock_E_All_Data_(Normalized).zip,2026-09-05T00:37:44.601932+00:00,,Israel (FAO Area Code 105)
1991,"Citrus Fruit, Total",Production,5510,t,1094900.0,A,https://bulks-faostat.fao.org/production/Production_Crops_Livestock_E_All_Data_(Normalized).zip,2026-09-05T00:37:44.601932+00:00,,Israel (FAO Area Code 105)
1992,"Citrus Fruit, Total",Production,5510,t,1003550.0,A,https://bulks-faostat.fao.org/production/Production_Crops_Livestock_E_All_Data_(Normalized).zip,2026-09-05T00:37:44.601932+00:00,,Israel (FAO Area Code 105)
1993,"Citrus Fruit, Total",Production,5510,t,941450.0,A,https://bulks-faostat.fao.org/production/Production_Crops_Livestock_E_All_Data_(Normalized).zip,2026-09-05T00:37:44.601932+00:00,,Israel (FAO Area Code 105)
1994,"Citrus Fruit, Total",Production,5510,t,833410.0,A,https://bulks-faostat.fao.org/production/Production_Crops_Livestock_E_All_Data_(Normalized).zip,2026-09-05T00:37:44.601932+00:00,,Israel (FAO Area Code 105)
1995,"Citrus Fruit, Total",Production,5510,t,906430.0,A,https://bulks-faostat.fao.org/production/Production_Crops_Livestock_E_All_Data_(Normalized).zip,2026-09-05T00:37:44.601932+00:00,,Israel (FAO Area Code 105)
1996,"Citrus Fruit, Total",Production,5510,t,873850.0,A,https://bulks-faostat.fao.org/production/Production_Crops_Livestock_E_All_Data_(Normalized).zip,2026-09-05T00:37:44.601932+00:00,,Israel (FAO Area Code 105)
1997,"Citrus Fruit, Total",Production,5510,t,960990.0,A,https://bulks-faostat.fao.org/production/Production_Crops_Livestock_E_All_Data_(Normalized).zip,2026-09-05T00:37:44.601932+00:00,,Israel (FAO Area Code 105)
1998,"Citrus Fruit, Total",Production,5510,t,898775.0,A,https://bulks-faostat.fao.org/production/Production_Crops_Livestock_E_All_Data_(Normalized).zip,2026-09-05T00:37:44.601932+00:00,,Israel (FAO Area Code 105)
1999,"Citrus Fruit, Total",Production,5510,t,777100.0,A,https://bulks-faostat.fao.org/production/Production_Crops_Livestock_E_All_Data_(Normalized).zip,2026-09-05T00:37:44.601932+00:00,,Israel (FAO Area Code 105)
2000,"Citrus Fruit, Total",Production,5510,t,661700.0,A,https://bulks-faostat.fao.org/production/Production_Crops_Livestock_E_All_Data_(Normalized).zip,2026-09-05T00:37:44.601932+00:00,,Israel (FAO Area Code 105)
2001,"Citrus Fruit, Total",Production,5510,t,680000.0,A,https://bulks-faostat.fao.org/production/Production_Crops_Livestock_E_All_Data_(Normalized).zip,2026-09-05T00:37:44.601932+00:00,,Israel (FAO Area Code 105)
2002,"Citrus Fruit, Total",Production,5510,t,595630.0,A,https://bulks-faostat.fao.org/production/Production_Crops_Livestock_E_All_Data_(Normalized).zip,2026-09-05T00:37:44.601932+00:00,,Israel (FAO Area Code 105)
2003,"Citrus Fruit, Total",Production,5510,t,538630.0,A,https://bulks-faostat.fao.org/production/Production_Crops_Livestock_E_All_Data_(Normalized).zip,2026-09-05T00:37:44.601932+00:00,,Israel (FAO Area Code 105)
2004,"Citrus Fruit, Total",Production,5510,t,510490.0,A,https://bulks-faostat.fao.org/production/Production_Crops_Livestock_E_All_Data_(Normalized).zip,2026-09-05T00:37:44.601932+00:00,,Israel (FAO Area Code 105)
2005,"Citrus Fruit, Total",Production,5510,t,666030.0,A,https://bulks-faostat.fao.org/production/Production_Crops_Livestock_E_All_Data_(Normalized).zip,2026-09-05T00:37:44.601932+00:00,,Israel (FAO Area Code 105)
2006,"Citrus Fruit, Total",Production,5510,t,585968.0,A,https://bulks-faostat.fao.org/production/Production_Crops_Livestock_E_All_Data_(Normalized).zip,2026-09-05T00:37:44.601932+00:00,,Israel (FAO Area Code 105)
2007,"Citrus Fruit, Total",Production,5510,t,647974.0,A,https://bulks-faostat.fao.org/production/Production_Crops_Livestock_E_All_Data_(Normalized).zip,2026-09-05T00:37:44.601932+00:00,,Israel (FAO Area Code 105)
2008,"Citrus Fruit, Total",Production,5510,t,537262.0,A,https://bulks-faostat.fao.org/production/Production_Crops_Livestock_E_All_Data_(Normalized).zip,2026-09-05T00:37:44.601932+00:00,,Israel (FAO Area Code 105)
2009,"Citrus Fruit, Total",Production,5510,t,592118.0,A,https://bulks-faostat.fao.org/production/Production_Crops_Livestock_E_All_Data_(Normalized).zip,2026-09-05T00:37:44.601932+00:00,,Israel (FAO Area Code 105)
2010,"Citrus Fruit, Total",Production,5510,t,563532.49,A,https://bulks-faostat.fao.org/production/Production_Crops_Livestock_E_All_Data_(Normalized).zip,2026-09-05T00:37:44.601932+00:00,,Israel (FAO Area Code 105)
2011,"Citrus Fruit, Total",Production,5510,t,476701.0,A,https://bulks-faostat.fao.org/production/Production_Crops_Livestock_E_All_Data_(Normalized).zip,2026-09-05T00:37:44.601932+00:00,,Israel (FAO Area Code 105)
2012,"Citrus Fruit, Total",Production,5510,t,612048.0,A,https://bulks-faostat.fao.org/production/Production_Crops_Livestock_E_All_Data_(Normalized).zip,2026-09-05T00:37:44.601932+00:00,,Israel (FAO Area Code 105)
2013,"Citrus Fruit, Total",Production,5510,t,533131.0,A,https://bulks-faostat.fao.org/production/Production_Crops_Livestock_E_All_Data_(Normalized).zip,2026-09-05T00:37:44.601932+00:00,,Israel (FAO Area Code 105)
2014,"Citrus Fruit, Total",Production,5510,t,530643.0,A,https://bulks-faostat.fao.org/production/Production_Crops_Livestock_E_All_Data_(Normalized).zip,2026-09-05T00:37:44.601932+00:00,,Israel (FAO Area Code 105)
2015,"Citrus Fruit, Total",Production,5510,t,533665.0,A,https://bulks-faostat.fao.org/production/Production_Crops_Livestock_E_All_Data_(Normalized).zip,2026-09-05T00:37:44.601932+00:00,,Israel (FAO Area Code 105)
2016,"Citrus Fruit, Total",Production,5510,t,494000.0,A,https://bulks-faostat.fao.org/production/Production_Crops_Livestock_E_All_Data_(Normalized).zip,2026-09-05T00:37:44.601932+00:00,,Israel (FAO Area Code 105)
2017,"Citrus Fruit, Total",Production,5510,t,494289.0,A,https://bulks-faostat.fao.org/production/Production_Crops_Livestock_E_All_Data_(Normalized).zip,2026-09-05T00:37:44.601932+00:00,,Israel (FAO Area Code 105)
2018,"Citrus Fruit, Total",Production,5510,t,483702.0,A,https://bulks-faostat.fao.org/production/Production_Crops_Livestock_E_All_Data_(Normalized).zip,2026-09-05T00:37:44.601932+00:00,,Israel (FAO Area Code 105)
2019,"Citrus Fruit, Total",Production,5510,t,519649.0,A,https://bulks-faostat.fao.org/production/Production_Crops_Livestock_E_All_Data_(Normalized).zip,2026-09-05T00:37:44.601932+00:00,,Israel (FAO Area Code 105)
2020,"Citrus Fruit, Total",Production,5510,t,494885.0,A,https://bulks-faostat.fao.org/production/Production_Crops_Livestock_E_All_Data_(Normalized).zip,2026-09-05T00:37:44.601932+00:00,,Israel (FAO Area Code 105)
2021,"Citrus Fruit, Total",Production,5510,t,421979.0,A,https://bulks-faostat.fao.org/production/Production_Crops_Livestock_E_All_Data_(Normalized).zip,2026-09-05T00:37:44.601932+00:00,,Israel (FAO Area Code 105)
2022,"Citrus Fruit, Total",Production,5510,t,540384.0,A,https://bulks-faostat.fao.org/production/Production_Crops_Livestock_E_All_Data_(Normalized).zip,2026-09-05T00:37:44.601932+00:00,,Israel (FAO Area Code 105)
2023,"Citrus Fruit, Total",Production,5510,t,557255.0,A,https://bulks-faostat.fao.org/production/Production_Crops_Livestock_E_All_Data_(Normalized).zip,2026-09-05T00:37:44.601932+00:00,,Israel (FAO Area Code 105)
2024,"Citrus Fruit, Total",Production,5510,t,455061.0,A,https://bulks-faostat.fao.org/production/Production_Crops_Livestock_E_All_Data_(Normalized).zip,2026-09-05T00:37:44.601932+00:00,,Israel (FAO Area Code 105)
1961,Dates,Area harvested,5312,ha,70.0,E,https://bulks-faostat.fao.org/production/Production_Crops_Livestock_E_All_Data_(Normalized).zip,2026-09-05T00:37:44.601932+00:00,,Israel (FAO Area Code 105)
1962,Dates,Area harvested,5312,ha,80.0,E,https://bulks-faostat.fao.org/production/Production_Crops_Livestock_E_All_Data_(Normalized).zip,2026-09-05T00:37:44.601932+00:00,,Israel (FAO Area Code 105)
1963,Dates,Area harvested,5312,ha,100.0,E,https://bulks-faostat.fao.org/production/Production_Crops_Livestock_E_All_Data_(Normalized).zip,2026-09-05T00:37:44.601932+00:00,,Israel (FAO Area Code 105)
1964,Dates,Area harvested,5312,ha,125.0,E,https://bulks-faostat.fao.org/production/Production_Crops_Livestock_E_All_Data_(Normalized).zip,2026-09-05T00:37:44.601932+00:00,,Israel (FAO Area Code 105)
1965,Dates,Area harvested,5312,ha,125.0,E,https://bulks-faostat.fao.org/production/Production_Crops_Livestock_E_All_Data_(Normalized).zip,2026-09-05T00:37:44.601932+00:00,,Israel (FAO Area Code 105)
1966,Dates,Area harvested,5312,ha,150.0,E,https://bulks-faostat.fao.org/production/Production_Crops_Livestock_E_All_Data_(Normalized).zip,2026-09-05T00:37:44.601932+00:00,,Israel (FAO Area Code 105)
1967,Dates,Area harvested,5312,ha,200.0,E,https://bulks-faostat.fao.org/production/Production_Crops_Livestock_E_All_Data_(Normalized).zip,2026-09-05T00:37:44.601932+00:00,,Israel (FAO Area Code 105)
1968,Dates,Area harvested,5312,ha,200.0,E,https://bulks-faostat.fao.org/production/Production_Crops_Livestock_E_All_Data_(Normalized).zip,2026-09-05T00:37:44.601932+00:00,,Israel (FAO Area Code 105)
1969,Dates,Area harvested,5312,ha,200.0,E,https://bulks-faostat.fao.org/production/Production_Crops_Livestock_E_All_Data_(Normalized).zip,2026-09-05T00:37:44.601932+00:00,,Israel (FAO Area Code 105)
1970,Dates,Area harvested,5312,ha,200.0,E,https://bulks-faostat.fao.org/production/Production_Crops_Livestock_E_All_Data_(Normalized).zip,2026-09-05T00:37:44.601932+00:00,,Israel (FAO Area Code 105)
1971,Dates,Area harvested,5312,ha,215.0,E,https://bulks-faostat.fao.org/production/Production_Crops_Livestock_E_All_Data_(Normalized).zip,2026-09-05T00:37:44.601932+00:00,,Israel (FAO Area Code 105)
1972,Dates,Area harvested,5312,ha,240.0,E,https://bulks-faostat.fao.org/production/Production_Crops_Livestock_E_All_Data_(Normalized).zip,2026-09-05T00:37:44.601932+00:00,,Israel (FAO Area Code 105)
1973,Dates,Area harvested,5312,ha,245.0,E,https://bulks-faostat.fao.org/production/Production_Crops_Livestock_E_All_Data_(Normalized).zip,2026-09-05T00:37:44.601932+00:00,,Israel (FAO Area Code 105)
1974,Dates,Area harvested,5312,ha,285.0,E,https://bulks-faostat.fao.org/production/Production_Crops_Livestock_E_All_Data_(Normalized).zip,2026-09-05T00:37:44.601932+00:00,,Israel (FAO Area Code 105)
1975,Dates,Area harvested,5312,ha,290.0,E,https://bulks-faostat.fao.org/production/Production_Crops_Livestock_E_All_Data_(Normalized).zip,2026-09-05T00:37:44.601932+00:00,,Israel (FAO Area Code 105)
1976,Dates,Area harvested,5312,ha,300.0,A,https://bulks-faostat.fao.org/production/Production_Crops_Livestock_E_All_Data_(Normalized).zip,2026-09-05T00:37:44.601932+00:00,,Israel (FAO Area Code 105)
1977,Dates,Area harvested,5312,ha,330.0,A,https://bulks-faostat.fao.org/production/Production_Crops_Livestock_E_All_Data_(Normalized).zip,2026-09-05T00:37:44.601932+00:00,,Israel (FAO Area Code 105)
1978,Dates,Area harvested,5312,ha,380.0,A,https://bulks-faostat.fao.org/production/Production_Crops_Livestock_E_All_Data_(Normalized).zip,2026-09-05T00:37:44.601932+00:00,,Israel (FAO Area Code 105)
1979,Dates,Area harvested,5312,ha,400.0,A,https://bulks-faostat.fao.org/production/Production_Crops_Livestock_E_All_Data_(Normalized).zip,2026-09-05T00:37:44.601932+00:00,,Israel (FAO Area Code 105)
1980,Dates,Area harvested,5312,ha,400.0,A,https://bulks-faostat.fao.org/production/Production_Crops_Livestock_E_All_Data_(Normalized).zip,2026-09-05T00:37:44.601932+00:00,,Israel (FAO Area Code 105)
1981,Dates,Area harvested,5312,ha,510.0,A,https://bulks-faostat.fao.org/production/Production_Crops_Livestock_E_All_Data_(Normalized).zip,2026-09-05T00:37:44.601932+00:00,,Israel (FAO Area Code 105)
1982,Dates,Area harvested,5312,ha,530.0,A,https://bulks-faostat.fao.org/production/Production_Crops_Livestock_E_All_Data_(Normalized).zip,2026-09-05T00:37:44.601932+00:00,,Israel (FAO Area Code 105)
1983,Dates,Area harvested,5312,ha,660.0,A,https://bulks-faostat.fao.org/production/Production_Crops_Livestock_E_All_Data_(Normalized).zip,2026-09-05T00:37:44.601932+00:00,,Israel (FAO Area Code 105)
1984,Dates,Area harvested,5312,ha,610.0,A,https://bulks-faostat.fao.org/production/Production_Crops_Livestock_E_All_Data_(Normalized).zip,2026-09-05T00:37:44.601932+00:00,,Israel (FAO Area Code 105)
1985,Dates,Area harvested,5312,ha,710.0,A,https://bulks-faostat.fao.org/production/Production_Crops_Livestock_E_All_Data_(Normalized).zip,2026-09-05T00:37:44.601932+00:00,,Israel (FAO Area Code 105)
1986,Dates,Area harvested,5312,ha,780.0,A,https://bulks-faostat.fao.org/production/Production_Crops_Livestock_E_All_Data_(Normalized).zip,2026-09-05T00:37:44.601932+00:00,,Israel (FAO Area Code 105)
1987,Dates,Area harvested,5312,ha,910.0,A,https://bulks-faostat.fao.org/production/Production_Crops_Livestock_E_All_Data_(Normalized).zip,2026-09-05T00:37:44.601932+00:00,,Israel (FAO Area Code 105)
1988,Dates,Area harvested,5312,ha,990.0,A,https://bulks-faostat.fao.org/production/Production_Crops_Livestock_E_All_Data_(Normalized).zip,2026-09-05T00:37:44.601932+00:00,,Israel (FAO Area Code 105)
1989,Dates,Area harvested,5312,ha,1050.0,A,https://bulks-faostat.fao.org/production/Production_Crops_Livestock_E_All_Data_(Normalized).zip,2026-09-05T00:37:44.601932+00:00,,Israel (FAO Area Code 105)
1990,Dates,Area harvested,5312,ha,1195.0,A,https://bulks-faostat.fao.org/production/Production_Crops_Livestock_E_All_Data_(Normalized).zip,2026-09-05T00:37:44.601932+00:00,,Israel (FAO Area Code 105)
1991,Dates,Area harvested,5312,ha,1240.0,A,https://bulks-faostat.fao.org/production/Production_Crops_Livestock_E_All_Data_(Normalized).zip,2026-09-05T00:37:44.601932+00:00,,Israel (FAO Area Code 105)
1992,Dates,Area harvested,5312,ha,1585.0,A,https://bulks-faostat.fao.org/production/Production_Crops_Livestock_E_All_Data_(Normalized).zip,2026-09-05T00:37:44.601932+00:00,,Israel (FAO Area Code 105)
1993,Dates,Area harvested,5312,ha,1300.0,A,https://bulks-faostat.fao.org/production/Production_Crops_Livestock_E_All_Data_(Normalized).zip,2026-09-05T00:37:44.601932+00:00,,Israel (FAO Area Code 105)
1994,Dates,Area harvested,5312,ha,1350.0,A,https://bulks-faostat.fao.org/production/Production_Crops_Livestock_E_All_Data_(Normalized).zip,2026-09-05T00:37:44.601932+00:00,,Israel (FAO Area Code 105)
1995,Dates,Area harvested,5312,ha,1290.0,A,https://bulks-faostat.fao.org/production/Production_Crops_Livestock_E_All_Data_(Normalized).zip,2026-09-05T00:37:44.601932+00:00,,Israel (FAO Area Code 105)
1996,Dates,Area harvested,5312,ha,1310.0,A,https://bulks-faostat.fao.org/production/Production_Crops_Livestock_E_All_Data_(Normalized).zip,2026-09-05T00:37:44.601932+00:00,,Israel (FAO Area Code 105)
1997,Dates,Area harvested,5312,ha,1240.0,A,https://bulks-faostat.fao.org/production/Production_Crops_Livestock_E_All_Data_(Normalized).zip,2026-09-05T00:37:44.601932+00:00,,Israel (FAO Area Code 105)
1998,Dates,Area harvested,5312,ha,1258.0,A,https://bulks-faostat.fao.org/production/Production_Crops_Livestock_E_All_Data_(Normalized).zip,2026-09-05T00:37:44.601932+00:00,,Israel (FAO Area Code 105)
1999,Dates,Area harvested,5312,ha,1301.0,A,https://bulks-faostat.fao.org/production/Production_Crops_Livestock_E_All_Data_(Normalized).zip,2026-09-05T00:37:44.601932+00:00,,Israel (FAO Area Code 105)
2000,Dates,Area harvested,5312,ha,2070.0,A,https://bulks-faostat.fao.org/production/Production_Crops_Livestock_E_All_Data_(Normalized).zip,2026-09-05T00:37:44.601932+00:00,,Israel (FAO Area Code 105)
2001,Dates,Area harvested,5312,ha,2170.0,A,https://bulks-faostat.fao.org/production/Production_Crops_Livestock_E_All_Data_(Normalized).zip,2026-09-05T00:37:44.601932+00:00,,Israel (FAO Area Code 105)
2002,Dates,Area harvested,5312,ha,2362.0,A,https://bulks-faostat.fao.org/production/Production_Crops_Livestock_E_All_Data_(Normalized).zip,2026-09-05T00:37:44.601932+00:00,,Israel (FAO Area Code 105)
2003,Dates,Area harvested,5312,ha,2510.0,A,https://bulks-faostat.fao.org/production/Production_Crops_Livestock_E_All_Data_(Normalized).zip,2026-09-05T00:37:44.601932+00:00,,Israel (FAO Area Code 105)
2004,Dates,Area harvested,5312,ha,2600.0,E,https://bulks-faostat.fao.org/production/Production_Crops_Livestock_E_All_Data_(Normalized).zip,2026-09-05T00:37:44.601932+00:00,,Israel (FAO Area Code 105)
2005,Dates,Area harvested,5312,ha,2900.0,E,https://bulks-faostat.fao.org/production/Production_Crops_Livestock_E_All_Data_(Normalized).zip,2026-09-05T00:37:44.601932+00:00,,Israel (FAO Area Code 105)
2006,Dates,Area harvested,5312,ha,3200.0,E,https://bulks-faostat.fao.org/production/Production_Crops_Livestock_E_All_Data_(Normalized).zip,2026-09-05T00:37:44.601932+00:00,,Israel (FAO Area Code 105)
2007,Dates,Area harvested,5312,ha,3136.0,I,https://bulks-faostat.fao.org/production/Production_Crops_Livestock_E_All_Data_(Normalized).zip,2026-09-05T00:37:44.601932+00:00,,Israel (FAO Area Code 105)
2008,Dates,Area harvested,5312,ha,3700.0,E,https://bulks-faostat.fao.org/production/Production_Crops_Livestock_E_All_Data_(Normalized).zip,2026-09-05T00:37:44.601932+00:00,,Israel (FAO Area Code 105)
2009,Dates,Area harvested,5312,ha,3800.0,E,https://bulks-faostat.fao.org/production/Production_Crops_Livestock_E_All_Data_(Normalized).zip,2026-09-05T00:37:44.601932+00:00,,Israel (FAO Area Code 105)
2010,Dates,Area harvested,5312,ha,5000.0,A,https://bulks-faostat.fao.org/production/Production_Crops_Livestock_E_All_Data_(Normalized).zip,2026-09-05T00:37:44.601932+00:00,,Israel (FAO Area Code 105)
2011,Dates,Area harvested,5312,ha,5500.0,A,https://bulks-faostat.fao.org/production/Production_Crops_Livestock_E_All_Data_(Normalized).zip,2026-09-05T00:37:44.601932+00:00,,Israel (FAO Area Code 105)
2012,Dates,Area harvested,5312,ha,3635.0,A,https://bulks-faostat.fao.org/production/Production_Crops_Livestock_E_All_Data_(Normalized).zip,2026-09-05T00:37:44.601932+00:00,,Israel (FAO Area Code 105)
2013,Dates,Area harvested,5312,ha,3632.0,A,https://bulks-faostat.fao.org/production/Production_Crops_Livestock_E_All_Data_(Normalized).zip,2026-09-05T00:37:44.601932+00:00,,Israel (FAO Area Code 105)
2014,Dates,Area harvested,5312,ha,3927.0,A,https://bulks-faostat.fao.org/production/Production_Crops_Livestock_E_All_Data_(Normalized).zip,2026-09-05T00:37:44.601932+00:00,,Israel (FAO Area Code 105)
2015,Dates,Area harvested,5312,ha,4012.0,A,https://bulks-faostat.fao.org/production/Production_Crops_Livestock_E_All_Data_(Normalized).zip,2026-09-05T00:37:44.601932+00:00,,Israel (FAO Area Code 105)
2016,Dates,Area harvested,5312,ha,4164.0,A,https://bulks-faostat.fao.org/production/Production_Crops_Livestock_E_All_Data_(Normalized).zip,2026-09-05T00:37:44.601932+00:00,,Israel (FAO Area Code 105)
2017,Dates,Area harvested,5312,ha,4314.0,A,https://bulks-faostat.fao.org/production/Production_Crops_Livestock_E_All_Data_(Normalized).zip,2026-09-05T00:37:44.601932+00:00,,Israel (FAO Area Code 105)
2018,Dates,Area harvested,5312,ha,4733.0,A,https://bulks-faostat.fao.org/production/Production_Crops_Livestock_E_All_Data_(Normalized).zip,2026-09-05T00:37:44.601932+00:00,,Israel (FAO Area Code 105)
2019,Dates,Area harvested,5312,ha,4799.0,A,https://bulks-faostat.fao.org/production/Production_Crops_Livestock_E_All_Data_(Normalized).zip,2026-09-05T00:37:44.601932+00:00,,Israel (FAO Area Code 105)
2020,Dates,Area harvested,5312,ha,5334.0,A,https://bulks-faostat.fao.org/production/Production_Crops_Livestock_E_All_Data_(Normalized).zip,2026-09-05T00:37:44.601932+00:00,,Israel (FAO Area Code 105)
2021,Dates,Area harvested,5312,ha,5339.0,A,https://bulks-faostat.fao.org/production/Production_Crops_Livestock_E_All_Data_(Normalized).zip,2026-09-05T00:37:44.601932+00:00,,Israel (FAO Area Code 105)
2022,Dates,Area harvested,5312,ha,5338.0,A,https://bulks-faostat.fao.org/production/Production_Crops_Livestock_E_All_Data_(Normalized).zip,2026-09-05T00:37:44.601932+00:00,,Israel (FAO Area Code 105)
2023,Dates,Area harvested,5312,ha,5357.0,A,https://bulks-faostat.fao.org/production/Production_Crops_Livestock_E_All_Data_(Normalized).zip,2026-09-05T00:37:44.601932+00:00,,Israel (FAO Area Code 105)
2024,Dates,Area harvested,5312,ha,5279.0,A,https://bulks-faostat.fao.org/production/Production_Crops_Livestock_E_All_Data_(Normalized).zip,2026-09-05T00:37:44.601932+00:00,,Israel (FAO Area Code 105)
1961,Dates,Yield,5412,kg/ha,8571.4,E,https://bulks-faostat.fao.org/production/Production_Crops_Livestock_E_All_Data_(Normalized).zip,2026-09-05T00:37:44.601932+00:00,,Israel (FAO Area Code 105)
1962,Dates,Yield,5412,kg/ha,8750.0,E,https://bulks-faostat.fao.org/production/Production_Crops_Livestock_E_All_Data_(Normalized).zip,2026-09-05T00:37:44.601932+00:00,,Israel (FAO Area Code 105)
1963,Dates,Yield,5412,kg/ha,9000.0,E,https://bulks-faostat.fao.org/production/Production_Crops_Livestock_E_All_Data_(Normalized).zip,2026-09-05T00:37:44.601932+00:00,,Israel (FAO Area Code 105)
1964,Dates,Yield,5412,kg/ha,8800.0,E,https://bulks-faostat.fao.org/production/Production_Crops_Livestock_E_All_Data_(Normalized).zip,2026-09-05T00:37:44.601932+00:00,,Israel (FAO Area Code 105)
1965,Dates,Yield,5412,kg/ha,8800.0,E,https://bulks-faostat.fao.org/production/Production_Crops_Livestock_E_All_Data_(Normalized).zip,2026-09-05T00:37:44.601932+00:00,,Israel (FAO Area Code 105)
1966,Dates,Yield,5412,kg/ha,10333.3,E,https://bulks-faostat.fao.org/production/Production_Crops_Livestock_E_All_Data_(Normalized).zip,2026-09-05T00:37:44.601932+00:00,,Israel (FAO Area Code 105)
1967,Dates,Yield,5412,kg/ha,9000.0,E,https://bulks-faostat.fao.org/production/Production_Crops_Livestock_E_All_Data_(Normalized).zip,2026-09-05T00:37:44.601932+00:00,,Israel (FAO Area Code 105)
1968,Dates,Yield,5412,kg/ha,9500.0,E,https://bulks-faostat.fao.org/production/Production_Crops_Livestock_E_All_Data_(Normalized).zip,2026-09-05T00:37:44.601932+00:00,,Israel (FAO Area Code 105)
1969,Dates,Yield,5412,kg/ha,10500.0,E,https://bulks-faostat.fao.org/production/Production_Crops_Livestock_E_All_Data_(Normalized).zip,2026-09-05T00:37:44.601932+00:00,,Israel (FAO Area Code 105)
1970,Dates,Yield,5412,kg/ha,11500.0,E,https://bulks-faostat.fao.org/production/Production_Crops_Livestock_E_All_Data_(Normalized).zip,2026-09-05T00:37:44.601932+00:00,,Israel (FAO Area Code 105)
1971,Dates,Yield,5412,kg/ha,12093.0,E,https://bulks-faostat.fao.org/production/Production_Crops_Livestock_E_All_Data_(Normalized).zip,2026-09-05T00:37:44.601932+00:00,,Israel (FAO Area Code 105)
1972,Dates,Yield,5412,kg/ha,12083.3,E,https://bulks-faostat.fao.org/production/Production_Crops_Livestock_E_All_Data_(Normalized).zip,2026-09-05T00:37:44.601932+00:00,,Israel (FAO Area Code 105)
1973,Dates,Yield,5412,kg/ha,12040.8,E,https://bulks-faostat.fao.org/production/Production_Crops_Livestock_E_All_Data_(Normalized).zip,2026-09-05T00:37:44.601932+00:00,,Israel (FAO Area Code 105)
1974,Dates,Yield,5412,kg/ha,11929.8,E,https://bulks-faostat.fao.org/production/Production_Crops_Livestock_E_All_Data_(Normalized).zip,2026-09-05T00:37:44.601932+00:00,,Israel (FAO Area Code 105)
1975,Dates,Yield,5412,kg/ha,12069.0,E,https://bulks-faostat.fao.org/production/Production_Crops_Livestock_E_All_Data_(Normalized).zip,2026-09-05T00:37:44.601932+00:00,,Israel (FAO Area Code 105)
1976,Dates,Yield,5412,kg/ha,13500.0,A,https://bulks-faostat.fao.org/production/Production_Crops_Livestock_E_All_Data_(Normalized).zip,2026-09-05T00:37:44.601932+00:00,,Israel (FAO Area Code 105)
1977,Dates,Yield,5412,kg/ha,12424.2,A,https://bulks-faostat.fao.org/production/Production_Crops_Livestock_E_All_Data_(Normalized).zip,2026-09-05T00:37:44.601932+00:00,,Israel (FAO Area Code 105)
1978,Dates,Yield,5412,kg/ha,10921.1,A,https://bulks-faostat.fao.org/production/Production_Crops_Livestock_E_All_Data_(Normalized).zip,2026-09-05T00:37:44.601932+00:00,,Israel (FAO Area Code 105)
1979,Dates,Yield,5412,kg/ha,12132.5,A,https://bulks-faostat.fao.org/production/Production_Crops_Livestock_E_All_Data_(Normalized).zip,2026-09-05T00:37:44.601932+00:00,,Israel (FAO Area Code 105)
1980,Dates,Yield,5412,kg/ha,12250.0,A,https://bulks-faostat.fao.org/production/Production_Crops_Livestock_E_All_Data_(Normalized).zip,2026-09-05T00:37:44.601932+00:00,,Israel (FAO Area Code 105)
1981,Dates,Yield,5412,kg/ha,10196.1,A,https://bulks-faostat.fao.org/production/Production_Crops_Livestock_E_All_Data_(Normalized).zip,2026-09-05T00:37:44.601932+00:00,,Israel (FAO Area Code 105)
1982,Dates,Yield,5412,kg/ha,9434.0,A,https://bulks-faostat.fao.org/production/Production_Crops_Livestock_E_All_Data_(Normalized).zip,2026-09-05T00:37:44.601932+00:00,,Israel (FAO Area Code 105)
1983,Dates,Yield,5412,kg/ha,8030.3,A,https://bulks-faostat.fao.org/production/Production_Crops_Livestock_E_All_Data_(Normalized).zip,2026-09-05T00:37:44.601932+00:00,,Israel (FAO Area Code 105)
1984,Dates,Yield,5412,kg/ha,8852.5,A,https://bulks-faostat.fao.org/production/Production_Crops_Livestock_E_All_Data_(Normalized).zip,2026-09-05T00:37:44.601932+00:00,,Israel (FAO Area Code 105)
1985,Dates,Yield,5412,kg/ha,7605.6,A,https://bulks-faostat.fao.org/production/Production_Crops_Livestock_E_All_Data_(Normalized).zip,2026-09-05T00:37:44.601932+00:00,,Israel (FAO Area Code 105)
1986,Dates,Yield,5412,kg/ha,9230.8,A,https://bulks-faostat.fao.org/production/Production_Crops_Livestock_E_All_Data_(Normalized).zip,2026-09-05T00:37:44.601932+00:00,,Israel (FAO Area Code 105)
1987,Dates,Yield,5412,kg/ha,10109.9,A,https://bulks-faostat.fao.org/production/Production_Crops_Livestock_E_All_Data_(Normalized).zip,2026-09-05T00:37:44.601932+00:00,,Israel (FAO Area Code 105)
1988,Dates,Yield,5412,kg/ha,8787.9,A,https://bulks-faostat.fao.org/production/Production_Crops_Livestock_E_All_Data_(Normalized).zip,2026-09-05T00:37:44.601932+00:00,,Israel (FAO Area Code 105)
1989,Dates,Yield,5412,kg/ha,11619.0,A,https://bulks-faostat.fao.org/production/Production_Crops_Livestock_E_All_Data_(Normalized).zip,2026-09-05T00:37:44.601932+00:00,,Israel (FAO Area Code 105)
1990,Dates,Yield,5412,kg/ha,10334.7,A,https://bulks-faostat.fao.org/production/Production_Crops_Livestock_E_All_Data_(Normalized).zip,2026-09-05T00:37:44.601932+00:00,,Israel (FAO Area Code 105)
1991,Dates,Yield,5412,kg/ha,10040.3,A,https://bulks-faostat.fao.org/production/Production_Crops_Livestock_E_All_Data_(Normalized).zip,2026-09-05T00:37:44.601932+00:00,,Israel (FAO Area Code 105)
1992,Dates,Yield,5412,kg/ha,7324.9,A,https://bulks-faostat.fao.org/production/Production_Crops_Livestock_E_All_Data_(Normalized).zip,2026-09-05T00:37:44.601932+00:00,,Israel (FAO Area Code 105)
1993,Dates,Yield,5412,kg/ha,9084.6,A,https://bulks-faostat.fao.org/production/Production_Crops_Livestock_E_All_Data_(Normalized).zip,2026-09-05T00:37:44.601932+00:00,,Israel (FAO Area Code 105)
1994,Dates,Yield,5412,kg/ha,9489.6,A,https://bulks-faostat.fao.org/production/Production_Crops_Livestock_E_All_Data_(Normalized).zip,2026-09-05T00:37:44.601932+00:00,,Israel (FAO Area Code 105)
1995,Dates,Yield,5412,kg/ha,11007.8,A,https://bulks-faostat.fao.org/production/Production_Crops_Livestock_E_All_Data_(Normalized).zip,2026-09-05T00:37:44.601932+00:00,,Israel (FAO Area Code 105)
1996,Dates,Yield,5412,kg/ha,8274.8,A,https://bulks-faostat.fao.org/production/Production_Crops_Livestock_E_All_Data_(Normalized).zip,2026-09-05T00:37:44.601932+00:00,,Israel (FAO Area Code 105)
1997,Dates,Yield,5412,kg/ha,7871.0,A,https://bulks-faostat.fao.org/production/Production_Crops_Livestock_E_All_Data_(Normalized).zip,2026-09-05T00:37:44.601932+00:00,,Israel (FAO Area Code 105)
1998,Dates,Yield,5412,kg/ha,6518.3,A,https://bulks-faostat.fao.org/production/Production_Crops_Livestock_E_All_Data_(Normalized).zip,2026-09-05T00:37:44.601932+00:00,,Israel (FAO Area Code 105)
1999,Dates,Yield,5412,kg/ha,8378.2,A,https://bulks-faostat.fao.org/production/Production_Crops_Livestock_E_All_Data_(Normalized).zip,2026-09-05T00:37:44.601932+00:00,,Israel (FAO Area Code 105)
2000,Dates,Yield,5412,kg/ha,5667.6,A,https://bulks-faostat.fao.org/production/Production_Crops_Livestock_E_All_Data_(Normalized).zip,2026-09-05T00:37:44.601932+00:00,,Israel (FAO Area Code 105)
2001,Dates,Yield,5412,kg/ha,5391.7,A,https://bulks-faostat.fao.org/production/Production_Crops_Livestock_E_All_Data_(Normalized).zip,2026-09-05T00:37:44.601932+00:00,,Israel (FAO Area Code 105)
2002,Dates,Yield,5412,kg/ha,7125.3,A,https://bulks-faostat.fao.org/production/Production_Crops_Livestock_E_All_Data_(Normalized).zip,2026-09-05T00:37:44.601932+00:00,,Israel (FAO Area Code 105)
2003,Dates,Yield,5412,kg/ha,5350.6,A,https://bulks-faostat.fao.org/production/Production_Crops_Livestock_E_All_Data_(Normalized).zip,2026-09-05T00:37:44.601932+00:00,,Israel (FAO Area Code 105)
2004,Dates,Yield,5412,kg/ha,5567.3,E,https://bulks-faostat.fao.org/production/Production_Crops_Livestock_E_All_Data_(Normalized).zip,2026-09-05T00:37:44.601932+00:00,,Israel (FAO Area Code 105)
2005,Dates,Yield,5412,kg/ha,5508.6,E,https://bulks-faostat.fao.org/production/Production_Crops_Livestock_E_All_Data_(Normalized).zip,2026-09-05T00:37:44.601932+00:00,,Israel (FAO Area Code 105)
2006,Dates,Yield,5412,kg/ha,5521.3,E,https://bulks-faostat.fao.org/production/Production_Crops_Livestock_E_All_Data_(Normalized).zip,2026-09-05T00:37:44.601932+00:00,,Israel (FAO Area Code 105)
2007,Dates,Yield,5412,kg/ha,5542.0,E,https://bulks-faostat.fao.org/production/Production_Crops_Livestock_E_All_Data_(Normalized).zip,2026-09-05T00:37:44.601932+00:00,,Israel (FAO Area Code 105)
2008,Dates,Yield,5412,kg/ha,4885.9,E,https://bulks-faostat.fao.org/production/Production_Crops_Livestock_E_All_Data_(Normalized).zip,2026-09-05T00:37:44.601932+00:00,,Israel (FAO Area Code 105)
2009,Dates,Yield,5412,kg/ha,6113.4,E,https://bulks-faostat.fao.org/production/Production_Crops_Livestock_E_All_Data_(Normalized).zip,2026-09-05T00:37:44.601932+00:00,,Israel (FAO Area Code 105)
2010,Dates,Yield,5412,kg/ha,6123.6,A,https://bulks-faostat.fao.org/production/Production_Crops_Livestock_E_All_Data_(Normalized).zip,2026-09-05T00:37:44.601932+00:00,,Israel (FAO Area Code 105)
2011,Dates,Yield,5412,kg/ha,6728.7,A,https://bulks-faostat.fao.org/production/Production_Crops_Livestock_E_All_Data_(Normalized).zip,2026-09-05T00:37:44.601932+00:00,,Israel (FAO Area Code 105)
2012,Dates,Yield,5412,kg/ha,10674.0,A,https://bulks-faostat.fao.org/production/Production_Crops_Livestock_E_All_Data_(Normalized).zip,2026-09-05T00:37:44.601932+00:00,,Israel (FAO Area Code 105)
2013,Dates,Yield,5412,kg/ha,10820.5,A,https://bulks-faostat.fao.org/production/Production_Crops_Livestock_E_All_Data_(Normalized).zip,2026-09-05T00:37:44.601932+00:00,,Israel (FAO Area Code 105)
2014,Dates,Yield,5412,kg/ha,10377.9,A,https://bulks-faostat.fao.org/production/Production_Crops_Livestock_E_All_Data_(Normalized).zip,2026-09-05T00:37:44.601932+00:00,,Israel (FAO Area Code 105)
2015,Dates,Yield,5412,kg/ha,10269.2,A,https://bulks-faostat.fao.org/production/Production_Crops_Livestock_E_All_Data_(Normalized).zip,2026-09-05T00:37:44.601932+00:00,,Israel (FAO Area Code 105)
2016,Dates,Yield,5412,kg/ha,10374.6,A,https://bulks-faostat.fao.org/production/Production_Crops_Livestock_E_All_Data_(Normalized).zip,2026-09-05T00:37:44.601932+00:00,,Israel (FAO Area Code 105)
2017,Dates,Yield,5412,kg/ha,10191.7,A,https://bulks-faostat.fao.org/production/Production_Crops_Livestock_E_All_Data_(Normalized).zip,2026-09-05T00:37:44.601932+00:00,,Israel (FAO Area Code 105)
2018,Dates,Yield,5412,kg/ha,9419.0,A,https://bulks-faostat.fao.org/production/Production_Crops_Livestock_E_All_Data_(Normalized).zip,2026-09-05T00:37:44.601932+00:00,,Israel (FAO Area Code 105)
2019,Dates,Yield,5412,kg/ha,9046.1,A,https://bulks-faostat.fao.org/production/Production_Crops_Livestock_E_All_Data_(Normalized).zip,2026-09-05T00:37:44.601932+00:00,,Israel (FAO Area Code 105)
2020,Dates,Yield,5412,kg/ha,9183.4,A,https://bulks-faostat.fao.org/production/Production_Crops_Livestock_E_All_Data_(Normalized).zip,2026-09-05T00:37:44.601932+00:00,,Israel (FAO Area Code 105)
2021,Dates,Yield,5412,kg/ha,10371.3,A,https://bulks-faostat.fao.org/production/Production_Crops_Livestock_E_All_Data_(Normalized).zip,2026-09-05T00:37:44.601932+00:00,,Israel (FAO Area Code 105)
2022,Dates,Yield,5412,kg/ha,12551.5,A,https://bulks-faostat.fao.org/production/Production_Crops_Livestock_E_All_Data_(Normalized).zip,2026-09-05T00:37:44.601932+00:00,,Israel (FAO Area Code 105)
2023,Dates,Yield,5412,kg/ha,14093.7,A,https://bulks-faostat.fao.org/production/Production_Crops_Livestock_E_All_Data_(Normalized).zip,2026-09-05T00:37:44.601932+00:00,,Israel (FAO Area Code 105)
2024,Dates,Yield,5412,kg/ha,15154.4,A,https://bulks-faostat.fao.org/production/Production_Crops_Livestock_E_All_Data_(Normalized).zip,2026-09-05T00:37:44.601932+00:00,,Israel (FAO Area Code 105)
1961,Dates,Production,5510,t,600.0,A,https://bulks-faostat.fao.org/production/Production_Crops_Livestock_E_All_Data_(Normalized).zip,2026-09-05T00:37:44.601932+00:00,,Israel (FAO Area Code 105)
1962,Dates,Production,5510,t,700.0,A,https://bulks-faostat.fao.org/production/Production_Crops_Livestock_E_All_Data_(Normalized).zip,2026-09-05T00:37:44.601932+00:00,,Israel (FAO Area Code 105)
1963,Dates,Production,5510,t,900.0,A,https://bulks-faostat.fao.org/production/Production_Crops_Livestock_E_All_Data_(Normalized).zip,2026-09-05T00:37:44.601932+00:00,,Israel (FAO Area Code 105)
1964,Dates,Production,5510,t,1100.0,A,https://bulks-faostat.fao.org/production/Production_Crops_Livestock_E_All_Data_(Normalized).zip,2026-09-05T00:37:44.601932+00:00,,Israel (FAO Area Code 105)
1965,Dates,Production,5510,t,1100.0,A,https://bulks-faostat.fao.org/production/Production_Crops_Livestock_E_All_Data_(Normalized).zip,2026-09-05T00:37:44.601932+00:00,,Israel (FAO Area Code 105)
1966,Dates,Production,5510,t,1550.0,A,https://bulks-faostat.fao.org/production/Production_Crops_Livestock_E_All_Data_(Normalized).zip,2026-09-05T00:37:44.601932+00:00,,Israel (FAO Area Code 105)
1967,Dates,Production,5510,t,1800.0,A,https://bulks-faostat.fao.org/production/Production_Crops_Livestock_E_All_Data_(Normalized).zip,2026-09-05T00:37:44.601932+00:00,,Israel (FAO Area Code 105)
1968,Dates,Production,5510,t,1900.0,A,https://bulks-faostat.fao.org/production/Production_Crops_Livestock_E_All_Data_(Normalized).zip,2026-09-05T00:37:44.601932+00:00,,Israel (FAO Area Code 105)
1969,Dates,Production,5510,t,2100.0,A,https://bulks-faostat.fao.org/production/Production_Crops_Livestock_E_All_Data_(Normalized).zip,2026-09-05T00:37:44.601932+00:00,,Israel (FAO Area Code 105)
1970,Dates,Production,5510,t,2300.0,A,https://bulks-faostat.fao.org/production/Production_Crops_Livestock_E_All_Data_(Normalized).zip,2026-09-05T00:37:44.601932+00:00,,Israel (FAO Area Code 105)
1971,Dates,Production,5510,t,2600.0,A,https://bulks-faostat.fao.org/production/Production_Crops_Livestock_E_All_Data_(Normalized).zip,2026-09-05T00:37:44.601932+00:00,,Israel (FAO Area Code 105)
1972,Dates,Production,5510,t,2900.0,A,https://bulks-faostat.fao.org/production/Production_Crops_Livestock_E_All_Data_(Normalized).zip,2026-09-05T00:37:44.601932+00:00,,Israel (FAO Area Code 105)
1973,Dates,Production,5510,t,2950.0,A,https://bulks-faostat.fao.org/production/Production_Crops_Livestock_E_All_Data_(Normalized).zip,2026-09-05T00:37:44.601932+00:00,,Israel (FAO Area Code 105)
1974,Dates,Production,5510,t,3400.0,A,https://bulks-faostat.fao.org/production/Production_Crops_Livestock_E_All_Data_(Normalized).zip,2026-09-05T00:37:44.601932+00:00,,Israel (FAO Area Code 105)
1975,Dates,Production,5510,t,3500.0,A,https://bulks-faostat.fao.org/production/Production_Crops_Livestock_E_All_Data_(Normalized).zip,2026-09-05T00:37:44.601932+00:00,,Israel (FAO Area Code 105)
1976,Dates,Production,5510,t,4050.0,A,https://bulks-faostat.fao.org/production/Production_Crops_Livestock_E_All_Data_(Normalized).zip,2026-09-05T00:37:44.601932+00:00,,Israel (FAO Area Code 105)
1977,Dates,Production,5510,t,4100.0,A,https://bulks-faostat.fao.org/production/Production_Crops_Livestock_E_All_Data_(Normalized).zip,2026-09-05T00:37:44.601932+00:00,,Israel (FAO Area Code 105)
1978,Dates,Production,5510,t,4150.0,A,https://bulks-faostat.fao.org/production/Production_Crops_Livestock_E_All_Data_(Normalized).zip,2026-09-05T00:37:44.601932+00:00,,Israel (FAO Area Code 105)
1979,Dates,Production,5510,t,4853.0,A,https://bulks-faostat.fao.org/production/Production_Crops_Livestock_E_All_Data_(Normalized).zip,2026-09-05T00:37:44.601932+00:00,,Israel (FAO Area Code 105)
1980,Dates,Production,5510,t,4900.0,A,https://bulks-faostat.fao.org/production/Production_Crops_Livestock_E_All_Data_(Normalized).zip,2026-09-05T00:37:44.601932+00:00,,Israel (FAO Area Code 105)
1981,Dates,Production,5510,t,5200.0,A,https://bulks-faostat.fao.org/production/Production_Crops_Livestock_E_All_Data_(Normalized).zip,2026-09-05T00:37:44.601932+00:00,,Israel (FAO Area Code 105)
1982,Dates,Production,5510,t,5000.0,A,https://bulks-faostat.fao.org/production/Production_Crops_Livestock_E_All_Data_(Normalized).zip,2026-09-05T00:37:44.601932+00:00,,Israel (FAO Area Code 105)
1983,Dates,Production,5510,t,5300.0,A,https://bulks-faostat.fao.org/production/Production_Crops_Livestock_E_All_Data_(Normalized).zip,2026-09-05T00:37:44.601932+00:00,,Israel (FAO Area Code 105)
1984,Dates,Production,5510,t,5400.0,A,https://bulks-faostat.fao.org/production/Production_Crops_Livestock_E_All_Data_(Normalized).zip,2026-09-05T00:37:44.601932+00:00,,Israel (FAO Area Code 105)
1985,Dates,Production,5510,t,5400.0,A,https://bulks-faostat.fao.org/production/Production_Crops_Livestock_E_All_Data_(Normalized).zip,2026-09-05T00:37:44.601932+00:00,,Israel (FAO Area Code 105)
1986,Dates,Production,5510,t,7200.0,A,https://bulks-faostat.fao.org/production/Production_Crops_Livestock_E_All_Data_(Normalized).zip,2026-09-05T00:37:44.601932+00:00,,Israel (FAO Area Code 105)
1987,Dates,Production,5510,t,9200.0,A,https://bulks-faostat.fao.org/production/Production_Crops_Livestock_E_All_Data_(Normalized).zip,2026-09-05T00:37:44.601932+00:00,,Israel (FAO Area Code 105)
1988,Dates,Production,5510,t,8700.0,A,https://bulks-faostat.fao.org/production/Production_Crops_Livestock_E_All_Data_(Normalized).zip,2026-09-05T00:37:44.601932+00:00,,Israel (FAO Area Code 105)
1989,Dates,Production,5510,t,12200.0,A,https://bulks-faostat.fao.org/production/Production_Crops_Livestock_E_All_Data_(Normalized).zip,2026-09-05T00:37:44.601932+00:00,,Israel (FAO Area Code 105)
1990,Dates,Production,5510,t,12350.0,A,https://bulks-faostat.fao.org/production/Production_Crops_Livestock_E_All_Data_(Normalized).zip,2026-09-05T00:37:44.601932+00:00,,Israel (FAO Area Code 105)
1991,Dates,Production,5510,t,12450.0,A,https://bulks-faostat.fao.org/production/Production_Crops_Livestock_E_All_Data_(Normalized).zip,2026-09-05T00:37:44.601932+00:00,,Israel (FAO Area Code 105)
1992,Dates,Production,5510,t,11610.0,A,https://bulks-faostat.fao.org/production/Production_Crops_Livestock_E_All_Data_(Normalized).zip,2026-09-05T00:37:44.601932+00:00,,Israel (FAO Area Code 105)
1993,Dates,Production,5510,t,11810.0,A,https://bulks-faostat.fao.org/production/Production_Crops_Livestock_E_All_Data_(Normalized).zip,2026-09-05T00:37:44.601932+00:00,,Israel (FAO Area Code 105)
1994,Dates,Production,5510,t,12811.0,A,https://bulks-faostat.fao.org/production/Production_Crops_Livestock_E_All_Data_(Normalized).zip,2026-09-05T00:37:44.601932+00:00,,Israel (FAO Area Code 105)
1995,Dates,Production,5510,t,14200.0,A,https://bulks-faostat.fao.org/production/Production_Crops_Livestock_E_All_Data_(Normalized).zip,2026-09-05T00:37:44.601932+00:00,,Israel (FAO Area Code 105)
1996,Dates,Production,5510,t,10840.0,A,https://bulks-faostat.fao.org/production/Production_Crops_Livestock_E_All_Data_(Normalized).zip,2026-09-05T00:37:44.601932+00:00,,Israel (FAO Area Code 105)
1997,Dates,Production,5510,t,9760.0,A,https://bulks-faostat.fao.org/production/Production_Crops_Livestock_E_All_Data_(Normalized).zip,2026-09-05T00:37:44.601932+00:00,,Israel (FAO Area Code 105)
1998,Dates,Production,5510,t,8200.0,A,https://bulks-faostat.fao.org/production/Production_Crops_Livestock_E_All_Data_(Normalized).zip,2026-09-05T00:37:44.601932+00:00,,Israel (FAO Area Code 105)
1999,Dates,Production,5510,t,10900.0,A,https://bulks-faostat.fao.org/production/Production_Crops_Livestock_E_All_Data_(Normalized).zip,2026-09-05T00:37:44.601932+00:00,,Israel (FAO Area Code 105)
2000,Dates,Production,5510,t,11732.0,A,https://bulks-faostat.fao.org/production/Production_Crops_Livestock_E_All_Data_(Normalized).zip,2026-09-05T00:37:44.601932+00:00,,Israel (FAO Area Code 105)
2001,Dates,Production,5510,t,11700.0,A,https://bulks-faostat.fao.org/production/Production_Crops_Livestock_E_All_Data_(Normalized).zip,2026-09-05T00:37:44.601932+00:00,,Israel (FAO Area Code 105)
2002,Dates,Production,5510,t,16830.0,A,https://bulks-faostat.fao.org/production/Production_Crops_Livestock_E_All_Data_(Normalized).zip,2026-09-05T00:37:44.601932+00:00,,Israel (FAO Area Code 105)
2003,Dates,Production,5510,t,13430.0,A,https://bulks-faostat.fao.org/production/Production_Crops_Livestock_E_All_Data_(Normalized).zip,2026-09-05T00:37:44.601932+00:00,,Israel (FAO Area Code 105)
2004,Dates,Production,5510,t,14475.0,A,https://bulks-faostat.fao.org/production/Production_Crops_Livestock_E_All_Data_(Normalized).zip,2026-09-05T00:37:44.601932+00:00,,Israel (FAO Area Code 105)
2005,Dates,Production,5510,t,15975.0,A,https://bulks-faostat.fao.org/production/Production_Crops_Livestock_E_All_Data_(Normalized).zip,2026-09-05T00:37:44.601932+00:00,,Israel (FAO Area Code 105)
2006,Dates,Production,5510,t,17668.0,A,https://bulks-faostat.fao.org/production/Production_Crops_Livestock_E_All_Data_(Normalized).zip,2026-09-05T00:37:44.601932+00:00,,Israel (FAO Area Code 105)
2007,Dates,Production,5510,t,17377.0,A,https://bulks-faostat.fao.org/production/Production_Crops_Livestock_E_All_Data_(Normalized).zip,2026-09-05T00:37:44.601932+00:00,,Israel (FAO Area Code 105)
2008,Dates,Production,5510,t,18078.0,A,https://bulks-faostat.fao.org/production/Production_Crops_Livestock_E_All_Data_(Normalized).zip,2026-09-05T00:37:44.601932+00:00,,Israel (FAO Area Code 105)
2009,Dates,Production,5510,t,23231.0,A,https://bulks-faostat.fao.org/production/Production_Crops_Livestock_E_All_Data_(Normalized).zip,2026-09-05T00:37:44.601932+00:00,,Israel (FAO Area Code 105)
2010,Dates,Production,5510,t,30618.0,A,https://bulks-faostat.fao.org/production/Production_Crops_Livestock_E_All_Data_(Normalized).zip,2026-09-05T00:37:44.601932+00:00,,Israel (FAO Area Code 105)
2011,Dates,Production,5510,t,37008.0,A,https://bulks-faostat.fao.org/production/Production_Crops_Livestock_E_All_Data_(Normalized).zip,2026-09-05T00:37:44.601932+00:00,,Israel (FAO Area Code 105)
2012,Dates,Production,5510,t,38800.0,A,https://bulks-faostat.fao.org/production/Production_Crops_Livestock_E_All_Data_(Normalized).zip,2026-09-05T00:37:44.601932+00:00,,Israel (FAO Area Code 105)
2013,Dates,Production,5510,t,39300.0,A,https://bulks-faostat.fao.org/production/Production_Crops_Livestock_E_All_Data_(Normalized).zip,2026-09-05T00:37:44.601932+00:00,,Israel (FAO Area Code 105)
2014,Dates,Production,5510,t,40754.0,A,https://bulks-faostat.fao.org/production/Production_Crops_Livestock_E_All_Data_(Normalized).zip,2026-09-05T00:37:44.601932+00:00,,Israel (FAO Area Code 105)
2015,Dates,Production,5510,t,41200.0,A,https://bulks-faostat.fao.org/production/Production_Crops_Livestock_E_All_Data_(Normalized).zip,2026-09-05T00:37:44.601932+00:00,,Israel (FAO Area Code 105)
2016,Dates,Production,5510,t,43200.0,A,https://bulks-faostat.fao.org/production/Production_Crops_Livestock_E_All_Data_(Normalized).zip,2026-09-05T00:37:44.601932+00:00,,Israel (FAO Area Code 105)
2017,Dates,Production,5510,t,43967.0,A,https://bulks-faostat.fao.org/production/Production_Crops_Livestock_E_All_Data_(Normalized).zip,2026-09-05T00:37:44.601932+00:00,,Israel (FAO Area Code 105)
2018,Dates,Production,5510,t,44580.0,A,https://bulks-faostat.fao.org/production/Production_Crops_Livestock_E_All_Data_(Normalized).zip,2026-09-05T00:37:44.601932+00:00,,Israel (FAO Area Code 105)
2019,Dates,Production,5510,t,43412.0,A,https://bulks-faostat.fao.org/production/Production_Crops_Livestock_E_All_Data_(Normalized).zip,2026-09-05T00:37:44.601932+00:00,,Israel (FAO Area Code 105)
2020,Dates,Production,5510,t,48984.0,A,https://bulks-faostat.fao.org/production/Production_Crops_Livestock_E_All_Data_(Normalized).zip,2026-09-05T00:37:44.601932+00:00,,Israel (FAO Area Code 105)
2021,Dates,Production,5510,t,55368.0,A,https://bulks-faostat.fao.org/production/Production_Crops_Livestock_E_All_Data_(Normalized).zip,2026-09-05T00:37:44.601932+00:00,,Israel (FAO Area Code 105)
2022,Dates,Production,5510,t,67000.0,A,https://bulks-faostat.fao.org/production/Production_Crops_Livestock_E_All_Data_(Normalized).zip,2026-09-05T00:37:44.601932+00:00,,Israel (FAO Area Code 105)
2023,Dates,Production,5510,t,75500.0,A,https://bulks-faostat.fao.org/production/Production_Crops_Livestock_E_All_Data_(Normalized).zip,2026-09-05T00:37:44.601932+00:00,,Israel (FAO Area Code 105)
2024,Dates,Production,5510,t,80000.0,A,https://bulks-faostat.fao.org/production/Production_Crops_Livestock_E_All_Data_(Normalized).zip,2026-09-05T00:37:44.601932+00:00,,Israel (FAO Area Code 105)
1961,Figs,Area harvested,5312,ha,1000.0,E,https://bulks-faostat.fao.org/production/Production_Crops_Livestock_E_All_Data_(Normalized).zip,2026-09-05T00:37:44.601932+00:00,,Israel (FAO Area Code 105)
1962,Figs,Area harvested,5312,ha,940.0,E,https://bulks-faostat.fao.org/production/Production_Crops_Livestock_E_All_Data_(Normalized).zip,2026-09-05T00:37:44.601932+00:00,,Israel (FAO Area Code 105)
1963,Figs,Area harvested,5312,ha,820.0,E,https://bulks-faostat.fao.org/production/Production_Crops_Livestock_E_All_Data_(Normalized).zip,2026-09-05T00:37:44.601932+00:00,,Israel (FAO Area Code 105)
1964,Figs,Area harvested,5312,ha,770.0,E,https://bulks-faostat.fao.org/production/Production_Crops_Livestock_E_All_Data_(Normalized).zip,2026-09-05T00:37:44.601932+00:00,,Israel (FAO Area Code 105)
1965,Figs,Area harvested,5312,ha,690.0,E,https://bulks-faostat.fao.org/production/Production_Crops_Livestock_E_All_Data_(Normalized).zip,2026-09-05T00:37:44.601932+00:00,,Israel (FAO Area Code 105)
1966,Figs,Area harvested,5312,ha,600.0,A,https://bulks-faostat.fao.org/production/Production_Crops_Livestock_E_All_Data_(Normalized).zip,2026-09-05T00:37:44.601932+00:00,,Israel (FAO Area Code 105)
1967,Figs,Area harvested,5312,ha,600.0,A,https://bulks-faostat.fao.org/production/Production_Crops_Livestock_E_All_Data_(Normalized).zip,2026-09-05T00:37:44.601932+00:00,,Israel (FAO Area Code 105)
1968,Figs,Area harvested,5312,ha,600.0,A,https://bulks-faostat.fao.org/production/Production_Crops_Livestock_E_All_Data_(Normalized).zip,2026-09-05T00:37:44.601932+00:00,,Israel (FAO Area Code 105)
1969,Figs,Area harvested,5312,ha,500.0,A,https://bulks-faostat.fao.org/production/Production_Crops_Livestock_E_All_Data_(Normalized).zip,2026-09-05T00:37:44.601932+00:00,,Israel (FAO Area Code 105)
1970,Figs,Area harvested,5312,ha,600.0,A,https://bulks-faostat.fao.org/production/Production_Crops_Livestock_E_All_Data_(Normalized).zip,2026-09-05T00:37:44.601932+00:00,,Israel (FAO Area Code 105)
1971,Figs,Area harvested,5312,ha,500.0,A,https://bulks-faostat.fao.org/production/Production_Crops_Livestock_E_All_Data_(Normalized).zip,2026-09-05T00:37:44.601932+00:00,,Israel (FAO Area Code 105)
1972,Figs,Area harvested,5312,ha,500.0,A,https://bulks-faostat.fao.org/production/Production_Crops_Livestock_E_All_Data_(Normalized).zip,2026-09-05T00:37:44.601932+00:00,,Israel (FAO Area Code 105)
1973,Figs,Area harvested,5312,ha,450.0,A,https://bulks-faostat.fao.org/production/Production_Crops_Livestock_E_All_Data_(Normalized).zip,2026-09-05T00:37:44.601932+00:00,,Israel (FAO Area Code 105)
1974,Figs,Area harvested,5312,ha,500.0,A,https://bulks-faostat.fao.org/production/Production_Crops_Livestock_E_All_Data_(Normalized).zip,2026-09-05T00:37:44.601932+00:00,,Israel (FAO Area Code 105)
1975,Figs,Area harvested,5312,ha,470.0,A,https://bulks-faostat.fao.org/production/Production_Crops_Livestock_E_All_Data_(Normalized).zip,2026-09-05T00:37:44.601932+00:00,,Israel (FAO Area Code 105)
1976,Figs,Area harvested,5312,ha,450.0,A,https://bulks-faostat.fao.org/production/Production_Crops_Livestock_E_All_Data_(Normalized).zip,2026-09-05T00:37:44.601932+00:00,,Israel (FAO Area Code 105)
1977,Figs,Area harvested,5312,ha,250.0,E,https://bulks-faostat.fao.org/production/Production_Crops_Livestock_E_All_Data_(Normalized).zip,2026-09-05T00:37:44.601932+00:00,,Israel (FAO Area Code 105)
1978,Figs,Area harvested,5312,ha,173.0,A,https://bulks-faostat.fao.org/production/Production_Crops_Livestock_E_All_Data_(Normalized).zip,2026-09-05T00:37:44.601932+00:00,,Israel (FAO Area Code 105)
1979,Figs,Area harvested,5312,ha,194.0,A,https://bulks-faostat.fao.org/production/Production_Crops_Livestock_E_All_Data_(Normalized).zip,2026-09-05T00:37:44.601932+00:00,,Israel (FAO Area Code 105)
1980,Figs,Area harvested,5312,ha,212.0,A,https://bulks-faostat.fao.org/production/Production_Crops_Livestock_E_All_Data_(Normalized).zip,2026-09-05T00:37:44.601932+00:00,,Israel (FAO Area Code 105)
1981,Figs,Area harvested,5312,ha,145.0,A,https://bulks-faostat.fao.org/production/Production_Crops_Livestock_E_All_Data_(Normalized).zip,2026-09-05T00:37:44.601932+00:00,,Israel (FAO Area Code 105)
1982,Figs,Area harvested,5312,ha,150.0,A,https://bulks-faostat.fao.org/production/Production_Crops_Livestock_E_All_Data_(Normalized).zip,2026-09-05T00:37:44.601932+00:00,,Israel (FAO Area Code 105)
1983,Figs,Area harvested,5312,ha,150.0,A,https://bulks-faostat.fao.org/production/Production_Crops_Livestock_E_All_Data_(Normalized).zip,2026-09-05T00:37:44.601932+00:00,,Israel (FAO Area Code 105)
1984,Figs,Area harvested,5312,ha,150.0,A,https://bulks-faostat.fao.org/production/Production_Crops_Livestock_E_All_Data_(Normalized).zip,2026-09-05T00:37:44.601932+00:00,,Israel (FAO Area Code 105)
1985,Figs,Area harvested,5312,ha,150.0,A,https://bulks-faostat.fao.org/production/Production_Crops_Livestock_E_All_Data_(Normalized).zip,2026-09-05T00:37:44.601932+00:00,,Israel (FAO Area Code 105)
1986,Figs,Area harvested,5312,ha,85.0,A,https://bulks-faostat.fao.org/production/Production_Crops_Livestock_E_All_Data_(Normalized).zip,2026-09-05T00:37:44.601932+00:00,,Israel (FAO Area Code 105)
1987,Figs,Area harvested,5312,ha,85.0,A,https://bulks-faostat.fao.org/production/Production_Crops_Livestock_E_All_Data_(Normalized).zip,2026-09-05T00:37:44.601932+00:00,,Israel (FAO Area Code 105)
1988,Figs,Area harvested,5312,ha,90.0,E,https://bulks-faostat.fao.org/production/Production_Crops_Livestock_E_All_Data_(Normalized).zip,2026-09-05T00:37:44.601932+00:00,,Israel (FAO Area Code 105)
1989,Figs,Area harvested,5312,ha,95.0,E,https://bulks-faostat.fao.org/production/Production_Crops_Livestock_E_All_Data_(Normalized).zip,2026-09-05T00:37:44.601932+00:00,,Israel (FAO Area Code 105)
1990,Figs,Area harvested,5312,ha,94.0,A,https://bulks-faostat.fao.org/production/Production_Crops_Livestock_E_All_Data_(Normalized).zip,2026-09-05T00:37:44.601932+00:00,,Israel (FAO Area Code 105)
1991,Figs,Area harvested,5312,ha,95.0,A,https://bulks-faostat.fao.org/production/Production_Crops_Livestock_E_All_Data_(Normalized).zip,2026-09-05T00:37:44.601932+00:00,,Israel (FAO Area Code 105)
1992,Figs,Area harvested,5312,ha,99.0,A,https://bulks-faostat.fao.org/production/Production_Crops_Livestock_E_All_Data_(Normalized).zip,2026-09-05T00:37:44.601932+00:00,,Israel (FAO Area Code 105)
1993,Figs,Area harvested,5312,ha,80.0,E,https://bulks-faostat.fao.org/production/Production_Crops_Livestock_E_All_Data_(Normalized).zip,2026-09-05T00:37:44.601932+00:00,,Israel (FAO Area Code 105)
1994,Figs,Area harvested,5312,ha,90.0,E,https://bulks-faostat.fao.org/production/Production_Crops_Livestock_E_All_Data_(Normalized).zip,2026-09-05T00:37:44.601932+00:00,,Israel (FAO Area Code 105)
1995,Figs,Area harvested,5312,ha,92.0,A,https://bulks-faostat.fao.org/production/Production_Crops_Livestock_E_All_Data_(Normalized).zip,2026-09-05T00:37:44.601932+00:00,,Israel (FAO Area Code 105)
1996,Figs,Area harvested,5312,ha,78.0,A,https://bulks-faostat.fao.org/production/Production_Crops_Livestock_E_All_Data_(Normalized).zip,2026-09-05T00:37:44.601932+00:00,,Israel (FAO Area Code 105)
1997,Figs,Area harvested,5312,ha,65.0,E,https://bulks-faostat.fao.org/production/Production_Crops_Livestock_E_All_Data_(Normalized).zip,2026-09-05T00:37:44.601932+00:00,,Israel (FAO Area Code 105)
1998,Figs,Area harvested,5312,ha,59.0,A,https://bulks-faostat.fao.org/production/Production_Crops_Livestock_E_All_Data_(Normalized).zip,2026-09-05T00:37:44.601932+00:00,,Israel (FAO Area Code 105)
1999,Figs,Area harvested,5312,ha,55.0,A,https://bulks-faostat.fao.org/production/Production_Crops_Livestock_E_All_Data_(Normalized).zip,2026-09-05T00:37:44.601932+00:00,,Israel (FAO Area Code 105)
2000,Figs,Area harvested,5312,ha,61.0,A,https://bulks-faostat.fao.org/production/Production_Crops_Livestock_E_All_Data_(Normalized).zip,2026-09-05T00:37:44.601932+00:00,,Israel (FAO Area Code 105)
2001,Figs,Area harvested,5312,ha,90.0,E,https://bulks-faostat.fao.org/production/Production_Crops_Livestock_E_All_Data_(Normalized).zip,2026-09-05T00:37:44.601932+00:00,,Israel (FAO Area Code 105)
2002,Figs,Area harvested,5312,ha,142.0,A,https://bulks-faostat.fao.org/production/Production_Crops_Livestock_E_All_Data_(Normalized).zip,2026-09-05T00:37:44.601932+00:00,,Israel (FAO Area Code 105)
2003,Figs,Area harvested,5312,ha,150.0,A,https://bulks-faostat.fao.org/production/Production_Crops_Livestock_E_All_Data_(Normalized).zip,2026-09-05T00:37:44.601932+00:00,,Israel (FAO Area Code 105)
2004,Figs,Area harvested,5312,ha,170.0,E,https://bulks-faostat.fao.org/production/Production_Crops_Livestock_E_All_Data_(Normalized).zip,2026-09-05T00:37:44.601932+00:00,,Israel (FAO Area Code 105)
2005,Figs,Area harvested,5312,ha,230.0,E,https://bulks-faostat.fao.org/production/Production_Crops_Livestock_E_All_Data_(Normalized).zip,2026-09-05T00:37:44.601932+00:00,,Israel (FAO Area Code 105)
2006,Figs,Area harvested,5312,ha,229.0,I,https://bulks-faostat.fao.org/production/Production_Crops_Livestock_E_All_Data_(Normalized).zip,2026-09-05T00:37:44.601932+00:00,,Israel (FAO Area Code 105)
2007,Figs,Area harvested,5312,ha,300.0,E,https://bulks-faostat.fao.org/production/Production_Crops_Livestock_E_All_Data_(Normalized).zip,2026-09-05T00:37:44.601932+00:00,,Israel (FAO Area Code 105)
2008,Figs,Area harvested,5312,ha,360.0,E,https://bulks-faostat.fao.org/production/Production_Crops_Livestock_E_All_Data_(Normalized).zip,2026-09-05T00:37:44.601932+00:00,,Israel (FAO Area Code 105)
2009,Figs,Area harvested,5312,ha,730.0,E,https://bulks-faostat.fao.org/production/Production_Crops_Livestock_E_All_Data_(Normalized).zip,2026-09-05T00:37:44.601932+00:00,,Israel (FAO Area Code 105)
2010,Figs,Area harvested,5312,ha,614.0,I,https://bulks-faostat.fao.org/production/Production_Crops_Livestock_E_All_Data_(Normalized).zip,2026-09-05T00:37:44.601932+00:00,,Israel (FAO Area Code 105)
2011,Figs,Area harvested,5312,ha,641.0,I,https://bulks-faostat.fao.org/production/Production_Crops_Livestock_E_All_Data_(Normalized).zip,2026-09-05T00:37:44.601932+00:00,,Israel (FAO Area Code 105)
2012,Figs,Area harvested,5312,ha,158.0,A,https://bulks-faostat.fao.org/production/Production_Crops_Livestock_E_All_Data_(Normalized).zip,2026-09-05T00:37:44.601932+00:00,,Israel (FAO Area Code 105)
2013,Figs,Area harvested,5312,ha,161.0,A,https://bulks-faostat.fao.org/production/Production_Crops_Livestock_E_All_Data_(Normalized).zip,2026-09-05T00:37:44.601932+00:00,,Israel (FAO Area Code 105)
2014,Figs,Area harvested,5312,ha,156.0,A,https://bulks-faostat.fao.org/production/Production_Crops_Livestock_E_All_Data_(Normalized).zip,2026-09-05T00:37:44.601932+00:00,,Israel (FAO Area Code 105)
2015,Figs,Area harvested,5312,ha,152.0,A,https://bulks-faostat.fao.org/production/Production_Crops_Livestock_E_All_Data_(Normalized).zip,2026-09-05T00:37:44.601932+00:00,,Israel (FAO Area Code 105)
2016,Figs,Area harvested,5312,ha,134.0,A,https://bulks-faostat.fao.org/production/Production_Crops_Livestock_E_All_Data_(Normalized).zip,2026-09-05T00:37:44.601932+00:00,,Israel (FAO Area Code 105)
2017,Figs,Area harvested,5312,ha,131.0,A,https://bulks-faostat.fao.org/production/Production_Crops_Livestock_E_All_Data_(Normalized).zip,2026-09-05T00:37:44.601932+00:00,,Israel (FAO Area Code 105)
2018,Figs,Area harvested,5312,ha,131.0,A,https://bulks-faostat.fao.org/production/Production_Crops_Livestock_E_All_Data_(Normalized).zip,2026-09-05T00:37:44.601932+00:00,,Israel (FAO Area Code 105)
2019,Figs,Area harvested,5312,ha,133.0,A,https://bulks-faostat.fao.org/production/Production_Crops_Livestock_E_All_Data_(Normalized).zip,2026-09-05T00:37:44.601932+00:00,,Israel (FAO Area Code 105)
2020,Figs,Area harvested,5312,ha,127.0,A,https://bulks-faostat.fao.org/production/Production_Crops_Livestock_E_All_Data_(Normalized).zip,2026-09-05T00:37:44.601932+00:00,,Israel (FAO Area Code 105)
2021,Figs,Area harvested,5312,ha,141.0,A,https://bulks-faostat.fao.org/production/Production_Crops_Livestock_E_All_Data_(Normalized).zip,2026-09-05T00:37:44.601932+00:00,,Israel (FAO Area Code 105)
2022,Figs,Area harvested,5312,ha,141.0,A,https://bulks-faostat.fao.org/production/Production_Crops_Livestock_E_All_Data_(Normalized).zip,2026-09-05T00:37:44.601932+00:00,,Israel (FAO Area Code 105)
2023,Figs,Area harvested,5312,ha,70.0,A,https://bulks-faostat.fao.org/production/Production_Crops_Livestock_E_All_Data_(Normalized).zip,2026-09-05T00:37:44.601932+00:00,,Israel (FAO Area Code 105)
2024,Figs,Area harvested,5312,ha,51.0,A,https://bulks-faostat.fao.org/production/Production_Crops_Livestock_E_All_Data_(Normalized).zip,2026-09-05T00:37:44.601932+00:00,,Israel (FAO Area Code 105)
1961,Figs,Yield,5412,kg/ha,2300.0,E,https://bulks-faostat.fao.org/production/Production_Crops_Livestock_E_All_Data_(Normalized).zip,2026-09-05T00:37:44.601932+00:00,,Israel (FAO Area Code 105)
1962,Figs,Yield,5412,kg/ha,2340.4,E,https://bulks-faostat.fao.org/production/Production_Crops_Livestock_E_All_Data_(Normalized).zip,2026-09-05T00:37:44.601932+00:00,,Israel (FAO Area Code 105)
1963,Figs,Yield,5412,kg/ha,2317.1,E,https://bulks-faostat.fao.org/production/Production_Crops_Livestock_E_All_Data_(Normalized).zip,2026-09-05T00:37:44.601932+00:00,,Israel (FAO Area Code 105)
1964,Figs,Yield,5412,kg/ha,2337.7,E,https://bulks-faostat.fao.org/production/Production_Crops_Livestock_E_All_Data_(Normalized).zip,2026-09-05T00:37:44.601932+00:00,,Israel (FAO Area Code 105)
1965,Figs,Yield,5412,kg/ha,2318.8,E,https://bulks-faostat.fao.org/production/Production_Crops_Livestock_E_All_Data_(Normalized).zip,2026-09-05T00:37:44.601932+00:00,,Israel (FAO Area Code 105)
1966,Figs,Yield,5412,kg/ha,2333.3,A,https://bulks-faostat.fao.org/production/Production_Crops_Livestock_E_All_Data_(Normalized).zip,2026-09-05T00:37:44.601932+00:00,,Israel (FAO Area Code 105)
1967,Figs,Yield,5412,kg/ha,2416.7,A,https://bulks-faostat.fao.org/production/Production_Crops_Livestock_E_All_Data_(Normalized).zip,2026-09-05T00:37:44.601932+00:00,,Israel (FAO Area Code 105)
1968,Figs,Yield,5412,kg/ha,2333.3,A,https://bulks-faostat.fao.org/production/Production_Crops_Livestock_E_All_Data_(Normalized).zip,2026-09-05T00:37:44.601932+00:00,,Israel (FAO Area Code 105)
1969,Figs,Yield,5412,kg/ha,2800.0,A,https://bulks-faostat.fao.org/production/Production_Crops_Livestock_E_All_Data_(Normalized).zip,2026-09-05T00:37:44.601932+00:00,,Israel (FAO Area Code 105)
1970,Figs,Yield,5412,kg/ha,2250.0,A,https://bulks-faostat.fao.org/production/Production_Crops_Livestock_E_All_Data_(Normalized).zip,2026-09-05T00:37:44.601932+00:00,,Israel (FAO Area Code 105)
1971,Figs,Yield,5412,kg/ha,2600.0,A,https://bulks-faostat.fao.org/production/Production_Crops_Livestock_E_All_Data_(Normalized).zip,2026-09-05T00:37:44.601932+00:00,,Israel (FAO Area Code 105)
1972,Figs,Yield,5412,kg/ha,2100.0,A,https://bulks-faostat.fao.org/production/Production_Crops_Livestock_E_All_Data_(Normalized).zip,2026-09-05T00:37:44.601932+00:00,,Israel (FAO Area Code 105)
1973,Figs,Yield,5412,kg/ha,2222.2,A,https://bulks-faostat.fao.org/production/Production_Crops_Livestock_E_All_Data_(Normalized).zip,2026-09-05T00:37:44.601932+00:00,,Israel (FAO Area Code 105)
1974,Figs,Yield,5412,kg/ha,1900.0,A,https://bulks-faostat.fao.org/production/Production_Crops_Livestock_E_All_Data_(Normalized).zip,2026-09-05T00:37:44.601932+00:00,,Israel (FAO Area Code 105)
1975,Figs,Yield,5412,kg/ha,1808.5,A,https://bulks-faostat.fao.org/production/Production_Crops_Livestock_E_All_Data_(Normalized).zip,2026-09-05T00:37:44.601932+00:00,,Israel (FAO Area Code 105)
1976,Figs,Yield,5412,kg/ha,1777.8,A,https://bulks-faostat.fao.org/production/Production_Crops_Livestock_E_All_Data_(Normalized).zip,2026-09-05T00:37:44.601932+00:00,,Israel (FAO Area Code 105)
1977,Figs,Yield,5412,kg/ha,3000.0,E,https://bulks-faostat.fao.org/production/Production_Crops_Livestock_E_All_Data_(Normalized).zip,2026-09-05T00:37:44.601932+00:00,,Israel (FAO Area Code 105)
1978,Figs,Yield,5412,kg/ha,3468.2,A,https://bulks-faostat.fao.org/production/Production_Crops_Livestock_E_All_Data_(Normalized).zip,2026-09-05T00:37:44.601932+00:00,,Israel (FAO Area Code 105)
1979,Figs,Yield,5412,kg/ha,2577.3,A,https://bulks-faostat.fao.org/production/Production_Crops_Livestock_E_All_Data_(Normalized).zip,2026-09-05T00:37:44.601932+00:00,,Israel (FAO Area Code 105)
1980,Figs,Yield,5412,kg/ha,1698.1,A,https://bulks-faostat.fao.org/production/Production_Crops_Livestock_E_All_Data_(Normalized).zip,2026-09-05T00:37:44.601932+00:00,,Israel (FAO Area Code 105)
1981,Figs,Yield,5412,kg/ha,2758.6,A,https://bulks-faostat.fao.org/production/Production_Crops_Livestock_E_All_Data_(Normalized).zip,2026-09-05T00:37:44.601932+00:00,,Israel (FAO Area Code 105)
1982,Figs,Yield,5412,kg/ha,2666.7,A,https://bulks-faostat.fao.org/production/Production_Crops_Livestock_E_All_Data_(Normalized).zip,2026-09-05T00:37:44.601932+00:00,,Israel (FAO Area Code 105)
1983,Figs,Yield,5412,kg/ha,3000.0,A,https://bulks-faostat.fao.org/production/Production_Crops_Livestock_E_All_Data_(Normalized).zip,2026-09-05T00:37:44.601932+00:00,,Israel (FAO Area Code 105)
1984,Figs,Yield,5412,kg/ha,2000.0,A,https://bulks-faostat.fao.org/production/Production_Crops_Livestock_E_All_Data_(Normalized).zip,2026-09-05T00:37:44.601932+00:00,,Israel (FAO Area Code 105)
1985,Figs,Yield,5412,kg/ha,1666.7,A,https://bulks-faostat.fao.org/production/Production_Crops_Livestock_E_All_Data_(Normalized).zip,2026-09-05T00:37:44.601932+00:00,,Israel (FAO Area Code 105)
1986,Figs,Yield,5412,kg/ha,2352.9,A,https://bulks-faostat.fao.org/production/Production_Crops_Livestock_E_All_Data_(Normalized).zip,2026-09-05T00:37:44.601932+00:00,,Israel (FAO Area Code 105)
1987,Figs,Yield,5412,kg/ha,2352.9,A,https://bulks-faostat.fao.org/production/Production_Crops_Livestock_E_All_Data_(Normalized).zip,2026-09-05T00:37:44.601932+00:00,,Israel (FAO Area Code 105)
1988,Figs,Yield,5412,kg/ha,2777.8,E,https://bulks-faostat.fao.org/production/Production_Crops_Livestock_E_All_Data_(Normalized).zip,2026-09-05T00:37:44.601932+00:00,,Israel (FAO Area Code 105)
1989,Figs,Yield,5412,kg/ha,3684.2,E,https://bulks-faostat.fao.org/production/Production_Crops_Livestock_E_All_Data_(Normalized).zip,2026-09-05T00:37:44.601932+00:00,,Israel (FAO Area Code 105)
1990,Figs,Yield,5412,kg/ha,4255.3,A,https://bulks-faostat.fao.org/production/Production_Crops_Livestock_E_All_Data_(Normalized).zip,2026-09-05T00:37:44.601932+00:00,,Israel (FAO Area Code 105)
1991,Figs,Yield,5412,kg/ha,4210.5,A,https://bulks-faostat.fao.org/production/Production_Crops_Livestock_E_All_Data_(Normalized).zip,2026-09-05T00:37:44.601932+00:00,,Israel (FAO Area Code 105)
1992,Figs,Yield,5412,kg/ha,6767.7,A,https://bulks-faostat.fao.org/production/Production_Crops_Livestock_E_All_Data_(Normalized).zip,2026-09-05T00:37:44.601932+00:00,,Israel (FAO Area Code 105)
1993,Figs,Yield,5412,kg/ha,6375.0,E,https://bulks-faostat.fao.org/production/Production_Crops_Livestock_E_All_Data_(Normalized).zip,2026-09-05T00:37:44.601932+00:00,,Israel (FAO Area Code 105)
1994,Figs,Yield,5412,kg/ha,6111.1,E,https://bulks-faostat.fao.org/production/Production_Crops_Livestock_E_All_Data_(Normalized).zip,2026-09-05T00:37:44.601932+00:00,,Israel (FAO Area Code 105)
1995,Figs,Yield,5412,kg/ha,6087.0,A,https://bulks-faostat.fao.org/production/Production_Crops_Livestock_E_All_Data_(Normalized).zip,2026-09-05T00:37:44.601932+00:00,,Israel (FAO Area Code 105)
1996,Figs,Yield,5412,kg/ha,6794.9,A,https://bulks-faostat.fao.org/production/Production_Crops_Livestock_E_All_Data_(Normalized).zip,2026-09-05T00:37:44.601932+00:00,,Israel (FAO Area Code 105)
1997,Figs,Yield,5412,kg/ha,7230.8,E,https://bulks-faostat.fao.org/production/Production_Crops_Livestock_E_All_Data_(Normalized).zip,2026-09-05T00:37:44.601932+00:00,,Israel (FAO Area Code 105)
1998,Figs,Yield,5412,kg/ha,8474.6,A,https://bulks-faostat.fao.org/production/Production_Crops_Livestock_E_All_Data_(Normalized).zip,2026-09-05T00:37:44.601932+00:00,,Israel (FAO Area Code 105)
1999,Figs,Yield,5412,kg/ha,9090.9,A,https://bulks-faostat.fao.org/production/Production_Crops_Livestock_E_All_Data_(Normalized).zip,2026-09-05T00:37:44.601932+00:00,,Israel (FAO Area Code 105)
2000,Figs,Yield,5412,kg/ha,9426.2,A,https://bulks-faostat.fao.org/production/Production_Crops_Livestock_E_All_Data_(Normalized).zip,2026-09-05T00:37:44.601932+00:00,,Israel (FAO Area Code 105)
2001,Figs,Yield,5412,kg/ha,6022.2,E,https://bulks-faostat.fao.org/production/Production_Crops_Livestock_E_All_Data_(Normalized).zip,2026-09-05T00:37:44.601932+00:00,,Israel (FAO Area Code 105)
2002,Figs,Yield,5412,kg/ha,5140.8,A,https://bulks-faostat.fao.org/production/Production_Crops_Livestock_E_All_Data_(Normalized).zip,2026-09-05T00:37:44.601932+00:00,,Israel (FAO Area Code 105)
2003,Figs,Yield,5412,kg/ha,6133.3,A,https://bulks-faostat.fao.org/production/Production_Crops_Livestock_E_All_Data_(Normalized).zip,2026-09-05T00:37:44.601932+00:00,,Israel (FAO Area Code 105)
2004,Figs,Yield,5412,kg/ha,6117.6,E,https://bulks-faostat.fao.org/production/Production_Crops_Livestock_E_All_Data_(Normalized).zip,2026-09-05T00:37:44.601932+00:00,,Israel (FAO Area Code 105)
2005,Figs,Yield,5412,kg/ha,6091.3,E,https://bulks-faostat.fao.org/production/Production_Crops_Livestock_E_All_Data_(Normalized).zip,2026-09-05T00:37:44.601932+00:00,,Israel (FAO Area Code 105)
2006,Figs,Yield,5412,kg/ha,6037.7,E,https://bulks-faostat.fao.org/production/Production_Crops_Livestock_E_All_Data_(Normalized).zip,2026-09-05T00:37:44.601932+00:00,,Israel (FAO Area Code 105)
2007,Figs,Yield,5412,kg/ha,5980.0,E,https://bulks-faostat.fao.org/production/Production_Crops_Livestock_E_All_Data_(Normalized).zip,2026-09-05T00:37:44.601932+00:00,,Israel (FAO Area Code 105)
2008,Figs,Yield,5412,kg/ha,6033.3,E,https://bulks-faostat.fao.org/production/Production_Crops_Livestock_E_All_Data_(Normalized).zip,2026-09-05T00:37:44.601932+00:00,,Israel (FAO Area Code 105)
2009,Figs,Yield,5412,kg/ha,6083.6,E,https://bulks-faostat.fao.org/production/Production_Crops_Livestock_E_All_Data_(Normalized).zip,2026-09-05T00:37:44.601932+00:00,,Israel (FAO Area Code 105)
2010,Figs,Yield,5412,kg/ha,7014.0,E,https://bulks-faostat.fao.org/production/Production_Crops_Livestock_E_All_Data_(Normalized).zip,2026-09-05T00:37:44.601932+00:00,,Israel (FAO Area Code 105)
2011,Figs,Yield,5412,kg/ha,8061.7,E,https://bulks-faostat.fao.org/production/Production_Crops_Livestock_E_All_Data_(Normalized).zip,2026-09-05T00:37:44.601932+00:00,,Israel (FAO Area Code 105)
2012,Figs,Yield,5412,kg/ha,9177.2,A,https://bulks-faostat.fao.org/production/Production_Crops_Livestock_E_All_Data_(Normalized).zip,2026-09-05T00:37:44.601932+00:00,,Israel (FAO Area Code 105)
2013,Figs,Yield,5412,kg/ha,13540.4,A,https://bulks-faostat.fao.org/production/Production_Crops_Livestock_E_All_Data_(Normalized).zip,2026-09-05T00:37:44.601932+00:00,,Israel (FAO Area Code 105)
2014,Figs,Yield,5412,kg/ha,14987.2,A,https://bulks-faostat.fao.org/production/Production_Crops_Livestock_E_All_Data_(Normalized).zip,2026-09-05T00:37:44.601932+00:00,,Israel (FAO Area Code 105)
2015,Figs,Yield,5412,kg/ha,15460.5,A,https://bulks-faostat.fao.org/production/Production_Crops_Livestock_E_All_Data_(Normalized).zip,2026-09-05T00:37:44.601932+00:00,,Israel (FAO Area Code 105)
2016,Figs,Yield,5412,kg/ha,17313.4,A,https://bulks-faostat.fao.org/production/Production_Crops_Livestock_E_All_Data_(Normalized).zip,2026-09-05T00:37:44.601932+00:00,,Israel (FAO Area Code 105)
2017,Figs,Yield,5412,kg/ha,18244.3,A,https://bulks-faostat.fao.org/production/Production_Crops_Livestock_E_All_Data_(Normalized).zip,2026-09-05T00:37:44.601932+00:00,,Israel (FAO Area Code 105)
2018,Figs,Yield,5412,kg/ha,18455.7,A,https://bulks-faostat.fao.org/production/Production_Crops_Livestock_E_All_Data_(Normalized).zip,2026-09-05T00:37:44.601932+00:00,,Israel (FAO Area Code 105)
2019,Figs,Yield,5412,kg/ha,17947.4,A,https://bulks-faostat.fao.org/production/Production_Crops_Livestock_E_All_Data_(Normalized).zip,2026-09-05T00:37:44.601932+00:00,,Israel (FAO Area Code 105)
2020,Figs,Yield,5412,kg/ha,18748.0,A,https://bulks-faostat.fao.org/production/Production_Crops_Livestock_E_All_Data_(Normalized).zip,2026-09-05T00:37:44.601932+00:00,,Israel (FAO Area Code 105)
2021,Figs,Yield,5412,kg/ha,16709.2,A,https://bulks-faostat.fao.org/production/Production_Crops_Livestock_E_All_Data_(Normalized).zip,2026-09-05T00:37:44.601932+00:00,,Israel (FAO Area Code 105)
2022,Figs,Yield,5412,kg/ha,16858.2,A,https://bulks-faostat.fao.org/production/Production_Crops_Livestock_E_All_Data_(Normalized).zip,2026-09-05T00:37:44.601932+00:00,,Israel (FAO Area Code 105)
2023,Figs,Yield,5412,kg/ha,34000.0,A,https://bulks-faostat.fao.org/production/Production_Crops_Livestock_E_All_Data_(Normalized).zip,2026-09-05T00:37:44.601932+00:00,,Israel (FAO Area Code 105)
2024,Figs,Yield,5412,kg/ha,42130.2,A,https://bulks-faostat.fao.org/production/Production_Crops_Livestock_E_All_Data_(Normalized).zip,2026-09-05T00:37:44.601932+00:00,,Israel (FAO Area Code 105)
1961,Figs,Production,5510,t,2300.0,A,https://bulks-faostat.fao.org/production/Production_Crops_Livestock_E_All_Data_(Normalized).zip,2026-09-05T00:37:44.601932+00:00,,Israel (FAO Area Code 105)
1962,Figs,Production,5510,t,2200.0,A,https://bulks-faostat.fao.org/production/Production_Crops_Livestock_E_All_Data_(Normalized).zip,2026-09-05T00:37:44.601932+00:00,,Israel (FAO Area Code 105)
1963,Figs,Production,5510,t,1900.0,A,https://bulks-faostat.fao.org/production/Production_Crops_Livestock_E_All_Data_(Normalized).zip,2026-09-05T00:37:44.601932+00:00,,Israel (FAO Area Code 105)
1964,Figs,Production,5510,t,1800.0,A,https://bulks-faostat.fao.org/production/Production_Crops_Livestock_E_All_Data_(Normalized).zip,2026-09-05T00:37:44.601932+00:00,,Israel (FAO Area Code 105)
1965,Figs,Production,5510,t,1600.0,A,https://bulks-faostat.fao.org/production/Production_Crops_Livestock_E_All_Data_(Normalized).zip,2026-09-05T00:37:44.601932+00:00,,Israel (FAO Area Code 105)
1966,Figs,Production,5510,t,1400.0,A,https://bulks-faostat.fao.org/production/Production_Crops_Livestock_E_All_Data_(Normalized).zip,2026-09-05T00:37:44.601932+00:00,,Israel (FAO Area Code 105)
1967,Figs,Production,5510,t,1450.0,A,https://bulks-faostat.fao.org/production/Production_Crops_Livestock_E_All_Data_(Normalized).zip,2026-09-05T00:37:44.601932+00:00,,Israel (FAO Area Code 105)
1968,Figs,Production,5510,t,1400.0,A,https://bulks-faostat.fao.org/production/Production_Crops_Livestock_E_All_Data_(Normalized).zip,2026-09-05T00:37:44.601932+00:00,,Israel (FAO Area Code 105)
1969,Figs,Production,5510,t,1400.0,A,https://bulks-faostat.fao.org/production/Production_Crops_Livestock_E_All_Data_(Normalized).zip,2026-09-05T00:37:44.601932+00:00,,Israel (FAO Area Code 105)
1970,Figs,Production,5510,t,1350.0,A,https://bulks-faostat.fao.org/production/Production_Crops_Livestock_E_All_Data_(Normalized).zip,2026-09-05T00:37:44.601932+00:00,,Israel (FAO Area Code 105)
1971,Figs,Production,5510,t,1300.0,A,https://bulks-faostat.fao.org/production/Production_Crops_Livestock_E_All_Data_(Normalized).zip,2026-09-05T00:37:44.601932+00:00,,Israel (FAO Area Code 105)
1972,Figs,Production,5510,t,1050.0,A,https://bulks-faostat.fao.org/production/Production_Crops_Livestock_E_All_Data_(Normalized).zip,2026-09-05T00:37:44.601932+00:00,,Israel (FAO Area Code 105)
1973,Figs,Production,5510,t,1000.0,A,https://bulks-faostat.fao.org/production/Production_Crops_Livestock_E_All_Data_(Normalized).zip,2026-09-05T00:37:44.601932+00:00,,Israel (FAO Area Code 105)
1974,Figs,Production,5510,t,950.0,A,https://bulks-faostat.fao.org/production/Production_Crops_Livestock_E_All_Data_(Normalized).zip,2026-09-05T00:37:44.601932+00:00,,Israel (FAO Area Code 105)
1975,Figs,Production,5510,t,850.0,A,https://bulks-faostat.fao.org/production/Production_Crops_Livestock_E_All_Data_(Normalized).zip,2026-09-05T00:37:44.601932+00:00,,Israel (FAO Area Code 105)
1976,Figs,Production,5510,t,800.0,A,https://bulks-faostat.fao.org/production/Production_Crops_Livestock_E_All_Data_(Normalized).zip,2026-09-05T00:37:44.601932+00:00,,Israel (FAO Area Code 105)
1977,Figs,Production,5510,t,750.0,A,https://bulks-faostat.fao.org/production/Production_Crops_Livestock_E_All_Data_(Normalized).zip,2026-09-05T00:37:44.601932+00:00,,Israel (FAO Area Code 105)
1978,Figs,Production,5510,t,600.0,A,https://bulks-faostat.fao.org/production/Production_Crops_Livestock_E_All_Data_(Normalized).zip,2026-09-05T00:37:44.601932+00:00,,Israel (FAO Area Code 105)
1979,Figs,Production,5510,t,500.0,A,https://bulks-faostat.fao.org/production/Production_Crops_Livestock_E_All_Data_(Normalized).zip,2026-09-05T00:37:44.601932+00:00,,Israel (FAO Area Code 105)
1980,Figs,Production,5510,t,360.0,A,https://bulks-faostat.fao.org/production/Production_Crops_Livestock_E_All_Data_(Normalized).zip,2026-09-05T00:37:44.601932+00:00,,Israel (FAO Area Code 105)
1981,Figs,Production,5510,t,400.0,A,https://bulks-faostat.fao.org/production/Production_Crops_Livestock_E_All_Data_(Normalized).zip,2026-09-05T00:37:44.601932+00:00,,Israel (FAO Area Code 105)
1982,Figs,Production,5510,t,400.0,A,https://bulks-faostat.fao.org/production/Production_Crops_Livestock_E_All_Data_(Normalized).zip,2026-09-05T00:37:44.601932+00:00,,Israel (FAO Area Code 105)
1983,Figs,Production,5510,t,450.0,A,https://bulks-faostat.fao.org/production/Production_Crops_Livestock_E_All_Data_(Normalized).zip,2026-09-05T00:37:44.601932+00:00,,Israel (FAO Area Code 105)
1984,Figs,Production,5510,t,300.0,A,https://bulks-faostat.fao.org/production/Production_Crops_Livestock_E_All_Data_(Normalized).zip,2026-09-05T00:37:44.601932+00:00,,Israel (FAO Area Code 105)
1985,Figs,Production,5510,t,250.0,A,https://bulks-faostat.fao.org/production/Production_Crops_Livestock_E_All_Data_(Normalized).zip,2026-09-05T00:37:44.601932+00:00,,Israel (FAO Area Code 105)
1986,Figs,Production,5510,t,200.0,A,https://bulks-faostat.fao.org/production/Production_Crops_Livestock_E_All_Data_(Normalized).zip,2026-09-05T00:37:44.601932+00:00,,Israel (FAO Area Code 105)
1987,Figs,Production,5510,t,200.0,A,https://bulks-faostat.fao.org/production/Production_Crops_Livestock_E_All_Data_(Normalized).zip,2026-09-05T00:37:44.601932+00:00,,Israel (FAO Area Code 105)
1988,Figs,Production,5510,t,250.0,A,https://bulks-faostat.fao.org/production/Production_Crops_Livestock_E_All_Data_(Normalized).zip,2026-09-05T00:37:44.601932+00:00,,Israel (FAO Area Code 105)
1989,Figs,Production,5510,t,350.0,A,https://bulks-faostat.fao.org/production/Production_Crops_Livestock_E_All_Data_(Normalized).zip,2026-09-05T00:37:44.601932+00:00,,Israel (FAO Area Code 105)
1990,Figs,Production,5510,t,400.0,A,https://bulks-faostat.fao.org/production/Production_Crops_Livestock_E_All_Data_(Normalized).zip,2026-09-05T00:37:44.601932+00:00,,Israel (FAO Area Code 105)
1991,Figs,Production,5510,t,400.0,A,https://bulks-faostat.fao.org/production/Production_Crops_Livestock_E_All_Data_(Normalized).zip,2026-09-05T00:37:44.601932+00:00,,Israel (FAO Area Code 105)
1992,Figs,Production,5510,t,670.0,A,https://bulks-faostat.fao.org/production/Production_Crops_Livestock_E_All_Data_(Normalized).zip,2026-09-05T00:37:44.601932+00:00,,Israel (FAO Area Code 105)
1993,Figs,Production,5510,t,510.0,A,https://bulks-faostat.fao.org/production/Production_Crops_Livestock_E_All_Data_(Normalized).zip,2026-09-05T00:37:44.601932+00:00,,Israel (FAO Area Code 105)
1994,Figs,Production,5510,t,550.0,E,https://bulks-faostat.fao.org/production/Production_Crops_Livestock_E_All_Data_(Normalized).zip,2026-09-05T00:37:44.601932+00:00,,Israel (FAO Area Code 105)
1995,Figs,Production,5510,t,560.0,A,https://bulks-faostat.fao.org/production/Production_Crops_Livestock_E_All_Data_(Normalized).zip,2026-09-05T00:37:44.601932+00:00,,Israel (FAO Area Code 105)
1996,Figs,Production,5510,t,530.0,A,https://bulks-faostat.fao.org/production/Production_Crops_Livestock_E_All_Data_(Normalized).zip,2026-09-05T00:37:44.601932+00:00,,Israel (FAO Area Code 105)
1997,Figs,Production,5510,t,470.0,A,https://bulks-faostat.fao.org/production/Production_Crops_Livestock_E_All_Data_(Normalized).zip,2026-09-05T00:37:44.601932+00:00,,Israel (FAO Area Code 105)
1998,Figs,Production,5510,t,500.0,A,https://bulks-faostat.fao.org/production/Production_Crops_Livestock_E_All_Data_(Normalized).zip,2026-09-05T00:37:44.601932+00:00,,Israel (FAO Area Code 105)
1999,Figs,Production,5510,t,500.0,A,https://bulks-faostat.fao.org/production/Production_Crops_Livestock_E_All_Data_(Normalized).zip,2026-09-05T00:37:44.601932+00:00,,Israel (FAO Area Code 105)
2000,Figs,Production,5510,t,575.0,A,https://bulks-faostat.fao.org/production/Production_Crops_Livestock_E_All_Data_(Normalized).zip,2026-09-05T00:37:44.601932+00:00,,Israel (FAO Area Code 105)
2001,Figs,Production,5510,t,542.0,A,https://bulks-faostat.fao.org/production/Production_Crops_Livestock_E_All_Data_(Normalized).zip,2026-09-05T00:37:44.601932+00:00,,Israel (FAO Area Code 105)
2002,Figs,Production,5510,t,730.0,A,https://bulks-faostat.fao.org/production/Production_Crops_Livestock_E_All_Data_(Normalized).zip,2026-09-05T00:37:44.601932+00:00,,Israel (FAO Area Code 105)
2003,Figs,Production,5510,t,920.0,A,https://bulks-faostat.fao.org/production/Production_Crops_Livestock_E_All_Data_(Normalized).zip,2026-09-05T00:37:44.601932+00:00,,Israel (FAO Area Code 105)
2004,Figs,Production,5510,t,1040.0,A,https://bulks-faostat.fao.org/production/Production_Crops_Livestock_E_All_Data_(Normalized).zip,2026-09-05T00:37:44.601932+00:00,,Israel (FAO Area Code 105)
2005,Figs,Production,5510,t,1401.0,A,https://bulks-faostat.fao.org/production/Production_Crops_Livestock_E_All_Data_(Normalized).zip,2026-09-05T00:37:44.601932+00:00,,Israel (FAO Area Code 105)
2006,Figs,Production,5510,t,1380.0,A,https://bulks-faostat.fao.org/production/Production_Crops_Livestock_E_All_Data_(Normalized).zip,2026-09-05T00:37:44.601932+00:00,,Israel (FAO Area Code 105)
2007,Figs,Production,5510,t,1794.0,A,https://bulks-faostat.fao.org/production/Production_Crops_Livestock_E_All_Data_(Normalized).zip,2026-09-05T00:37:44.601932+00:00,,Israel (FAO Area Code 105)
2008,Figs,Production,5510,t,2172.0,A,https://bulks-faostat.fao.org/production/Production_Crops_Livestock_E_All_Data_(Normalized).zip,2026-09-05T00:37:44.601932+00:00,,Israel (FAO Area Code 105)
2009,Figs,Production,5510,t,4441.0,A,https://bulks-faostat.fao.org/production/Production_Crops_Livestock_E_All_Data_(Normalized).zip,2026-09-05T00:37:44.601932+00:00,,Israel (FAO Area Code 105)
2010,Figs,Production,5510,t,4307.0,A,https://bulks-faostat.fao.org/production/Production_Crops_Livestock_E_All_Data_(Normalized).zip,2026-09-05T00:37:44.601932+00:00,,Israel (FAO Area Code 105)
2011,Figs,Production,5510,t,5165.0,A,https://bulks-faostat.fao.org/production/Production_Crops_Livestock_E_All_Data_(Normalized).zip,2026-09-05T00:37:44.601932+00:00,,Israel (FAO Area Code 105)
2012,Figs,Production,5510,t,1450.0,A,https://bulks-faostat.fao.org/production/Production_Crops_Livestock_E_All_Data_(Normalized).zip,2026-09-05T00:37:44.601932+00:00,,Israel (FAO Area Code 105)
2013,Figs,Production,5510,t,2180.0,A,https://bulks-faostat.fao.org/production/Production_Crops_Livestock_E_All_Data_(Normalized).zip,2026-09-05T00:37:44.601932+00:00,,Israel (FAO Area Code 105)
2014,Figs,Production,5510,t,2338.0,A,https://bulks-faostat.fao.org/production/Production_Crops_Livestock_E_All_Data_(Normalized).zip,2026-09-05T00:37:44.601932+00:00,,Israel (FAO Area Code 105)
2015,Figs,Production,5510,t,2350.0,A,https://bulks-faostat.fao.org/production/Production_Crops_Livestock_E_All_Data_(Normalized).zip,2026-09-05T00:37:44.601932+00:00,,Israel (FAO Area Code 105)
2016,Figs,Production,5510,t,2320.0,A,https://bulks-faostat.fao.org/production/Production_Crops_Livestock_E_All_Data_(Normalized).zip,2026-09-05T00:37:44.601932+00:00,,Israel (FAO Area Code 105)
2017,Figs,Production,5510,t,2390.0,A,https://bulks-faostat.fao.org/production/Production_Crops_Livestock_E_All_Data_(Normalized).zip,2026-09-05T00:37:44.601932+00:00,,Israel (FAO Area Code 105)
2018,Figs,Production,5510,t,2414.0,A,https://bulks-faostat.fao.org/production/Production_Crops_Livestock_E_All_Data_(Normalized).zip,2026-09-05T00:37:44.601932+00:00,,Israel (FAO Area Code 105)
2019,Figs,Production,5510,t,2387.0,A,https://bulks-faostat.fao.org/production/Production_Crops_Livestock_E_All_Data_(Normalized).zip,2026-09-05T00:37:44.601932+00:00,,Israel (FAO Area Code 105)
2020,Figs,Production,5510,t,2381.0,A,https://bulks-faostat.fao.org/production/Production_Crops_Livestock_E_All_Data_(Normalized).zip,2026-09-05T00:37:44.601932+00:00,,Israel (FAO Area Code 105)
2021,Figs,Production,5510,t,2356.0,A,https://bulks-faostat.fao.org/production/Production_Crops_Livestock_E_All_Data_(Normalized).zip,2026-09-05T00:37:44.601932+00:00,,Israel (FAO Area Code 105)
2022,Figs,Production,5510,t,2377.0,A,https://bulks-faostat.fao.org/production/Production_Crops_Livestock_E_All_Data_(Normalized).zip,2026-09-05T00:37:44.601932+00:00,,Israel (FAO Area Code 105)
2023,Figs,Production,5510,t,2380.0,A,https://bulks-faostat.fao.org/production/Production_Crops_Livestock_E_All_Data_(Normalized).zip,2026-09-05T00:37:44.601932+00:00,,Israel (FAO Area Code 105)
2024,Figs,Production,5510,t,2136.0,A,https://bulks-faostat.fao.org/production/Production_Crops_Livestock_E_All_Data_(Normalized).zip,2026-09-05T00:37:44.601932+00:00,,Israel (FAO Area Code 105)
1961,Grapes,Area harvested,5312,ha,12000.0,A,https://bulks-faostat.fao.org/production/Production_Crops_Livestock_E_All_Data_(Normalized).zip,2026-09-05T00:37:44.601932+00:00,,Israel (FAO Area Code 105)
1962,Grapes,Area harvested,5312,ha,12000.0,A,https://bulks-faostat.fao.org/production/Production_Crops_Livestock_E_All_Data_(Normalized).zip,2026-09-05T00:37:44.601932+00:00,,Israel (FAO Area Code 105)
1963,Grapes,Area harvested,5312,ha,12000.0,A,https://bulks-faostat.fao.org/production/Production_Crops_Livestock_E_All_Data_(Normalized).zip,2026-09-05T00:37:44.601932+00:00,,Israel (FAO Area Code 105)
1964,Grapes,Area harvested,5312,ha,12000.0,A,https://bulks-faostat.fao.org/production/Production_Crops_Livestock_E_All_Data_(Normalized).zip,2026-09-05T00:37:44.601932+00:00,,Israel (FAO Area Code 105)
1965,Grapes,Area harvested,5312,ha,11600.0,A,https://bulks-faostat.fao.org/production/Production_Crops_Livestock_E_All_Data_(Normalized).zip,2026-09-05T00:37:44.601932+00:00,,Israel (FAO Area Code 105)
1966,Grapes,Area harvested,5312,ha,11400.0,A,https://bulks-faostat.fao.org/production/Production_Crops_Livestock_E_All_Data_(Normalized).zip,2026-09-05T00:37:44.601932+00:00,,Israel (FAO Area Code 105)
1967,Grapes,Area harvested,5312,ha,11000.0,A,https://bulks-faostat.fao.org/production/Production_Crops_Livestock_E_All_Data_(Normalized).zip,2026-09-05T00:37:44.601932+00:00,,Israel (FAO Area Code 105)
1968,Grapes,Area harvested,5312,ha,10800.0,A,https://bulks-faostat.fao.org/production/Production_Crops_Livestock_E_All_Data_(Normalized).zip,2026-09-05T00:37:44.601932+00:00,,Israel (FAO Area Code 105)
1969,Grapes,Area harvested,5312,ha,10500.0,A,https://bulks-faostat.fao.org/production/Production_Crops_Livestock_E_All_Data_(Normalized).zip,2026-09-05T00:37:44.601932+00:00,,Israel (FAO Area Code 105)
1970,Grapes,Area harvested,5312,ha,9300.0,A,https://bulks-faostat.fao.org/production/Production_Crops_Livestock_E_All_Data_(Normalized).zip,2026-09-05T00:37:44.601932+00:00,,Israel (FAO Area Code 105)
1971,Grapes,Area harvested,5312,ha,10000.0,A,https://bulks-faostat.fao.org/production/Production_Crops_Livestock_E_All_Data_(Normalized).zip,2026-09-05T00:37:44.601932+00:00,,Israel (FAO Area Code 105)
1972,Grapes,Area harvested,5312,ha,8600.0,A,https://bulks-faostat.fao.org/production/Production_Crops_Livestock_E_All_Data_(Normalized).zip,2026-09-05T00:37:44.601932+00:00,,Israel (FAO Area Code 105)
1973,Grapes,Area harvested,5312,ha,8250.0,A,https://bulks-faostat.fao.org/production/Production_Crops_Livestock_E_All_Data_(Normalized).zip,2026-09-05T00:37:44.601932+00:00,,Israel (FAO Area Code 105)
1974,Grapes,Area harvested,5312,ha,8400.0,A,https://bulks-faostat.fao.org/production/Production_Crops_Livestock_E_All_Data_(Normalized).zip,2026-09-05T00:37:44.601932+00:00,,Israel (FAO Area Code 105)
1975,Grapes,Area harvested,5312,ha,8220.0,A,https://bulks-faostat.fao.org/production/Production_Crops_Livestock_E_All_Data_(Normalized).zip,2026-09-05T00:37:44.601932+00:00,,Israel (FAO Area Code 105)
1976,Grapes,Area harvested,5312,ha,5560.0,A,https://bulks-faostat.fao.org/production/Production_Crops_Livestock_E_All_Data_(Normalized).zip,2026-09-05T00:37:44.601932+00:00,,Israel (FAO Area Code 105)
1977,Grapes,Area harvested,5312,ha,5710.0,A,https://bulks-faostat.fao.org/production/Production_Crops_Livestock_E_All_Data_(Normalized).zip,2026-09-05T00:37:44.601932+00:00,,Israel (FAO Area Code 105)
1978,Grapes,Area harvested,5312,ha,5490.0,A,https://bulks-faostat.fao.org/production/Production_Crops_Livestock_E_All_Data_(Normalized).zip,2026-09-05T00:37:44.601932+00:00,,Israel (FAO Area Code 105)
1979,Grapes,Area harvested,5312,ha,5860.0,A,https://bulks-faostat.fao.org/production/Production_Crops_Livestock_E_All_Data_(Normalized).zip,2026-09-05T00:37:44.601932+00:00,,Israel (FAO Area Code 105)
1980,Grapes,Area harvested,5312,ha,5680.0,A,https://bulks-faostat.fao.org/production/Production_Crops_Livestock_E_All_Data_(Normalized).zip,2026-09-05T00:37:44.601932+00:00,,Israel (FAO Area Code 105)
1981,Grapes,Area harvested,5312,ha,4840.0,A,https://bulks-faostat.fao.org/production/Production_Crops_Livestock_E_All_Data_(Normalized).zip,2026-09-05T00:37:44.601932+00:00,,Israel (FAO Area Code 105)
1982,Grapes,Area harvested,5312,ha,5570.0,A,https://bulks-faostat.fao.org/production/Production_Crops_Livestock_E_All_Data_(Normalized).zip,2026-09-05T00:37:44.601932+00:00,,Israel (FAO Area Code 105)
1983,Grapes,Area harvested,5312,ha,5410.0,A,https://bulks-faostat.fao.org/production/Production_Crops_Livestock_E_All_Data_(Normalized).zip,2026-09-05T00:37:44.601932+00:00,,Israel (FAO Area Code 105)
1984,Grapes,Area harvested,5312,ha,5400.0,A,https://bulks-faostat.fao.org/production/Production_Crops_Livestock_E_All_Data_(Normalized).zip,2026-09-05T00:37:44.601932+00:00,,Israel (FAO Area Code 105)
1985,Grapes,Area harvested,5312,ha,5410.0,A,https://bulks-faostat.fao.org/production/Production_Crops_Livestock_E_All_Data_(Normalized).zip,2026-09-05T00:37:44.601932+00:00,,Israel (FAO Area Code 105)
1986,Grapes,Area harvested,5312,ha,5100.0,A,https://bulks-faostat.fao.org/production/Production_Crops_Livestock_E_All_Data_(Normalized).zip,2026-09-05T00:37:44.601932+00:00,,Israel (FAO Area Code 105)
1987,Grapes,Area harvested,5312,ha,5160.0,A,https://bulks-faostat.fao.org/production/Production_Crops_Livestock_E_All_Data_(Normalized).zip,2026-09-05T00:37:44.601932+00:00,,Israel (FAO Area Code 105)
1988,Grapes,Area harvested,5312,ha,5110.0,A,https://bulks-faostat.fao.org/production/Production_Crops_Livestock_E_All_Data_(Normalized).zip,2026-09-05T00:37:44.601932+00:00,,Israel (FAO Area Code 105)
1989,Grapes,Area harvested,5312,ha,5110.0,A,https://bulks-faostat.fao.org/production/Production_Crops_Livestock_E_All_Data_(Normalized).zip,2026-09-05T00:37:44.601932+00:00,,Israel (FAO Area Code 105)
1990,Grapes,Area harvested,5312,ha,4640.0,A,https://bulks-faostat.fao.org/production/Production_Crops_Livestock_E_All_Data_(Normalized).zip,2026-09-05T00:37:44.601932+00:00,,Israel (FAO Area Code 105)
1991,Grapes,Area harvested,5312,ha,4440.0,A,https://bulks-faostat.fao.org/production/Production_Crops_Livestock_E_All_Data_(Normalized).zip,2026-09-05T00:37:44.601932+00:00,,Israel (FAO Area Code 105)
1992,Grapes,Area harvested,5312,ha,4871.0,A,https://bulks-faostat.fao.org/production/Production_Crops_Livestock_E_All_Data_(Normalized).zip,2026-09-05T00:37:44.601932+00:00,,Israel (FAO Area Code 105)
1993,Grapes,Area harvested,5312,ha,4550.0,A,https://bulks-faostat.fao.org/production/Production_Crops_Livestock_E_All_Data_(Normalized).zip,2026-09-05T00:37:44.601932+00:00,,Israel (FAO Area Code 105)
1994,Grapes,Area harvested,5312,ha,4610.0,A,https://bulks-faostat.fao.org/production/Production_Crops_Livestock_E_All_Data_(Normalized).zip,2026-09-05T00:37:44.601932+00:00,,Israel (FAO Area Code 105)
1995,Grapes,Area harvested,5312,ha,4800.0,A,https://bulks-faostat.fao.org/production/Production_Crops_Livestock_E_All_Data_(Normalized).zip,2026-09-05T00:37:44.601932+00:00,,Israel (FAO Area Code 105)
1996,Grapes,Area harvested,5312,ha,5050.0,A,https://bulks-faostat.fao.org/production/Production_Crops_Livestock_E_All_Data_(Normalized).zip,2026-09-05T00:37:44.601932+00:00,,Israel (FAO Area Code 105)
1997,Grapes,Area harvested,5312,ha,5070.0,A,https://bulks-faostat.fao.org/production/Production_Crops_Livestock_E_All_Data_(Normalized).zip,2026-09-05T00:37:44.601932+00:00,,Israel (FAO Area Code 105)
1998,Grapes,Area harvested,5312,ha,5406.0,A,https://bulks-faostat.fao.org/production/Production_Crops_Livestock_E_All_Data_(Normalized).zip,2026-09-05T00:37:44.601932+00:00,,Israel (FAO Area Code 105)
1999,Grapes,Area harvested,5312,ha,6029.0,A,https://bulks-faostat.fao.org/production/Production_Crops_Livestock_E_All_Data_(Normalized).zip,2026-09-05T00:37:44.601932+00:00,,Israel (FAO Area Code 105)
2000,Grapes,Area harvested,5312,ha,7090.0,A,https://bulks-faostat.fao.org/production/Production_Crops_Livestock_E_All_Data_(Normalized).zip,2026-09-05T00:37:44.601932+00:00,,Israel (FAO Area Code 105)
2001,Grapes,Area harvested,5312,ha,7510.0,A,https://bulks-faostat.fao.org/production/Production_Crops_Livestock_E_All_Data_(Normalized).zip,2026-09-05T00:37:44.601932+00:00,,Israel (FAO Area Code 105)
2002,Grapes,Area harvested,5312,ha,7710.0,A,https://bulks-faostat.fao.org/production/Production_Crops_Livestock_E_All_Data_(Normalized).zip,2026-09-05T00:37:44.601932+00:00,,Israel (FAO Area Code 105)
2003,Grapes,Area harvested,5312,ha,7350.0,A,https://bulks-faostat.fao.org/production/Production_Crops_Livestock_E_All_Data_(Normalized).zip,2026-09-05T00:37:44.601932+00:00,,Israel (FAO Area Code 105)
2004,Grapes,Area harvested,5312,ha,5860.0,A,https://bulks-faostat.fao.org/production/Production_Crops_Livestock_E_All_Data_(Normalized).zip,2026-09-05T00:37:44.601932+00:00,,Israel (FAO Area Code 105)
2005,Grapes,Area harvested,5312,ha,5940.0,A,https://bulks-faostat.fao.org/production/Production_Crops_Livestock_E_All_Data_(Normalized).zip,2026-09-05T00:37:44.601932+00:00,,Israel (FAO Area Code 105)
2006,Grapes,Area harvested,5312,ha,5640.0,A,https://bulks-faostat.fao.org/production/Production_Crops_Livestock_E_All_Data_(Normalized).zip,2026-09-05T00:37:44.601932+00:00,,Israel (FAO Area Code 105)
2007,Grapes,Area harvested,5312,ha,5700.0,E,https://bulks-faostat.fao.org/production/Production_Crops_Livestock_E_All_Data_(Normalized).zip,2026-09-05T00:37:44.601932+00:00,,Israel (FAO Area Code 105)
2008,Grapes,Area harvested,5312,ha,5820.0,A,https://bulks-faostat.fao.org/production/Production_Crops_Livestock_E_All_Data_(Normalized).zip,2026-09-05T00:37:44.601932+00:00,,Israel (FAO Area Code 105)
2009,Grapes,Area harvested,5312,ha,5820.0,A,https://bulks-faostat.fao.org/production/Production_Crops_Livestock_E_All_Data_(Normalized).zip,2026-09-05T00:37:44.601932+00:00,,Israel (FAO Area Code 105)
2010,Grapes,Area harvested,5312,ha,5720.0,A,https://bulks-faostat.fao.org/production/Production_Crops_Livestock_E_All_Data_(Normalized).zip,2026-09-05T00:37:44.601932+00:00,,Israel (FAO Area Code 105)
2011,Grapes,Area harvested,5312,ha,7890.0,A,https://bulks-faostat.fao.org/production/Production_Crops_Livestock_E_All_Data_(Normalized).zip,2026-09-05T00:37:44.601932+00:00,,Israel (FAO Area Code 105)
2012,Grapes,Area harvested,5312,ha,7780.0,A,https://bulks-faostat.fao.org/production/Production_Crops_Livestock_E_All_Data_(Normalized).zip,2026-09-05T00:37:44.601932+00:00,,Israel (FAO Area Code 105)
2013,Grapes,Area harvested,5312,ha,8106.0,A,https://bulks-faostat.fao.org/production/Production_Crops_Livestock_E_All_Data_(Normalized).zip,2026-09-05T00:37:44.601932+00:00,,Israel (FAO Area Code 105)
2014,Grapes,Area harvested,5312,ha,8144.0,A,https://bulks-faostat.fao.org/production/Production_Crops_Livestock_E_All_Data_(Normalized).zip,2026-09-05T00:37:44.601932+00:00,,Israel (FAO Area Code 105)
2015,Grapes,Area harvested,5312,ha,8040.0,A,https://bulks-faostat.fao.org/production/Production_Crops_Livestock_E_All_Data_(Normalized).zip,2026-09-05T00:37:44.601932+00:00,,Israel (FAO Area Code 105)
2016,Grapes,Area harvested,5312,ha,7940.0,A,https://bulks-faostat.fao.org/production/Production_Crops_Livestock_E_All_Data_(Normalized).zip,2026-09-05T00:37:44.601932+00:00,,Israel (FAO Area Code 105)
2017,Grapes,Area harvested,5312,ha,7940.0,A,https://bulks-faostat.fao.org/production/Production_Crops_Livestock_E_All_Data_(Normalized).zip,2026-09-05T00:37:44.601932+00:00,,Israel (FAO Area Code 105)
2018,Grapes,Area harvested,5312,ha,8035.0,A,https://bulks-faostat.fao.org/production/Production_Crops_Livestock_E_All_Data_(Normalized).zip,2026-09-05T00:37:44.601932+00:00,,Israel (FAO Area Code 105)
2019,Grapes,Area harvested,5312,ha,7432.0,A,https://bulks-faostat.fao.org/production/Production_Crops_Livestock_E_All_Data_(Normalized).zip,2026-09-05T00:37:44.601932+00:00,,Israel (FAO Area Code 105)
2020,Grapes,Area harvested,5312,ha,8150.0,A,https://bulks-faostat.fao.org/production/Production_Crops_Livestock_E_All_Data_(Normalized).zip,2026-09-05T00:37:44.601932+00:00,,Israel (FAO Area Code 105)
2021,Grapes,Area harvested,5312,ha,8130.0,A,https://bulks-faostat.fao.org/production/Production_Crops_Livestock_E_All_Data_(Normalized).zip,2026-09-05T00:37:44.601932+00:00,,Israel (FAO Area Code 105)
2022,Grapes,Area harvested,5312,ha,8214.0,A,https://bulks-faostat.fao.org/production/Production_Crops_Livestock_E_All_Data_(Normalized).zip,2026-09-05T00:37:44.601932+00:00,,Israel (FAO Area Code 105)
2023,Grapes,Area harvested,5312,ha,8213.0,A,https://bulks-faostat.fao.org/production/Production_Crops_Livestock_E_All_Data_(Normalized).zip,2026-09-05T00:37:44.601932+00:00,,Israel (FAO Area Code 105)
2024,Grapes,Area harvested,5312,ha,8380.0,A,https://bulks-faostat.fao.org/production/Production_Crops_Livestock_E_All_Data_(Normalized).zip,2026-09-05T00:37:44.601932+00:00,,Israel (FAO Area Code 105)
1961,Grapes,Yield,5412,kg/ha,5275.0,A,https://bulks-faostat.fao.org/production/Production_Crops_Livestock_E_All_Data_(Normalized).zip,2026-09-05T00:37:44.601932+00:00,,Israel (FAO Area Code 105)
1962,Grapes,Yield,5412,kg/ha,6041.7,A,https://bulks-faostat.fao.org/production/Production_Crops_Livestock_E_All_Data_(Normalized).zip,2026-09-05T00:37:44.601932+00:00,,Israel (FAO Area Code 105)
1963,Grapes,Yield,5412,kg/ha,4933.3,A,https://bulks-faostat.fao.org/production/Production_Crops_Livestock_E_All_Data_(Normalized).zip,2026-09-05T00:37:44.601932+00:00,,Israel (FAO Area Code 105)
1964,Grapes,Yield,5412,kg/ha,6941.7,A,https://bulks-faostat.fao.org/production/Production_Crops_Livestock_E_All_Data_(Normalized).zip,2026-09-05T00:37:44.601932+00:00,,Israel (FAO Area Code 105)
1965,Grapes,Yield,5412,kg/ha,6922.4,A,https://bulks-faostat.fao.org/production/Production_Crops_Livestock_E_All_Data_(Normalized).zip,2026-09-05T00:37:44.601932+00:00,,Israel (FAO Area Code 105)
1966,Grapes,Yield,5412,kg/ha,6666.7,A,https://bulks-faostat.fao.org/production/Production_Crops_Livestock_E_All_Data_(Normalized).zip,2026-09-05T00:37:44.601932+00:00,,Israel (FAO Area Code 105)
1967,Grapes,Yield,5412,kg/ha,7454.5,A,https://bulks-faostat.fao.org/production/Production_Crops_Livestock_E_All_Data_(Normalized).zip,2026-09-05T00:37:44.601932+00:00,,Israel (FAO Area Code 105)
1968,Grapes,Yield,5412,kg/ha,6657.4,A,https://bulks-faostat.fao.org/production/Production_Crops_Livestock_E_All_Data_(Normalized).zip,2026-09-05T00:37:44.601932+00:00,,Israel (FAO Area Code 105)
1969,Grapes,Yield,5412,kg/ha,7657.1,A,https://bulks-faostat.fao.org/production/Production_Crops_Livestock_E_All_Data_(Normalized).zip,2026-09-05T00:37:44.601932+00:00,,Israel (FAO Area Code 105)
1970,Grapes,Yield,5412,kg/ha,6526.9,A,https://bulks-faostat.fao.org/production/Production_Crops_Livestock_E_All_Data_(Normalized).zip,2026-09-05T00:37:44.601932+00:00,,Israel (FAO Area Code 105)
1971,Grapes,Yield,5412,kg/ha,6660.0,A,https://bulks-faostat.fao.org/production/Production_Crops_Livestock_E_All_Data_(Normalized).zip,2026-09-05T00:37:44.601932+00:00,,Israel (FAO Area Code 105)
1972,Grapes,Yield,5412,kg/ha,9465.1,A,https://bulks-faostat.fao.org/production/Production_Crops_Livestock_E_All_Data_(Normalized).zip,2026-09-05T00:37:44.601932+00:00,,Israel (FAO Area Code 105)
1973,Grapes,Yield,5412,kg/ha,9442.4,A,https://bulks-faostat.fao.org/production/Production_Crops_Livestock_E_All_Data_(Normalized).zip,2026-09-05T00:37:44.601932+00:00,,Israel (FAO Area Code 105)
1974,Grapes,Yield,5412,kg/ha,8881.0,A,https://bulks-faostat.fao.org/production/Production_Crops_Livestock_E_All_Data_(Normalized).zip,2026-09-05T00:37:44.601932+00:00,,Israel (FAO Area Code 105)
1975,Grapes,Yield,5412,kg/ha,9184.9,A,https://bulks-faostat.fao.org/production/Production_Crops_Livestock_E_All_Data_(Normalized).zip,2026-09-05T00:37:44.601932+00:00,,Israel (FAO Area Code 105)
1976,Grapes,Yield,5412,kg/ha,13938.8,A,https://bulks-faostat.fao.org/production/Production_Crops_Livestock_E_All_Data_(Normalized).zip,2026-09-05T00:37:44.601932+00:00,,Israel (FAO Area Code 105)
1977,Grapes,Yield,5412,kg/ha,12259.2,A,https://bulks-faostat.fao.org/production/Production_Crops_Livestock_E_All_Data_(Normalized).zip,2026-09-05T00:37:44.601932+00:00,,Israel (FAO Area Code 105)
1978,Grapes,Yield,5412,kg/ha,13898.0,A,https://bulks-faostat.fao.org/production/Production_Crops_Livestock_E_All_Data_(Normalized).zip,2026-09-05T00:37:44.601932+00:00,,Israel (FAO Area Code 105)
1979,Grapes,Yield,5412,kg/ha,12320.8,A,https://bulks-faostat.fao.org/production/Production_Crops_Livestock_E_All_Data_(Normalized).zip,2026-09-05T00:37:44.601932+00:00,,Israel (FAO Area Code 105)
1980,Grapes,Yield,5412,kg/ha,13450.7,A,https://bulks-faostat.fao.org/production/Production_Crops_Livestock_E_All_Data_(Normalized).zip,2026-09-05T00:37:44.601932+00:00,,Israel (FAO Area Code 105)
1981,Grapes,Yield,5412,kg/ha,17293.4,A,https://bulks-faostat.fao.org/production/Production_Crops_Livestock_E_All_Data_(Normalized).zip,2026-09-05T00:37:44.601932+00:00,,Israel (FAO Area Code 105)
1982,Grapes,Yield,5412,kg/ha,15511.7,A,https://bulks-faostat.fao.org/production/Production_Crops_Livestock_E_All_Data_(Normalized).zip,2026-09-05T00:37:44.601932+00:00,,Israel (FAO Area Code 105)
1983,Grapes,Yield,5412,kg/ha,17319.8,A,https://bulks-faostat.fao.org/production/Production_Crops_Livestock_E_All_Data_(Normalized).zip,2026-09-05T00:37:44.601932+00:00,,Israel (FAO Area Code 105)
1984,Grapes,Yield,5412,kg/ha,17000.0,A,https://bulks-faostat.fao.org/production/Production_Crops_Livestock_E_All_Data_(Normalized).zip,2026-09-05T00:37:44.601932+00:00,,Israel (FAO Area Code 105)
1985,Grapes,Yield,5412,kg/ha,14879.9,A,https://bulks-faostat.fao.org/production/Production_Crops_Livestock_E_All_Data_(Normalized).zip,2026-09-05T00:37:44.601932+00:00,,Israel (FAO Area Code 105)
1986,Grapes,Yield,5412,kg/ha,16137.3,A,https://bulks-faostat.fao.org/production/Production_Crops_Livestock_E_All_Data_(Normalized).zip,2026-09-05T00:37:44.601932+00:00,,Israel (FAO Area Code 105)
1987,Grapes,Yield,5412,kg/ha,17383.7,A,https://bulks-faostat.fao.org/production/Production_Crops_Livestock_E_All_Data_(Normalized).zip,2026-09-05T00:37:44.601932+00:00,,Israel (FAO Area Code 105)
1988,Grapes,Yield,5412,kg/ha,17422.7,A,https://bulks-faostat.fao.org/production/Production_Crops_Livestock_E_All_Data_(Normalized).zip,2026-09-05T00:37:44.601932+00:00,,Israel (FAO Area Code 105)
1989,Grapes,Yield,5412,kg/ha,18708.4,A,https://bulks-faostat.fao.org/production/Production_Crops_Livestock_E_All_Data_(Normalized).zip,2026-09-05T00:37:44.601932+00:00,,Israel (FAO Area Code 105)
1990,Grapes,Yield,5412,kg/ha,20474.1,A,https://bulks-faostat.fao.org/production/Production_Crops_Livestock_E_All_Data_(Normalized).zip,2026-09-05T00:37:44.601932+00:00,,Israel (FAO Area Code 105)
1991,Grapes,Yield,5412,kg/ha,15945.9,A,https://bulks-faostat.fao.org/production/Production_Crops_Livestock_E_All_Data_(Normalized).zip,2026-09-05T00:37:44.601932+00:00,,Israel (FAO Area Code 105)
1992,Grapes,Yield,5412,kg/ha,17994.3,A,https://bulks-faostat.fao.org/production/Production_Crops_Livestock_E_All_Data_(Normalized).zip,2026-09-05T00:37:44.601932+00:00,,Israel (FAO Area Code 105)
1993,Grapes,Yield,5412,kg/ha,17382.4,A,https://bulks-faostat.fao.org/production/Production_Crops_Livestock_E_All_Data_(Normalized).zip,2026-09-05T00:37:44.601932+00:00,,Israel (FAO Area Code 105)
1994,Grapes,Yield,5412,kg/ha,17414.3,A,https://bulks-faostat.fao.org/production/Production_Crops_Livestock_E_All_Data_(Normalized).zip,2026-09-05T00:37:44.601932+00:00,,Israel (FAO Area Code 105)
1995,Grapes,Yield,5412,kg/ha,18472.9,A,https://bulks-faostat.fao.org/production/Production_Crops_Livestock_E_All_Data_(Normalized).zip,2026-09-05T00:37:44.601932+00:00,,Israel (FAO Area Code 105)
1996,Grapes,Yield,5412,kg/ha,17752.5,A,https://bulks-faostat.fao.org/production/Production_Crops_Livestock_E_All_Data_(Normalized).zip,2026-09-05T00:37:44.601932+00:00,,Israel (FAO Area Code 105)
1997,Grapes,Yield,5412,kg/ha,17633.1,A,https://bulks-faostat.fao.org/production/Production_Crops_Livestock_E_All_Data_(Normalized).zip,2026-09-05T00:37:44.601932+00:00,,Israel (FAO Area Code 105)
1998,Grapes,Yield,5412,kg/ha,16389.2,A,https://bulks-faostat.fao.org/production/Production_Crops_Livestock_E_All_Data_(Normalized).zip,2026-09-05T00:37:44.601932+00:00,,Israel (FAO Area Code 105)
1999,Grapes,Yield,5412,kg/ha,14090.2,A,https://bulks-faostat.fao.org/production/Production_Crops_Livestock_E_All_Data_(Normalized).zip,2026-09-05T00:37:44.601932+00:00,,Israel (FAO Area Code 105)
2000,Grapes,Yield,5412,kg/ha,14363.5,A,https://bulks-faostat.fao.org/production/Production_Crops_Livestock_E_All_Data_(Normalized).zip,2026-09-05T00:37:44.601932+00:00,,Israel (FAO Area Code 105)
2001,Grapes,Yield,5412,kg/ha,16205.1,A,https://bulks-faostat.fao.org/production/Production_Crops_Livestock_E_All_Data_(Normalized).zip,2026-09-05T00:37:44.601932+00:00,,Israel (FAO Area Code 105)
2002,Grapes,Yield,5412,kg/ha,16277.6,A,https://bulks-faostat.fao.org/production/Production_Crops_Livestock_E_All_Data_(Normalized).zip,2026-09-05T00:37:44.601932+00:00,,Israel (FAO Area Code 105)
2003,Grapes,Yield,5412,kg/ha,17223.1,A,https://bulks-faostat.fao.org/production/Production_Crops_Livestock_E_All_Data_(Normalized).zip,2026-09-05T00:37:44.601932+00:00,,Israel (FAO Area Code 105)
2004,Grapes,Yield,5412,kg/ha,23865.2,A,https://bulks-faostat.fao.org/production/Production_Crops_Livestock_E_All_Data_(Normalized).zip,2026-09-05T00:37:44.601932+00:00,,Israel (FAO Area Code 105)
2005,Grapes,Yield,5412,kg/ha,21153.2,A,https://bulks-faostat.fao.org/production/Production_Crops_Livestock_E_All_Data_(Normalized).zip,2026-09-05T00:37:44.601932+00:00,,Israel (FAO Area Code 105)
2006,Grapes,Yield,5412,kg/ha,22241.0,A,https://bulks-faostat.fao.org/production/Production_Crops_Livestock_E_All_Data_(Normalized).zip,2026-09-05T00:37:44.601932+00:00,,Israel (FAO Area Code 105)
2007,Grapes,Yield,5412,kg/ha,19798.4,E,https://bulks-faostat.fao.org/production/Production_Crops_Livestock_E_All_Data_(Normalized).zip,2026-09-05T00:37:44.601932+00:00,,Israel (FAO Area Code 105)
2008,Grapes,Yield,5412,kg/ha,16655.8,A,https://bulks-faostat.fao.org/production/Production_Crops_Livestock_E_All_Data_(Normalized).zip,2026-09-05T00:37:44.601932+00:00,,Israel (FAO Area Code 105)
2009,Grapes,Yield,5412,kg/ha,15666.8,A,https://bulks-faostat.fao.org/production/Production_Crops_Livestock_E_All_Data_(Normalized).zip,2026-09-05T00:37:44.601932+00:00,,Israel (FAO Area Code 105)
2010,Grapes,Yield,5412,kg/ha,16621.6,A,https://bulks-faostat.fao.org/production/Production_Crops_Livestock_E_All_Data_(Normalized).zip,2026-09-05T00:37:44.601932+00:00,,Israel (FAO Area Code 105)
2011,Grapes,Yield,5412,kg/ha,11340.4,A,https://bulks-faostat.fao.org/production/Production_Crops_Livestock_E_All_Data_(Normalized).zip,2026-09-05T00:37:44.601932+00:00,,Israel (FAO Area Code 105)
2012,Grapes,Yield,5412,kg/ha,9601.5,A,https://bulks-faostat.fao.org/production/Production_Crops_Livestock_E_All_Data_(Normalized).zip,2026-09-05T00:37:44.601932+00:00,,Israel (FAO Area Code 105)
2013,Grapes,Yield,5412,kg/ha,8635.6,A,https://bulks-faostat.fao.org/production/Production_Crops_Livestock_E_All_Data_(Normalized).zip,2026-09-05T00:37:44.601932+00:00,,Israel (FAO Area Code 105)
2014,Grapes,Yield,5412,kg/ha,8190.1,A,https://bulks-faostat.fao.org/production/Production_Crops_Livestock_E_All_Data_(Normalized).zip,2026-09-05T00:37:44.601932+00:00,,Israel (FAO Area Code 105)
2015,Grapes,Yield,5412,kg/ha,8209.0,A,https://bulks-faostat.fao.org/production/Production_Crops_Livestock_E_All_Data_(Normalized).zip,2026-09-05T00:37:44.601932+00:00,,Israel (FAO Area Code 105)
2016,Grapes,Yield,5412,kg/ha,8312.6,A,https://bulks-faostat.fao.org/production/Production_Crops_Livestock_E_All_Data_(Normalized).zip,2026-09-05T00:37:44.601932+00:00,,Israel (FAO Area Code 105)
2017,Grapes,Yield,5412,kg/ha,8627.6,A,https://bulks-faostat.fao.org/production/Production_Crops_Livestock_E_All_Data_(Normalized).zip,2026-09-05T00:37:44.601932+00:00,,Israel (FAO Area Code 105)
2018,Grapes,Yield,5412,kg/ha,7840.7,A,https://bulks-faostat.fao.org/production/Production_Crops_Livestock_E_All_Data_(Normalized).zip,2026-09-05T00:37:44.601932+00:00,,Israel (FAO Area Code 105)
2019,Grapes,Yield,5412,kg/ha,7683.0,A,https://bulks-faostat.fao.org/production/Production_Crops_Livestock_E_All_Data_(Normalized).zip,2026-09-05T00:37:44.601932+00:00,,Israel (FAO Area Code 105)
2020,Grapes,Yield,5412,kg/ha,5665.5,A,https://bulks-faostat.fao.org/production/Production_Crops_Livestock_E_All_Data_(Normalized).zip,2026-09-05T00:37:44.601932+00:00,,Israel (FAO Area Code 105)
2021,Grapes,Yield,5412,kg/ha,7444.0,A,https://bulks-faostat.fao.org/production/Production_Crops_Livestock_E_All_Data_(Normalized).zip,2026-09-05T00:37:44.601932+00:00,,Israel (FAO Area Code 105)
2022,Grapes,Yield,5412,kg/ha,7917.0,A,https://bulks-faostat.fao.org/production/Production_Crops_Livestock_E_All_Data_(Normalized).zip,2026-09-05T00:37:44.601932+00:00,,Israel (FAO Area Code 105)
2023,Grapes,Yield,5412,kg/ha,7620.0,A,https://bulks-faostat.fao.org/production/Production_Crops_Livestock_E_All_Data_(Normalized).zip,2026-09-05T00:37:44.601932+00:00,,Israel (FAO Area Code 105)
2024,Grapes,Yield,5412,kg/ha,6683.4,A,https://bulks-faostat.fao.org/production/Production_Crops_Livestock_E_All_Data_(Normalized).zip,2026-09-05T00:37:44.601932+00:00,,Israel (FAO Area Code 105)
1961,Grapes,Production,5510,t,63300.0,A,https://bulks-faostat.fao.org/production/Production_Crops_Livestock_E_All_Data_(Normalized).zip,2026-09-05T00:37:44.601932+00:00,,Israel (FAO Area Code 105)
1962,Grapes,Production,5510,t,72500.0,A,https://bulks-faostat.fao.org/production/Production_Crops_Livestock_E_All_Data_(Normalized).zip,2026-09-05T00:37:44.601932+00:00,,Israel (FAO Area Code 105)
1963,Grapes,Production,5510,t,59200.0,A,https://bulks-faostat.fao.org/production/Production_Crops_Livestock_E_All_Data_(Normalized).zip,2026-09-05T00:37:44.601932+00:00,,Israel (FAO Area Code 105)
1964,Grapes,Production,5510,t,83300.0,A,https://bulks-faostat.fao.org/production/Production_Crops_Livestock_E_All_Data_(Normalized).zip,2026-09-05T00:37:44.601932+00:00,,Israel (FAO Area Code 105)
1965,Grapes,Production,5510,t,80300.0,A,https://bulks-faostat.fao.org/production/Production_Crops_Livestock_E_All_Data_(Normalized).zip,2026-09-05T00:37:44.601932+00:00,,Israel (FAO Area Code 105)
1966,Grapes,Production,5510,t,76000.0,A,https://bulks-faostat.fao.org/production/Production_Crops_Livestock_E_All_Data_(Normalized).zip,2026-09-05T00:37:44.601932+00:00,,Israel (FAO Area Code 105)
1967,Grapes,Production,5510,t,82000.0,A,https://bulks-faostat.fao.org/production/Production_Crops_Livestock_E_All_Data_(Normalized).zip,2026-09-05T00:37:44.601932+00:00,,Israel (FAO Area Code 105)
1968,Grapes,Production,5510,t,71900.0,A,https://bulks-faostat.fao.org/production/Production_Crops_Livestock_E_All_Data_(Normalized).zip,2026-09-05T00:37:44.601932+00:00,,Israel (FAO Area Code 105)
1969,Grapes,Production,5510,t,80400.0,A,https://bulks-faostat.fao.org/production/Production_Crops_Livestock_E_All_Data_(Normalized).zip,2026-09-05T00:37:44.601932+00:00,,Israel (FAO Area Code 105)
1970,Grapes,Production,5510,t,60700.0,A,https://bulks-faostat.fao.org/production/Production_Crops_Livestock_E_All_Data_(Normalized).zip,2026-09-05T00:37:44.601932+00:00,,Israel (FAO Area Code 105)
1971,Grapes,Production,5510,t,66600.0,A,https://bulks-faostat.fao.org/production/Production_Crops_Livestock_E_All_Data_(Normalized).zip,2026-09-05T00:37:44.601932+00:00,,Israel (FAO Area Code 105)
1972,Grapes,Production,5510,t,81400.0,A,https://bulks-faostat.fao.org/production/Production_Crops_Livestock_E_All_Data_(Normalized).zip,2026-09-05T00:37:44.601932+00:00,,Israel (FAO Area Code 105)
1973,Grapes,Production,5510,t,77900.0,A,https://bulks-faostat.fao.org/production/Production_Crops_Livestock_E_All_Data_(Normalized).zip,2026-09-05T00:37:44.601932+00:00,,Israel (FAO Area Code 105)
1974,Grapes,Production,5510,t,74600.0,A,https://bulks-faostat.fao.org/production/Production_Crops_Livestock_E_All_Data_(Normalized).zip,2026-09-05T00:37:44.601932+00:00,,Israel (FAO Area Code 105)
1975,Grapes,Production,5510,t,75500.0,A,https://bulks-faostat.fao.org/production/Production_Crops_Livestock_E_All_Data_(Normalized).zip,2026-09-05T00:37:44.601932+00:00,,Israel (FAO Area Code 105)
1976,Grapes,Production,5510,t,77500.0,A,https://bulks-faostat.fao.org/production/Production_Crops_Livestock_E_All_Data_(Normalized).zip,2026-09-05T00:37:44.601932+00:00,,Israel (FAO Area Code 105)
1977,Grapes,Production,5510,t,70000.0,A,https://bulks-faostat.fao.org/production/Production_Crops_Livestock_E_All_Data_(Normalized).zip,2026-09-05T00:37:44.601932+00:00,,Israel (FAO Area Code 105)
1978,Grapes,Production,5510,t,76300.0,A,https://bulks-faostat.fao.org/production/Production_Crops_Livestock_E_All_Data_(Normalized).zip,2026-09-05T00:37:44.601932+00:00,,Israel (FAO Area Code 105)
1979,Grapes,Production,5510,t,72200.0,A,https://bulks-faostat.fao.org/production/Production_Crops_Livestock_E_All_Data_(Normalized).zip,2026-09-05T00:37:44.601932+00:00,,Israel (FAO Area Code 105)
1980,Grapes,Production,5510,t,76400.0,A,https://bulks-faostat.fao.org/production/Production_Crops_Livestock_E_All_Data_(Normalized).zip,2026-09-05T00:37:44.601932+00:00,,Israel (FAO Area Code 105)
1981,Grapes,Production,5510,t,83700.0,A,https://bulks-faostat.fao.org/production/Production_Crops_Livestock_E_All_Data_(Normalized).zip,2026-09-05T00:37:44.601932+00:00,,Israel (FAO Area Code 105)
1982,Grapes,Production,5510,t,86400.0,A,https://bulks-faostat.fao.org/production/Production_Crops_Livestock_E_All_Data_(Normalized).zip,2026-09-05T00:37:44.601932+00:00,,Israel (FAO Area Code 105)
1983,Grapes,Production,5510,t,93700.0,A,https://bulks-faostat.fao.org/production/Production_Crops_Livestock_E_All_Data_(Normalized).zip,2026-09-05T00:37:44.601932+00:00,,Israel (FAO Area Code 105)
1984,Grapes,Production,5510,t,91800.0,A,https://bulks-faostat.fao.org/production/Production_Crops_Livestock_E_All_Data_(Normalized).zip,2026-09-05T00:37:44.601932+00:00,,Israel (FAO Area Code 105)
1985,Grapes,Production,5510,t,80500.0,A,https://bulks-faostat.fao.org/production/Production_Crops_Livestock_E_All_Data_(Normalized).zip,2026-09-05T00:37:44.601932+00:00,,Israel (FAO Area Code 105)
1986,Grapes,Production,5510,t,82300.0,A,https://bulks-faostat.fao.org/production/Production_Crops_Livestock_E_All_Data_(Normalized).zip,2026-09-05T00:37:44.601932+00:00,,Israel (FAO Area Code 105)
1987,Grapes,Production,5510,t,89700.0,A,https://bulks-faostat.fao.org/production/Production_Crops_Livestock_E_All_Data_(Normalized).zip,2026-09-05T00:37:44.601932+00:00,,Israel (FAO Area Code 105)
1988,Grapes,Production,5510,t,89030.0,A,https://bulks-faostat.fao.org/production/Production_Crops_Livestock_E_All_Data_(Normalized).zip,2026-09-05T00:37:44.601932+00:00,,Israel (FAO Area Code 105)
1989,Grapes,Production,5510,t,95600.0,A,https://bulks-faostat.fao.org/production/Production_Crops_Livestock_E_All_Data_(Normalized).zip,2026-09-05T00:37:44.601932+00:00,,Israel (FAO Area Code 105)
1990,Grapes,Production,5510,t,95000.0,A,https://bulks-faostat.fao.org/production/Production_Crops_Livestock_E_All_Data_(Normalized).zip,2026-09-05T00:37:44.601932+00:00,,Israel (FAO Area Code 105)
1991,Grapes,Production,5510,t,70800.0,A,https://bulks-faostat.fao.org/production/Production_Crops_Livestock_E_All_Data_(Normalized).zip,2026-09-05T00:37:44.601932+00:00,,Israel (FAO Area Code 105)
1992,Grapes,Production,5510,t,87650.0,A,https://bulks-faostat.fao.org/production/Production_Crops_Livestock_E_All_Data_(Normalized).zip,2026-09-05T00:37:44.601932+00:00,,Israel (FAO Area Code 105)
1993,Grapes,Production,5510,t,79090.0,A,https://bulks-faostat.fao.org/production/Production_Crops_Livestock_E_All_Data_(Normalized).zip,2026-09-05T00:37:44.601932+00:00,,Israel (FAO Area Code 105)
1994,Grapes,Production,5510,t,80280.0,A,https://bulks-faostat.fao.org/production/Production_Crops_Livestock_E_All_Data_(Normalized).zip,2026-09-05T00:37:44.601932+00:00,,Israel (FAO Area Code 105)
1995,Grapes,Production,5510,t,88670.0,A,https://bulks-faostat.fao.org/production/Production_Crops_Livestock_E_All_Data_(Normalized).zip,2026-09-05T00:37:44.601932+00:00,,Israel (FAO Area Code 105)
1996,Grapes,Production,5510,t,89650.0,A,https://bulks-faostat.fao.org/production/Production_Crops_Livestock_E_All_Data_(Normalized).zip,2026-09-05T00:37:44.601932+00:00,,Israel (FAO Area Code 105)
1997,Grapes,Production,5510,t,89400.0,A,https://bulks-faostat.fao.org/production/Production_Crops_Livestock_E_All_Data_(Normalized).zip,2026-09-05T00:37:44.601932+00:00,,Israel (FAO Area Code 105)
1998,Grapes,Production,5510,t,88600.0,A,https://bulks-faostat.fao.org/production/Production_Crops_Livestock_E_All_Data_(Normalized).zip,2026-09-05T00:37:44.601932+00:00,,Israel (FAO Area Code 105)
1999,Grapes,Production,5510,t,84950.0,A,https://bulks-faostat.fao.org/production/Production_Crops_Livestock_E_All_Data_(Normalized).zip,2026-09-05T00:37:44.601932+00:00,,Israel (FAO Area Code 105)
2000,Grapes,Production,5510,t,101837.0,A,https://bulks-faostat.fao.org/production/Production_Crops_Livestock_E_All_Data_(Normalized).zip,2026-09-05T00:37:44.601932+00:00,,Israel (FAO Area Code 105)
2001,Grapes,Production,5510,t,121700.0,A,https://bulks-faostat.fao.org/production/Production_Crops_Livestock_E_All_Data_(Normalized).zip,2026-09-05T00:37:44.601932+00:00,,Israel (FAO Area Code 105)
2002,Grapes,Production,5510,t,125500.0,A,https://bulks-faostat.fao.org/production/Production_Crops_Livestock_E_All_Data_(Normalized).zip,2026-09-05T00:37:44.601932+00:00,,Israel (FAO Area Code 105)
2003,Grapes,Production,5510,t,126590.0,A,https://bulks-faostat.fao.org/production/Production_Crops_Livestock_E_All_Data_(Normalized).zip,2026-09-05T00:37:44.601932+00:00,,Israel (FAO Area Code 105)
2004,Grapes,Production,5510,t,139850.0,A,https://bulks-faostat.fao.org/production/Production_Crops_Livestock_E_All_Data_(Normalized).zip,2026-09-05T00:37:44.601932+00:00,,Israel (FAO Area Code 105)
2005,Grapes,Production,5510,t,125650.0,A,https://bulks-faostat.fao.org/production/Production_Crops_Livestock_E_All_Data_(Normalized).zip,2026-09-05T00:37:44.601932+00:00,,Israel (FAO Area Code 105)
2006,Grapes,Production,5510,t,125439.0,A,https://bulks-faostat.fao.org/production/Production_Crops_Livestock_E_All_Data_(Normalized).zip,2026-09-05T00:37:44.601932+00:00,,Israel (FAO Area Code 105)
2007,Grapes,Production,5510,t,112851.0,A,https://bulks-faostat.fao.org/production/Production_Crops_Livestock_E_All_Data_(Normalized).zip,2026-09-05T00:37:44.601932+00:00,,Israel (FAO Area Code 105)
2008,Grapes,Production,5510,t,96937.0,A,https://bulks-faostat.fao.org/production/Production_Crops_Livestock_E_All_Data_(Normalized).zip,2026-09-05T00:37:44.601932+00:00,,Israel (FAO Area Code 105)
2009,Grapes,Production,5510,t,91181.0,A,https://bulks-faostat.fao.org/production/Production_Crops_Livestock_E_All_Data_(Normalized).zip,2026-09-05T00:37:44.601932+00:00,,Israel (FAO Area Code 105)
2010,Grapes,Production,5510,t,95075.36,A,https://bulks-faostat.fao.org/production/Production_Crops_Livestock_E_All_Data_(Normalized).zip,2026-09-05T00:37:44.601932+00:00,,Israel (FAO Area Code 105)
2011,Grapes,Production,5510,t,89476.0,A,https://bulks-faostat.fao.org/production/Production_Crops_Livestock_E_All_Data_(Normalized).zip,2026-09-05T00:37:44.601932+00:00,,Israel (FAO Area Code 105)
2012,Grapes,Production,5510,t,74700.0,A,https://bulks-faostat.fao.org/production/Production_Crops_Livestock_E_All_Data_(Normalized).zip,2026-09-05T00:37:44.601932+00:00,,Israel (FAO Area Code 105)
2013,Grapes,Production,5510,t,70000.0,A,https://bulks-faostat.fao.org/production/Production_Crops_Livestock_E_All_Data_(Normalized).zip,2026-09-05T00:37:44.601932+00:00,,Israel (FAO Area Code 105)
2014,Grapes,Production,5510,t,66700.0,A,https://bulks-faostat.fao.org/production/Production_Crops_Livestock_E_All_Data_(Normalized).zip,2026-09-05T00:37:44.601932+00:00,,Israel (FAO Area Code 105)
2015,Grapes,Production,5510,t,66000.0,A,https://bulks-faostat.fao.org/production/Production_Crops_Livestock_E_All_Data_(Normalized).zip,2026-09-05T00:37:44.601932+00:00,,Israel (FAO Area Code 105)
2016,Grapes,Production,5510,t,66002.0,A,https://bulks-faostat.fao.org/production/Production_Crops_Livestock_E_All_Data_(Normalized).zip,2026-09-05T00:37:44.601932+00:00,,Israel (FAO Area Code 105)
2017,Grapes,Production,5510,t,68503.0,A,https://bulks-faostat.fao.org/production/Production_Crops_Livestock_E_All_Data_(Normalized).zip,2026-09-05T00:37:44.601932+00:00,,Israel (FAO Area Code 105)
2018,Grapes,Production,5510,t,63000.0,A,https://bulks-faostat.fao.org/production/Production_Crops_Livestock_E_All_Data_(Normalized).zip,2026-09-05T00:37:44.601932+00:00,,Israel (FAO Area Code 105)
2019,Grapes,Production,5510,t,57100.0,A,https://bulks-faostat.fao.org/production/Production_Crops_Livestock_E_All_Data_(Normalized).zip,2026-09-05T00:37:44.601932+00:00,,Israel (FAO Area Code 105)
2020,Grapes,Production,5510,t,46174.0,A,https://bulks-faostat.fao.org/production/Production_Crops_Livestock_E_All_Data_(Normalized).zip,2026-09-05T00:37:44.601932+00:00,,Israel (FAO Area Code 105)
2021,Grapes,Production,5510,t,60520.0,A,https://bulks-faostat.fao.org/production/Production_Crops_Livestock_E_All_Data_(Normalized).zip,2026-09-05T00:37:44.601932+00:00,,Israel (FAO Area Code 105)
2022,Grapes,Production,5510,t,65030.0,A,https://bulks-faostat.fao.org/production/Production_Crops_Livestock_E_All_Data_(Normalized).zip,2026-09-05T00:37:44.601932+00:00,,Israel (FAO Area Code 105)
2023,Grapes,Production,5510,t,62583.0,A,https://bulks-faostat.fao.org/production/Production_Crops_Livestock_E_All_Data_(Normalized).zip,2026-09-05T00:37:44.601932+00:00,,Israel (FAO Area Code 105)
2024,Grapes,Production,5510,t,56007.0,A,https://bulks-faostat.fao.org/production/Production_Crops_Livestock_E_All_Data_(Normalized).zip,2026-09-05T00:37:44.601932+00:00,,Israel (FAO Area Code 105)
1961,Olives,Area harvested,5312,ha,10000.0,E,https://bulks-faostat.fao.org/production/Production_Crops_Livestock_E_All_Data_(Normalized).zip,2026-09-05T00:37:44.601932+00:00,,Israel (FAO Area Code 105)
1962,Olives,Area harvested,5312,ha,5000.0,E,https://bulks-faostat.fao.org/production/Production_Crops_Livestock_E_All_Data_(Normalized).zip,2026-09-05T00:37:44.601932+00:00,,Israel (FAO Area Code 105)
1963,Olives,Area harvested,5312,ha,10000.0,E,https://bulks-faostat.fao.org/production/Production_Crops_Livestock_E_All_Data_(Normalized).zip,2026-09-05T00:37:44.601932+00:00,,Israel (FAO Area Code 105)
1964,Olives,Area harvested,5312,ha,11000.0,E,https://bulks-faostat.fao.org/production/Production_Crops_Livestock_E_All_Data_(Normalized).zip,2026-09-05T00:37:44.601932+00:00,,Israel (FAO Area Code 105)
1965,Olives,Area harvested,5312,ha,11000.0,E,https://bulks-faostat.fao.org/production/Production_Crops_Livestock_E_All_Data_(Normalized).zip,2026-09-05T00:37:44.601932+00:00,,Israel (FAO Area Code 105)
1966,Olives,Area harvested,5312,ha,11400.0,A,https://bulks-faostat.fao.org/production/Production_Crops_Livestock_E_All_Data_(Normalized).zip,2026-09-05T00:37:44.601932+00:00,,Israel (FAO Area Code 105)
1967,Olives,Area harvested,5312,ha,11000.0,A,https://bulks-faostat.fao.org/production/Production_Crops_Livestock_E_All_Data_(Normalized).zip,2026-09-05T00:37:44.601932+00:00,,Israel (FAO Area Code 105)
1968,Olives,Area harvested,5312,ha,10900.0,A,https://bulks-faostat.fao.org/production/Production_Crops_Livestock_E_All_Data_(Normalized).zip,2026-09-05T00:37:44.601932+00:00,,Israel (FAO Area Code 105)
1969,Olives,Area harvested,5312,ha,10700.0,A,https://bulks-faostat.fao.org/production/Production_Crops_Livestock_E_All_Data_(Normalized).zip,2026-09-05T00:37:44.601932+00:00,,Israel (FAO Area Code 105)
1970,Olives,Area harvested,5312,ha,10600.0,A,https://bulks-faostat.fao.org/production/Production_Crops_Livestock_E_All_Data_(Normalized).zip,2026-09-05T00:37:44.601932+00:00,,Israel (FAO Area Code 105)
1971,Olives,Area harvested,5312,ha,10300.0,A,https://bulks-faostat.fao.org/production/Production_Crops_Livestock_E_All_Data_(Normalized).zip,2026-09-05T00:37:44.601932+00:00,,Israel (FAO Area Code 105)
1972,Olives,Area harvested,5312,ha,10300.0,A,https://bulks-faostat.fao.org/production/Production_Crops_Livestock_E_All_Data_(Normalized).zip,2026-09-05T00:37:44.601932+00:00,,Israel (FAO Area Code 105)
1973,Olives,Area harvested,5312,ha,10000.0,A,https://bulks-faostat.fao.org/production/Production_Crops_Livestock_E_All_Data_(Normalized).zip,2026-09-05T00:37:44.601932+00:00,,Israel (FAO Area Code 105)
1974,Olives,Area harvested,5312,ha,9900.0,A,https://bulks-faostat.fao.org/production/Production_Crops_Livestock_E_All_Data_(Normalized).zip,2026-09-05T00:37:44.601932+00:00,,Israel (FAO Area Code 105)
1975,Olives,Area harvested,5312,ha,10000.0,A,https://bulks-faostat.fao.org/production/Production_Crops_Livestock_E_All_Data_(Normalized).zip,2026-09-05T00:37:44.601932+00:00,,Israel (FAO Area Code 105)
1976,Olives,Area harvested,5312,ha,10070.0,A,https://bulks-faostat.fao.org/production/Production_Crops_Livestock_E_All_Data_(Normalized).zip,2026-09-05T00:37:44.601932+00:00,,Israel (FAO Area Code 105)
1977,Olives,Area harvested,5312,ha,10430.0,A,https://bulks-faostat.fao.org/production/Production_Crops_Livestock_E_All_Data_(Normalized).zip,2026-09-05T00:37:44.601932+00:00,,Israel (FAO Area Code 105)
1978,Olives,Area harvested,5312,ha,11350.0,A,https://bulks-faostat.fao.org/production/Production_Crops_Livestock_E_All_Data_(Normalized).zip,2026-09-05T00:37:44.601932+00:00,,Israel (FAO Area Code 105)
1979,Olives,Area harvested,5312,ha,12240.0,A,https://bulks-faostat.fao.org/production/Production_Crops_Livestock_E_All_Data_(Normalized).zip,2026-09-05T00:37:44.601932+00:00,,Israel (FAO Area Code 105)
1980,Olives,Area harvested,5312,ha,9500.0,A,https://bulks-faostat.fao.org/production/Production_Crops_Livestock_E_All_Data_(Normalized).zip,2026-09-05T00:37:44.601932+00:00,,Israel (FAO Area Code 105)
1981,Olives,Area harvested,5312,ha,9890.0,A,https://bulks-faostat.fao.org/production/Production_Crops_Livestock_E_All_Data_(Normalized).zip,2026-09-05T00:37:44.601932+00:00,,Israel (FAO Area Code 105)
1982,Olives,Area harvested,5312,ha,11260.0,A,https://bulks-faostat.fao.org/production/Production_Crops_Livestock_E_All_Data_(Normalized).zip,2026-09-05T00:37:44.601932+00:00,,Israel (FAO Area Code 105)
1983,Olives,Area harvested,5312,ha,12860.0,A,https://bulks-faostat.fao.org/production/Production_Crops_Livestock_E_All_Data_(Normalized).zip,2026-09-05T00:37:44.601932+00:00,,Israel (FAO Area Code 105)
1984,Olives,Area harvested,5312,ha,11780.0,A,https://bulks-faostat.fao.org/production/Production_Crops_Livestock_E_All_Data_(Normalized).zip,2026-09-05T00:37:44.601932+00:00,,Israel (FAO Area Code 105)
1985,Olives,Area harvested,5312,ha,11390.0,A,https://bulks-faostat.fao.org/production/Production_Crops_Livestock_E_All_Data_(Normalized).zip,2026-09-05T00:37:44.601932+00:00,,Israel (FAO Area Code 105)
1986,Olives,Area harvested,5312,ha,12250.0,A,https://bulks-faostat.fao.org/production/Production_Crops_Livestock_E_All_Data_(Normalized).zip,2026-09-05T00:37:44.601932+00:00,,Israel (FAO Area Code 105)
1987,Olives,Area harvested,5312,ha,12480.0,A,https://bulks-faostat.fao.org/production/Production_Crops_Livestock_E_All_Data_(Normalized).zip,2026-09-05T00:37:44.601932+00:00,,Israel (FAO Area Code 105)
1988,Olives,Area harvested,5312,ha,12470.0,A,https://bulks-faostat.fao.org/production/Production_Crops_Livestock_E_All_Data_(Normalized).zip,2026-09-05T00:37:44.601932+00:00,,Israel (FAO Area Code 105)
1989,Olives,Area harvested,5312,ha,12400.0,A,https://bulks-faostat.fao.org/production/Production_Crops_Livestock_E_All_Data_(Normalized).zip,2026-09-05T00:37:44.601932+00:00,,Israel (FAO Area Code 105)
1990,Olives,Area harvested,5312,ha,12650.0,A,https://bulks-faostat.fao.org/production/Production_Crops_Livestock_E_All_Data_(Normalized).zip,2026-09-05T00:37:44.601932+00:00,,Israel (FAO Area Code 105)
1991,Olives,Area harvested,5312,ha,12989.0,A,https://bulks-faostat.fao.org/production/Production_Crops_Livestock_E_All_Data_(Normalized).zip,2026-09-05T00:37:44.601932+00:00,,Israel (FAO Area Code 105)
1992,Olives,Area harvested,5312,ha,13130.0,A,https://bulks-faostat.fao.org/production/Production_Crops_Livestock_E_All_Data_(Normalized).zip,2026-09-05T00:37:44.601932+00:00,,Israel (FAO Area Code 105)
1993,Olives,Area harvested,5312,ha,12970.0,A,https://bulks-faostat.fao.org/production/Production_Crops_Livestock_E_All_Data_(Normalized).zip,2026-09-05T00:37:44.601932+00:00,,Israel (FAO Area Code 105)
1994,Olives,Area harvested,5312,ha,13920.0,A,https://bulks-faostat.fao.org/production/Production_Crops_Livestock_E_All_Data_(Normalized).zip,2026-09-05T00:37:44.601932+00:00,,Israel (FAO Area Code 105)
1995,Olives,Area harvested,5312,ha,14310.0,A,https://bulks-faostat.fao.org/production/Production_Crops_Livestock_E_All_Data_(Normalized).zip,2026-09-05T00:37:44.601932+00:00,,Israel (FAO Area Code 105)
1996,Olives,Area harvested,5312,ha,15420.0,A,https://bulks-faostat.fao.org/production/Production_Crops_Livestock_E_All_Data_(Normalized).zip,2026-09-05T00:37:44.601932+00:00,,Israel (FAO Area Code 105)
1997,Olives,Area harvested,5312,ha,15730.0,A,https://bulks-faostat.fao.org/production/Production_Crops_Livestock_E_All_Data_(Normalized).zip,2026-09-05T00:37:44.601932+00:00,,Israel (FAO Area Code 105)
1998,Olives,Area harvested,5312,ha,15830.0,A,https://bulks-faostat.fao.org/production/Production_Crops_Livestock_E_All_Data_(Normalized).zip,2026-09-05T00:37:44.601932+00:00,,Israel (FAO Area Code 105)
1999,Olives,Area harvested,5312,ha,17490.0,A,https://bulks-faostat.fao.org/production/Production_Crops_Livestock_E_All_Data_(Normalized).zip,2026-09-05T00:37:44.601932+00:00,,Israel (FAO Area Code 105)
2000,Olives,Area harvested,5312,ha,18740.0,A,https://bulks-faostat.fao.org/production/Production_Crops_Livestock_E_All_Data_(Normalized).zip,2026-09-05T00:37:44.601932+00:00,,Israel (FAO Area Code 105)
2001,Olives,Area harvested,5312,ha,19450.0,A,https://bulks-faostat.fao.org/production/Production_Crops_Livestock_E_All_Data_(Normalized).zip,2026-09-05T00:37:44.601932+00:00,,Israel (FAO Area Code 105)
2002,Olives,Area harvested,5312,ha,20060.0,A,https://bulks-faostat.fao.org/production/Production_Crops_Livestock_E_All_Data_(Normalized).zip,2026-09-05T00:37:44.601932+00:00,,Israel (FAO Area Code 105)
2003,Olives,Area harvested,5312,ha,20700.0,E,https://bulks-faostat.fao.org/production/Production_Crops_Livestock_E_All_Data_(Normalized).zip,2026-09-05T00:37:44.601932+00:00,,Israel (FAO Area Code 105)
2004,Olives,Area harvested,5312,ha,21300.0,E,https://bulks-faostat.fao.org/production/Production_Crops_Livestock_E_All_Data_(Normalized).zip,2026-09-05T00:37:44.601932+00:00,,Israel (FAO Area Code 105)
2005,Olives,Area harvested,5312,ha,22000.0,E,https://bulks-faostat.fao.org/production/Production_Crops_Livestock_E_All_Data_(Normalized).zip,2026-09-05T00:37:44.601932+00:00,,Israel (FAO Area Code 105)
2006,Olives,Area harvested,5312,ha,20000.0,E,https://bulks-faostat.fao.org/production/Production_Crops_Livestock_E_All_Data_(Normalized).zip,2026-09-05T00:37:44.601932+00:00,,Israel (FAO Area Code 105)
2007,Olives,Area harvested,5312,ha,16000.0,E,https://bulks-faostat.fao.org/production/Production_Crops_Livestock_E_All_Data_(Normalized).zip,2026-09-05T00:37:44.601932+00:00,,Israel (FAO Area Code 105)
2008,Olives,Area harvested,5312,ha,20000.0,E,https://bulks-faostat.fao.org/production/Production_Crops_Livestock_E_All_Data_(Normalized).zip,2026-09-05T00:37:44.601932+00:00,,Israel (FAO Area Code 105)
2009,Olives,Area harvested,5312,ha,19000.0,E,https://bulks-faostat.fao.org/production/Production_Crops_Livestock_E_All_Data_(Normalized).zip,2026-09-05T00:37:44.601932+00:00,,Israel (FAO Area Code 105)
2010,Olives,Area harvested,5312,ha,33001.0,I,https://bulks-faostat.fao.org/production/Production_Crops_Livestock_E_All_Data_(Normalized).zip,2026-09-05T00:37:44.601932+00:00,,Israel (FAO Area Code 105)
2011,Olives,Area harvested,5312,ha,22000.0,A,https://bulks-faostat.fao.org/production/Production_Crops_Livestock_E_All_Data_(Normalized).zip,2026-09-05T00:37:44.601932+00:00,,Israel (FAO Area Code 105)
2012,Olives,Area harvested,5312,ha,33700.0,A,https://bulks-faostat.fao.org/production/Production_Crops_Livestock_E_All_Data_(Normalized).zip,2026-09-05T00:37:44.601932+00:00,,Israel (FAO Area Code 105)
2013,Olives,Area harvested,5312,ha,33700.0,A,https://bulks-faostat.fao.org/production/Production_Crops_Livestock_E_All_Data_(Normalized).zip,2026-09-05T00:37:44.601932+00:00,,Israel (FAO Area Code 105)
2014,Olives,Area harvested,5312,ha,33700.0,A,https://bulks-faostat.fao.org/production/Production_Crops_Livestock_E_All_Data_(Normalized).zip,2026-09-05T00:37:44.601932+00:00,,Israel (FAO Area Code 105)
2015,Olives,Area harvested,5312,ha,33700.0,A,https://bulks-faostat.fao.org/production/Production_Crops_Livestock_E_All_Data_(Normalized).zip,2026-09-05T00:37:44.601932+00:00,,Israel (FAO Area Code 105)
2016,Olives,Area harvested,5312,ha,33700.0,A,https://bulks-faostat.fao.org/production/Production_Crops_Livestock_E_All_Data_(Normalized).zip,2026-09-05T00:37:44.601932+00:00,,Israel (FAO Area Code 105)
2017,Olives,Area harvested,5312,ha,33700.0,A,https://bulks-faostat.fao.org/production/Production_Crops_Livestock_E_All_Data_(Normalized).zip,2026-09-05T00:37:44.601932+00:00,,Israel (FAO Area Code 105)
2018,Olives,Area harvested,5312,ha,33700.0,A,https://bulks-faostat.fao.org/production/Production_Crops_Livestock_E_All_Data_(Normalized).zip,2026-09-05T00:37:44.601932+00:00,,Israel (FAO Area Code 105)
2019,Olives,Area harvested,5312,ha,33700.0,A,https://bulks-faostat.fao.org/production/Production_Crops_Livestock_E_All_Data_(Normalized).zip,2026-09-05T00:37:44.601932+00:00,,Israel (FAO Area Code 105)
2020,Olives,Area harvested,5312,ha,33700.0,A,https://bulks-faostat.fao.org/production/Production_Crops_Livestock_E_All_Data_(Normalized).zip,2026-09-05T00:37:44.601932+00:00,,Israel (FAO Area Code 105)
2021,Olives,Area harvested,5312,ha,33700.0,A,https://bulks-faostat.fao.org/production/Production_Crops_Livestock_E_All_Data_(Normalized).zip,2026-09-05T00:37:44.601932+00:00,,Israel (FAO Area Code 105)
2022,Olives,Area harvested,5312,ha,33700.0,A,https://bulks-faostat.fao.org/production/Production_Crops_Livestock_E_All_Data_(Normalized).zip,2026-09-05T00:37:44.601932+00:00,,Israel (FAO Area Code 105)
2023,Olives,Area harvested,5312,ha,33700.0,A,https://bulks-faostat.fao.org/production/Production_Crops_Livestock_E_All_Data_(Normalized).zip,2026-09-05T00:37:44.601932+00:00,,Israel (FAO Area Code 105)
2024,Olives,Area harvested,5312,ha,33700.0,A,https://bulks-faostat.fao.org/production/Production_Crops_Livestock_E_All_Data_(Normalized).zip,2026-09-05T00:37:44.601932+00:00,,Israel (FAO Area Code 105)
1961,Olives,Yield,5412,kg/ha,2080.0,E,https://bulks-faostat.fao.org/production/Production_Crops_Livestock_E_All_Data_(Normalized).zip,2026-09-05T00:37:44.601932+00:00,,Israel (FAO Area Code 105)
1962,Olives,Yield,5412,kg/ha,960.0,E,https://bulks-faostat.fao.org/production/Production_Crops_Livestock_E_All_Data_(Normalized).zip,2026-09-05T00:37:44.601932+00:00,,Israel (FAO Area Code 105)
1963,Olives,Yield,5412,kg/ha,1300.0,E,https://bulks-faostat.fao.org/production/Production_Crops_Livestock_E_All_Data_(Normalized).zip,2026-09-05T00:37:44.601932+00:00,,Israel (FAO Area Code 105)
1964,Olives,Yield,5412,kg/ha,1909.1,E,https://bulks-faostat.fao.org/production/Production_Crops_Livestock_E_All_Data_(Normalized).zip,2026-09-05T00:37:44.601932+00:00,,Israel (FAO Area Code 105)
1965,Olives,Yield,5412,kg/ha,954.5,E,https://bulks-faostat.fao.org/production/Production_Crops_Livestock_E_All_Data_(Normalized).zip,2026-09-05T00:37:44.601932+00:00,,Israel (FAO Area Code 105)
1966,Olives,Yield,5412,kg/ha,956.1,A,https://bulks-faostat.fao.org/production/Production_Crops_Livestock_E_All_Data_(Normalized).zip,2026-09-05T00:37:44.601932+00:00,,Israel (FAO Area Code 105)
1967,Olives,Yield,5412,kg/ha,2227.3,A,https://bulks-faostat.fao.org/production/Production_Crops_Livestock_E_All_Data_(Normalized).zip,2026-09-05T00:37:44.601932+00:00,,Israel (FAO Area Code 105)
1968,Olives,Yield,5412,kg/ha,871.6,A,https://bulks-faostat.fao.org/production/Production_Crops_Livestock_E_All_Data_(Normalized).zip,2026-09-05T00:37:44.601932+00:00,,Israel (FAO Area Code 105)
1969,Olives,Yield,5412,kg/ha,1972.0,A,https://bulks-faostat.fao.org/production/Production_Crops_Livestock_E_All_Data_(Normalized).zip,2026-09-05T00:37:44.601932+00:00,,Israel (FAO Area Code 105)
1970,Olives,Yield,5412,kg/ha,622.6,A,https://bulks-faostat.fao.org/production/Production_Crops_Livestock_E_All_Data_(Normalized).zip,2026-09-05T00:37:44.601932+00:00,,Israel (FAO Area Code 105)
1971,Olives,Yield,5412,kg/ha,1213.6,A,https://bulks-faostat.fao.org/production/Production_Crops_Livestock_E_All_Data_(Normalized).zip,2026-09-05T00:37:44.601932+00:00,,Israel (FAO Area Code 105)
1972,Olives,Yield,5412,kg/ha,2621.4,A,https://bulks-faostat.fao.org/production/Production_Crops_Livestock_E_All_Data_(Normalized).zip,2026-09-05T00:37:44.601932+00:00,,Israel (FAO Area Code 105)
1973,Olives,Yield,5412,kg/ha,400.0,A,https://bulks-faostat.fao.org/production/Production_Crops_Livestock_E_All_Data_(Normalized).zip,2026-09-05T00:37:44.601932+00:00,,Israel (FAO Area Code 105)
1974,Olives,Yield,5412,kg/ha,3050.5,A,https://bulks-faostat.fao.org/production/Production_Crops_Livestock_E_All_Data_(Normalized).zip,2026-09-05T00:37:44.601932+00:00,,Israel (FAO Area Code 105)
1975,Olives,Yield,5412,kg/ha,490.0,A,https://bulks-faostat.fao.org/production/Production_Crops_Livestock_E_All_Data_(Normalized).zip,2026-09-05T00:37:44.601932+00:00,,Israel (FAO Area Code 105)
1976,Olives,Yield,5412,kg/ha,1936.4,A,https://bulks-faostat.fao.org/production/Production_Crops_Livestock_E_All_Data_(Normalized).zip,2026-09-05T00:37:44.601932+00:00,,Israel (FAO Area Code 105)
1977,Olives,Yield,5412,kg/ha,776.6,A,https://bulks-faostat.fao.org/production/Production_Crops_Livestock_E_All_Data_(Normalized).zip,2026-09-05T00:37:44.601932+00:00,,Israel (FAO Area Code 105)
1978,Olives,Yield,5412,kg/ha,3083.7,A,https://bulks-faostat.fao.org/production/Production_Crops_Livestock_E_All_Data_(Normalized).zip,2026-09-05T00:37:44.601932+00:00,,Israel (FAO Area Code 105)
1979,Olives,Yield,5412,kg/ha,669.9,A,https://bulks-faostat.fao.org/production/Production_Crops_Livestock_E_All_Data_(Normalized).zip,2026-09-05T00:37:44.601932+00:00,,Israel (FAO Area Code 105)
1980,Olives,Yield,5412,kg/ha,4736.8,A,https://bulks-faostat.fao.org/production/Production_Crops_Livestock_E_All_Data_(Normalized).zip,2026-09-05T00:37:44.601932+00:00,,Israel (FAO Area Code 105)
1981,Olives,Yield,5412,kg/ha,1991.9,A,https://bulks-faostat.fao.org/production/Production_Crops_Livestock_E_All_Data_(Normalized).zip,2026-09-05T00:37:44.601932+00:00,,Israel (FAO Area Code 105)
1982,Olives,Yield,5412,kg/ha,3303.7,A,https://bulks-faostat.fao.org/production/Production_Crops_Livestock_E_All_Data_(Normalized).zip,2026-09-05T00:37:44.601932+00:00,,Israel (FAO Area Code 105)
1983,Olives,Yield,5412,kg/ha,2892.7,A,https://bulks-faostat.fao.org/production/Production_Crops_Livestock_E_All_Data_(Normalized).zip,2026-09-05T00:37:44.601932+00:00,,Israel (FAO Area Code 105)
1984,Olives,Yield,5412,kg/ha,1468.6,A,https://bulks-faostat.fao.org/production/Production_Crops_Livestock_E_All_Data_(Normalized).zip,2026-09-05T00:37:44.601932+00:00,,Israel (FAO Area Code 105)
1985,Olives,Yield,5412,kg/ha,3424.1,A,https://bulks-faostat.fao.org/production/Production_Crops_Livestock_E_All_Data_(Normalized).zip,2026-09-05T00:37:44.601932+00:00,,Israel (FAO Area Code 105)
1986,Olives,Yield,5412,kg/ha,3102.0,A,https://bulks-faostat.fao.org/production/Production_Crops_Livestock_E_All_Data_(Normalized).zip,2026-09-05T00:37:44.601932+00:00,,Israel (FAO Area Code 105)
1987,Olives,Yield,5412,kg/ha,2003.2,A,https://bulks-faostat.fao.org/production/Production_Crops_Livestock_E_All_Data_(Normalized).zip,2026-09-05T00:37:44.601932+00:00,,Israel (FAO Area Code 105)
1988,Olives,Yield,5412,kg/ha,3127.5,A,https://bulks-faostat.fao.org/production/Production_Crops_Livestock_E_All_Data_(Normalized).zip,2026-09-05T00:37:44.601932+00:00,,Israel (FAO Area Code 105)
1989,Olives,Yield,5412,kg/ha,1572.6,A,https://bulks-faostat.fao.org/production/Production_Crops_Livestock_E_All_Data_(Normalized).zip,2026-09-05T00:37:44.601932+00:00,,Israel (FAO Area Code 105)
1990,Olives,Yield,5412,kg/ha,3280.6,A,https://bulks-faostat.fao.org/production/Production_Crops_Livestock_E_All_Data_(Normalized).zip,2026-09-05T00:37:44.601932+00:00,,Israel (FAO Area Code 105)
1991,Olives,Yield,5412,kg/ha,1308.8,A,https://bulks-faostat.fao.org/production/Production_Crops_Livestock_E_All_Data_(Normalized).zip,2026-09-05T00:37:44.601932+00:00,,Israel (FAO Area Code 105)
1992,Olives,Yield,5412,kg/ha,3655.8,A,https://bulks-faostat.fao.org/production/Production_Crops_Livestock_E_All_Data_(Normalized).zip,2026-09-05T00:37:44.601932+00:00,,Israel (FAO Area Code 105)
1993,Olives,Yield,5412,kg/ha,732.5,A,https://bulks-faostat.fao.org/production/Production_Crops_Livestock_E_All_Data_(Normalized).zip,2026-09-05T00:37:44.601932+00:00,,Israel (FAO Area Code 105)
1994,Olives,Yield,5412,kg/ha,1903.7,A,https://bulks-faostat.fao.org/production/Production_Crops_Livestock_E_All_Data_(Normalized).zip,2026-09-05T00:37:44.601932+00:00,,Israel (FAO Area Code 105)
1995,Olives,Yield,5412,kg/ha,2550.7,A,https://bulks-faostat.fao.org/production/Production_Crops_Livestock_E_All_Data_(Normalized).zip,2026-09-05T00:37:44.601932+00:00,,Israel (FAO Area Code 105)
1996,Olives,Yield,5412,kg/ha,2658.9,A,https://bulks-faostat.fao.org/production/Production_Crops_Livestock_E_All_Data_(Normalized).zip,2026-09-05T00:37:44.601932+00:00,,Israel (FAO Area Code 105)
1997,Olives,Yield,5412,kg/ha,1188.8,A,https://bulks-faostat.fao.org/production/Production_Crops_Livestock_E_All_Data_(Normalized).zip,2026-09-05T00:37:44.601932+00:00,,Israel (FAO Area Code 105)
1998,Olives,Yield,5412,kg/ha,2021.5,A,https://bulks-faostat.fao.org/production/Production_Crops_Livestock_E_All_Data_(Normalized).zip,2026-09-05T00:37:44.601932+00:00,,Israel (FAO Area Code 105)
1999,Olives,Yield,5412,kg/ha,1326.5,A,https://bulks-faostat.fao.org/production/Production_Crops_Livestock_E_All_Data_(Normalized).zip,2026-09-05T00:37:44.601932+00:00,,Israel (FAO Area Code 105)
2000,Olives,Yield,5412,kg/ha,2988.3,A,https://bulks-faostat.fao.org/production/Production_Crops_Livestock_E_All_Data_(Normalized).zip,2026-09-05T00:37:44.601932+00:00,,Israel (FAO Area Code 105)
2001,Olives,Yield,5412,kg/ha,1336.8,A,https://bulks-faostat.fao.org/production/Production_Crops_Livestock_E_All_Data_(Normalized).zip,2026-09-05T00:37:44.601932+00:00,,Israel (FAO Area Code 105)
2002,Olives,Yield,5412,kg/ha,2791.6,A,https://bulks-faostat.fao.org/production/Production_Crops_Livestock_E_All_Data_(Normalized).zip,2026-09-05T00:37:44.601932+00:00,,Israel (FAO Area Code 105)
2003,Olives,Yield,5412,kg/ha,1038.6,E,https://bulks-faostat.fao.org/production/Production_Crops_Livestock_E_All_Data_(Normalized).zip,2026-09-05T00:37:44.601932+00:00,,Israel (FAO Area Code 105)
2004,Olives,Yield,5412,kg/ha,2910.8,E,https://bulks-faostat.fao.org/production/Production_Crops_Livestock_E_All_Data_(Normalized).zip,2026-09-05T00:37:44.601932+00:00,,Israel (FAO Area Code 105)
2005,Olives,Yield,5412,kg/ha,1318.2,E,https://bulks-faostat.fao.org/production/Production_Crops_Livestock_E_All_Data_(Normalized).zip,2026-09-05T00:37:44.601932+00:00,,Israel (FAO Area Code 105)
2006,Olives,Yield,5412,kg/ha,3000.0,E,https://bulks-faostat.fao.org/production/Production_Crops_Livestock_E_All_Data_(Normalized).zip,2026-09-05T00:37:44.601932+00:00,,Israel (FAO Area Code 105)
2007,Olives,Yield,5412,kg/ha,1843.8,E,https://bulks-faostat.fao.org/production/Production_Crops_Livestock_E_All_Data_(Normalized).zip,2026-09-05T00:37:44.601932+00:00,,Israel (FAO Area Code 105)
2008,Olives,Yield,5412,kg/ha,2437.5,E,https://bulks-faostat.fao.org/production/Production_Crops_Livestock_E_All_Data_(Normalized).zip,2026-09-05T00:37:44.601932+00:00,,Israel (FAO Area Code 105)
2009,Olives,Yield,5412,kg/ha,1605.3,E,https://bulks-faostat.fao.org/production/Production_Crops_Livestock_E_All_Data_(Normalized).zip,2026-09-05T00:37:44.601932+00:00,,Israel (FAO Area Code 105)
2010,Olives,Yield,5412,kg/ha,2227.2,E,https://bulks-faostat.fao.org/production/Production_Crops_Livestock_E_All_Data_(Normalized).zip,2026-09-05T00:37:44.601932+00:00,,Israel (FAO Area Code 105)
2011,Olives,Yield,5412,kg/ha,3000.0,A,https://bulks-faostat.fao.org/production/Production_Crops_Livestock_E_All_Data_(Normalized).zip,2026-09-05T00:37:44.601932+00:00,,Israel (FAO Area Code 105)
2012,Olives,Yield,5412,kg/ha,1869.4,A,https://bulks-faostat.fao.org/production/Production_Crops_Livestock_E_All_Data_(Normalized).zip,2026-09-05T00:37:44.601932+00:00,,Israel (FAO Area Code 105)
2013,Olives,Yield,5412,kg/ha,2284.9,A,https://bulks-faostat.fao.org/production/Production_Crops_Livestock_E_All_Data_(Normalized).zip,2026-09-05T00:37:44.601932+00:00,,Israel (FAO Area Code 105)
2014,Olives,Yield,5412,kg/ha,2670.6,A,https://bulks-faostat.fao.org/production/Production_Crops_Livestock_E_All_Data_(Normalized).zip,2026-09-05T00:37:44.601932+00:00,,Israel (FAO Area Code 105)
2015,Olives,Yield,5412,kg/ha,2908.0,A,https://bulks-faostat.fao.org/production/Production_Crops_Livestock_E_All_Data_(Normalized).zip,2026-09-05T00:37:44.601932+00:00,,Israel (FAO Area Code 105)
2016,Olives,Yield,5412,kg/ha,2700.3,A,https://bulks-faostat.fao.org/production/Production_Crops_Livestock_E_All_Data_(Normalized).zip,2026-09-05T00:37:44.601932+00:00,,Israel (FAO Area Code 105)
2017,Olives,Yield,5412,kg/ha,2581.6,A,https://bulks-faostat.fao.org/production/Production_Crops_Livestock_E_All_Data_(Normalized).zip,2026-09-05T00:37:44.601932+00:00,,Israel (FAO Area Code 105)
2018,Olives,Yield,5412,kg/ha,1617.2,A,https://bulks-faostat.fao.org/production/Production_Crops_Livestock_E_All_Data_(Normalized).zip,2026-09-05T00:37:44.601932+00:00,,Israel (FAO Area Code 105)
2019,Olives,Yield,5412,kg/ha,3204.7,A,https://bulks-faostat.fao.org/production/Production_Crops_Livestock_E_All_Data_(Normalized).zip,2026-09-05T00:37:44.601932+00:00,,Israel (FAO Area Code 105)
2020,Olives,Yield,5412,kg/ha,2462.9,A,https://bulks-faostat.fao.org/production/Production_Crops_Livestock_E_All_Data_(Normalized).zip,2026-09-05T00:37:44.601932+00:00,,Israel (FAO Area Code 105)
2021,Olives,Yield,5412,kg/ha,2077.2,A,https://bulks-faostat.fao.org/production/Production_Crops_Livestock_E_All_Data_(Normalized).zip,2026-09-05T00:37:44.601932+00:00,,Israel (FAO Area Code 105)
2022,Olives,Yield,5412,kg/ha,4095.0,A,https://bulks-faostat.fao.org/production/Production_Crops_Livestock_E_All_Data_(Normalized).zip,2026-09-05T00:37:44.601932+00:00,,Israel (FAO Area Code 105)
2023,Olives,Yield,5412,kg/ha,1365.0,A,https://bulks-faostat.fao.org/production/Production_Crops_Livestock_E_All_Data_(Normalized).zip,2026-09-05T00:37:44.601932+00:00,,Israel (FAO Area Code 105)
2024,Olives,Yield,5412,kg/ha,860.5,A,https://bulks-faostat.fao.org/production/Production_Crops_Livestock_E_All_Data_(Normalized).zip,2026-09-05T00:37:44.601932+00:00,,Israel (FAO Area Code 105)
1961,Olives,Production,5510,t,20800.0,A,https://bulks-faostat.fao.org/production/Production_Crops_Livestock_E_All_Data_(Normalized).zip,2026-09-05T00:37:44.601932+00:00,,Israel (FAO Area Code 105)
1962,Olives,Production,5510,t,4800.0,A,https://bulks-faostat.fao.org/production/Production_Crops_Livestock_E_All_Data_(Normalized).zip,2026-09-05T00:37:44.601932+00:00,,Israel (FAO Area Code 105)
1963,Olives,Production,5510,t,13000.0,A,https://bulks-faostat.fao.org/production/Production_Crops_Livestock_E_All_Data_(Normalized).zip,2026-09-05T00:37:44.601932+00:00,,Israel (FAO Area Code 105)
1964,Olives,Production,5510,t,21000.0,A,https://bulks-faostat.fao.org/production/Production_Crops_Livestock_E_All_Data_(Normalized).zip,2026-09-05T00:37:44.601932+00:00,,Israel (FAO Area Code 105)
1965,Olives,Production,5510,t,10500.0,A,https://bulks-faostat.fao.org/production/Production_Crops_Livestock_E_All_Data_(Normalized).zip,2026-09-05T00:37:44.601932+00:00,,Israel (FAO Area Code 105)
1966,Olives,Production,5510,t,10900.0,A,https://bulks-faostat.fao.org/production/Production_Crops_Livestock_E_All_Data_(Normalized).zip,2026-09-05T00:37:44.601932+00:00,,Israel (FAO Area Code 105)
1967,Olives,Production,5510,t,24500.0,A,https://bulks-faostat.fao.org/production/Production_Crops_Livestock_E_All_Data_(Normalized).zip,2026-09-05T00:37:44.601932+00:00,,Israel (FAO Area Code 105)
1968,Olives,Production,5510,t,9500.0,A,https://bulks-faostat.fao.org/production/Production_Crops_Livestock_E_All_Data_(Normalized).zip,2026-09-05T00:37:44.601932+00:00,,Israel (FAO Area Code 105)
1969,Olives,Production,5510,t,21100.0,A,https://bulks-faostat.fao.org/production/Production_Crops_Livestock_E_All_Data_(Normalized).zip,2026-09-05T00:37:44.601932+00:00,,Israel (FAO Area Code 105)
1970,Olives,Production,5510,t,6600.0,A,https://bulks-faostat.fao.org/production/Production_Crops_Livestock_E_All_Data_(Normalized).zip,2026-09-05T00:37:44.601932+00:00,,Israel (FAO Area Code 105)
1971,Olives,Production,5510,t,12500.0,A,https://bulks-faostat.fao.org/production/Production_Crops_Livestock_E_All_Data_(Normalized).zip,2026-09-05T00:37:44.601932+00:00,,Israel (FAO Area Code 105)
1972,Olives,Production,5510,t,27000.0,A,https://bulks-faostat.fao.org/production/Production_Crops_Livestock_E_All_Data_(Normalized).zip,2026-09-05T00:37:44.601932+00:00,,Israel (FAO Area Code 105)
1973,Olives,Production,5510,t,4000.0,A,https://bulks-faostat.fao.org/production/Production_Crops_Livestock_E_All_Data_(Normalized).zip,2026-09-05T00:37:44.601932+00:00,,Israel (FAO Area Code 105)
1974,Olives,Production,5510,t,30200.0,A,https://bulks-faostat.fao.org/production/Production_Crops_Livestock_E_All_Data_(Normalized).zip,2026-09-05T00:37:44.601932+00:00,,Israel (FAO Area Code 105)
1975,Olives,Production,5510,t,4900.0,A,https://bulks-faostat.fao.org/production/Production_Crops_Livestock_E_All_Data_(Normalized).zip,2026-09-05T00:37:44.601932+00:00,,Israel (FAO Area Code 105)
1976,Olives,Production,5510,t,19500.0,A,https://bulks-faostat.fao.org/production/Production_Crops_Livestock_E_All_Data_(Normalized).zip,2026-09-05T00:37:44.601932+00:00,,Israel (FAO Area Code 105)
1977,Olives,Production,5510,t,8100.0,A,https://bulks-faostat.fao.org/production/Production_Crops_Livestock_E_All_Data_(Normalized).zip,2026-09-05T00:37:44.601932+00:00,,Israel (FAO Area Code 105)
1978,Olives,Production,5510,t,35000.0,A,https://bulks-faostat.fao.org/production/Production_Crops_Livestock_E_All_Data_(Normalized).zip,2026-09-05T00:37:44.601932+00:00,,Israel (FAO Area Code 105)
1979,Olives,Production,5510,t,8200.0,A,https://bulks-faostat.fao.org/production/Production_Crops_Livestock_E_All_Data_(Normalized).zip,2026-09-05T00:37:44.601932+00:00,,Israel (FAO Area Code 105)
1980,Olives,Production,5510,t,45000.0,A,https://bulks-faostat.fao.org/production/Production_Crops_Livestock_E_All_Data_(Normalized).zip,2026-09-05T00:37:44.601932+00:00,,Israel (FAO Area Code 105)
1981,Olives,Production,5510,t,19700.0,A,https://bulks-faostat.fao.org/production/Production_Crops_Livestock_E_All_Data_(Normalized).zip,2026-09-05T00:37:44.601932+00:00,,Israel (FAO Area Code 105)
1982,Olives,Production,5510,t,37200.0,A,https://bulks-faostat.fao.org/production/Production_Crops_Livestock_E_All_Data_(Normalized).zip,2026-09-05T00:37:44.601932+00:00,,Israel (FAO Area Code 105)
1983,Olives,Production,5510,t,37200.0,A,https://bulks-faostat.fao.org/production/Production_Crops_Livestock_E_All_Data_(Normalized).zip,2026-09-05T00:37:44.601932+00:00,,Israel (FAO Area Code 105)
1984,Olives,Production,5510,t,17300.0,A,https://bulks-faostat.fao.org/production/Production_Crops_Livestock_E_All_Data_(Normalized).zip,2026-09-05T00:37:44.601932+00:00,,Israel (FAO Area Code 105)
1985,Olives,Production,5510,t,39000.0,A,https://bulks-faostat.fao.org/production/Production_Crops_Livestock_E_All_Data_(Normalized).zip,2026-09-05T00:37:44.601932+00:00,,Israel (FAO Area Code 105)
1986,Olives,Production,5510,t,38000.0,A,https://bulks-faostat.fao.org/production/Production_Crops_Livestock_E_All_Data_(Normalized).zip,2026-09-05T00:37:44.601932+00:00,,Israel (FAO Area Code 105)
1987,Olives,Production,5510,t,25000.0,A,https://bulks-faostat.fao.org/production/Production_Crops_Livestock_E_All_Data_(Normalized).zip,2026-09-05T00:37:44.601932+00:00,,Israel (FAO Area Code 105)
1988,Olives,Production,5510,t,39000.0,A,https://bulks-faostat.fao.org/production/Production_Crops_Livestock_E_All_Data_(Normalized).zip,2026-09-05T00:37:44.601932+00:00,,Israel (FAO Area Code 105)
1989,Olives,Production,5510,t,19500.0,A,https://bulks-faostat.fao.org/production/Production_Crops_Livestock_E_All_Data_(Normalized).zip,2026-09-05T00:37:44.601932+00:00,,Israel (FAO Area Code 105)
1990,Olives,Production,5510,t,41500.0,A,https://bulks-faostat.fao.org/production/Production_Crops_Livestock_E_All_Data_(Normalized).zip,2026-09-05T00:37:44.601932+00:00,,Israel (FAO Area Code 105)
1991,Olives,Production,5510,t,17000.0,A,https://bulks-faostat.fao.org/production/Production_Crops_Livestock_E_All_Data_(Normalized).zip,2026-09-05T00:37:44.601932+00:00,,Israel (FAO Area Code 105)
1992,Olives,Production,5510,t,48000.0,A,https://bulks-faostat.fao.org/production/Production_Crops_Livestock_E_All_Data_(Normalized).zip,2026-09-05T00:37:44.601932+00:00,,Israel (FAO Area Code 105)
1993,Olives,Production,5510,t,9500.0,A,https://bulks-faostat.fao.org/production/Production_Crops_Livestock_E_All_Data_(Normalized).zip,2026-09-05T00:37:44.601932+00:00,,Israel (FAO Area Code 105)
1994,Olives,Production,5510,t,26500.0,A,https://bulks-faostat.fao.org/production/Production_Crops_Livestock_E_All_Data_(Normalized).zip,2026-09-05T00:37:44.601932+00:00,,Israel (FAO Area Code 105)
1995,Olives,Production,5510,t,36500.0,A,https://bulks-faostat.fao.org/production/Production_Crops_Livestock_E_All_Data_(Normalized).zip,2026-09-05T00:37:44.601932+00:00,,Israel (FAO Area Code 105)
1996,Olives,Production,5510,t,41000.0,A,https://bulks-faostat.fao.org/production/Production_Crops_Livestock_E_All_Data_(Normalized).zip,2026-09-05T00:37:44.601932+00:00,,Israel (FAO Area Code 105)
1997,Olives,Production,5510,t,18700.0,A,https://bulks-faostat.fao.org/production/Production_Crops_Livestock_E_All_Data_(Normalized).zip,2026-09-05T00:37:44.601932+00:00,,Israel (FAO Area Code 105)
1998,Olives,Production,5510,t,32000.0,A,https://bulks-faostat.fao.org/production/Production_Crops_Livestock_E_All_Data_(Normalized).zip,2026-09-05T00:37:44.601932+00:00,,Israel (FAO Area Code 105)
1999,Olives,Production,5510,t,23200.0,A,https://bulks-faostat.fao.org/production/Production_Crops_Livestock_E_All_Data_(Normalized).zip,2026-09-05T00:37:44.601932+00:00,,Israel (FAO Area Code 105)
2000,Olives,Production,5510,t,56000.0,A,https://bulks-faostat.fao.org/production/Production_Crops_Livestock_E_All_Data_(Normalized).zip,2026-09-05T00:37:44.601932+00:00,,Israel (FAO Area Code 105)
2001,Olives,Production,5510,t,26000.0,A,https://bulks-faostat.fao.org/production/Production_Crops_Livestock_E_All_Data_(Normalized).zip,2026-09-05T00:37:44.601932+00:00,,Israel (FAO Area Code 105)
2002,Olives,Production,5510,t,56000.0,A,https://bulks-faostat.fao.org/production/Production_Crops_Livestock_E_All_Data_(Normalized).zip,2026-09-05T00:37:44.601932+00:00,,Israel (FAO Area Code 105)
2003,Olives,Production,5510,t,21500.0,A,https://bulks-faostat.fao.org/production/Production_Crops_Livestock_E_All_Data_(Normalized).zip,2026-09-05T00:37:44.601932+00:00,,Israel (FAO Area Code 105)
2004,Olives,Production,5510,t,62000.0,A,https://bulks-faostat.fao.org/production/Production_Crops_Livestock_E_All_Data_(Normalized).zip,2026-09-05T00:37:44.601932+00:00,,Israel (FAO Area Code 105)
2005,Olives,Production,5510,t,29000.0,A,https://bulks-faostat.fao.org/production/Production_Crops_Livestock_E_All_Data_(Normalized).zip,2026-09-05T00:37:44.601932+00:00,,Israel (FAO Area Code 105)
2006,Olives,Production,5510,t,60000.0,A,https://bulks-faostat.fao.org/production/Production_Crops_Livestock_E_All_Data_(Normalized).zip,2026-09-05T00:37:44.601932+00:00,,Israel (FAO Area Code 105)
2007,Olives,Production,5510,t,29500.0,A,https://bulks-faostat.fao.org/production/Production_Crops_Livestock_E_All_Data_(Normalized).zip,2026-09-05T00:37:44.601932+00:00,,Israel (FAO Area Code 105)
2008,Olives,Production,5510,t,48750.0,A,https://bulks-faostat.fao.org/production/Production_Crops_Livestock_E_All_Data_(Normalized).zip,2026-09-05T00:37:44.601932+00:00,,Israel (FAO Area Code 105)
2009,Olives,Production,5510,t,30500.0,A,https://bulks-faostat.fao.org/production/Production_Crops_Livestock_E_All_Data_(Normalized).zip,2026-09-05T00:37:44.601932+00:00,,Israel (FAO Area Code 105)
2010,Olives,Production,5510,t,73500.0,A,https://bulks-faostat.fao.org/production/Production_Crops_Livestock_E_All_Data_(Normalized).zip,2026-09-05T00:37:44.601932+00:00,,Israel (FAO Area Code 105)
2011,Olives,Production,5510,t,66000.0,A,https://bulks-faostat.fao.org/production/Production_Crops_Livestock_E_All_Data_(Normalized).zip,2026-09-05T00:37:44.601932+00:00,,Israel (FAO Area Code 105)
2012,Olives,Production,5510,t,63000.0,A,https://bulks-faostat.fao.org/production/Production_Crops_Livestock_E_All_Data_(Normalized).zip,2026-09-05T00:37:44.601932+00:00,,Israel (FAO Area Code 105)
2013,Olives,Production,5510,t,77000.0,A,https://bulks-faostat.fao.org/production/Production_Crops_Livestock_E_All_Data_(Normalized).zip,2026-09-05T00:37:44.601932+00:00,,Israel (FAO Area Code 105)
2014,Olives,Production,5510,t,90000.0,A,https://bulks-faostat.fao.org/production/Production_Crops_Livestock_E_All_Data_(Normalized).zip,2026-09-05T00:37:44.601932+00:00,,Israel (FAO Area Code 105)
2015,Olives,Production,5510,t,98000.0,A,https://bulks-faostat.fao.org/production/Production_Crops_Livestock_E_All_Data_(Normalized).zip,2026-09-05T00:37:44.601932+00:00,,Israel (FAO Area Code 105)
2016,Olives,Production,5510,t,91000.0,A,https://bulks-faostat.fao.org/production/Production_Crops_Livestock_E_All_Data_(Normalized).zip,2026-09-05T00:37:44.601932+00:00,,Israel (FAO Area Code 105)
2017,Olives,Production,5510,t,87000.0,A,https://bulks-faostat.fao.org/production/Production_Crops_Livestock_E_All_Data_(Normalized).zip,2026-09-05T00:37:44.601932+00:00,,Israel (FAO Area Code 105)
2018,Olives,Production,5510,t,54500.0,A,https://bulks-faostat.fao.org/production/Production_Crops_Livestock_E_All_Data_(Normalized).zip,2026-09-05T00:37:44.601932+00:00,,Israel (FAO Area Code 105)
2019,Olives,Production,5510,t,108000.0,A,https://bulks-faostat.fao.org/production/Production_Crops_Livestock_E_All_Data_(Normalized).zip,2026-09-05T00:37:44.601932+00:00,,Israel (FAO Area Code 105)
2020,Olives,Production,5510,t,83000.0,A,https://bulks-faostat.fao.org/production/Production_Crops_Livestock_E_All_Data_(Normalized).zip,2026-09-05T00:37:44.601932+00:00,,Israel (FAO Area Code 105)
2021,Olives,Production,5510,t,70000.0,A,https://bulks-faostat.fao.org/production/Production_Crops_Livestock_E_All_Data_(Normalized).zip,2026-09-05T00:37:44.601932+00:00,,Israel (FAO Area Code 105)
2022,Olives,Production,5510,t,138000.0,A,https://bulks-faostat.fao.org/production/Production_Crops_Livestock_E_All_Data_(Normalized).zip,2026-09-05T00:37:44.601932+00:00,,Israel (FAO Area Code 105)
2023,Olives,Production,5510,t,46000.0,A,https://bulks-faostat.fao.org/production/Production_Crops_Livestock_E_All_Data_(Normalized).zip,2026-09-05T00:37:44.601932+00:00,,Israel (FAO Area Code 105)
2024,Olives,Production,5510,t,29000.0,A,https://bulks-faostat.fao.org/production/Production_Crops_Livestock_E_All_Data_(Normalized).zip,2026-09-05T00:37:44.601932+00:00,,Israel (FAO Area Code 105)
1961,Wheat,Area harvested,5312,ha,62900.0,A,https://bulks-faostat.fao.org/production/Production_Crops_Livestock_E_All_Data_(Normalized).zip,2026-09-05T00:37:44.601932+00:00,,Israel (FAO Area Code 105)
1962,Wheat,Area harvested,5312,ha,47590.0,A,https://bulks-faostat.fao.org/production/Production_Crops_Livestock_E_All_Data_(Normalized).zip,2026-09-05T00:37:44.601932+00:00,,Israel (FAO Area Code 105)
1963,Wheat,Area harvested,5312,ha,52350.0,A,https://bulks-faostat.fao.org/production/Production_Crops_Livestock_E_All_Data_(Normalized).zip,2026-09-05T00:37:44.601932+00:00,,Israel (FAO Area Code 105)
1964,Wheat,Area harvested,5312,ha,55830.0,A,https://bulks-faostat.fao.org/production/Production_Crops_Livestock_E_All_Data_(Normalized).zip,2026-09-05T00:37:44.601932+00:00,,Israel (FAO Area Code 105)
1965,Wheat,Area harvested,5312,ha,71985.0,A,https://bulks-faostat.fao.org/production/Production_Crops_Livestock_E_All_Data_(Normalized).zip,2026-09-05T00:37:44.601932+00:00,,Israel (FAO Area Code 105)
1966,Wheat,Area harvested,5312,ha,76420.0,A,https://bulks-faostat.fao.org/production/Production_Crops_Livestock_E_All_Data_(Normalized).zip,2026-09-05T00:37:44.601932+00:00,,Israel (FAO Area Code 105)
1967,Wheat,Area harvested,5312,ha,93675.0,A,https://bulks-faostat.fao.org/production/Production_Crops_Livestock_E_All_Data_(Normalized).zip,2026-09-05T00:37:44.601932+00:00,,Israel (FAO Area Code 105)
1968,Wheat,Area harvested,5312,ha,102050.0,A,https://bulks-faostat.fao.org/production/Production_Crops_Livestock_E_All_Data_(Normalized).zip,2026-09-05T00:37:44.601932+00:00,,Israel (FAO Area Code 105)
1969,Wheat,Area harvested,5312,ha,112735.0,A,https://bulks-faostat.fao.org/production/Production_Crops_Livestock_E_All_Data_(Normalized).zip,2026-09-05T00:37:44.601932+00:00,,Israel (FAO Area Code 105)
1970,Wheat,Area harvested,5312,ha,107420.0,A,https://bulks-faostat.fao.org/production/Production_Crops_Livestock_E_All_Data_(Normalized).zip,2026-09-05T00:37:44.601932+00:00,,Israel (FAO Area Code 105)
1971,Wheat,Area harvested,5312,ha,112950.0,A,https://bulks-faostat.fao.org/production/Production_Crops_Livestock_E_All_Data_(Normalized).zip,2026-09-05T00:37:44.601932+00:00,,Israel (FAO Area Code 105)
1972,Wheat,Area harvested,5312,ha,108675.0,A,https://bulks-faostat.fao.org/production/Production_Crops_Livestock_E_All_Data_(Normalized).zip,2026-09-05T00:37:44.601932+00:00,,Israel (FAO Area Code 105)
1973,Wheat,Area harvested,5312,ha,100610.0,A,https://bulks-faostat.fao.org/production/Production_Crops_Livestock_E_All_Data_(Normalized).zip,2026-09-05T00:37:44.601932+00:00,,Israel (FAO Area Code 105)
1974,Wheat,Area harvested,5312,ha,111630.0,A,https://bulks-faostat.fao.org/production/Production_Crops_Livestock_E_All_Data_(Normalized).zip,2026-09-05T00:37:44.601932+00:00,,Israel (FAO Area Code 105)
1975,Wheat,Area harvested,5312,ha,104490.0,A,https://bulks-faostat.fao.org/production/Production_Crops_Livestock_E_All_Data_(Normalized).zip,2026-09-05T00:37:44.601932+00:00,,Israel (FAO Area Code 105)
1976,Wheat,Area harvested,5312,ha,108220.0,A,https://bulks-faostat.fao.org/production/Production_Crops_Livestock_E_All_Data_(Normalized).zip,2026-09-05T00:37:44.601932+00:00,,Israel (FAO Area Code 105)
1977,Wheat,Area harvested,5312,ha,103880.0,A,https://bulks-faostat.fao.org/production/Production_Crops_Livestock_E_All_Data_(Normalized).zip,2026-09-05T00:37:44.601932+00:00,,Israel (FAO Area Code 105)
1978,Wheat,Area harvested,5312,ha,86940.0,A,https://bulks-faostat.fao.org/production/Production_Crops_Livestock_E_All_Data_(Normalized).zip,2026-09-05T00:37:44.601932+00:00,,Israel (FAO Area Code 105)
1979,Wheat,Area harvested,5312,ha,85580.0,A,https://bulks-faostat.fao.org/production/Production_Crops_Livestock_E_All_Data_(Normalized).zip,2026-09-05T00:37:44.601932+00:00,,Israel (FAO Area Code 105)
1980,Wheat,Area harvested,5312,ha,97630.0,A,https://bulks-faostat.fao.org/production/Production_Crops_Livestock_E_All_Data_(Normalized).zip,2026-09-05T00:37:44.601932+00:00,,Israel (FAO Area Code 105)
1981,Wheat,Area harvested,5312,ha,103890.0,A,https://bulks-faostat.fao.org/production/Production_Crops_Livestock_E_All_Data_(Normalized).zip,2026-09-05T00:37:44.601932+00:00,,Israel (FAO Area Code 105)
1982,Wheat,Area harvested,5312,ha,89590.0,A,https://bulks-faostat.fao.org/production/Production_Crops_Livestock_E_All_Data_(Normalized).zip,2026-09-05T00:37:44.601932+00:00,,Israel (FAO Area Code 105)
1983,Wheat,Area harvested,5312,ha,102610.0,A,https://bulks-faostat.fao.org/production/Production_Crops_Livestock_E_All_Data_(Normalized).zip,2026-09-05T00:37:44.601932+00:00,,Israel (FAO Area Code 105)
1984,Wheat,Area harvested,5312,ha,86370.0,A,https://bulks-faostat.fao.org/production/Production_Crops_Livestock_E_All_Data_(Normalized).zip,2026-09-05T00:37:44.601932+00:00,,Israel (FAO Area Code 105)
1985,Wheat,Area harvested,5312,ha,82270.0,A,https://bulks-faostat.fao.org/production/Production_Crops_Livestock_E_All_Data_(Normalized).zip,2026-09-05T00:37:44.601932+00:00,,Israel (FAO Area Code 105)
1986,Wheat,Area harvested,5312,ha,90300.0,A,https://bulks-faostat.fao.org/production/Production_Crops_Livestock_E_All_Data_(Normalized).zip,2026-09-05T00:37:44.601932+00:00,,Israel (FAO Area Code 105)
1987,Wheat,Area harvested,5312,ha,94900.0,A,https://bulks-faostat.fao.org/production/Production_Crops_Livestock_E_All_Data_(Normalized).zip,2026-09-05T00:37:44.601932+00:00,,Israel (FAO Area Code 105)
1988,Wheat,Area harvested,5312,ha,88160.0,A,https://bulks-faostat.fao.org/production/Production_Crops_Livestock_E_All_Data_(Normalized).zip,2026-09-05T00:37:44.601932+00:00,,Israel (FAO Area Code 105)
1989,Wheat,Area harvested,5312,ha,91800.0,A,https://bulks-faostat.fao.org/production/Production_Crops_Livestock_E_All_Data_(Normalized).zip,2026-09-05T00:37:44.601932+00:00,,Israel (FAO Area Code 105)
1990,Wheat,Area harvested,5312,ha,90913.0,A,https://bulks-faostat.fao.org/production/Production_Crops_Livestock_E_All_Data_(Normalized).zip,2026-09-05T00:37:44.601932+00:00,,Israel (FAO Area Code 105)
1991,Wheat,Area harvested,5312,ha,84399.0,A,https://bulks-faostat.fao.org/production/Production_Crops_Livestock_E_All_Data_(Normalized).zip,2026-09-05T00:37:44.601932+00:00,,Israel (FAO Area Code 105)
1992,Wheat,Area harvested,5312,ha,87855.0,A,https://bulks-faostat.fao.org/production/Production_Crops_Livestock_E_All_Data_(Normalized).zip,2026-09-05T00:37:44.601932+00:00,,Israel (FAO Area Code 105)
1993,Wheat,Area harvested,5312,ha,79830.0,A,https://bulks-faostat.fao.org/production/Production_Crops_Livestock_E_All_Data_(Normalized).zip,2026-09-05T00:37:44.601932+00:00,,Israel (FAO Area Code 105)
1994,Wheat,Area harvested,5312,ha,78460.0,A,https://bulks-faostat.fao.org/production/Production_Crops_Livestock_E_All_Data_(Normalized).zip,2026-09-05T00:37:44.601932+00:00,,Israel (FAO Area Code 105)
1995,Wheat,Area harvested,5312,ha,79680.0,A,https://bulks-faostat.fao.org/production/Production_Crops_Livestock_E_All_Data_(Normalized).zip,2026-09-05T00:37:44.601932+00:00,,Israel (FAO Area Code 105)
1996,Wheat,Area harvested,5312,ha,80970.0,A,https://bulks-faostat.fao.org/production/Production_Crops_Livestock_E_All_Data_(Normalized).zip,2026-09-05T00:37:44.601932+00:00,,Israel (FAO Area Code 105)
1997,Wheat,Area harvested,5312,ha,82530.0,A,https://bulks-faostat.fao.org/production/Production_Crops_Livestock_E_All_Data_(Normalized).zip,2026-09-05T00:37:44.601932+00:00,,Israel (FAO Area Code 105)
1998,Wheat,Area harvested,5312,ha,85746.0,A,https://bulks-faostat.fao.org/production/Production_Crops_Livestock_E_All_Data_(Normalized).zip,2026-09-05T00:37:44.601932+00:00,,Israel (FAO Area Code 105)
1999,Wheat,Area harvested,5312,ha,63547.0,A,https://bulks-faostat.fao.org/production/Production_Crops_Livestock_E_All_Data_(Normalized).zip,2026-09-05T00:37:44.601932+00:00,,Israel (FAO Area Code 105)
2000,Wheat,Area harvested,5312,ha,64151.0,A,https://bulks-faostat.fao.org/production/Production_Crops_Livestock_E_All_Data_(Normalized).zip,2026-09-05T00:37:44.601932+00:00,,Israel (FAO Area Code 105)
2001,Wheat,Area harvested,5312,ha,81300.0,A,https://bulks-faostat.fao.org/production/Production_Crops_Livestock_E_All_Data_(Normalized).zip,2026-09-05T00:37:44.601932+00:00,,Israel (FAO Area Code 105)
2002,Wheat,Area harvested,5312,ha,83770.0,A,https://bulks-faostat.fao.org/production/Production_Crops_Livestock_E_All_Data_(Normalized).zip,2026-09-05T00:37:44.601932+00:00,,Israel (FAO Area Code 105)
2003,Wheat,Area harvested,5312,ha,72810.0,A,https://bulks-faostat.fao.org/production/Production_Crops_Livestock_E_All_Data_(Normalized).zip,2026-09-05T00:37:44.601932+00:00,,Israel (FAO Area Code 105)
2004,Wheat,Area harvested,5312,ha,70510.0,A,https://bulks-faostat.fao.org/production/Production_Crops_Livestock_E_All_Data_(Normalized).zip,2026-09-05T00:37:44.601932+00:00,,Israel (FAO Area Code 105)
2005,Wheat,Area harvested,5312,ha,85600.0,A,https://bulks-faostat.fao.org/production/Production_Crops_Livestock_E_All_Data_(Normalized).zip,2026-09-05T00:37:44.601932+00:00,,Israel (FAO Area Code 105)
2006,Wheat,Area harvested,5312,ha,84900.0,A,https://bulks-faostat.fao.org/production/Production_Crops_Livestock_E_All_Data_(Normalized).zip,2026-09-05T00:37:44.601932+00:00,,Israel (FAO Area Code 105)
2007,Wheat,Area harvested,5312,ha,85900.0,A,https://bulks-faostat.fao.org/production/Production_Crops_Livestock_E_All_Data_(Normalized).zip,2026-09-05T00:37:44.601932+00:00,,Israel (FAO Area Code 105)
2008,Wheat,Area harvested,5312,ha,66100.0,A,https://bulks-faostat.fao.org/production/Production_Crops_Livestock_E_All_Data_(Normalized).zip,2026-09-05T00:37:44.601932+00:00,,Israel (FAO Area Code 105)
2009,Wheat,Area harvested,5312,ha,64400.0,A,https://bulks-faostat.fao.org/production/Production_Crops_Livestock_E_All_Data_(Normalized).zip,2026-09-05T00:37:44.601932+00:00,,Israel (FAO Area Code 105)
2010,Wheat,Area harvested,5312,ha,64160.0,A,https://bulks-faostat.fao.org/production/Production_Crops_Livestock_E_All_Data_(Normalized).zip,2026-09-05T00:37:44.601932+00:00,,Israel (FAO Area Code 105)
2011,Wheat,Area harvested,5312,ha,60620.0,A,https://bulks-faostat.fao.org/production/Production_Crops_Livestock_E_All_Data_(Normalized).zip,2026-09-05T00:37:44.601932+00:00,,Israel (FAO Area Code 105)
2012,Wheat,Area harvested,5312,ha,68100.0,A,https://bulks-faostat.fao.org/production/Production_Crops_Livestock_E_All_Data_(Normalized).zip,2026-09-05T00:37:44.601932+00:00,,Israel (FAO Area Code 105)
2013,Wheat,Area harvested,5312,ha,64010.0,A,https://bulks-faostat.fao.org/production/Production_Crops_Livestock_E_All_Data_(Normalized).zip,2026-09-05T00:37:44.601932+00:00,,Israel (FAO Area Code 105)
2014,Wheat,Area harvested,5312,ha,61600.0,A,https://bulks-faostat.fao.org/production/Production_Crops_Livestock_E_All_Data_(Normalized).zip,2026-09-05T00:37:44.601932+00:00,,Israel (FAO Area Code 105)
2015,Wheat,Area harvested,5312,ha,50800.0,A,https://bulks-faostat.fao.org/production/Production_Crops_Livestock_E_All_Data_(Normalized).zip,2026-09-05T00:37:44.601932+00:00,,Israel (FAO Area Code 105)
2016,Wheat,Area harvested,5312,ha,43700.0,A,https://bulks-faostat.fao.org/production/Production_Crops_Livestock_E_All_Data_(Normalized).zip,2026-09-05T00:37:44.601932+00:00,,Israel (FAO Area Code 105)
2017,Wheat,Area harvested,5312,ha,44800.0,A,https://bulks-faostat.fao.org/production/Production_Crops_Livestock_E_All_Data_(Normalized).zip,2026-09-05T00:37:44.601932+00:00,,Israel (FAO Area Code 105)
2018,Wheat,Area harvested,5312,ha,52900.0,A,https://bulks-faostat.fao.org/production/Production_Crops_Livestock_E_All_Data_(Normalized).zip,2026-09-05T00:37:44.601932+00:00,,Israel (FAO Area Code 105)
2019,Wheat,Area harvested,5312,ha,41300.0,A,https://bulks-faostat.fao.org/production/Production_Crops_Livestock_E_All_Data_(Normalized).zip,2026-09-05T00:37:44.601932+00:00,,Israel (FAO Area Code 105)
2020,Wheat,Area harvested,5312,ha,50710.0,A,https://bulks-faostat.fao.org/production/Production_Crops_Livestock_E_All_Data_(Normalized).zip,2026-09-05T00:37:44.601932+00:00,,Israel (FAO Area Code 105)
2021,Wheat,Area harvested,5312,ha,112390.0,A,https://bulks-faostat.fao.org/production/Production_Crops_Livestock_E_All_Data_(Normalized).zip,2026-09-05T00:37:44.601932+00:00,,Israel (FAO Area Code 105)
2022,Wheat,Area harvested,5312,ha,39330.0,A,https://bulks-faostat.fao.org/production/Production_Crops_Livestock_E_All_Data_(Normalized).zip,2026-09-05T00:37:44.601932+00:00,,Israel (FAO Area Code 105)
2023,Wheat,Area harvested,5312,ha,52760.0,A,https://bulks-faostat.fao.org/production/Production_Crops_Livestock_E_All_Data_(Normalized).zip,2026-09-05T00:37:44.601932+00:00,,Israel (FAO Area Code 105)
2024,Wheat,Area harvested,5312,ha,53910.0,A,https://bulks-faostat.fao.org/production/Production_Crops_Livestock_E_All_Data_(Normalized).zip,2026-09-05T00:37:44.601932+00:00,,Israel (FAO Area Code 105)
1961,Wheat,Yield,5412,kg/ha,1047.7,A,https://bulks-faostat.fao.org/production/Production_Crops_Livestock_E_All_Data_(Normalized).zip,2026-09-05T00:37:44.601932+00:00,,Israel (FAO Area Code 105)
1962,Wheat,Yield,5412,kg/ha,1086.4,A,https://bulks-faostat.fao.org/production/Production_Crops_Livestock_E_All_Data_(Normalized).zip,2026-09-05T00:37:44.601932+00:00,,Israel (FAO Area Code 105)
1963,Wheat,Yield,5412,kg/ha,1044.9,A,https://bulks-faostat.fao.org/production/Production_Crops_Livestock_E_All_Data_(Normalized).zip,2026-09-05T00:37:44.601932+00:00,,Israel (FAO Area Code 105)
1964,Wheat,Yield,5412,kg/ha,2265.8,A,https://bulks-faostat.fao.org/production/Production_Crops_Livestock_E_All_Data_(Normalized).zip,2026-09-05T00:37:44.601932+00:00,,Israel (FAO Area Code 105)
1965,Wheat,Yield,5412,kg/ha,2083.8,A,https://bulks-faostat.fao.org/production/Production_Crops_Livestock_E_All_Data_(Normalized).zip,2026-09-05T00:37:44.601932+00:00,,Israel (FAO Area Code 105)
1966,Wheat,Yield,5412,kg/ha,1316.4,A,https://bulks-faostat.fao.org/production/Production_Crops_Livestock_E_All_Data_(Normalized).zip,2026-09-05T00:37:44.601932+00:00,,Israel (FAO Area Code 105)
1967,Wheat,Yield,5412,kg/ha,2365.6,A,https://bulks-faostat.fao.org/production/Production_Crops_Livestock_E_All_Data_(Normalized).zip,2026-09-05T00:37:44.601932+00:00,,Israel (FAO Area Code 105)
1968,Wheat,Yield,5412,kg/ha,1714.8,A,https://bulks-faostat.fao.org/production/Production_Crops_Livestock_E_All_Data_(Normalized).zip,2026-09-05T00:37:44.601932+00:00,,Israel (FAO Area Code 105)
1969,Wheat,Yield,5412,kg/ha,1382.0,A,https://bulks-faostat.fao.org/production/Production_Crops_Livestock_E_All_Data_(Normalized).zip,2026-09-05T00:37:44.601932+00:00,,Israel (FAO Area Code 105)
1970,Wheat,Yield,5412,kg/ha,1163.7,A,https://bulks-faostat.fao.org/production/Production_Crops_Livestock_E_All_Data_(Normalized).zip,2026-09-05T00:37:44.601932+00:00,,Israel (FAO Area Code 105)
1971,Wheat,Yield,5412,kg/ha,1766.3,A,https://bulks-faostat.fao.org/production/Production_Crops_Livestock_E_All_Data_(Normalized).zip,2026-09-05T00:37:44.601932+00:00,,Israel (FAO Area Code 105)
1972,Wheat,Yield,5412,kg/ha,2773.4,A,https://bulks-faostat.fao.org/production/Production_Crops_Livestock_E_All_Data_(Normalized).zip,2026-09-05T00:37:44.601932+00:00,,Israel (FAO Area Code 105)
1973,Wheat,Yield,5412,kg/ha,2400.4,A,https://bulks-faostat.fao.org/production/Production_Crops_Livestock_E_All_Data_(Normalized).zip,2026-09-05T00:37:44.601932+00:00,,Israel (FAO Area Code 105)
1974,Wheat,Yield,5412,kg/ha,2454.5,A,https://bulks-faostat.fao.org/production/Production_Crops_Livestock_E_All_Data_(Normalized).zip,2026-09-05T00:37:44.601932+00:00,,Israel (FAO Area Code 105)
1975,Wheat,Yield,5412,kg/ha,2328.5,A,https://bulks-faostat.fao.org/production/Production_Crops_Livestock_E_All_Data_(Normalized).zip,2026-09-05T00:37:44.601932+00:00,,Israel (FAO Area Code 105)
1976,Wheat,Yield,5412,kg/ha,1898.9,A,https://bulks-faostat.fao.org/production/Production_Crops_Livestock_E_All_Data_(Normalized).zip,2026-09-05T00:37:44.601932+00:00,,Israel (FAO Area Code 105)
1977,Wheat,Yield,5412,kg/ha,2117.8,A,https://bulks-faostat.fao.org/production/Production_Crops_Livestock_E_All_Data_(Normalized).zip,2026-09-05T00:37:44.601932+00:00,,Israel (FAO Area Code 105)
1978,Wheat,Yield,5412,kg/ha,1920.9,A,https://bulks-faostat.fao.org/production/Production_Crops_Livestock_E_All_Data_(Normalized).zip,2026-09-05T00:37:44.601932+00:00,,Israel (FAO Area Code 105)
1979,Wheat,Yield,5412,kg/ha,1556.4,A,https://bulks-faostat.fao.org/production/Production_Crops_Livestock_E_All_Data_(Normalized).zip,2026-09-05T00:37:44.601932+00:00,,Israel (FAO Area Code 105)
1980,Wheat,Yield,5412,kg/ha,2593.5,A,https://bulks-faostat.fao.org/production/Production_Crops_Livestock_E_All_Data_(Normalized).zip,2026-09-05T00:37:44.601932+00:00,,Israel (FAO Area Code 105)
1981,Wheat,Yield,5412,kg/ha,2069.5,A,https://bulks-faostat.fao.org/production/Production_Crops_Livestock_E_All_Data_(Normalized).zip,2026-09-05T00:37:44.601932+00:00,,Israel (FAO Area Code 105)
1982,Wheat,Yield,5412,kg/ha,1640.8,A,https://bulks-faostat.fao.org/production/Production_Crops_Livestock_E_All_Data_(Normalized).zip,2026-09-05T00:37:44.601932+00:00,,Israel (FAO Area Code 105)
1983,Wheat,Yield,5412,kg/ha,3264.8,A,https://bulks-faostat.fao.org/production/Production_Crops_Livestock_E_All_Data_(Normalized).zip,2026-09-05T00:37:44.601932+00:00,,Israel (FAO Area Code 105)
1984,Wheat,Yield,5412,kg/ha,1505.2,A,https://bulks-faostat.fao.org/production/Production_Crops_Livestock_E_All_Data_(Normalized).zip,2026-09-05T00:37:44.601932+00:00,,Israel (FAO Area Code 105)
1985,Wheat,Yield,5412,kg/ha,1552.2,A,https://bulks-faostat.fao.org/production/Production_Crops_Livestock_E_All_Data_(Normalized).zip,2026-09-05T00:37:44.601932+00:00,,Israel (FAO Area Code 105)
1986,Wheat,Yield,5412,kg/ha,1866.0,A,https://bulks-faostat.fao.org/production/Production_Crops_Livestock_E_All_Data_(Normalized).zip,2026-09-05T00:37:44.601932+00:00,,Israel (FAO Area Code 105)
1987,Wheat,Yield,5412,kg/ha,3140.1,A,https://bulks-faostat.fao.org/production/Production_Crops_Livestock_E_All_Data_(Normalized).zip,2026-09-05T00:37:44.601932+00:00,,Israel (FAO Area Code 105)
1988,Wheat,Yield,5412,kg/ha,2393.4,A,https://bulks-faostat.fao.org/production/Production_Crops_Livestock_E_All_Data_(Normalized).zip,2026-09-05T00:37:44.601932+00:00,,Israel (FAO Area Code 105)
1989,Wheat,Yield,5412,kg/ha,2197.2,A,https://bulks-faostat.fao.org/production/Production_Crops_Livestock_E_All_Data_(Normalized).zip,2026-09-05T00:37:44.601932+00:00,,Israel (FAO Area Code 105)
1990,Wheat,Yield,5412,kg/ha,3203.1,A,https://bulks-faostat.fao.org/production/Production_Crops_Livestock_E_All_Data_(Normalized).zip,2026-09-05T00:37:44.601932+00:00,,Israel (FAO Area Code 105)
1991,Wheat,Yield,5412,kg/ha,2132.7,A,https://bulks-faostat.fao.org/production/Production_Crops_Livestock_E_All_Data_(Normalized).zip,2026-09-05T00:37:44.601932+00:00,,Israel (FAO Area Code 105)
1992,Wheat,Yield,5412,kg/ha,2892.3,A,https://bulks-faostat.fao.org/production/Production_Crops_Livestock_E_All_Data_(Normalized).zip,2026-09-05T00:37:44.601932+00:00,,Israel (FAO Area Code 105)
1993,Wheat,Yield,5412,kg/ha,2718.3,A,https://bulks-faostat.fao.org/production/Production_Crops_Livestock_E_All_Data_(Normalized).zip,2026-09-05T00:37:44.601932+00:00,,Israel (FAO Area Code 105)
1994,Wheat,Yield,5412,kg/ha,1315.7,A,https://bulks-faostat.fao.org/production/Production_Crops_Livestock_E_All_Data_(Normalized).zip,2026-09-05T00:37:44.601932+00:00,,Israel (FAO Area Code 105)
1995,Wheat,Yield,5412,kg/ha,3037.1,A,https://bulks-faostat.fao.org/production/Production_Crops_Livestock_E_All_Data_(Normalized).zip,2026-09-05T00:37:44.601932+00:00,,Israel (FAO Area Code 105)
1996,Wheat,Yield,5412,kg/ha,2284.8,A,https://bulks-faostat.fao.org/production/Production_Crops_Livestock_E_All_Data_(Normalized).zip,2026-09-05T00:37:44.601932+00:00,,Israel (FAO Area Code 105)
1997,Wheat,Yield,5412,kg/ha,1405.5,A,https://bulks-faostat.fao.org/production/Production_Crops_Livestock_E_All_Data_(Normalized).zip,2026-09-05T00:37:44.601932+00:00,,Israel (FAO Area Code 105)
1998,Wheat,Yield,5412,kg/ha,1807.7,A,https://bulks-faostat.fao.org/production/Production_Crops_Livestock_E_All_Data_(Normalized).zip,2026-09-05T00:37:44.601932+00:00,,Israel (FAO Area Code 105)
1999,Wheat,Yield,5412,kg/ha,456.4,A,https://bulks-faostat.fao.org/production/Production_Crops_Livestock_E_All_Data_(Normalized).zip,2026-09-05T00:37:44.601932+00:00,,Israel (FAO Area Code 105)
2000,Wheat,Yield,5412,kg/ha,1465.3,A,https://bulks-faostat.fao.org/production/Production_Crops_Livestock_E_All_Data_(Normalized).zip,2026-09-05T00:37:44.601932+00:00,,Israel (FAO Area Code 105)
2001,Wheat,Yield,5412,kg/ha,1943.1,A,https://bulks-faostat.fao.org/production/Production_Crops_Livestock_E_All_Data_(Normalized).zip,2026-09-05T00:37:44.601932+00:00,,Israel (FAO Area Code 105)
2002,Wheat,Yield,5412,kg/ha,2116.2,A,https://bulks-faostat.fao.org/production/Production_Crops_Livestock_E_All_Data_(Normalized).zip,2026-09-05T00:37:44.601932+00:00,,Israel (FAO Area Code 105)
2003,Wheat,Yield,5412,kg/ha,2531.2,A,https://bulks-faostat.fao.org/production/Production_Crops_Livestock_E_All_Data_(Normalized).zip,2026-09-05T00:37:44.601932+00:00,,Israel (FAO Area Code 105)
2004,Wheat,Yield,5412,kg/ha,2188.3,A,https://bulks-faostat.fao.org/production/Production_Crops_Livestock_E_All_Data_(Normalized).zip,2026-09-05T00:37:44.601932+00:00,,Israel (FAO Area Code 105)
2005,Wheat,Yield,5412,kg/ha,2345.8,A,https://bulks-faostat.fao.org/production/Production_Crops_Livestock_E_All_Data_(Normalized).zip,2026-09-05T00:37:44.601932+00:00,,Israel (FAO Area Code 105)
2006,Wheat,Yield,5412,kg/ha,1545.3,A,https://bulks-faostat.fao.org/production/Production_Crops_Livestock_E_All_Data_(Normalized).zip,2026-09-05T00:37:44.601932+00:00,,Israel (FAO Area Code 105)
2007,Wheat,Yield,5412,kg/ha,1850.1,A,https://bulks-faostat.fao.org/production/Production_Crops_Livestock_E_All_Data_(Normalized).zip,2026-09-05T00:37:44.601932+00:00,,Israel (FAO Area Code 105)
2008,Wheat,Yield,5412,kg/ha,1145.7,A,https://bulks-faostat.fao.org/production/Production_Crops_Livestock_E_All_Data_(Normalized).zip,2026-09-05T00:37:44.601932+00:00,,Israel (FAO Area Code 105)
2009,Wheat,Yield,5412,kg/ha,2064.6,A,https://bulks-faostat.fao.org/production/Production_Crops_Livestock_E_All_Data_(Normalized).zip,2026-09-05T00:37:44.601932+00:00,,Israel (FAO Area Code 105)
2010,Wheat,Yield,5412,kg/ha,1750.7,A,https://bulks-faostat.fao.org/production/Production_Crops_Livestock_E_All_Data_(Normalized).zip,2026-09-05T00:37:44.601932+00:00,,Israel (FAO Area Code 105)
2011,Wheat,Yield,5412,kg/ha,2340.3,A,https://bulks-faostat.fao.org/production/Production_Crops_Livestock_E_All_Data_(Normalized).zip,2026-09-05T00:37:44.601932+00:00,,Israel (FAO Area Code 105)
2012,Wheat,Yield,5412,kg/ha,3267.1,A,https://bulks-faostat.fao.org/production/Production_Crops_Livestock_E_All_Data_(Normalized).zip,2026-09-05T00:37:44.601932+00:00,,Israel (FAO Area Code 105)
2013,Wheat,Yield,5412,kg/ha,2783.9,A,https://bulks-faostat.fao.org/production/Production_Crops_Livestock_E_All_Data_(Normalized).zip,2026-09-05T00:37:44.601932+00:00,,Israel (FAO Area Code 105)
2014,Wheat,Yield,5412,kg/ha,2269.5,A,https://bulks-faostat.fao.org/production/Production_Crops_Livestock_E_All_Data_(Normalized).zip,2026-09-05T00:37:44.601932+00:00,,Israel (FAO Area Code 105)
2015,Wheat,Yield,5412,kg/ha,3405.5,A,https://bulks-faostat.fao.org/production/Production_Crops_Livestock_E_All_Data_(Normalized).zip,2026-09-05T00:37:44.601932+00:00,,Israel (FAO Area Code 105)
2016,Wheat,Yield,5412,kg/ha,3844.4,A,https://bulks-faostat.fao.org/production/Production_Crops_Livestock_E_All_Data_(Normalized).zip,2026-09-05T00:37:44.601932+00:00,,Israel (FAO Area Code 105)
2017,Wheat,Yield,5412,kg/ha,1611.6,A,https://bulks-faostat.fao.org/production/Production_Crops_Livestock_E_All_Data_(Normalized).zip,2026-09-05T00:37:44.601932+00:00,,Israel (FAO Area Code 105)
2018,Wheat,Yield,5412,kg/ha,1332.7,A,https://bulks-faostat.fao.org/production/Production_Crops_Livestock_E_All_Data_(Normalized).zip,2026-09-05T00:37:44.601932+00:00,,Israel (FAO Area Code 105)
2019,Wheat,Yield,5412,kg/ha,2052.1,A,https://bulks-faostat.fao.org/production/Production_Crops_Livestock_E_All_Data_(Normalized).zip,2026-09-05T00:37:44.601932+00:00,,Israel (FAO Area Code 105)
2020,Wheat,Yield,5412,kg/ha,2301.1,A,https://bulks-faostat.fao.org/production/Production_Crops_Livestock_E_All_Data_(Normalized).zip,2026-09-05T00:37:44.601932+00:00,,Israel (FAO Area Code 105)
2021,Wheat,Yield,5412,kg/ha,1334.6,A,https://bulks-faostat.fao.org/production/Production_Crops_Livestock_E_All_Data_(Normalized).zip,2026-09-05T00:37:44.601932+00:00,,Israel (FAO Area Code 105)
2022,Wheat,Yield,5412,kg/ha,3600.3,A,https://bulks-faostat.fao.org/production/Production_Crops_Livestock_E_All_Data_(Normalized).zip,2026-09-05T00:37:44.601932+00:00,,Israel (FAO Area Code 105)
2023,Wheat,Yield,5412,kg/ha,2843.1,A,https://bulks-faostat.fao.org/production/Production_Crops_Livestock_E_All_Data_(Normalized).zip,2026-09-05T00:37:44.601932+00:00,,Israel (FAO Area Code 105)
2024,Wheat,Yield,5412,kg/ha,1675.9,A,https://bulks-faostat.fao.org/production/Production_Crops_Livestock_E_All_Data_(Normalized).zip,2026-09-05T00:37:44.601932+00:00,,Israel (FAO Area Code 105)
1961,Wheat,Production,5510,t,65900.0,A,https://bulks-faostat.fao.org/production/Production_Crops_Livestock_E_All_Data_(Normalized).zip,2026-09-05T00:37:44.601932+00:00,,Israel (FAO Area Code 105)
1962,Wheat,Production,5510,t,51700.0,A,https://bulks-faostat.fao.org/production/Production_Crops_Livestock_E_All_Data_(Normalized).zip,2026-09-05T00:37:44.601932+00:00,,Israel (FAO Area Code 105)
1963,Wheat,Production,5510,t,54700.0,A,https://bulks-faostat.fao.org/production/Production_Crops_Livestock_E_All_Data_(Normalized).zip,2026-09-05T00:37:44.601932+00:00,,Israel (FAO Area Code 105)
1964,Wheat,Production,5510,t,126500.0,A,https://bulks-faostat.fao.org/production/Production_Crops_Livestock_E_All_Data_(Normalized).zip,2026-09-05T00:37:44.601932+00:00,,Israel (FAO Area Code 105)
1965,Wheat,Production,5510,t,150000.0,A,https://bulks-faostat.fao.org/production/Production_Crops_Livestock_E_All_Data_(Normalized).zip,2026-09-05T00:37:44.601932+00:00,,Israel (FAO Area Code 105)
1966,Wheat,Production,5510,t,100600.0,A,https://bulks-faostat.fao.org/production/Production_Crops_Livestock_E_All_Data_(Normalized).zip,2026-09-05T00:37:44.601932+00:00,,Israel (FAO Area Code 105)
1967,Wheat,Production,5510,t,221600.0,A,https://bulks-faostat.fao.org/production/Production_Crops_Livestock_E_All_Data_(Normalized).zip,2026-09-05T00:37:44.601932+00:00,,Israel (FAO Area Code 105)
1968,Wheat,Production,5510,t,175000.0,A,https://bulks-faostat.fao.org/production/Production_Crops_Livestock_E_All_Data_(Normalized).zip,2026-09-05T00:37:44.601932+00:00,,Israel (FAO Area Code 105)
1969,Wheat,Production,5510,t,155800.0,A,https://bulks-faostat.fao.org/production/Production_Crops_Livestock_E_All_Data_(Normalized).zip,2026-09-05T00:37:44.601932+00:00,,Israel (FAO Area Code 105)
1970,Wheat,Production,5510,t,125000.0,A,https://bulks-faostat.fao.org/production/Production_Crops_Livestock_E_All_Data_(Normalized).zip,2026-09-05T00:37:44.601932+00:00,,Israel (FAO Area Code 105)
1971,Wheat,Production,5510,t,199500.0,A,https://bulks-faostat.fao.org/production/Production_Crops_Livestock_E_All_Data_(Normalized).zip,2026-09-05T00:37:44.601932+00:00,,Israel (FAO Area Code 105)
1972,Wheat,Production,5510,t,301400.0,A,https://bulks-faostat.fao.org/production/Production_Crops_Livestock_E_All_Data_(Normalized).zip,2026-09-05T00:37:44.601932+00:00,,Israel (FAO Area Code 105)
1973,Wheat,Production,5510,t,241500.0,A,https://bulks-faostat.fao.org/production/Production_Crops_Livestock_E_All_Data_(Normalized).zip,2026-09-05T00:37:44.601932+00:00,,Israel (FAO Area Code 105)
1974,Wheat,Production,5510,t,274000.0,A,https://bulks-faostat.fao.org/production/Production_Crops_Livestock_E_All_Data_(Normalized).zip,2026-09-05T00:37:44.601932+00:00,,Israel (FAO Area Code 105)
1975,Wheat,Production,5510,t,243300.0,A,https://bulks-faostat.fao.org/production/Production_Crops_Livestock_E_All_Data_(Normalized).zip,2026-09-05T00:37:44.601932+00:00,,Israel (FAO Area Code 105)
1976,Wheat,Production,5510,t,205500.0,A,https://bulks-faostat.fao.org/production/Production_Crops_Livestock_E_All_Data_(Normalized).zip,2026-09-05T00:37:44.601932+00:00,,Israel (FAO Area Code 105)
1977,Wheat,Production,5510,t,220000.0,A,https://bulks-faostat.fao.org/production/Production_Crops_Livestock_E_All_Data_(Normalized).zip,2026-09-05T00:37:44.601932+00:00,,Israel (FAO Area Code 105)
1978,Wheat,Production,5510,t,167000.0,A,https://bulks-faostat.fao.org/production/Production_Crops_Livestock_E_All_Data_(Normalized).zip,2026-09-05T00:37:44.601932+00:00,,Israel (FAO Area Code 105)
1979,Wheat,Production,5510,t,133200.0,A,https://bulks-faostat.fao.org/production/Production_Crops_Livestock_E_All_Data_(Normalized).zip,2026-09-05T00:37:44.601932+00:00,,Israel (FAO Area Code 105)
1980,Wheat,Production,5510,t,253200.0,A,https://bulks-faostat.fao.org/production/Production_Crops_Livestock_E_All_Data_(Normalized).zip,2026-09-05T00:37:44.601932+00:00,,Israel (FAO Area Code 105)
1981,Wheat,Production,5510,t,215000.0,A,https://bulks-faostat.fao.org/production/Production_Crops_Livestock_E_All_Data_(Normalized).zip,2026-09-05T00:37:44.601932+00:00,,Israel (FAO Area Code 105)
1982,Wheat,Production,5510,t,147000.0,A,https://bulks-faostat.fao.org/production/Production_Crops_Livestock_E_All_Data_(Normalized).zip,2026-09-05T00:37:44.601932+00:00,,Israel (FAO Area Code 105)
1983,Wheat,Production,5510,t,335000.0,A,https://bulks-faostat.fao.org/production/Production_Crops_Livestock_E_All_Data_(Normalized).zip,2026-09-05T00:37:44.601932+00:00,,Israel (FAO Area Code 105)
1984,Wheat,Production,5510,t,130000.0,A,https://bulks-faostat.fao.org/production/Production_Crops_Livestock_E_All_Data_(Normalized).zip,2026-09-05T00:37:44.601932+00:00,,Israel (FAO Area Code 105)
1985,Wheat,Production,5510,t,127700.0,A,https://bulks-faostat.fao.org/production/Production_Crops_Livestock_E_All_Data_(Normalized).zip,2026-09-05T00:37:44.601932+00:00,,Israel (FAO Area Code 105)
1986,Wheat,Production,5510,t,168500.0,A,https://bulks-faostat.fao.org/production/Production_Crops_Livestock_E_All_Data_(Normalized).zip,2026-09-05T00:37:44.601932+00:00,,Israel (FAO Area Code 105)
1987,Wheat,Production,5510,t,298000.0,A,https://bulks-faostat.fao.org/production/Production_Crops_Livestock_E_All_Data_(Normalized).zip,2026-09-05T00:37:44.601932+00:00,,Israel (FAO Area Code 105)
1988,Wheat,Production,5510,t,211000.0,A,https://bulks-faostat.fao.org/production/Production_Crops_Livestock_E_All_Data_(Normalized).zip,2026-09-05T00:37:44.601932+00:00,,Israel (FAO Area Code 105)
1989,Wheat,Production,5510,t,201700.0,A,https://bulks-faostat.fao.org/production/Production_Crops_Livestock_E_All_Data_(Normalized).zip,2026-09-05T00:37:44.601932+00:00,,Israel (FAO Area Code 105)
1990,Wheat,Production,5510,t,291200.0,A,https://bulks-faostat.fao.org/production/Production_Crops_Livestock_E_All_Data_(Normalized).zip,2026-09-05T00:37:44.601932+00:00,,Israel (FAO Area Code 105)
1991,Wheat,Production,5510,t,180000.0,A,https://bulks-faostat.fao.org/production/Production_Crops_Livestock_E_All_Data_(Normalized).zip,2026-09-05T00:37:44.601932+00:00,,Israel (FAO Area Code 105)
1992,Wheat,Production,5510,t,254100.0,A,https://bulks-faostat.fao.org/production/Production_Crops_Livestock_E_All_Data_(Normalized).zip,2026-09-05T00:37:44.601932+00:00,,Israel (FAO Area Code 105)
1993,Wheat,Production,5510,t,217000.0,A,https://bulks-faostat.fao.org/production/Production_Crops_Livestock_E_All_Data_(Normalized).zip,2026-09-05T00:37:44.601932+00:00,,Israel (FAO Area Code 105)
1994,Wheat,Production,5510,t,103230.0,A,https://bulks-faostat.fao.org/production/Production_Crops_Livestock_E_All_Data_(Normalized).zip,2026-09-05T00:37:44.601932+00:00,,Israel (FAO Area Code 105)
1995,Wheat,Production,5510,t,242000.0,A,https://bulks-faostat.fao.org/production/Production_Crops_Livestock_E_All_Data_(Normalized).zip,2026-09-05T00:37:44.601932+00:00,,Israel (FAO Area Code 105)
1996,Wheat,Production,5510,t,185000.0,A,https://bulks-faostat.fao.org/production/Production_Crops_Livestock_E_All_Data_(Normalized).zip,2026-09-05T00:37:44.601932+00:00,,Israel (FAO Area Code 105)
1997,Wheat,Production,5510,t,116000.0,A,https://bulks-faostat.fao.org/production/Production_Crops_Livestock_E_All_Data_(Normalized).zip,2026-09-05T00:37:44.601932+00:00,,Israel (FAO Area Code 105)
1998,Wheat,Production,5510,t,155000.0,A,https://bulks-faostat.fao.org/production/Production_Crops_Livestock_E_All_Data_(Normalized).zip,2026-09-05T00:37:44.601932+00:00,,Israel (FAO Area Code 105)
1999,Wheat,Production,5510,t,29000.0,A,https://bulks-faostat.fao.org/production/Production_Crops_Livestock_E_All_Data_(Normalized).zip,2026-09-05T00:37:44.601932+00:00,,Israel (FAO Area Code 105)
2000,Wheat,Production,5510,t,94000.0,A,https://bulks-faostat.fao.org/production/Production_Crops_Livestock_E_All_Data_(Normalized).zip,2026-09-05T00:37:44.601932+00:00,,Israel (FAO Area Code 105)
2001,Wheat,Production,5510,t,157970.0,A,https://bulks-faostat.fao.org/production/Production_Crops_Livestock_E_All_Data_(Normalized).zip,2026-09-05T00:37:44.601932+00:00,,Israel (FAO Area Code 105)
2002,Wheat,Production,5510,t,177275.0,A,https://bulks-faostat.fao.org/production/Production_Crops_Livestock_E_All_Data_(Normalized).zip,2026-09-05T00:37:44.601932+00:00,,Israel (FAO Area Code 105)
2003,Wheat,Production,5510,t,184300.0,A,https://bulks-faostat.fao.org/production/Production_Crops_Livestock_E_All_Data_(Normalized).zip,2026-09-05T00:37:44.601932+00:00,,Israel (FAO Area Code 105)
2004,Wheat,Production,5510,t,154300.0,A,https://bulks-faostat.fao.org/production/Production_Crops_Livestock_E_All_Data_(Normalized).zip,2026-09-05T00:37:44.601932+00:00,,Israel (FAO Area Code 105)
2005,Wheat,Production,5510,t,200800.0,A,https://bulks-faostat.fao.org/production/Production_Crops_Livestock_E_All_Data_(Normalized).zip,2026-09-05T00:37:44.601932+00:00,,Israel (FAO Area Code 105)
2006,Wheat,Production,5510,t,131200.0,A,https://bulks-faostat.fao.org/production/Production_Crops_Livestock_E_All_Data_(Normalized).zip,2026-09-05T00:37:44.601932+00:00,,Israel (FAO Area Code 105)
2007,Wheat,Production,5510,t,158921.0,A,https://bulks-faostat.fao.org/production/Production_Crops_Livestock_E_All_Data_(Normalized).zip,2026-09-05T00:37:44.601932+00:00,,Israel (FAO Area Code 105)
2008,Wheat,Production,5510,t,75734.0,A,https://bulks-faostat.fao.org/production/Production_Crops_Livestock_E_All_Data_(Normalized).zip,2026-09-05T00:37:44.601932+00:00,,Israel (FAO Area Code 105)
2009,Wheat,Production,5510,t,132963.0,A,https://bulks-faostat.fao.org/production/Production_Crops_Livestock_E_All_Data_(Normalized).zip,2026-09-05T00:37:44.601932+00:00,,Israel (FAO Area Code 105)
2010,Wheat,Production,5510,t,112324.32,A,https://bulks-faostat.fao.org/production/Production_Crops_Livestock_E_All_Data_(Normalized).zip,2026-09-05T00:37:44.601932+00:00,,Israel (FAO Area Code 105)
2011,Wheat,Production,5510,t,141866.0,A,https://bulks-faostat.fao.org/production/Production_Crops_Livestock_E_All_Data_(Normalized).zip,2026-09-05T00:37:44.601932+00:00,,Israel (FAO Area Code 105)
2012,Wheat,Production,5510,t,222487.0,A,https://bulks-faostat.fao.org/production/Production_Crops_Livestock_E_All_Data_(Normalized).zip,2026-09-05T00:37:44.601932+00:00,,Israel (FAO Area Code 105)
2013,Wheat,Production,5510,t,178200.0,A,https://bulks-faostat.fao.org/production/Production_Crops_Livestock_E_All_Data_(Normalized).zip,2026-09-05T00:37:44.601932+00:00,,Israel (FAO Area Code 105)
2014,Wheat,Production,5510,t,139800.0,A,https://bulks-faostat.fao.org/production/Production_Crops_Livestock_E_All_Data_(Normalized).zip,2026-09-05T00:37:44.601932+00:00,,Israel (FAO Area Code 105)
2015,Wheat,Production,5510,t,173000.0,A,https://bulks-faostat.fao.org/production/Production_Crops_Livestock_E_All_Data_(Normalized).zip,2026-09-05T00:37:44.601932+00:00,,Israel (FAO Area Code 105)
2016,Wheat,Production,5510,t,168000.0,A,https://bulks-faostat.fao.org/production/Production_Crops_Livestock_E_All_Data_(Normalized).zip,2026-09-05T00:37:44.601932+00:00,,Israel (FAO Area Code 105)
2017,Wheat,Production,5510,t,72200.0,A,https://bulks-faostat.fao.org/production/Production_Crops_Livestock_E_All_Data_(Normalized).zip,2026-09-05T00:37:44.601932+00:00,,Israel (FAO Area Code 105)
2018,Wheat,Production,5510,t,70500.0,A,https://bulks-faostat.fao.org/production/Production_Crops_Livestock_E_All_Data_(Normalized).zip,2026-09-05T00:37:44.601932+00:00,,Israel (FAO Area Code 105)
2019,Wheat,Production,5510,t,84750.0,A,https://bulks-faostat.fao.org/production/Production_Crops_Livestock_E_All_Data_(Normalized).zip,2026-09-05T00:37:44.601932+00:00,,Israel (FAO Area Code 105)
2020,Wheat,Production,5510,t,116691.0,A,https://bulks-faostat.fao.org/production/Production_Crops_Livestock_E_All_Data_(Normalized).zip,2026-09-05T00:37:44.601932+00:00,,Israel (FAO Area Code 105)
2021,Wheat,Production,5510,t,150000.0,A,https://bulks-faostat.fao.org/production/Production_Crops_Livestock_E_All_Data_(Normalized).zip,2026-09-05T00:37:44.601932+00:00,,Israel (FAO Area Code 105)
2022,Wheat,Production,5510,t,141600.0,A,https://bulks-faostat.fao.org/production/Production_Crops_Livestock_E_All_Data_(Normalized).zip,2026-09-05T00:37:44.601932+00:00,,Israel (FAO Area Code 105)
2023,Wheat,Production,5510,t,150000.0,A,https://bulks-faostat.fao.org/production/Production_Crops_Livestock_E_All_Data_(Normalized).zip,2026-09-05T00:37:44.601932+00:00,,Israel (FAO Area Code 105)
2024,Wheat,Production,5510,t,90350.0,A,https://bulks-faostat.fao.org/production/Production_Crops_Livestock_E_All_Data_(Normalized).zip,2026-09-05T00:37:44.601932+00:00,,Israel (FAO Area Code 105)
