year,month,variable,old_product,new_product,old_value,new_value,delta_new_minus_old
1901,1,pre,CCKP-CRU-TS4.08-ISR,CRU-CY4.08-Israel,95.43,139.8,44.370000000000005
1901,2,pre,CCKP-CRU-TS4.08-ISR,CRU-CY4.08-Israel,8.78,9.6,0.8200000000000003
1901,3,pre,CCKP-CRU-TS4.08-ISR,CRU-CY4.08-Israel,11.43,17.3,5.870000000000001
1901,4,pre,CCKP-CRU-TS4.08-ISR,CRU-CY4.08-Israel,5.3,7.1,1.7999999999999998
1901,5,pre,CCKP-CRU-TS4.08-ISR,CRU-CY4.08-Israel,13.66,21.2,7.539999999999999
1901,6,pre,CCKP-CRU-TS4.08-ISR,CRU-CY4.08-Israel,0.06,0.1,0.04000000000000001
1901,7,pre,CCKP-CRU-TS4.08-ISR,CRU-CY4.08-Israel,0.05,0.0,-0.05
1901,8,pre,CCKP-CRU-TS4.08-ISR,CRU-CY4.08-Israel,0.05,0.0,-0.05
1901,9,pre,CCKP-CRU-TS4.08-ISR,CRU-CY4.08-Israel,0.1,0.2,0.1
1901,10,pre,CCKP-CRU-TS4.08-ISR,CRU-CY4.08-Israel,3.6,5.4,1.8000000000000003
1901,11,pre,CCKP-CRU-TS4.08-ISR,CRU-CY4.08-Israel,25.96,40.4,14.439999999999998
1901,12,pre,CCKP-CRU-TS4.08-ISR,CRU-CY4.08-Israel,70.28,103.8,33.519999999999996
1902,1,pre,CCKP-CRU-TS4.08-ISR,CRU-CY4.08-Israel,102.11,147.0,44.89
1902,2,pre,CCKP-CRU-TS4.08-ISR,CRU-CY4.08-Israel,29.92,39.6,9.68
1902,3,pre,CCKP-CRU-TS4.08-ISR,CRU-CY4.08-Israel,26.81,43.1,16.290000000000003
1902,4,pre,CCKP-CRU-TS4.08-ISR,CRU-CY4.08-Israel,23.29,30.1,6.810000000000002
1902,5,pre,CCKP-CRU-TS4.08-ISR,CRU-CY4.08-Israel,0.66,1.0,0.33999999999999997
1902,6,pre,CCKP-CRU-TS4.08-ISR,CRU-CY4.08-Israel,0.05,0.0,-0.05
1902,7,pre,CCKP-CRU-TS4.08-ISR,CRU-CY4.08-Israel,0.05,0.1,0.05
1902,8,pre,CCKP-CRU-TS4.08-ISR,CRU-CY4.08-Israel,0.05,0.0,-0.05
1902,9,pre,CCKP-CRU-TS4.08-ISR,CRU-CY4.08-Israel,0.04,0.1,0.060000000000000005
1902,10,pre,CCKP-CRU-TS4.08-ISR,CRU-CY4.08-Israel,7.92,13.0,5.08
1902,11,pre,CCKP-CRU-TS4.08-ISR,CRU-CY4.08-Israel,66.05,112.3,46.25
1902,12,pre,CCKP-CRU-TS4.08-ISR,CRU-CY4.08-Israel,66.76,112.7,45.94
1903,1,pre,CCKP-CRU-TS4.08-ISR,CRU-CY4.08-Israel,64.79,102.4,37.61
1903,2,pre,CCKP-CRU-TS4.08-ISR,CRU-CY4.08-Israel,51.84,79.6,27.75999999999999
1903,3,pre,CCKP-CRU-TS4.08-ISR,CRU-CY4.08-Israel,39.44,53.7,14.260000000000005
1903,4,pre,CCKP-CRU-TS4.08-ISR,CRU-CY4.08-Israel,4.03,5.4,1.37
1903,5,pre,CCKP-CRU-TS4.08-ISR,CRU-CY4.08-Israel,0.74,1.5,0.76
1903,6,pre,CCKP-CRU-TS4.08-ISR,CRU-CY4.08-Israel,0.11,0.3,0.19
1903,7,pre,CCKP-CRU-TS4.08-ISR,CRU-CY4.08-Israel,0.05,0.0,-0.05
1903,8,pre,CCKP-CRU-TS4.08-ISR,CRU-CY4.08-Israel,0.05,0.0,-0.05
1903,9,pre,CCKP-CRU-TS4.08-ISR,CRU-CY4.08-Israel,0.04,0.0,-0.04
1903,10,pre,CCKP-CRU-TS4.08-ISR,CRU-CY4.08-Israel,3.86,6.7,2.8400000000000003
1903,11,pre,CCKP-CRU-TS4.08-ISR,CRU-CY4.08-Israel,27.52,48.5,20.98
1903,12,pre,CCKP-CRU-TS4.08-ISR,CRU-CY4.08-Israel,48.05,78.8,30.75
1904,1,pre,CCKP-CRU-TS4.08-ISR,CRU-CY4.08-Israel,94.3,138.2,43.89999999999999
1904,2,pre,CCKP-CRU-TS4.08-ISR,CRU-CY4.08-Israel,51.05,61.6,10.550000000000004
1904,3,pre,CCKP-CRU-TS4.08-ISR,CRU-CY4.08-Israel,29.89,53.6,23.71
1904,4,pre,CCKP-CRU-TS4.08-ISR,CRU-CY4.08-Israel,27.33,36.8,9.469999999999999
1904,5,pre,CCKP-CRU-TS4.08-ISR,CRU-CY4.08-Israel,4.7,7.4,2.7
1904,6,pre,CCKP-CRU-TS4.08-ISR,CRU-CY4.08-Israel,0.14,0.4,0.26
1904,7,pre,CCKP-CRU-TS4.08-ISR,CRU-CY4.08-Israel,0.05,0.0,-0.05
1904,8,pre,CCKP-CRU-TS4.08-ISR,CRU-CY4.08-Israel,0.05,0.0,-0.05
1904,9,pre,CCKP-CRU-TS4.08-ISR,CRU-CY4.08-Israel,0.09,0.2,0.11000000000000001
1904,10,pre,CCKP-CRU-TS4.08-ISR,CRU-CY4.08-Israel,13.31,22.3,8.99
1904,11,pre,CCKP-CRU-TS4.08-ISR,CRU-CY4.08-Israel,61.53,94.9,33.370000000000005
1904,12,pre,CCKP-CRU-TS4.08-ISR,CRU-CY4.08-Israel,138.76,214.1,75.34
1905,1,pre,CCKP-CRU-TS4.08-ISR,CRU-CY4.08-Israel,65.12,99.4,34.28
1905,2,pre,CCKP-CRU-TS4.08-ISR,CRU-CY4.08-Israel,53.92,93.4,39.480000000000004
1905,3,pre,CCKP-CRU-TS4.08-ISR,CRU-CY4.08-Israel,61.39,88.3,26.909999999999997
1905,4,pre,CCKP-CRU-TS4.08-ISR,CRU-CY4.08-Israel,23.3,31.5,8.2
1905,5,pre,CCKP-CRU-TS4.08-ISR,CRU-CY4.08-Israel,2.04,3.1,1.06
1905,6,pre,CCKP-CRU-TS4.08-ISR,CRU-CY4.08-Israel,0.08,0.1,0.020000000000000004
1905,7,pre,CCKP-CRU-TS4.08-ISR,CRU-CY4.08-Israel,0.05,0.0,-0.05
1905,8,pre,CCKP-CRU-TS4.08-ISR,CRU-CY4.08-Israel,0.05,0.0,-0.05
1905,9,pre,CCKP-CRU-TS4.08-ISR,CRU-CY4.08-Israel,0.19,0.3,0.10999999999999999
1905,10,pre,CCKP-CRU-TS4.08-ISR,CRU-CY4.08-Israel,9.23,15.6,6.369999999999999
1905,11,pre,CCKP-CRU-TS4.08-ISR,CRU-CY4.08-Israel,14.74,25.3,10.56
1905,12,pre,CCKP-CRU-TS4.08-ISR,CRU-CY4.08-Israel,121.31,197.6,76.28999999999999
1906,1,pre,CCKP-CRU-TS4.08-ISR,CRU-CY4.08-Israel,68.94,109.3,40.36
1906,2,pre,CCKP-CRU-TS4.08-ISR,CRU-CY4.08-Israel,53.11,94.6,41.489999999999995
1906,3,pre,CCKP-CRU-TS4.08-ISR,CRU-CY4.08-Israel,30.6,47.4,16.799999999999997
1906,4,pre,CCKP-CRU-TS4.08-ISR,CRU-CY4.08-Israel,30.2,51.8,21.599999999999998
1906,5,pre,CCKP-CRU-TS4.08-ISR,CRU-CY4.08-Israel,14.15,21.7,7.549999999999999
1906,6,pre,CCKP-CRU-TS4.08-ISR,CRU-CY4.08-Israel,0.17,0.4,0.23
1906,7,pre,CCKP-CRU-TS4.08-ISR,CRU-CY4.08-Israel,0.05,0.0,-0.05
1906,8,pre,CCKP-CRU-TS4.08-ISR,CRU-CY4.08-Israel,0.05,0.0,-0.05
1906,9,pre,CCKP-CRU-TS4.08-ISR,CRU-CY4.08-Israel,0.03,0.0,-0.03
1906,10,pre,CCKP-CRU-TS4.08-ISR,CRU-CY4.08-Israel,13.63,16.0,2.369999999999999
1906,11,pre,CCKP-CRU-TS4.08-ISR,CRU-CY4.08-Israel,29.73,55.2,25.470000000000002
1906,12,pre,CCKP-CRU-TS4.08-ISR,CRU-CY4.08-Israel,36.3,64.3,28.0
1907,1,pre,CCKP-CRU-TS4.08-ISR,CRU-CY4.08-Israel,154.21,209.6,55.389999999999986
1907,2,pre,CCKP-CRU-TS4.08-ISR,CRU-CY4.08-Israel,61.93,88.7,26.770000000000003
1907,3,pre,CCKP-CRU-TS4.08-ISR,CRU-CY4.08-Israel,42.76,69.1,26.339999999999996
1907,4,pre,CCKP-CRU-TS4.08-ISR,CRU-CY4.08-Israel,9.59,15.0,5.41
1907,5,pre,CCKP-CRU-TS4.08-ISR,CRU-CY4.08-Israel,0.64,0.9,0.26
1907,6,pre,CCKP-CRU-TS4.08-ISR,CRU-CY4.08-Israel,0.05,0.0,-0.05
1907,7,pre,CCKP-CRU-TS4.08-ISR,CRU-CY4.08-Israel,0.05,0.0,-0.05
1907,8,pre,CCKP-CRU-TS4.08-ISR,CRU-CY4.08-Israel,0.05,0.0,-0.05
1907,9,pre,CCKP-CRU-TS4.08-ISR,CRU-CY4.08-Israel,0.38,0.7,0.31999999999999995
1907,10,pre,CCKP-CRU-TS4.08-ISR,CRU-CY4.08-Israel,8.3,11.9,3.5999999999999996
1907,11,pre,CCKP-CRU-TS4.08-ISR,CRU-CY4.08-Israel,49.17,87.5,38.33
1907,12,pre,CCKP-CRU-TS4.08-ISR,CRU-CY4.08-Israel,54.0,85.0,31.0
1908,1,pre,CCKP-CRU-TS4.08-ISR,CRU-CY4.08-Israel,103.18,152.1,48.91999999999999
1908,2,pre,CCKP-CRU-TS4.08-ISR,CRU-CY4.08-Israel,60.95,97.0,36.05
1908,3,pre,CCKP-CRU-TS4.08-ISR,CRU-CY4.08-Israel,65.62,87.2,21.58
1908,4,pre,CCKP-CRU-TS4.08-ISR,CRU-CY4.08-Israel,26.82,31.2,4.379999999999999
1908,5,pre,CCKP-CRU-TS4.08-ISR,CRU-CY4.08-Israel,1.56,2.1,0.54
1908,6,pre,CCKP-CRU-TS4.08-ISR,CRU-CY4.08-Israel,0.22,0.5,0.28
1908,7,pre,CCKP-CRU-TS4.08-ISR,CRU-CY4.08-Israel,0.05,0.0,-0.05
1908,8,pre,CCKP-CRU-TS4.08-ISR,CRU-CY4.08-Israel,0.05,0.0,-0.05
1908,9,pre,CCKP-CRU-TS4.08-ISR,CRU-CY4.08-Israel,0.06,0.1,0.04000000000000001
1908,10,pre,CCKP-CRU-TS4.08-ISR,CRU-CY4.08-Israel,1.92,2.3,0.3799999999999999
1908,11,pre,CCKP-CRU-TS4.08-ISR,CRU-CY4.08-Israel,43.0,77.7,34.7
1908,12,pre,CCKP-CRU-TS4.08-ISR,CRU-CY4.08-Israel,64.93,113.6,48.66999999999999
1909,1,pre,CCKP-CRU-TS4.08-ISR,CRU-CY4.08-Israel,61.9,99.6,37.699999999999996
1909,2,pre,CCKP-CRU-TS4.08-ISR,CRU-CY4.08-Israel,30.29,53.4,23.11
1909,3,pre,CCKP-CRU-TS4.08-ISR,CRU-CY4.08-Israel,16.63,26.5,9.870000000000001
1909,4,pre,CCKP-CRU-TS4.08-ISR,CRU-CY4.08-Israel,37.46,57.1,19.64
1909,5,pre,CCKP-CRU-TS4.08-ISR,CRU-CY4.08-Israel,4.2,7.3,3.0999999999999996
1909,6,pre,CCKP-CRU-TS4.08-ISR,CRU-CY4.08-Israel,0.07,0.1,0.03
1909,7,pre,CCKP-CRU-TS4.08-ISR,CRU-CY4.08-Israel,0.05,0.0,-0.05
1909,8,pre,CCKP-CRU-TS4.08-ISR,CRU-CY4.08-Israel,0.05,0.0,-0.05
1909,9,pre,CCKP-CRU-TS4.08-ISR,CRU-CY4.08-Israel,0.66,1.3,0.64
1909,10,pre,CCKP-CRU-TS4.08-ISR,CRU-CY4.08-Israel,22.52,41.5,18.98
1909,11,pre,CCKP-CRU-TS4.08-ISR,CRU-CY4.08-Israel,30.97,49.1,18.130000000000003
1909,12,pre,CCKP-CRU-TS4.08-ISR,CRU-CY4.08-Israel,39.56,65.0,25.439999999999998
1910,1,pre,CCKP-CRU-TS4.08-ISR,CRU-CY4.08-Israel,66.49,113.6,47.11
1910,2,pre,CCKP-CRU-TS4.08-ISR,CRU-CY4.08-Israel,22.82,35.0,12.18
1910,3,pre,CCKP-CRU-TS4.08-ISR,CRU-CY4.08-Israel,68.1,102.9,34.80000000000001
1910,4,pre,CCKP-CRU-TS4.08-ISR,CRU-CY4.08-Israel,18.07,25.7,7.629999999999999
1910,5,pre,CCKP-CRU-TS4.08-ISR,CRU-CY4.08-Israel,3.9,5.9,2.0000000000000004
1910,6,pre,CCKP-CRU-TS4.08-ISR,CRU-CY4.08-Israel,0.11,0.3,0.19
1910,7,pre,CCKP-CRU-TS4.08-ISR,CRU-CY4.08-Israel,0.05,0.0,-0.05
1910,8,pre,CCKP-CRU-TS4.08-ISR,CRU-CY4.08-Israel,0.05,0.0,-0.05
1910,9,pre,CCKP-CRU-TS4.08-ISR,CRU-CY4.08-Israel,0.26,0.4,0.14
1910,10,pre,CCKP-CRU-TS4.08-ISR,CRU-CY4.08-Israel,9.66,16.5,6.84
1910,11,pre,CCKP-CRU-TS4.08-ISR,CRU-CY4.08-Israel,28.27,43.4,15.129999999999999
1910,12,pre,CCKP-CRU-TS4.08-ISR,CRU-CY4.08-Israel,37.89,56.5,18.61
1911,1,pre,CCKP-CRU-TS4.08-ISR,CRU-CY4.08-Israel,104.54,166.8,62.260000000000005
1911,2,pre,CCKP-CRU-TS4.08-ISR,CRU-CY4.08-Israel,88.27,137.7,49.42999999999999
1911,3,pre,CCKP-CRU-TS4.08-ISR,CRU-CY4.08-Israel,39.49,68.7,29.21
1911,4,pre,CCKP-CRU-TS4.08-ISR,CRU-CY4.08-Israel,32.65,53.4,20.75
1911,5,pre,CCKP-CRU-TS4.08-ISR,CRU-CY4.08-Israel,2.5,4.7,2.2
1911,6,pre,CCKP-CRU-TS4.08-ISR,CRU-CY4.08-Israel,0.05,0.1,0.05
1911,7,pre,CCKP-CRU-TS4.08-ISR,CRU-CY4.08-Israel,0.05,0.0,-0.05
1911,8,pre,CCKP-CRU-TS4.08-ISR,CRU-CY4.08-Israel,0.05,0.0,-0.05
1911,9,pre,CCKP-CRU-TS4.08-ISR,CRU-CY4.08-Israel,0.17,0.3,0.12999999999999998
1911,10,pre,CCKP-CRU-TS4.08-ISR,CRU-CY4.08-Israel,11.38,17.8,6.42
1911,11,pre,CCKP-CRU-TS4.08-ISR,CRU-CY4.08-Israel,35.22,52.5,17.28
1911,12,pre,CCKP-CRU-TS4.08-ISR,CRU-CY4.08-Israel,120.56,205.9,85.34
1912,1,pre,CCKP-CRU-TS4.08-ISR,CRU-CY4.08-Israel,100.57,146.4,45.83000000000001
1912,2,pre,CCKP-CRU-TS4.08-ISR,CRU-CY4.08-Israel,53.63,72.3,18.669999999999995
1912,3,pre,CCKP-CRU-TS4.08-ISR,CRU-CY4.08-Israel,29.47,45.8,16.33
1912,4,pre,CCKP-CRU-TS4.08-ISR,CRU-CY4.08-Israel,11.66,19.4,7.739999999999998
1912,5,pre,CCKP-CRU-TS4.08-ISR,CRU-CY4.08-Israel,6.99,11.5,4.51
1912,6,pre,CCKP-CRU-TS4.08-ISR,CRU-CY4.08-Israel,0.05,0.1,0.05
1912,7,pre,CCKP-CRU-TS4.08-ISR,CRU-CY4.08-Israel,0.05,0.0,-0.05
1912,8,pre,CCKP-CRU-TS4.08-ISR,CRU-CY4.08-Israel,0.05,0.0,-0.05
1912,9,pre,CCKP-CRU-TS4.08-ISR,CRU-CY4.08-Israel,0.07,0.1,0.03
1912,10,pre,CCKP-CRU-TS4.08-ISR,CRU-CY4.08-Israel,21.1,38.4,17.299999999999997
1912,11,pre,CCKP-CRU-TS4.08-ISR,CRU-CY4.08-Israel,32.77,40.9,8.129999999999995
1912,12,pre,CCKP-CRU-TS4.08-ISR,CRU-CY4.08-Israel,92.14,134.2,42.05999999999999
1913,1,pre,CCKP-CRU-TS4.08-ISR,CRU-CY4.08-Israel,71.24,120.5,49.260000000000005
1913,2,pre,CCKP-CRU-TS4.08-ISR,CRU-CY4.08-Israel,73.1,112.9,39.80000000000001
1913,3,pre,CCKP-CRU-TS4.08-ISR,CRU-CY4.08-Israel,22.81,35.8,12.989999999999998
1913,4,pre,CCKP-CRU-TS4.08-ISR,CRU-CY4.08-Israel,11.63,19.7,8.069999999999999
1913,5,pre,CCKP-CRU-TS4.08-ISR,CRU-CY4.08-Israel,3.42,4.5,1.08
1913,6,pre,CCKP-CRU-TS4.08-ISR,CRU-CY4.08-Israel,0.07,0.1,0.03
1913,7,pre,CCKP-CRU-TS4.08-ISR,CRU-CY4.08-Israel,0.05,0.0,-0.05
1913,8,pre,CCKP-CRU-TS4.08-ISR,CRU-CY4.08-Israel,0.05,0.0,-0.05
1913,9,pre,CCKP-CRU-TS4.08-ISR,CRU-CY4.08-Israel,0.24,0.5,0.26
1913,10,pre,CCKP-CRU-TS4.08-ISR,CRU-CY4.08-Israel,19.61,31.9,12.29
1913,11,pre,CCKP-CRU-TS4.08-ISR,CRU-CY4.08-Israel,27.09,42.3,15.209999999999997
1913,12,pre,CCKP-CRU-TS4.08-ISR,CRU-CY4.08-Israel,77.72,131.7,53.97999999999999
1914,1,pre,CCKP-CRU-TS4.08-ISR,CRU-CY4.08-Israel,48.72,79.9,31.180000000000007
1914,2,pre,CCKP-CRU-TS4.08-ISR,CRU-CY4.08-Israel,23.51,31.8,8.29
1914,3,pre,CCKP-CRU-TS4.08-ISR,CRU-CY4.08-Israel,27.08,43.5,16.42
1914,4,pre,CCKP-CRU-TS4.08-ISR,CRU-CY4.08-Israel,36.29,53.6,17.310000000000002
1914,5,pre,CCKP-CRU-TS4.08-ISR,CRU-CY4.08-Israel,3.59,6.1,2.51
1914,6,pre,CCKP-CRU-TS4.08-ISR,CRU-CY4.08-Israel,0.17,0.5,0.32999999999999996
1914,7,pre,CCKP-CRU-TS4.08-ISR,CRU-CY4.08-Israel,0.05,0.0,-0.05
1914,8,pre,CCKP-CRU-TS4.08-ISR,CRU-CY4.08-Israel,0.05,0.0,-0.05
1914,9,pre,CCKP-CRU-TS4.08-ISR,CRU-CY4.08-Israel,0.05,0.1,0.05
1914,10,pre,CCKP-CRU-TS4.08-ISR,CRU-CY4.08-Israel,4.57,6.9,2.33
1914,11,pre,CCKP-CRU-TS4.08-ISR,CRU-CY4.08-Israel,87.61,147.8,60.19000000000001
1914,12,pre,CCKP-CRU-TS4.08-ISR,CRU-CY4.08-Israel,66.43,104.9,38.47
1915,1,pre,CCKP-CRU-TS4.08-ISR,CRU-CY4.08-Israel,30.4,44.3,13.899999999999999
1915,2,pre,CCKP-CRU-TS4.08-ISR,CRU-CY4.08-Israel,39.56,54.7,15.14
1915,3,pre,CCKP-CRU-TS4.08-ISR,CRU-CY4.08-Israel,41.6,61.7,20.1
1915,4,pre,CCKP-CRU-TS4.08-ISR,CRU-CY4.08-Israel,18.62,28.5,9.879999999999999
1915,5,pre,CCKP-CRU-TS4.08-ISR,CRU-CY4.08-Israel,0.68,0.8,0.12
1915,6,pre,CCKP-CRU-TS4.08-ISR,CRU-CY4.08-Israel,0.06,0.1,0.04000000000000001
1915,7,pre,CCKP-CRU-TS4.08-ISR,CRU-CY4.08-Israel,0.05,0.0,-0.05
1915,8,pre,CCKP-CRU-TS4.08-ISR,CRU-CY4.08-Israel,0.05,0.0,-0.05
1915,9,pre,CCKP-CRU-TS4.08-ISR,CRU-CY4.08-Israel,0.33,0.5,0.16999999999999998
1915,10,pre,CCKP-CRU-TS4.08-ISR,CRU-CY4.08-Israel,3.24,4.8,1.5599999999999996
1915,11,pre,CCKP-CRU-TS4.08-ISR,CRU-CY4.08-Israel,28.25,46.6,18.35
1915,12,pre,CCKP-CRU-TS4.08-ISR,CRU-CY4.08-Israel,27.18,37.5,10.32
1916,1,pre,CCKP-CRU-TS4.08-ISR,CRU-CY4.08-Israel,116.53,165.0,48.47
1916,2,pre,CCKP-CRU-TS4.08-ISR,CRU-CY4.08-Israel,67.47,91.7,24.230000000000004
1916,3,pre,CCKP-CRU-TS4.08-ISR,CRU-CY4.08-Israel,53.39,79.6,26.209999999999994
1916,4,pre,CCKP-CRU-TS4.08-ISR,CRU-CY4.08-Israel,24.48,37.3,12.819999999999997
1916,5,pre,CCKP-CRU-TS4.08-ISR,CRU-CY4.08-Israel,0.29,0.4,0.11000000000000004
1916,6,pre,CCKP-CRU-TS4.08-ISR,CRU-CY4.08-Israel,0.05,0.1,0.05
1916,7,pre,CCKP-CRU-TS4.08-ISR,CRU-CY4.08-Israel,0.05,0.0,-0.05
1916,8,pre,CCKP-CRU-TS4.08-ISR,CRU-CY4.08-Israel,0.05,0.0,-0.05
1916,9,pre,CCKP-CRU-TS4.08-ISR,CRU-CY4.08-Israel,0.46,0.7,0.23999999999999994
1916,10,pre,CCKP-CRU-TS4.08-ISR,CRU-CY4.08-Israel,2.18,2.5,0.31999999999999984
1916,11,pre,CCKP-CRU-TS4.08-ISR,CRU-CY4.08-Israel,22.33,30.8,8.470000000000002
1916,12,pre,CCKP-CRU-TS4.08-ISR,CRU-CY4.08-Israel,85.04,130.9,45.86
1917,1,pre,CCKP-CRU-TS4.08-ISR,CRU-CY4.08-Israel,139.1,201.3,62.20000000000002
1917,2,pre,CCKP-CRU-TS4.08-ISR,CRU-CY4.08-Israel,75.76,95.6,19.83999999999999
1917,3,pre,CCKP-CRU-TS4.08-ISR,CRU-CY4.08-Israel,25.52,38.0,12.48
1917,4,pre,CCKP-CRU-TS4.08-ISR,CRU-CY4.08-Israel,3.24,4.0,0.7599999999999998
1917,5,pre,CCKP-CRU-TS4.08-ISR,CRU-CY4.08-Israel,1.06,2.0,0.94
1917,6,pre,CCKP-CRU-TS4.08-ISR,CRU-CY4.08-Israel,0.05,0.1,0.05
1917,7,pre,CCKP-CRU-TS4.08-ISR,CRU-CY4.08-Israel,0.05,0.0,-0.05
1917,8,pre,CCKP-CRU-TS4.08-ISR,CRU-CY4.08-Israel,0.05,0.0,-0.05
1917,9,pre,CCKP-CRU-TS4.08-ISR,CRU-CY4.08-Israel,1.09,2.4,1.3099999999999998
1917,10,pre,CCKP-CRU-TS4.08-ISR,CRU-CY4.08-Israel,5.25,8.5,3.25
1917,11,pre,CCKP-CRU-TS4.08-ISR,CRU-CY4.08-Israel,24.75,35.6,10.850000000000001
1917,12,pre,CCKP-CRU-TS4.08-ISR,CRU-CY4.08-Israel,86.25,125.1,38.849999999999994
1918,1,pre,CCKP-CRU-TS4.08-ISR,CRU-CY4.08-Israel,70.74,111.5,40.760000000000005
1918,2,pre,CCKP-CRU-TS4.08-ISR,CRU-CY4.08-Israel,69.27,107.0,37.730000000000004
1918,3,pre,CCKP-CRU-TS4.08-ISR,CRU-CY4.08-Israel,63.65,90.6,26.949999999999996
1918,4,pre,CCKP-CRU-TS4.08-ISR,CRU-CY4.08-Israel,15.09,16.3,1.2100000000000009
1918,5,pre,CCKP-CRU-TS4.08-ISR,CRU-CY4.08-Israel,10.44,17.1,6.660000000000002
1918,6,pre,CCKP-CRU-TS4.08-ISR,CRU-CY4.08-Israel,0.06,0.1,0.04000000000000001
1918,7,pre,CCKP-CRU-TS4.08-ISR,CRU-CY4.08-Israel,0.05,0.0,-0.05
1918,8,pre,CCKP-CRU-TS4.08-ISR,CRU-CY4.08-Israel,0.05,0.0,-0.05
1918,9,pre,CCKP-CRU-TS4.08-ISR,CRU-CY4.08-Israel,1.48,3.3,1.8199999999999998
1918,10,pre,CCKP-CRU-TS4.08-ISR,CRU-CY4.08-Israel,36.95,54.8,17.849999999999994
1918,11,pre,CCKP-CRU-TS4.08-ISR,CRU-CY4.08-Israel,44.9,64.8,19.9
1918,12,pre,CCKP-CRU-TS4.08-ISR,CRU-CY4.08-Israel,85.66,144.3,58.640000000000015
1919,1,pre,CCKP-CRU-TS4.08-ISR,CRU-CY4.08-Israel,79.83,106.3,26.47
1919,2,pre,CCKP-CRU-TS4.08-ISR,CRU-CY4.08-Israel,59.29,104.4,45.11000000000001
1919,3,pre,CCKP-CRU-TS4.08-ISR,CRU-CY4.08-Israel,23.02,38.3,15.279999999999998
1919,4,pre,CCKP-CRU-TS4.08-ISR,CRU-CY4.08-Israel,13.09,21.6,8.510000000000002
1919,5,pre,CCKP-CRU-TS4.08-ISR,CRU-CY4.08-Israel,2.46,3.2,0.7400000000000002
1919,6,pre,CCKP-CRU-TS4.08-ISR,CRU-CY4.08-Israel,0.06,0.1,0.04000000000000001
1919,7,pre,CCKP-CRU-TS4.08-ISR,CRU-CY4.08-Israel,0.05,0.0,-0.05
1919,8,pre,CCKP-CRU-TS4.08-ISR,CRU-CY4.08-Israel,0.05,0.0,-0.05
1919,9,pre,CCKP-CRU-TS4.08-ISR,CRU-CY4.08-Israel,0.03,0.0,-0.03
1919,10,pre,CCKP-CRU-TS4.08-ISR,CRU-CY4.08-Israel,2.97,4.6,1.6299999999999994
1919,11,pre,CCKP-CRU-TS4.08-ISR,CRU-CY4.08-Israel,26.35,43.8,17.449999999999996
1919,12,pre,CCKP-CRU-TS4.08-ISR,CRU-CY4.08-Israel,94.22,165.6,71.38
1920,1,pre,CCKP-CRU-TS4.08-ISR,CRU-CY4.08-Israel,75.53,132.0,56.47
1920,2,pre,CCKP-CRU-TS4.08-ISR,CRU-CY4.08-Israel,113.13,162.8,49.670000000000016
1920,3,pre,CCKP-CRU-TS4.08-ISR,CRU-CY4.08-Israel,53.03,69.3,16.269999999999996
1920,4,pre,CCKP-CRU-TS4.08-ISR,CRU-CY4.08-Israel,17.72,20.8,3.080000000000002
1920,5,pre,CCKP-CRU-TS4.08-ISR,CRU-CY4.08-Israel,3.73,6.0,2.27
1920,6,pre,CCKP-CRU-TS4.08-ISR,CRU-CY4.08-Israel,0.07,0.2,0.13
1920,7,pre,CCKP-CRU-TS4.08-ISR,CRU-CY4.08-Israel,0.05,0.0,-0.05
1920,8,pre,CCKP-CRU-TS4.08-ISR,CRU-CY4.08-Israel,0.08,0.0,-0.08
1920,9,pre,CCKP-CRU-TS4.08-ISR,CRU-CY4.08-Israel,0.09,0.1,0.010000000000000009
1920,10,pre,CCKP-CRU-TS4.08-ISR,CRU-CY4.08-Israel,5.05,8.3,3.250000000000001
1920,11,pre,CCKP-CRU-TS4.08-ISR,CRU-CY4.08-Israel,39.34,66.3,26.959999999999994
1920,12,pre,CCKP-CRU-TS4.08-ISR,CRU-CY4.08-Israel,69.01,80.8,11.789999999999992
1921,1,pre,CCKP-CRU-TS4.08-ISR,CRU-CY4.08-Israel,83.27,120.4,37.13000000000001
1921,2,pre,CCKP-CRU-TS4.08-ISR,CRU-CY4.08-Israel,66.81,108.5,41.69
1921,3,pre,CCKP-CRU-TS4.08-ISR,CRU-CY4.08-Israel,38.44,47.9,9.46
1921,4,pre,CCKP-CRU-TS4.08-ISR,CRU-CY4.08-Israel,8.33,14.0,5.67
1921,5,pre,CCKP-CRU-TS4.08-ISR,CRU-CY4.08-Israel,6.98,8.9,1.92
1921,6,pre,CCKP-CRU-TS4.08-ISR,CRU-CY4.08-Israel,0.32,0.8,0.48000000000000004
1921,7,pre,CCKP-CRU-TS4.08-ISR,CRU-CY4.08-Israel,0.05,0.0,-0.05
1921,8,pre,CCKP-CRU-TS4.08-ISR,CRU-CY4.08-Israel,0.07,0.0,-0.07
1921,9,pre,CCKP-CRU-TS4.08-ISR,CRU-CY4.08-Israel,0.09,0.1,0.010000000000000009
1921,10,pre,CCKP-CRU-TS4.08-ISR,CRU-CY4.08-Israel,0.89,1.6,0.7100000000000001
1921,11,pre,CCKP-CRU-TS4.08-ISR,CRU-CY4.08-Israel,20.86,37.5,16.64
1921,12,pre,CCKP-CRU-TS4.08-ISR,CRU-CY4.08-Israel,112.1,162.6,50.5
1922,1,pre,CCKP-CRU-TS4.08-ISR,CRU-CY4.08-Israel,79.77,131.5,51.730000000000004
1922,2,pre,CCKP-CRU-TS4.08-ISR,CRU-CY4.08-Israel,78.31,126.6,48.28999999999999
1922,3,pre,CCKP-CRU-TS4.08-ISR,CRU-CY4.08-Israel,26.41,32.0,5.59
1922,4,pre,CCKP-CRU-TS4.08-ISR,CRU-CY4.08-Israel,3.13,5.4,2.2700000000000005
1922,5,pre,CCKP-CRU-TS4.08-ISR,CRU-CY4.08-Israel,1.97,2.3,0.32999999999999985
1922,6,pre,CCKP-CRU-TS4.08-ISR,CRU-CY4.08-Israel,0.0,0.0,0.0
1922,7,pre,CCKP-CRU-TS4.08-ISR,CRU-CY4.08-Israel,0.05,0.0,-0.05
1922,8,pre,CCKP-CRU-TS4.08-ISR,CRU-CY4.08-Israel,0.05,0.0,-0.05
1922,9,pre,CCKP-CRU-TS4.08-ISR,CRU-CY4.08-Israel,0.0,0.0,0.0
1922,10,pre,CCKP-CRU-TS4.08-ISR,CRU-CY4.08-Israel,0.45,0.8,0.35000000000000003
1922,11,pre,CCKP-CRU-TS4.08-ISR,CRU-CY4.08-Israel,25.0,46.3,21.299999999999997
1922,12,pre,CCKP-CRU-TS4.08-ISR,CRU-CY4.08-Israel,74.97,112.7,37.730000000000004
1923,1,pre,CCKP-CRU-TS4.08-ISR,CRU-CY4.08-Israel,51.89,82.0,30.11
1923,2,pre,CCKP-CRU-TS4.08-ISR,CRU-CY4.08-Israel,65.72,104.1,38.379999999999995
1923,3,pre,CCKP-CRU-TS4.08-ISR,CRU-CY4.08-Israel,16.41,27.3,10.89
1923,4,pre,CCKP-CRU-TS4.08-ISR,CRU-CY4.08-Israel,16.64,26.5,9.86
1923,5,pre,CCKP-CRU-TS4.08-ISR,CRU-CY4.08-Israel,3.42,5.6,2.1799999999999997
1923,6,pre,CCKP-CRU-TS4.08-ISR,CRU-CY4.08-Israel,0.02,0.1,0.08
1923,7,pre,CCKP-CRU-TS4.08-ISR,CRU-CY4.08-Israel,0.05,0.0,-0.05
1923,8,pre,CCKP-CRU-TS4.08-ISR,CRU-CY4.08-Israel,0.05,0.0,-0.05
1923,9,pre,CCKP-CRU-TS4.08-ISR,CRU-CY4.08-Israel,0.75,1.5,0.75
1923,10,pre,CCKP-CRU-TS4.08-ISR,CRU-CY4.08-Israel,24.38,31.3,6.920000000000002
1923,11,pre,CCKP-CRU-TS4.08-ISR,CRU-CY4.08-Israel,9.07,13.9,4.83
1923,12,pre,CCKP-CRU-TS4.08-ISR,CRU-CY4.08-Israel,59.12,97.7,38.580000000000005
1924,1,pre,CCKP-CRU-TS4.08-ISR,CRU-CY4.08-Israel,62.73,99.5,36.77
1924,2,pre,CCKP-CRU-TS4.08-ISR,CRU-CY4.08-Israel,91.03,145.6,54.56999999999999
1924,3,pre,CCKP-CRU-TS4.08-ISR,CRU-CY4.08-Israel,37.67,49.7,12.030000000000001
1924,4,pre,CCKP-CRU-TS4.08-ISR,CRU-CY4.08-Israel,0.73,1.3,0.5700000000000001
1924,5,pre,CCKP-CRU-TS4.08-ISR,CRU-CY4.08-Israel,1.93,3.4,1.47
1924,6,pre,CCKP-CRU-TS4.08-ISR,CRU-CY4.08-Israel,0.09,0.3,0.21
1924,7,pre,CCKP-CRU-TS4.08-ISR,CRU-CY4.08-Israel,0.05,0.0,-0.05
1924,8,pre,CCKP-CRU-TS4.08-ISR,CRU-CY4.08-Israel,0.05,0.0,-0.05
1924,9,pre,CCKP-CRU-TS4.08-ISR,CRU-CY4.08-Israel,0.05,0.1,0.05
1924,10,pre,CCKP-CRU-TS4.08-ISR,CRU-CY4.08-Israel,16.46,26.7,10.239999999999998
1924,11,pre,CCKP-CRU-TS4.08-ISR,CRU-CY4.08-Israel,58.57,91.6,33.029999999999994
1924,12,pre,CCKP-CRU-TS4.08-ISR,CRU-CY4.08-Israel,59.89,87.3,27.409999999999997
1925,1,pre,CCKP-CRU-TS4.08-ISR,CRU-CY4.08-Israel,40.29,54.7,14.410000000000004
1925,2,pre,CCKP-CRU-TS4.08-ISR,CRU-CY4.08-Israel,22.06,33.6,11.540000000000003
1925,3,pre,CCKP-CRU-TS4.08-ISR,CRU-CY4.08-Israel,10.25,13.5,3.25
1925,4,pre,CCKP-CRU-TS4.08-ISR,CRU-CY4.08-Israel,40.11,57.8,17.689999999999998
1925,5,pre,CCKP-CRU-TS4.08-ISR,CRU-CY4.08-Israel,0.4,0.6,0.19999999999999996
1925,6,pre,CCKP-CRU-TS4.08-ISR,CRU-CY4.08-Israel,0.59,1.1,0.5100000000000001
1925,7,pre,CCKP-CRU-TS4.08-ISR,CRU-CY4.08-Israel,0.05,0.0,-0.05
1925,8,pre,CCKP-CRU-TS4.08-ISR,CRU-CY4.08-Israel,0.05,0.0,-0.05
1925,9,pre,CCKP-CRU-TS4.08-ISR,CRU-CY4.08-Israel,0.26,0.5,0.24
1925,10,pre,CCKP-CRU-TS4.08-ISR,CRU-CY4.08-Israel,4.45,7.0,2.55
1925,11,pre,CCKP-CRU-TS4.08-ISR,CRU-CY4.08-Israel,46.61,68.6,21.989999999999995
1925,12,pre,CCKP-CRU-TS4.08-ISR,CRU-CY4.08-Israel,40.01,65.7,25.690000000000005
1926,1,pre,CCKP-CRU-TS4.08-ISR,CRU-CY4.08-Israel,79.01,129.5,50.489999999999995
1926,2,pre,CCKP-CRU-TS4.08-ISR,CRU-CY4.08-Israel,64.62,103.0,38.379999999999995
1926,3,pre,CCKP-CRU-TS4.08-ISR,CRU-CY4.08-Israel,62.44,81.0,18.560000000000002
1926,4,pre,CCKP-CRU-TS4.08-ISR,CRU-CY4.08-Israel,14.11,22.5,8.39
1926,5,pre,CCKP-CRU-TS4.08-ISR,CRU-CY4.08-Israel,1.74,3.3,1.5599999999999998
1926,6,pre,CCKP-CRU-TS4.08-ISR,CRU-CY4.08-Israel,0.0,0.0,0.0
1926,7,pre,CCKP-CRU-TS4.08-ISR,CRU-CY4.08-Israel,0.05,0.0,-0.05
1926,8,pre,CCKP-CRU-TS4.08-ISR,CRU-CY4.08-Israel,0.05,0.0,-0.05
1926,9,pre,CCKP-CRU-TS4.08-ISR,CRU-CY4.08-Israel,0.0,0.0,0.0
1926,10,pre,CCKP-CRU-TS4.08-ISR,CRU-CY4.08-Israel,0.61,1.0,0.39
1926,11,pre,CCKP-CRU-TS4.08-ISR,CRU-CY4.08-Israel,13.49,19.4,5.909999999999998
1926,12,pre,CCKP-CRU-TS4.08-ISR,CRU-CY4.08-Israel,61.95,105.7,43.75
1927,1,pre,CCKP-CRU-TS4.08-ISR,CRU-CY4.08-Israel,39.8,67.2,27.400000000000006
1927,2,pre,CCKP-CRU-TS4.08-ISR,CRU-CY4.08-Israel,130.8,198.1,67.29999999999998
1927,3,pre,CCKP-CRU-TS4.08-ISR,CRU-CY4.08-Israel,9.89,16.3,6.41
1927,4,pre,CCKP-CRU-TS4.08-ISR,CRU-CY4.08-Israel,29.48,45.7,16.220000000000002
1927,5,pre,CCKP-CRU-TS4.08-ISR,CRU-CY4.08-Israel,0.95,1.6,0.6500000000000001
1927,6,pre,CCKP-CRU-TS4.08-ISR,CRU-CY4.08-Israel,0.0,0.0,0.0
1927,7,pre,CCKP-CRU-TS4.08-ISR,CRU-CY4.08-Israel,0.05,0.0,-0.05
1927,8,pre,CCKP-CRU-TS4.08-ISR,CRU-CY4.08-Israel,0.05,0.0,-0.05
1927,9,pre,CCKP-CRU-TS4.08-ISR,CRU-CY4.08-Israel,0.0,0.0,0.0
1927,10,pre,CCKP-CRU-TS4.08-ISR,CRU-CY4.08-Israel,11.18,18.6,7.420000000000002
1927,11,pre,CCKP-CRU-TS4.08-ISR,CRU-CY4.08-Israel,27.17,34.5,7.329999999999998
1927,12,pre,CCKP-CRU-TS4.08-ISR,CRU-CY4.08-Israel,36.1,48.8,12.699999999999996
1928,1,pre,CCKP-CRU-TS4.08-ISR,CRU-CY4.08-Israel,46.9,74.6,27.699999999999996
1928,2,pre,CCKP-CRU-TS4.08-ISR,CRU-CY4.08-Israel,108.56,173.5,64.94
1928,3,pre,CCKP-CRU-TS4.08-ISR,CRU-CY4.08-Israel,7.47,12.1,4.63
1928,4,pre,CCKP-CRU-TS4.08-ISR,CRU-CY4.08-Israel,0.76,1.4,0.6399999999999999
1928,5,pre,CCKP-CRU-TS4.08-ISR,CRU-CY4.08-Israel,0.24,0.4,0.16000000000000003
1928,6,pre,CCKP-CRU-TS4.08-ISR,CRU-CY4.08-Israel,0.0,0.0,0.0
1928,7,pre,CCKP-CRU-TS4.08-ISR,CRU-CY4.08-Israel,0.05,0.0,-0.05
1928,8,pre,CCKP-CRU-TS4.08-ISR,CRU-CY4.08-Israel,0.05,0.0,-0.05
1928,9,pre,CCKP-CRU-TS4.08-ISR,CRU-CY4.08-Israel,0.01,0.0,-0.01
1928,10,pre,CCKP-CRU-TS4.08-ISR,CRU-CY4.08-Israel,1.74,3.1,1.36
1928,11,pre,CCKP-CRU-TS4.08-ISR,CRU-CY4.08-Israel,31.8,51.9,20.099999999999998
1928,12,pre,CCKP-CRU-TS4.08-ISR,CRU-CY4.08-Israel,68.73,107.2,38.47
1929,1,pre,CCKP-CRU-TS4.08-ISR,CRU-CY4.08-Israel,72.43,118.6,46.16999999999999
1929,2,pre,CCKP-CRU-TS4.08-ISR,CRU-CY4.08-Israel,55.66,97.4,41.74000000000001
1929,3,pre,CCKP-CRU-TS4.08-ISR,CRU-CY4.08-Israel,14.1,22.7,8.6
1929,4,pre,CCKP-CRU-TS4.08-ISR,CRU-CY4.08-Israel,35.85,45.0,9.149999999999999
1929,5,pre,CCKP-CRU-TS4.08-ISR,CRU-CY4.08-Israel,1.4,2.0,0.6000000000000001
1929,6,pre,CCKP-CRU-TS4.08-ISR,CRU-CY4.08-Israel,0.12,0.4,0.28
1929,7,pre,CCKP-CRU-TS4.08-ISR,CRU-CY4.08-Israel,0.04,0.0,-0.04
1929,8,pre,CCKP-CRU-TS4.08-ISR,CRU-CY4.08-Israel,0.05,0.0,-0.05
1929,9,pre,CCKP-CRU-TS4.08-ISR,CRU-CY4.08-Israel,0.09,0.2,0.11000000000000001
1929,10,pre,CCKP-CRU-TS4.08-ISR,CRU-CY4.08-Israel,1.54,2.8,1.2599999999999998
1929,11,pre,CCKP-CRU-TS4.08-ISR,CRU-CY4.08-Israel,61.17,86.2,25.03
1929,12,pre,CCKP-CRU-TS4.08-ISR,CRU-CY4.08-Israel,67.17,90.0,22.83
1930,1,pre,CCKP-CRU-TS4.08-ISR,CRU-CY4.08-Israel,82.93,123.3,40.36999999999999
1930,2,pre,CCKP-CRU-TS4.08-ISR,CRU-CY4.08-Israel,54.43,81.0,26.57
1930,3,pre,CCKP-CRU-TS4.08-ISR,CRU-CY4.08-Israel,12.71,20.3,7.59
1930,4,pre,CCKP-CRU-TS4.08-ISR,CRU-CY4.08-Israel,24.34,33.3,8.959999999999997
1930,5,pre,CCKP-CRU-TS4.08-ISR,CRU-CY4.08-Israel,1.7,1.9,0.19999999999999996
1930,6,pre,CCKP-CRU-TS4.08-ISR,CRU-CY4.08-Israel,0.0,0.0,0.0
1930,7,pre,CCKP-CRU-TS4.08-ISR,CRU-CY4.08-Israel,0.05,0.0,-0.05
1930,8,pre,CCKP-CRU-TS4.08-ISR,CRU-CY4.08-Israel,0.05,0.0,-0.05
1930,9,pre,CCKP-CRU-TS4.08-ISR,CRU-CY4.08-Israel,1.2,2.5,1.3
1930,10,pre,CCKP-CRU-TS4.08-ISR,CRU-CY4.08-Israel,1.15,2.4,1.25
1930,11,pre,CCKP-CRU-TS4.08-ISR,CRU-CY4.08-Israel,28.47,44.4,15.93
1930,12,pre,CCKP-CRU-TS4.08-ISR,CRU-CY4.08-Israel,58.28,92.1,33.81999999999999
1931,1,pre,CCKP-CRU-TS4.08-ISR,CRU-CY4.08-Israel,84.1,127.7,43.60000000000001
1931,2,pre,CCKP-CRU-TS4.08-ISR,CRU-CY4.08-Israel,61.04,99.5,38.46
1931,3,pre,CCKP-CRU-TS4.08-ISR,CRU-CY4.08-Israel,25.51,43.7,18.19
1931,4,pre,CCKP-CRU-TS4.08-ISR,CRU-CY4.08-Israel,11.42,17.0,5.58
1931,5,pre,CCKP-CRU-TS4.08-ISR,CRU-CY4.08-Israel,0.78,1.6,0.8200000000000001
1931,6,pre,CCKP-CRU-TS4.08-ISR,CRU-CY4.08-Israel,0.14,0.4,0.26
1931,7,pre,CCKP-CRU-TS4.08-ISR,CRU-CY4.08-Israel,0.04,0.0,-0.04
1931,8,pre,CCKP-CRU-TS4.08-ISR,CRU-CY4.08-Israel,0.05,0.0,-0.05
1931,9,pre,CCKP-CRU-TS4.08-ISR,CRU-CY4.08-Israel,0.66,1.3,0.64
1931,10,pre,CCKP-CRU-TS4.08-ISR,CRU-CY4.08-Israel,4.01,5.0,0.9900000000000002
1931,11,pre,CCKP-CRU-TS4.08-ISR,CRU-CY4.08-Israel,27.78,36.7,8.920000000000002
1931,12,pre,CCKP-CRU-TS4.08-ISR,CRU-CY4.08-Israel,86.52,128.3,41.780000000000015
1932,1,pre,CCKP-CRU-TS4.08-ISR,CRU-CY4.08-Israel,57.2,76.2,19.0
1932,2,pre,CCKP-CRU-TS4.08-ISR,CRU-CY4.08-Israel,64.28,91.6,27.319999999999993
1932,3,pre,CCKP-CRU-TS4.08-ISR,CRU-CY4.08-Israel,8.11,15.2,7.09
1932,4,pre,CCKP-CRU-TS4.08-ISR,CRU-CY4.08-Israel,8.21,13.7,5.489999999999998
1932,5,pre,CCKP-CRU-TS4.08-ISR,CRU-CY4.08-Israel,0.49,1.6,1.11
1932,6,pre,CCKP-CRU-TS4.08-ISR,CRU-CY4.08-Israel,0.0,0.0,0.0
1932,7,pre,CCKP-CRU-TS4.08-ISR,CRU-CY4.08-Israel,0.04,0.0,-0.04
1932,8,pre,CCKP-CRU-TS4.08-ISR,CRU-CY4.08-Israel,0.04,0.0,-0.04
1932,9,pre,CCKP-CRU-TS4.08-ISR,CRU-CY4.08-Israel,0.01,0.0,-0.01
1932,10,pre,CCKP-CRU-TS4.08-ISR,CRU-CY4.08-Israel,7.49,11.7,4.209999999999999
1932,11,pre,CCKP-CRU-TS4.08-ISR,CRU-CY4.08-Israel,24.51,37.5,12.989999999999998
1932,12,pre,CCKP-CRU-TS4.08-ISR,CRU-CY4.08-Israel,8.95,14.3,5.350000000000001
1933,1,pre,CCKP-CRU-TS4.08-ISR,CRU-CY4.08-Israel,50.14,69.5,19.36
1933,2,pre,CCKP-CRU-TS4.08-ISR,CRU-CY4.08-Israel,32.37,47.1,14.730000000000004
1933,3,pre,CCKP-CRU-TS4.08-ISR,CRU-CY4.08-Israel,26.01,41.1,15.09
1933,4,pre,CCKP-CRU-TS4.08-ISR,CRU-CY4.08-Israel,14.16,22.0,7.84
1933,5,pre,CCKP-CRU-TS4.08-ISR,CRU-CY4.08-Israel,0.84,2.0,1.1600000000000001
1933,6,pre,CCKP-CRU-TS4.08-ISR,CRU-CY4.08-Israel,0.01,0.1,0.09000000000000001
1933,7,pre,CCKP-CRU-TS4.08-ISR,CRU-CY4.08-Israel,0.04,0.0,-0.04
1933,8,pre,CCKP-CRU-TS4.08-ISR,CRU-CY4.08-Israel,0.04,0.0,-0.04
1933,9,pre,CCKP-CRU-TS4.08-ISR,CRU-CY4.08-Israel,1.3,2.5,1.2
1933,10,pre,CCKP-CRU-TS4.08-ISR,CRU-CY4.08-Israel,3.88,7.3,3.42
1933,11,pre,CCKP-CRU-TS4.08-ISR,CRU-CY4.08-Israel,10.46,14.2,3.7399999999999984
1933,12,pre,CCKP-CRU-TS4.08-ISR,CRU-CY4.08-Israel,30.97,49.6,18.630000000000003
1934,1,pre,CCKP-CRU-TS4.08-ISR,CRU-CY4.08-Israel,105.19,145.0,39.81
1934,2,pre,CCKP-CRU-TS4.08-ISR,CRU-CY4.08-Israel,75.41,118.4,42.99000000000001
1934,3,pre,CCKP-CRU-TS4.08-ISR,CRU-CY4.08-Israel,8.69,17.8,9.110000000000001
1934,4,pre,CCKP-CRU-TS4.08-ISR,CRU-CY4.08-Israel,9.4,12.1,2.6999999999999993
1934,5,pre,CCKP-CRU-TS4.08-ISR,CRU-CY4.08-Israel,3.15,4.8,1.65
1934,6,pre,CCKP-CRU-TS4.08-ISR,CRU-CY4.08-Israel,0.01,0.1,0.09000000000000001
1934,7,pre,CCKP-CRU-TS4.08-ISR,CRU-CY4.08-Israel,0.04,0.0,-0.04
1934,8,pre,CCKP-CRU-TS4.08-ISR,CRU-CY4.08-Israel,0.04,0.0,-0.04
1934,9,pre,CCKP-CRU-TS4.08-ISR,CRU-CY4.08-Israel,0.0,0.0,0.0
1934,10,pre,CCKP-CRU-TS4.08-ISR,CRU-CY4.08-Israel,3.35,6.2,2.85
1934,11,pre,CCKP-CRU-TS4.08-ISR,CRU-CY4.08-Israel,4.52,7.8,3.2800000000000002
1934,12,pre,CCKP-CRU-TS4.08-ISR,CRU-CY4.08-Israel,94.13,153.5,59.370000000000005
1935,1,pre,CCKP-CRU-TS4.08-ISR,CRU-CY4.08-Israel,77.96,129.1,51.14
1935,2,pre,CCKP-CRU-TS4.08-ISR,CRU-CY4.08-Israel,99.88,153.3,53.420000000000016
1935,3,pre,CCKP-CRU-TS4.08-ISR,CRU-CY4.08-Israel,10.98,20.4,9.419999999999998
1935,4,pre,CCKP-CRU-TS4.08-ISR,CRU-CY4.08-Israel,13.68,22.7,9.02
1935,5,pre,CCKP-CRU-TS4.08-ISR,CRU-CY4.08-Israel,1.48,3.1,1.62
1935,6,pre,CCKP-CRU-TS4.08-ISR,CRU-CY4.08-Israel,0.0,0.0,0.0
1935,7,pre,CCKP-CRU-TS4.08-ISR,CRU-CY4.08-Israel,0.04,0.0,-0.04
1935,8,pre,CCKP-CRU-TS4.08-ISR,CRU-CY4.08-Israel,0.05,0.0,-0.05
1935,9,pre,CCKP-CRU-TS4.08-ISR,CRU-CY4.08-Israel,0.77,1.6,0.8300000000000001
1935,10,pre,CCKP-CRU-TS4.08-ISR,CRU-CY4.08-Israel,21.45,31.5,10.05
1935,11,pre,CCKP-CRU-TS4.08-ISR,CRU-CY4.08-Israel,35.57,62.9,27.33
1935,12,pre,CCKP-CRU-TS4.08-ISR,CRU-CY4.08-Israel,22.55,44.9,22.349999999999998
1936,1,pre,CCKP-CRU-TS4.08-ISR,CRU-CY4.08-Israel,24.21,41.9,17.689999999999998
1936,2,pre,CCKP-CRU-TS4.08-ISR,CRU-CY4.08-Israel,64.58,99.4,34.82000000000001
1936,3,pre,CCKP-CRU-TS4.08-ISR,CRU-CY4.08-Israel,16.72,29.2,12.48
1936,4,pre,CCKP-CRU-TS4.08-ISR,CRU-CY4.08-Israel,8.22,13.3,5.08
1936,5,pre,CCKP-CRU-TS4.08-ISR,CRU-CY4.08-Israel,3.12,5.1,1.9799999999999995
1936,6,pre,CCKP-CRU-TS4.08-ISR,CRU-CY4.08-Israel,0.0,0.0,0.0
1936,7,pre,CCKP-CRU-TS4.08-ISR,CRU-CY4.08-Israel,0.04,0.0,-0.04
1936,8,pre,CCKP-CRU-TS4.08-ISR,CRU-CY4.08-Israel,0.04,0.0,-0.04
1936,9,pre,CCKP-CRU-TS4.08-ISR,CRU-CY4.08-Israel,0.25,0.5,0.25
1936,10,pre,CCKP-CRU-TS4.08-ISR,CRU-CY4.08-Israel,1.0,1.6,0.6000000000000001
1936,11,pre,CCKP-CRU-TS4.08-ISR,CRU-CY4.08-Israel,81.91,134.5,52.59
1936,12,pre,CCKP-CRU-TS4.08-ISR,CRU-CY4.08-Israel,85.73,125.4,39.67
1937,1,pre,CCKP-CRU-TS4.08-ISR,CRU-CY4.08-Israel,107.41,156.5,49.09
1937,2,pre,CCKP-CRU-TS4.08-ISR,CRU-CY4.08-Israel,16.56,22.5,5.940000000000001
1937,3,pre,CCKP-CRU-TS4.08-ISR,CRU-CY4.08-Israel,3.3,7.6,4.3
1937,4,pre,CCKP-CRU-TS4.08-ISR,CRU-CY4.08-Israel,29.21,35.3,6.089999999999996
1937,5,pre,CCKP-CRU-TS4.08-ISR,CRU-CY4.08-Israel,2.05,3.5,1.4500000000000002
1937,6,pre,CCKP-CRU-TS4.08-ISR,CRU-CY4.08-Israel,0.05,0.2,0.15000000000000002
1937,7,pre,CCKP-CRU-TS4.08-ISR,CRU-CY4.08-Israel,0.04,0.0,-0.04
1937,8,pre,CCKP-CRU-TS4.08-ISR,CRU-CY4.08-Israel,0.04,0.0,-0.04
1937,9,pre,CCKP-CRU-TS4.08-ISR,CRU-CY4.08-Israel,0.0,0.0,0.0
1937,10,pre,CCKP-CRU-TS4.08-ISR,CRU-CY4.08-Israel,24.63,32.9,8.27
1937,11,pre,CCKP-CRU-TS4.08-ISR,CRU-CY4.08-Israel,36.68,56.6,19.92
1937,12,pre,CCKP-CRU-TS4.08-ISR,CRU-CY4.08-Israel,24.43,43.7,19.270000000000003
1938,1,pre,CCKP-CRU-TS4.08-ISR,CRU-CY4.08-Israel,118.55,176.7,58.14999999999999
1938,2,pre,CCKP-CRU-TS4.08-ISR,CRU-CY4.08-Israel,81.89,132.8,50.91000000000001
1938,3,pre,CCKP-CRU-TS4.08-ISR,CRU-CY4.08-Israel,38.68,55.5,16.82
1938,4,pre,CCKP-CRU-TS4.08-ISR,CRU-CY4.08-Israel,5.28,10.7,5.419999999999999
1938,5,pre,CCKP-CRU-TS4.08-ISR,CRU-CY4.08-Israel,7.61,14.3,6.69
1938,6,pre,CCKP-CRU-TS4.08-ISR,CRU-CY4.08-Israel,0.0,0.0,0.0
1938,7,pre,CCKP-CRU-TS4.08-ISR,CRU-CY4.08-Israel,0.04,0.0,-0.04
1938,8,pre,CCKP-CRU-TS4.08-ISR,CRU-CY4.08-Israel,0.0,0.0,0.0
1938,9,pre,CCKP-CRU-TS4.08-ISR,CRU-CY4.08-Israel,0.36,0.8,0.44000000000000006
1938,10,pre,CCKP-CRU-TS4.08-ISR,CRU-CY4.08-Israel,1.04,2.1,1.06
1938,11,pre,CCKP-CRU-TS4.08-ISR,CRU-CY4.08-Israel,93.9,145.9,52.0
1938,12,pre,CCKP-CRU-TS4.08-ISR,CRU-CY4.08-Israel,45.16,70.3,25.14
1939,1,pre,CCKP-CRU-TS4.08-ISR,CRU-CY4.08-Israel,39.86,66.6,26.739999999999995
1939,2,pre,CCKP-CRU-TS4.08-ISR,CRU-CY4.08-Israel,78.64,117.5,38.86
1939,3,pre,CCKP-CRU-TS4.08-ISR,CRU-CY4.08-Israel,54.79,82.3,27.509999999999998
1939,4,pre,CCKP-CRU-TS4.08-ISR,CRU-CY4.08-Israel,10.11,15.6,5.49
1939,5,pre,CCKP-CRU-TS4.08-ISR,CRU-CY4.08-Israel,0.29,1.1,0.81
1939,6,pre,CCKP-CRU-TS4.08-ISR,CRU-CY4.08-Israel,0.08,0.3,0.21999999999999997
1939,7,pre,CCKP-CRU-TS4.08-ISR,CRU-CY4.08-Israel,0.04,0.0,-0.04
1939,8,pre,CCKP-CRU-TS4.08-ISR,CRU-CY4.08-Israel,0.01,0.0,-0.01
1939,9,pre,CCKP-CRU-TS4.08-ISR,CRU-CY4.08-Israel,0.0,0.0,0.0
1939,10,pre,CCKP-CRU-TS4.08-ISR,CRU-CY4.08-Israel,3.91,4.6,0.6899999999999995
1939,11,pre,CCKP-CRU-TS4.08-ISR,CRU-CY4.08-Israel,76.22,104.2,27.980000000000004
1939,12,pre,CCKP-CRU-TS4.08-ISR,CRU-CY4.08-Israel,44.48,71.5,27.020000000000003
1940,1,pre,CCKP-CRU-TS4.08-ISR,CRU-CY4.08-Israel,104.28,163.2,58.91999999999999
1940,2,pre,CCKP-CRU-TS4.08-ISR,CRU-CY4.08-Israel,26.5,50.9,24.4
1940,3,pre,CCKP-CRU-TS4.08-ISR,CRU-CY4.08-Israel,27.43,43.9,16.47
1940,4,pre,CCKP-CRU-TS4.08-ISR,CRU-CY4.08-Israel,24.36,30.3,5.940000000000001
1940,5,pre,CCKP-CRU-TS4.08-ISR,CRU-CY4.08-Israel,1.1,2.6,1.5
1940,6,pre,CCKP-CRU-TS4.08-ISR,CRU-CY4.08-Israel,0.01,0.1,0.09000000000000001
1940,7,pre,CCKP-CRU-TS4.08-ISR,CRU-CY4.08-Israel,0.04,0.0,-0.04
1940,8,pre,CCKP-CRU-TS4.08-ISR,CRU-CY4.08-Israel,0.0,0.0,0.0
1940,9,pre,CCKP-CRU-TS4.08-ISR,CRU-CY4.08-Israel,0.08,0.2,0.12000000000000001
1940,10,pre,CCKP-CRU-TS4.08-ISR,CRU-CY4.08-Israel,11.77,15.7,3.9299999999999997
1940,11,pre,CCKP-CRU-TS4.08-ISR,CRU-CY4.08-Israel,48.11,84.6,36.489999999999995
1940,12,pre,CCKP-CRU-TS4.08-ISR,CRU-CY4.08-Israel,76.86,126.7,49.84
1941,1,pre,CCKP-CRU-TS4.08-ISR,CRU-CY4.08-Israel,56.64,97.8,41.16
1941,2,pre,CCKP-CRU-TS4.08-ISR,CRU-CY4.08-Israel,31.21,46.2,14.990000000000002
1941,3,pre,CCKP-CRU-TS4.08-ISR,CRU-CY4.08-Israel,47.32,63.8,16.479999999999997
1941,4,pre,CCKP-CRU-TS4.08-ISR,CRU-CY4.08-Israel,5.03,9.3,4.2700000000000005
1941,5,pre,CCKP-CRU-TS4.08-ISR,CRU-CY4.08-Israel,0.08,0.3,0.21999999999999997
1941,6,pre,CCKP-CRU-TS4.08-ISR,CRU-CY4.08-Israel,0.0,0.0,0.0
1941,7,pre,CCKP-CRU-TS4.08-ISR,CRU-CY4.08-Israel,0.04,0.0,-0.04
1941,8,pre,CCKP-CRU-TS4.08-ISR,CRU-CY4.08-Israel,0.0,0.0,0.0
1941,9,pre,CCKP-CRU-TS4.08-ISR,CRU-CY4.08-Israel,0.09,0.2,0.11000000000000001
1941,10,pre,CCKP-CRU-TS4.08-ISR,CRU-CY4.08-Israel,3.79,6.2,2.41
1941,11,pre,CCKP-CRU-TS4.08-ISR,CRU-CY4.08-Israel,9.85,13.1,3.25
1941,12,pre,CCKP-CRU-TS4.08-ISR,CRU-CY4.08-Israel,156.74,227.5,70.75999999999999
1942,1,pre,CCKP-CRU-TS4.08-ISR,CRU-CY4.08-Israel,76.63,114.9,38.27000000000001
1942,2,pre,CCKP-CRU-TS4.08-ISR,CRU-CY4.08-Israel,49.61,76.9,27.290000000000006
1942,3,pre,CCKP-CRU-TS4.08-ISR,CRU-CY4.08-Israel,64.06,91.9,27.840000000000003
1942,4,pre,CCKP-CRU-TS4.08-ISR,CRU-CY4.08-Israel,1.51,3.1,1.59
1942,5,pre,CCKP-CRU-TS4.08-ISR,CRU-CY4.08-Israel,0.5,1.0,0.5
1942,6,pre,CCKP-CRU-TS4.08-ISR,CRU-CY4.08-Israel,0.02,0.1,0.08
1942,7,pre,CCKP-CRU-TS4.08-ISR,CRU-CY4.08-Israel,0.04,0.0,-0.04
1942,8,pre,CCKP-CRU-TS4.08-ISR,CRU-CY4.08-Israel,0.01,0.0,-0.01
1942,9,pre,CCKP-CRU-TS4.08-ISR,CRU-CY4.08-Israel,0.5,0.9,0.4
1942,10,pre,CCKP-CRU-TS4.08-ISR,CRU-CY4.08-Israel,33.17,48.3,15.129999999999995
1942,11,pre,CCKP-CRU-TS4.08-ISR,CRU-CY4.08-Israel,45.25,71.3,26.049999999999997
1942,12,pre,CCKP-CRU-TS4.08-ISR,CRU-CY4.08-Israel,23.43,33.8,10.369999999999997
1943,1,pre,CCKP-CRU-TS4.08-ISR,CRU-CY4.08-Israel,107.42,177.9,70.48
1943,2,pre,CCKP-CRU-TS4.08-ISR,CRU-CY4.08-Israel,52.13,70.4,18.270000000000003
1943,3,pre,CCKP-CRU-TS4.08-ISR,CRU-CY4.08-Israel,73.79,103.8,30.00999999999999
1943,4,pre,CCKP-CRU-TS4.08-ISR,CRU-CY4.08-Israel,35.65,52.9,17.25
1943,5,pre,CCKP-CRU-TS4.08-ISR,CRU-CY4.08-Israel,1.45,2.2,0.7500000000000002
1943,6,pre,CCKP-CRU-TS4.08-ISR,CRU-CY4.08-Israel,0.0,0.0,0.0
1943,7,pre,CCKP-CRU-TS4.08-ISR,CRU-CY4.08-Israel,0.04,0.0,-0.04
1943,8,pre,CCKP-CRU-TS4.08-ISR,CRU-CY4.08-Israel,0.0,0.0,0.0
1943,9,pre,CCKP-CRU-TS4.08-ISR,CRU-CY4.08-Israel,0.02,0.0,-0.02
1943,10,pre,CCKP-CRU-TS4.08-ISR,CRU-CY4.08-Israel,10.2,14.0,3.8000000000000007
1943,11,pre,CCKP-CRU-TS4.08-ISR,CRU-CY4.08-Israel,4.26,6.6,2.34
1943,12,pre,CCKP-CRU-TS4.08-ISR,CRU-CY4.08-Israel,35.42,54.7,19.28
1944,1,pre,CCKP-CRU-TS4.08-ISR,CRU-CY4.08-Israel,142.87,214.7,71.82999999999998
1944,2,pre,CCKP-CRU-TS4.08-ISR,CRU-CY4.08-Israel,30.34,51.9,21.56
1944,3,pre,CCKP-CRU-TS4.08-ISR,CRU-CY4.08-Israel,29.03,43.4,14.369999999999997
1944,4,pre,CCKP-CRU-TS4.08-ISR,CRU-CY4.08-Israel,9.61,13.1,3.49
1944,5,pre,CCKP-CRU-TS4.08-ISR,CRU-CY4.08-Israel,7.78,11.8,4.0200000000000005
1944,6,pre,CCKP-CRU-TS4.08-ISR,CRU-CY4.08-Israel,0.0,0.0,0.0
1944,7,pre,CCKP-CRU-TS4.08-ISR,CRU-CY4.08-Israel,0.04,0.0,-0.04
1944,8,pre,CCKP-CRU-TS4.08-ISR,CRU-CY4.08-Israel,0.0,0.0,0.0
1944,9,pre,CCKP-CRU-TS4.08-ISR,CRU-CY4.08-Israel,0.02,0.0,-0.02
1944,10,pre,CCKP-CRU-TS4.08-ISR,CRU-CY4.08-Israel,1.2,1.9,0.7
1944,11,pre,CCKP-CRU-TS4.08-ISR,CRU-CY4.08-Israel,125.65,202.6,76.94999999999999
1944,12,pre,CCKP-CRU-TS4.08-ISR,CRU-CY4.08-Israel,109.87,166.4,56.53
1945,1,pre,CCKP-CRU-TS4.08-ISR,CRU-CY4.08-Israel,86.08,132.0,45.92
1945,2,pre,CCKP-CRU-TS4.08-ISR,CRU-CY4.08-Israel,73.66,112.4,38.74000000000001
1945,3,pre,CCKP-CRU-TS4.08-ISR,CRU-CY4.08-Israel,22.75,32.9,10.149999999999999
1945,4,pre,CCKP-CRU-TS4.08-ISR,CRU-CY4.08-Israel,7.07,10.4,3.33
1945,5,pre,CCKP-CRU-TS4.08-ISR,CRU-CY4.08-Israel,10.3,15.6,5.299999999999999
1945,6,pre,CCKP-CRU-TS4.08-ISR,CRU-CY4.08-Israel,0.01,0.0,-0.01
1945,7,pre,CCKP-CRU-TS4.08-ISR,CRU-CY4.08-Israel,0.05,0.0,-0.05
1945,8,pre,CCKP-CRU-TS4.08-ISR,CRU-CY4.08-Israel,0.0,0.0,0.0
1945,9,pre,CCKP-CRU-TS4.08-ISR,CRU-CY4.08-Israel,0.17,0.4,0.23
1945,10,pre,CCKP-CRU-TS4.08-ISR,CRU-CY4.08-Israel,1.26,2.4,1.14
1945,11,pre,CCKP-CRU-TS4.08-ISR,CRU-CY4.08-Israel,46.81,71.7,24.89
1945,12,pre,CCKP-CRU-TS4.08-ISR,CRU-CY4.08-Israel,65.59,96.6,31.00999999999999
1946,1,pre,CCKP-CRU-TS4.08-ISR,CRU-CY4.08-Israel,31.11,41.8,10.689999999999998
1946,2,pre,CCKP-CRU-TS4.08-ISR,CRU-CY4.08-Israel,84.97,134.7,49.72999999999999
1946,3,pre,CCKP-CRU-TS4.08-ISR,CRU-CY4.08-Israel,24.42,37.9,13.479999999999997
1946,4,pre,CCKP-CRU-TS4.08-ISR,CRU-CY4.08-Israel,0.98,1.7,0.72
1946,5,pre,CCKP-CRU-TS4.08-ISR,CRU-CY4.08-Israel,10.85,18.1,7.250000000000002
1946,6,pre,CCKP-CRU-TS4.08-ISR,CRU-CY4.08-Israel,0.0,0.0,0.0
1946,7,pre,CCKP-CRU-TS4.08-ISR,CRU-CY4.08-Israel,0.05,0.0,-0.05
1946,8,pre,CCKP-CRU-TS4.08-ISR,CRU-CY4.08-Israel,0.0,0.0,0.0
1946,9,pre,CCKP-CRU-TS4.08-ISR,CRU-CY4.08-Israel,0.05,0.1,0.05
1946,10,pre,CCKP-CRU-TS4.08-ISR,CRU-CY4.08-Israel,2.56,5.1,2.5399999999999996
1946,11,pre,CCKP-CRU-TS4.08-ISR,CRU-CY4.08-Israel,3.63,5.6,1.9699999999999998
1946,12,pre,CCKP-CRU-TS4.08-ISR,CRU-CY4.08-Israel,35.17,60.1,24.93
1947,1,pre,CCKP-CRU-TS4.08-ISR,CRU-CY4.08-Israel,84.41,143.5,59.09
1947,2,pre,CCKP-CRU-TS4.08-ISR,CRU-CY4.08-Israel,13.38,25.0,11.62
1947,3,pre,CCKP-CRU-TS4.08-ISR,CRU-CY4.08-Israel,31.26,39.3,8.039999999999996
1947,4,pre,CCKP-CRU-TS4.08-ISR,CRU-CY4.08-Israel,7.92,11.0,3.08
1947,5,pre,CCKP-CRU-TS4.08-ISR,CRU-CY4.08-Israel,2.57,5.3,2.73
1947,6,pre,CCKP-CRU-TS4.08-ISR,CRU-CY4.08-Israel,0.02,0.1,0.08
1947,7,pre,CCKP-CRU-TS4.08-ISR,CRU-CY4.08-Israel,0.05,0.0,-0.05
1947,8,pre,CCKP-CRU-TS4.08-ISR,CRU-CY4.08-Israel,0.0,0.0,0.0
1947,9,pre,CCKP-CRU-TS4.08-ISR,CRU-CY4.08-Israel,0.24,0.3,0.06
1947,10,pre,CCKP-CRU-TS4.08-ISR,CRU-CY4.08-Israel,1.82,2.8,0.9799999999999998
1947,11,pre,CCKP-CRU-TS4.08-ISR,CRU-CY4.08-Israel,46.52,68.0,21.479999999999997
1947,12,pre,CCKP-CRU-TS4.08-ISR,CRU-CY4.08-Israel,24.19,37.5,13.309999999999999
1948,1,pre,CCKP-CRU-TS4.08-ISR,CRU-CY4.08-Israel,71.64,110.3,38.66
1948,2,pre,CCKP-CRU-TS4.08-ISR,CRU-CY4.08-Israel,66.77,110.3,43.53
1948,3,pre,CCKP-CRU-TS4.08-ISR,CRU-CY4.08-Israel,63.36,93.9,30.540000000000006
1948,4,pre,CCKP-CRU-TS4.08-ISR,CRU-CY4.08-Israel,15.06,21.4,6.339999999999998
1948,5,pre,CCKP-CRU-TS4.08-ISR,CRU-CY4.08-Israel,2.36,4.8,2.44
1948,6,pre,CCKP-CRU-TS4.08-ISR,CRU-CY4.08-Israel,0.0,0.0,0.0
1948,7,pre,CCKP-CRU-TS4.08-ISR,CRU-CY4.08-Israel,0.05,0.0,-0.05
1948,8,pre,CCKP-CRU-TS4.08-ISR,CRU-CY4.08-Israel,0.0,0.0,0.0
1948,9,pre,CCKP-CRU-TS4.08-ISR,CRU-CY4.08-Israel,0.07,0.2,0.13
1948,10,pre,CCKP-CRU-TS4.08-ISR,CRU-CY4.08-Israel,1.29,2.3,1.0099999999999998
1948,11,pre,CCKP-CRU-TS4.08-ISR,CRU-CY4.08-Israel,30.32,48.1,17.78
1948,12,pre,CCKP-CRU-TS4.08-ISR,CRU-CY4.08-Israel,69.08,106.7,37.620000000000005
1949,1,pre,CCKP-CRU-TS4.08-ISR,CRU-CY4.08-Israel,82.16,130.1,47.94
1949,2,pre,CCKP-CRU-TS4.08-ISR,CRU-CY4.08-Israel,95.47,143.0,47.53
1949,3,pre,CCKP-CRU-TS4.08-ISR,CRU-CY4.08-Israel,58.99,89.4,30.410000000000004
1949,4,pre,CCKP-CRU-TS4.08-ISR,CRU-CY4.08-Israel,40.42,61.1,20.68
1949,5,pre,CCKP-CRU-TS4.08-ISR,CRU-CY4.08-Israel,1.09,1.9,0.8099999999999998
1949,6,pre,CCKP-CRU-TS4.08-ISR,CRU-CY4.08-Israel,0.0,0.0,0.0
1949,7,pre,CCKP-CRU-TS4.08-ISR,CRU-CY4.08-Israel,0.05,0.0,-0.05
1949,8,pre,CCKP-CRU-TS4.08-ISR,CRU-CY4.08-Israel,0.0,0.0,0.0
1949,9,pre,CCKP-CRU-TS4.08-ISR,CRU-CY4.08-Israel,0.95,1.9,0.95
1949,10,pre,CCKP-CRU-TS4.08-ISR,CRU-CY4.08-Israel,0.18,0.3,0.12
1949,11,pre,CCKP-CRU-TS4.08-ISR,CRU-CY4.08-Israel,5.5,6.2,0.7000000000000002
1949,12,pre,CCKP-CRU-TS4.08-ISR,CRU-CY4.08-Israel,109.21,168.1,58.89
1950,1,pre,CCKP-CRU-TS4.08-ISR,CRU-CY4.08-Israel,84.8,128.4,43.60000000000001
1950,2,pre,CCKP-CRU-TS4.08-ISR,CRU-CY4.08-Israel,62.48,87.6,25.119999999999997
1950,3,pre,CCKP-CRU-TS4.08-ISR,CRU-CY4.08-Israel,24.88,39.6,14.720000000000002
1950,4,pre,CCKP-CRU-TS4.08-ISR,CRU-CY4.08-Israel,8.75,12.4,3.6500000000000004
1950,5,pre,CCKP-CRU-TS4.08-ISR,CRU-CY4.08-Israel,10.92,17.1,6.1800000000000015
1950,6,pre,CCKP-CRU-TS4.08-ISR,CRU-CY4.08-Israel,0.01,0.0,-0.01
1950,7,pre,CCKP-CRU-TS4.08-ISR,CRU-CY4.08-Israel,0.04,0.0,-0.04
1950,8,pre,CCKP-CRU-TS4.08-ISR,CRU-CY4.08-Israel,0.0,0.0,0.0
1950,9,pre,CCKP-CRU-TS4.08-ISR,CRU-CY4.08-Israel,0.16,0.3,0.13999999999999999
1950,10,pre,CCKP-CRU-TS4.08-ISR,CRU-CY4.08-Israel,10.65,18.6,7.950000000000001
1950,11,pre,CCKP-CRU-TS4.08-ISR,CRU-CY4.08-Israel,17.83,27.8,9.970000000000002
1950,12,pre,CCKP-CRU-TS4.08-ISR,CRU-CY4.08-Israel,24.25,40.5,16.25
1951,1,pre,CCKP-CRU-TS4.08-ISR,CRU-CY4.08-Israel,43.44,69.5,26.060000000000002
1951,2,pre,CCKP-CRU-TS4.08-ISR,CRU-CY4.08-Israel,54.93,76.8,21.869999999999997
1951,3,pre,CCKP-CRU-TS4.08-ISR,CRU-CY4.08-Israel,14.62,23.5,8.88
1951,4,pre,CCKP-CRU-TS4.08-ISR,CRU-CY4.08-Israel,11.79,22.6,10.810000000000002
1951,5,pre,CCKP-CRU-TS4.08-ISR,CRU-CY4.08-Israel,0.27,0.6,0.32999999999999996
1951,6,pre,CCKP-CRU-TS4.08-ISR,CRU-CY4.08-Israel,0.01,0.0,-0.01
1951,7,pre,CCKP-CRU-TS4.08-ISR,CRU-CY4.08-Israel,0.04,0.0,-0.04
1951,8,pre,CCKP-CRU-TS4.08-ISR,CRU-CY4.08-Israel,0.0,0.0,0.0
1951,9,pre,CCKP-CRU-TS4.08-ISR,CRU-CY4.08-Israel,0.47,0.8,0.33000000000000007
1951,10,pre,CCKP-CRU-TS4.08-ISR,CRU-CY4.08-Israel,5.92,11.4,5.48
1951,11,pre,CCKP-CRU-TS4.08-ISR,CRU-CY4.08-Israel,26.22,42.6,16.380000000000003
1951,12,pre,CCKP-CRU-TS4.08-ISR,CRU-CY4.08-Israel,154.47,231.1,76.63
1952,1,pre,CCKP-CRU-TS4.08-ISR,CRU-CY4.08-Israel,52.35,73.4,21.050000000000004
1952,2,pre,CCKP-CRU-TS4.08-ISR,CRU-CY4.08-Israel,71.45,107.7,36.25
1952,3,pre,CCKP-CRU-TS4.08-ISR,CRU-CY4.08-Israel,32.65,51.9,19.25
1952,4,pre,CCKP-CRU-TS4.08-ISR,CRU-CY4.08-Israel,4.26,7.0,2.74
1952,5,pre,CCKP-CRU-TS4.08-ISR,CRU-CY4.08-Israel,0.35,0.8,0.45000000000000007
1952,6,pre,CCKP-CRU-TS4.08-ISR,CRU-CY4.08-Israel,0.0,0.0,0.0
1952,7,pre,CCKP-CRU-TS4.08-ISR,CRU-CY4.08-Israel,0.04,0.0,-0.04
1952,8,pre,CCKP-CRU-TS4.08-ISR,CRU-CY4.08-Israel,0.0,0.0,0.0
1952,9,pre,CCKP-CRU-TS4.08-ISR,CRU-CY4.08-Israel,0.0,0.0,0.0
1952,10,pre,CCKP-CRU-TS4.08-ISR,CRU-CY4.08-Israel,8.48,11.8,3.3200000000000003
1952,11,pre,CCKP-CRU-TS4.08-ISR,CRU-CY4.08-Israel,14.16,25.6,11.440000000000001
1952,12,pre,CCKP-CRU-TS4.08-ISR,CRU-CY4.08-Israel,27.31,50.8,23.49
1953,1,pre,CCKP-CRU-TS4.08-ISR,CRU-CY4.08-Israel,64.11,110.0,45.89
1953,2,pre,CCKP-CRU-TS4.08-ISR,CRU-CY4.08-Israel,72.4,110.2,37.8
1953,3,pre,CCKP-CRU-TS4.08-ISR,CRU-CY4.08-Israel,86.24,128.8,42.56000000000002
1953,4,pre,CCKP-CRU-TS4.08-ISR,CRU-CY4.08-Israel,7.17,11.0,3.83
1953,5,pre,CCKP-CRU-TS4.08-ISR,CRU-CY4.08-Israel,0.24,0.6,0.36
1953,6,pre,CCKP-CRU-TS4.08-ISR,CRU-CY4.08-Israel,0.01,0.0,-0.01
1953,7,pre,CCKP-CRU-TS4.08-ISR,CRU-CY4.08-Israel,0.04,0.0,-0.04
1953,8,pre,CCKP-CRU-TS4.08-ISR,CRU-CY4.08-Israel,0.0,0.0,0.0
1953,9,pre,CCKP-CRU-TS4.08-ISR,CRU-CY4.08-Israel,0.03,0.1,0.07
1953,10,pre,CCKP-CRU-TS4.08-ISR,CRU-CY4.08-Israel,0.84,1.4,0.5599999999999999
1953,11,pre,CCKP-CRU-TS4.08-ISR,CRU-CY4.08-Israel,87.48,132.8,45.32000000000001
1953,12,pre,CCKP-CRU-TS4.08-ISR,CRU-CY4.08-Israel,74.66,106.3,31.64
1954,1,pre,CCKP-CRU-TS4.08-ISR,CRU-CY4.08-Israel,45.73,82.1,36.37
1954,2,pre,CCKP-CRU-TS4.08-ISR,CRU-CY4.08-Israel,81.85,122.9,41.05000000000001
1954,3,pre,CCKP-CRU-TS4.08-ISR,CRU-CY4.08-Israel,15.02,20.0,4.98
1954,4,pre,CCKP-CRU-TS4.08-ISR,CRU-CY4.08-Israel,23.74,34.5,10.760000000000002
1954,5,pre,CCKP-CRU-TS4.08-ISR,CRU-CY4.08-Israel,0.19,0.5,0.31
1954,6,pre,CCKP-CRU-TS4.08-ISR,CRU-CY4.08-Israel,0.0,0.0,0.0
1954,7,pre,CCKP-CRU-TS4.08-ISR,CRU-CY4.08-Israel,0.04,0.0,-0.04
1954,8,pre,CCKP-CRU-TS4.08-ISR,CRU-CY4.08-Israel,0.0,0.0,0.0
1954,9,pre,CCKP-CRU-TS4.08-ISR,CRU-CY4.08-Israel,0.27,0.5,0.22999999999999998
1954,10,pre,CCKP-CRU-TS4.08-ISR,CRU-CY4.08-Israel,1.99,3.8,1.8099999999999998
1954,11,pre,CCKP-CRU-TS4.08-ISR,CRU-CY4.08-Israel,47.05,68.8,21.75
1954,12,pre,CCKP-CRU-TS4.08-ISR,CRU-CY4.08-Israel,91.02,123.1,32.08
1955,1,pre,CCKP-CRU-TS4.08-ISR,CRU-CY4.08-Israel,10.36,15.1,4.74
1955,2,pre,CCKP-CRU-TS4.08-ISR,CRU-CY4.08-Israel,16.79,28.7,11.91
1955,3,pre,CCKP-CRU-TS4.08-ISR,CRU-CY4.08-Israel,23.47,38.9,15.43
1955,4,pre,CCKP-CRU-TS4.08-ISR,CRU-CY4.08-Israel,9.24,14.0,4.76
1955,5,pre,CCKP-CRU-TS4.08-ISR,CRU-CY4.08-Israel,2.04,4.5,2.46
1955,6,pre,CCKP-CRU-TS4.08-ISR,CRU-CY4.08-Israel,0.0,0.0,0.0
1955,7,pre,CCKP-CRU-TS4.08-ISR,CRU-CY4.08-Israel,0.04,0.0,-0.04
1955,8,pre,CCKP-CRU-TS4.08-ISR,CRU-CY4.08-Israel,0.0,0.0,0.0
1955,9,pre,CCKP-CRU-TS4.08-ISR,CRU-CY4.08-Israel,0.0,0.0,0.0
1955,10,pre,CCKP-CRU-TS4.08-ISR,CRU-CY4.08-Israel,3.91,7.5,3.59
1955,11,pre,CCKP-CRU-TS4.08-ISR,CRU-CY4.08-Israel,89.69,137.1,47.41
1955,12,pre,CCKP-CRU-TS4.08-ISR,CRU-CY4.08-Israel,83.41,125.2,41.790000000000006
1956,1,pre,CCKP-CRU-TS4.08-ISR,CRU-CY4.08-Israel,76.72,115.4,38.68000000000001
1956,2,pre,CCKP-CRU-TS4.08-ISR,CRU-CY4.08-Israel,25.31,43.3,17.99
1956,3,pre,CCKP-CRU-TS4.08-ISR,CRU-CY4.08-Israel,45.67,67.8,22.129999999999995
1956,4,pre,CCKP-CRU-TS4.08-ISR,CRU-CY4.08-Israel,12.19,16.9,4.709999999999999
1956,5,pre,CCKP-CRU-TS4.08-ISR,CRU-CY4.08-Israel,2.67,5.4,2.7300000000000004
1956,6,pre,CCKP-CRU-TS4.08-ISR,CRU-CY4.08-Israel,0.0,0.0,0.0
1956,7,pre,CCKP-CRU-TS4.08-ISR,CRU-CY4.08-Israel,0.04,0.0,-0.04
1956,8,pre,CCKP-CRU-TS4.08-ISR,CRU-CY4.08-Israel,0.0,0.0,0.0
1956,9,pre,CCKP-CRU-TS4.08-ISR,CRU-CY4.08-Israel,0.01,0.1,0.09000000000000001
1956,10,pre,CCKP-CRU-TS4.08-ISR,CRU-CY4.08-Israel,0.68,0.9,0.21999999999999997
1956,11,pre,CCKP-CRU-TS4.08-ISR,CRU-CY4.08-Israel,14.17,21.1,6.9300000000000015
1956,12,pre,CCKP-CRU-TS4.08-ISR,CRU-CY4.08-Israel,62.17,95.6,33.42999999999999
1957,1,pre,CCKP-CRU-TS4.08-ISR,CRU-CY4.08-Israel,72.35,106.7,34.35000000000001
1957,2,pre,CCKP-CRU-TS4.08-ISR,CRU-CY4.08-Israel,64.5,92.2,27.700000000000003
1957,3,pre,CCKP-CRU-TS4.08-ISR,CRU-CY4.08-Israel,56.28,81.6,25.319999999999993
1957,4,pre,CCKP-CRU-TS4.08-ISR,CRU-CY4.08-Israel,16.18,20.7,4.52
1957,5,pre,CCKP-CRU-TS4.08-ISR,CRU-CY4.08-Israel,11.23,15.6,4.369999999999999
1957,6,pre,CCKP-CRU-TS4.08-ISR,CRU-CY4.08-Israel,0.02,0.1,0.08
1957,7,pre,CCKP-CRU-TS4.08-ISR,CRU-CY4.08-Israel,0.04,0.0,-0.04
1957,8,pre,CCKP-CRU-TS4.08-ISR,CRU-CY4.08-Israel,0.0,0.0,0.0
1957,9,pre,CCKP-CRU-TS4.08-ISR,CRU-CY4.08-Israel,0.07,0.2,0.13
1957,10,pre,CCKP-CRU-TS4.08-ISR,CRU-CY4.08-Israel,5.03,7.8,2.7699999999999996
1957,11,pre,CCKP-CRU-TS4.08-ISR,CRU-CY4.08-Israel,33.94,51.5,17.560000000000002
1957,12,pre,CCKP-CRU-TS4.08-ISR,CRU-CY4.08-Israel,72.52,119.3,46.78
1958,1,pre,CCKP-CRU-TS4.08-ISR,CRU-CY4.08-Israel,99.29,155.1,55.80999999999999
1958,2,pre,CCKP-CRU-TS4.08-ISR,CRU-CY4.08-Israel,8.36,12.0,3.6400000000000006
1958,3,pre,CCKP-CRU-TS4.08-ISR,CRU-CY4.08-Israel,4.66,8.9,4.24
1958,4,pre,CCKP-CRU-TS4.08-ISR,CRU-CY4.08-Israel,5.59,8.6,3.01
1958,5,pre,CCKP-CRU-TS4.08-ISR,CRU-CY4.08-Israel,1.28,2.9,1.6199999999999999
1958,6,pre,CCKP-CRU-TS4.08-ISR,CRU-CY4.08-Israel,0.11,0.1,-0.009999999999999995
1958,7,pre,CCKP-CRU-TS4.08-ISR,CRU-CY4.08-Israel,0.04,0.0,-0.04
1958,8,pre,CCKP-CRU-TS4.08-ISR,CRU-CY4.08-Israel,0.0,0.0,0.0
1958,9,pre,CCKP-CRU-TS4.08-ISR,CRU-CY4.08-Israel,0.15,0.3,0.15
1958,10,pre,CCKP-CRU-TS4.08-ISR,CRU-CY4.08-Israel,4.45,8.6,4.1499999999999995
1958,11,pre,CCKP-CRU-TS4.08-ISR,CRU-CY4.08-Israel,4.03,6.2,2.17
1958,12,pre,CCKP-CRU-TS4.08-ISR,CRU-CY4.08-Israel,17.43,33.7,16.270000000000003
1959,1,pre,CCKP-CRU-TS4.08-ISR,CRU-CY4.08-Israel,62.41,103.2,40.790000000000006
1959,2,pre,CCKP-CRU-TS4.08-ISR,CRU-CY4.08-Israel,84.56,117.2,32.64
1959,3,pre,CCKP-CRU-TS4.08-ISR,CRU-CY4.08-Israel,25.15,38.8,13.649999999999999
1959,4,pre,CCKP-CRU-TS4.08-ISR,CRU-CY4.08-Israel,4.87,7.4,2.5300000000000002
1959,5,pre,CCKP-CRU-TS4.08-ISR,CRU-CY4.08-Israel,2.08,4.0,1.92
1959,6,pre,CCKP-CRU-TS4.08-ISR,CRU-CY4.08-Israel,0.01,0.1,0.09000000000000001
1959,7,pre,CCKP-CRU-TS4.08-ISR,CRU-CY4.08-Israel,0.04,0.0,-0.04
1959,8,pre,CCKP-CRU-TS4.08-ISR,CRU-CY4.08-Israel,0.0,0.0,0.0
1959,9,pre,CCKP-CRU-TS4.08-ISR,CRU-CY4.08-Israel,0.57,1.1,0.5300000000000001
1959,10,pre,CCKP-CRU-TS4.08-ISR,CRU-CY4.08-Israel,1.83,3.0,1.17
1959,11,pre,CCKP-CRU-TS4.08-ISR,CRU-CY4.08-Israel,14.85,22.5,7.65
1959,12,pre,CCKP-CRU-TS4.08-ISR,CRU-CY4.08-Israel,17.3,28.3,11.0
1960,1,pre,CCKP-CRU-TS4.08-ISR,CRU-CY4.08-Israel,47.67,78.3,30.629999999999995
1960,2,pre,CCKP-CRU-TS4.08-ISR,CRU-CY4.08-Israel,9.98,16.3,6.32
1960,3,pre,CCKP-CRU-TS4.08-ISR,CRU-CY4.08-Israel,37.37,58.8,21.43
1960,4,pre,CCKP-CRU-TS4.08-ISR,CRU-CY4.08-Israel,9.3,15.5,6.199999999999999
1960,5,pre,CCKP-CRU-TS4.08-ISR,CRU-CY4.08-Israel,0.39,0.7,0.30999999999999994
1960,6,pre,CCKP-CRU-TS4.08-ISR,CRU-CY4.08-Israel,0.0,0.0,0.0
1960,7,pre,CCKP-CRU-TS4.08-ISR,CRU-CY4.08-Israel,0.04,0.0,-0.04
1960,8,pre,CCKP-CRU-TS4.08-ISR,CRU-CY4.08-Israel,0.0,0.0,0.0
1960,9,pre,CCKP-CRU-TS4.08-ISR,CRU-CY4.08-Israel,0.06,0.1,0.04000000000000001
1960,10,pre,CCKP-CRU-TS4.08-ISR,CRU-CY4.08-Israel,0.55,1.0,0.44999999999999996
1960,11,pre,CCKP-CRU-TS4.08-ISR,CRU-CY4.08-Israel,43.63,67.6,23.96999999999999
1960,12,pre,CCKP-CRU-TS4.08-ISR,CRU-CY4.08-Israel,22.35,33.2,10.850000000000001
1961,1,pre,CCKP-CRU-TS4.08-ISR,CRU-CY4.08-Israel,74.62,110.5,35.879999999999995
1961,2,pre,CCKP-CRU-TS4.08-ISR,CRU-CY4.08-Israel,72.47,110.9,38.43000000000001
1961,3,pre,CCKP-CRU-TS4.08-ISR,CRU-CY4.08-Israel,16.41,24.7,8.29
1961,4,pre,CCKP-CRU-TS4.08-ISR,CRU-CY4.08-Israel,14.59,21.8,7.210000000000001
1961,5,pre,CCKP-CRU-TS4.08-ISR,CRU-CY4.08-Israel,6.87,10.3,3.4300000000000006
1961,6,pre,CCKP-CRU-TS4.08-ISR,CRU-CY4.08-Israel,0.01,0.0,-0.01
1961,7,pre,CCKP-CRU-TS4.08-ISR,CRU-CY4.08-Israel,0.04,0.0,-0.04
1961,8,pre,CCKP-CRU-TS4.08-ISR,CRU-CY4.08-Israel,0.0,0.0,0.0
1961,9,pre,CCKP-CRU-TS4.08-ISR,CRU-CY4.08-Israel,0.39,0.8,0.41000000000000003
1961,10,pre,CCKP-CRU-TS4.08-ISR,CRU-CY4.08-Israel,6.9,7.1,0.1999999999999993
1961,11,pre,CCKP-CRU-TS4.08-ISR,CRU-CY4.08-Israel,19.44,31.8,12.36
1961,12,pre,CCKP-CRU-TS4.08-ISR,CRU-CY4.08-Israel,120.94,181.9,60.96000000000001
1962,1,pre,CCKP-CRU-TS4.08-ISR,CRU-CY4.08-Israel,53.85,83.2,29.35
1962,2,pre,CCKP-CRU-TS4.08-ISR,CRU-CY4.08-Israel,46.82,76.4,29.580000000000005
1962,3,pre,CCKP-CRU-TS4.08-ISR,CRU-CY4.08-Israel,3.73,6.7,2.97
1962,4,pre,CCKP-CRU-TS4.08-ISR,CRU-CY4.08-Israel,11.92,17.6,5.6800000000000015
1962,5,pre,CCKP-CRU-TS4.08-ISR,CRU-CY4.08-Israel,2.69,5.1,2.4099999999999997
1962,6,pre,CCKP-CRU-TS4.08-ISR,CRU-CY4.08-Israel,0.0,0.0,0.0
1962,7,pre,CCKP-CRU-TS4.08-ISR,CRU-CY4.08-Israel,0.04,0.0,-0.04
1962,8,pre,CCKP-CRU-TS4.08-ISR,CRU-CY4.08-Israel,0.0,0.0,0.0
1962,9,pre,CCKP-CRU-TS4.08-ISR,CRU-CY4.08-Israel,0.0,0.0,0.0
1962,10,pre,CCKP-CRU-TS4.08-ISR,CRU-CY4.08-Israel,8.82,15.0,6.18
1962,11,pre,CCKP-CRU-TS4.08-ISR,CRU-CY4.08-Israel,3.09,5.6,2.51
1962,12,pre,CCKP-CRU-TS4.08-ISR,CRU-CY4.08-Israel,56.48,94.5,38.02
1963,1,pre,CCKP-CRU-TS4.08-ISR,CRU-CY4.08-Israel,39.64,69.0,29.36
1963,2,pre,CCKP-CRU-TS4.08-ISR,CRU-CY4.08-Israel,50.99,76.4,25.410000000000004
1963,3,pre,CCKP-CRU-TS4.08-ISR,CRU-CY4.08-Israel,23.42,37.4,13.979999999999997
1963,4,pre,CCKP-CRU-TS4.08-ISR,CRU-CY4.08-Israel,13.46,21.3,7.84
1963,5,pre,CCKP-CRU-TS4.08-ISR,CRU-CY4.08-Israel,7.84,12.8,4.960000000000001
1963,6,pre,CCKP-CRU-TS4.08-ISR,CRU-CY4.08-Israel,0.04,0.1,0.060000000000000005
1963,7,pre,CCKP-CRU-TS4.08-ISR,CRU-CY4.08-Israel,0.07,0.0,-0.07
1963,8,pre,CCKP-CRU-TS4.08-ISR,CRU-CY4.08-Israel,0.0,0.0,0.0
1963,9,pre,CCKP-CRU-TS4.08-ISR,CRU-CY4.08-Israel,0.07,0.1,0.03
1963,10,pre,CCKP-CRU-TS4.08-ISR,CRU-CY4.08-Israel,20.42,32.7,12.280000000000001
1963,11,pre,CCKP-CRU-TS4.08-ISR,CRU-CY4.08-Israel,25.04,39.7,14.660000000000004
1963,12,pre,CCKP-CRU-TS4.08-ISR,CRU-CY4.08-Israel,99.03,142.8,43.77000000000001
1964,1,pre,CCKP-CRU-TS4.08-ISR,CRU-CY4.08-Israel,57.82,85.3,27.479999999999997
1964,2,pre,CCKP-CRU-TS4.08-ISR,CRU-CY4.08-Israel,90.26,139.0,48.739999999999995
1964,3,pre,CCKP-CRU-TS4.08-ISR,CRU-CY4.08-Israel,35.44,57.9,22.46
1964,4,pre,CCKP-CRU-TS4.08-ISR,CRU-CY4.08-Israel,8.84,11.8,2.960000000000001
1964,5,pre,CCKP-CRU-TS4.08-ISR,CRU-CY4.08-Israel,2.1,3.9,1.7999999999999998
1964,6,pre,CCKP-CRU-TS4.08-ISR,CRU-CY4.08-Israel,0.0,0.0,0.0
1964,7,pre,CCKP-CRU-TS4.08-ISR,CRU-CY4.08-Israel,0.04,0.0,-0.04
1964,8,pre,CCKP-CRU-TS4.08-ISR,CRU-CY4.08-Israel,0.0,0.0,0.0
1964,9,pre,CCKP-CRU-TS4.08-ISR,CRU-CY4.08-Israel,0.02,0.0,-0.02
1964,10,pre,CCKP-CRU-TS4.08-ISR,CRU-CY4.08-Israel,1.4,2.9,1.5
1964,11,pre,CCKP-CRU-TS4.08-ISR,CRU-CY4.08-Israel,79.4,126.4,47.0
1964,12,pre,CCKP-CRU-TS4.08-ISR,CRU-CY4.08-Israel,66.45,93.8,27.349999999999994
1965,1,pre,CCKP-CRU-TS4.08-ISR,CRU-CY4.08-Israel,127.91,178.2,50.28999999999999
1965,2,pre,CCKP-CRU-TS4.08-ISR,CRU-CY4.08-Israel,33.32,55.5,22.18
1965,3,pre,CCKP-CRU-TS4.08-ISR,CRU-CY4.08-Israel,24.93,37.8,12.869999999999997
1965,4,pre,CCKP-CRU-TS4.08-ISR,CRU-CY4.08-Israel,26.3,38.5,12.2
1965,5,pre,CCKP-CRU-TS4.08-ISR,CRU-CY4.08-Israel,0.21,0.4,0.19000000000000003
1965,6,pre,CCKP-CRU-TS4.08-ISR,CRU-CY4.08-Israel,0.02,0.1,0.08
1965,7,pre,CCKP-CRU-TS4.08-ISR,CRU-CY4.08-Israel,0.04,0.0,-0.04
1965,8,pre,CCKP-CRU-TS4.08-ISR,CRU-CY4.08-Israel,0.01,0.0,-0.01
1965,9,pre,CCKP-CRU-TS4.08-ISR,CRU-CY4.08-Israel,0.08,0.3,0.21999999999999997
1965,10,pre,CCKP-CRU-TS4.08-ISR,CRU-CY4.08-Israel,27.08,40.9,13.82
1965,11,pre,CCKP-CRU-TS4.08-ISR,CRU-CY4.08-Israel,19.58,34.1,14.520000000000003
1965,12,pre,CCKP-CRU-TS4.08-ISR,CRU-CY4.08-Israel,41.09,67.5,26.409999999999997
1966,1,pre,CCKP-CRU-TS4.08-ISR,CRU-CY4.08-Israel,41.55,63.6,22.050000000000004
1966,2,pre,CCKP-CRU-TS4.08-ISR,CRU-CY4.08-Israel,38.56,56.5,17.939999999999998
1966,3,pre,CCKP-CRU-TS4.08-ISR,CRU-CY4.08-Israel,51.35,75.3,23.949999999999996
1966,4,pre,CCKP-CRU-TS4.08-ISR,CRU-CY4.08-Israel,0.53,0.9,0.37
1966,5,pre,CCKP-CRU-TS4.08-ISR,CRU-CY4.08-Israel,0.57,1.1,0.5300000000000001
1966,6,pre,CCKP-CRU-TS4.08-ISR,CRU-CY4.08-Israel,0.0,0.0,0.0
1966,7,pre,CCKP-CRU-TS4.08-ISR,CRU-CY4.08-Israel,0.04,0.0,-0.04
1966,8,pre,CCKP-CRU-TS4.08-ISR,CRU-CY4.08-Israel,0.0,0.0,0.0
1966,9,pre,CCKP-CRU-TS4.08-ISR,CRU-CY4.08-Israel,0.28,0.6,0.31999999999999995
1966,10,pre,CCKP-CRU-TS4.08-ISR,CRU-CY4.08-Israel,21.07,30.6,9.530000000000001
1966,11,pre,CCKP-CRU-TS4.08-ISR,CRU-CY4.08-Israel,18.06,26.3,8.240000000000002
1966,12,pre,CCKP-CRU-TS4.08-ISR,CRU-CY4.08-Israel,122.29,194.6,72.30999999999999
1967,1,pre,CCKP-CRU-TS4.08-ISR,CRU-CY4.08-Israel,97.42,152.5,55.08
1967,2,pre,CCKP-CRU-TS4.08-ISR,CRU-CY4.08-Israel,44.17,69.4,25.230000000000004
1967,3,pre,CCKP-CRU-TS4.08-ISR,CRU-CY4.08-Israel,73.29,116.2,42.91
1967,4,pre,CCKP-CRU-TS4.08-ISR,CRU-CY4.08-Israel,3.53,6.2,2.6700000000000004
1967,5,pre,CCKP-CRU-TS4.08-ISR,CRU-CY4.08-Israel,9.32,13.9,4.58
1967,6,pre,CCKP-CRU-TS4.08-ISR,CRU-CY4.08-Israel,0.0,0.0,0.0
1967,7,pre,CCKP-CRU-TS4.08-ISR,CRU-CY4.08-Israel,0.04,0.0,-0.04
1967,8,pre,CCKP-CRU-TS4.08-ISR,CRU-CY4.08-Israel,0.0,0.0,0.0
1967,9,pre,CCKP-CRU-TS4.08-ISR,CRU-CY4.08-Israel,0.06,0.2,0.14
1967,10,pre,CCKP-CRU-TS4.08-ISR,CRU-CY4.08-Israel,17.63,26.9,9.27
1967,11,pre,CCKP-CRU-TS4.08-ISR,CRU-CY4.08-Israel,49.45,72.8,23.349999999999994
1967,12,pre,CCKP-CRU-TS4.08-ISR,CRU-CY4.08-Israel,50.09,83.1,33.00999999999999
1968,1,pre,CCKP-CRU-TS4.08-ISR,CRU-CY4.08-Israel,98.17,152.3,54.13000000000001
1968,2,pre,CCKP-CRU-TS4.08-ISR,CRU-CY4.08-Israel,25.14,36.2,11.060000000000002
1968,3,pre,CCKP-CRU-TS4.08-ISR,CRU-CY4.08-Israel,15.99,22.1,6.110000000000001
1968,4,pre,CCKP-CRU-TS4.08-ISR,CRU-CY4.08-Israel,24.33,30.4,6.07
1968,5,pre,CCKP-CRU-TS4.08-ISR,CRU-CY4.08-Israel,4.26,4.8,0.54
1968,6,pre,CCKP-CRU-TS4.08-ISR,CRU-CY4.08-Israel,0.0,0.0,0.0
1968,7,pre,CCKP-CRU-TS4.08-ISR,CRU-CY4.08-Israel,0.04,0.0,-0.04
1968,8,pre,CCKP-CRU-TS4.08-ISR,CRU-CY4.08-Israel,0.01,0.1,0.09000000000000001
1968,9,pre,CCKP-CRU-TS4.08-ISR,CRU-CY4.08-Israel,0.08,0.2,0.12000000000000001
1968,10,pre,CCKP-CRU-TS4.08-ISR,CRU-CY4.08-Israel,13.47,21.2,7.729999999999999
1968,11,pre,CCKP-CRU-TS4.08-ISR,CRU-CY4.08-Israel,33.25,51.8,18.549999999999997
1968,12,pre,CCKP-CRU-TS4.08-ISR,CRU-CY4.08-Israel,90.87,149.4,58.53
1969,1,pre,CCKP-CRU-TS4.08-ISR,CRU-CY4.08-Israel,116.89,191.0,74.11
1969,2,pre,CCKP-CRU-TS4.08-ISR,CRU-CY4.08-Israel,14.95,24.6,9.650000000000002
1969,3,pre,CCKP-CRU-TS4.08-ISR,CRU-CY4.08-Israel,71.11,103.9,32.790000000000006
1969,4,pre,CCKP-CRU-TS4.08-ISR,CRU-CY4.08-Israel,13.03,17.0,3.9700000000000006
1969,5,pre,CCKP-CRU-TS4.08-ISR,CRU-CY4.08-Israel,1.3,1.9,0.5999999999999999
1969,6,pre,CCKP-CRU-TS4.08-ISR,CRU-CY4.08-Israel,0.0,0.0,0.0
1969,7,pre,CCKP-CRU-TS4.08-ISR,CRU-CY4.08-Israel,0.04,0.0,-0.04
1969,8,pre,CCKP-CRU-TS4.08-ISR,CRU-CY4.08-Israel,0.0,0.0,0.0
1969,9,pre,CCKP-CRU-TS4.08-ISR,CRU-CY4.08-Israel,0.12,0.3,0.18
1969,10,pre,CCKP-CRU-TS4.08-ISR,CRU-CY4.08-Israel,15.87,25.1,9.230000000000002
1969,11,pre,CCKP-CRU-TS4.08-ISR,CRU-CY4.08-Israel,30.65,47.1,16.450000000000003
1969,12,pre,CCKP-CRU-TS4.08-ISR,CRU-CY4.08-Israel,33.13,58.1,24.97
1970,1,pre,CCKP-CRU-TS4.08-ISR,CRU-CY4.08-Israel,76.66,117.5,40.84
1970,2,pre,CCKP-CRU-TS4.08-ISR,CRU-CY4.08-Israel,23.23,37.7,14.470000000000002
1970,3,pre,CCKP-CRU-TS4.08-ISR,CRU-CY4.08-Israel,54.27,83.9,29.630000000000003
1970,4,pre,CCKP-CRU-TS4.08-ISR,CRU-CY4.08-Israel,15.37,22.5,7.130000000000001
1970,5,pre,CCKP-CRU-TS4.08-ISR,CRU-CY4.08-Israel,1.82,3.4,1.5799999999999998
1970,6,pre,CCKP-CRU-TS4.08-ISR,CRU-CY4.08-Israel,0.0,0.0,0.0
1970,7,pre,CCKP-CRU-TS4.08-ISR,CRU-CY4.08-Israel,0.04,0.0,-0.04
1970,8,pre,CCKP-CRU-TS4.08-ISR,CRU-CY4.08-Israel,0.09,0.1,0.010000000000000009
1970,9,pre,CCKP-CRU-TS4.08-ISR,CRU-CY4.08-Israel,0.31,0.6,0.29
1970,10,pre,CCKP-CRU-TS4.08-ISR,CRU-CY4.08-Israel,8.26,13.9,5.640000000000001
1970,11,pre,CCKP-CRU-TS4.08-ISR,CRU-CY4.08-Israel,22.07,33.4,11.329999999999998
1970,12,pre,CCKP-CRU-TS4.08-ISR,CRU-CY4.08-Israel,54.45,82.7,28.25
1971,1,pre,CCKP-CRU-TS4.08-ISR,CRU-CY4.08-Israel,52.06,75.2,23.14
1971,2,pre,CCKP-CRU-TS4.08-ISR,CRU-CY4.08-Israel,58.69,94.9,36.21000000000001
1971,3,pre,CCKP-CRU-TS4.08-ISR,CRU-CY4.08-Israel,25.09,39.7,14.610000000000003
1971,4,pre,CCKP-CRU-TS4.08-ISR,CRU-CY4.08-Israel,78.69,111.3,32.61
1971,5,pre,CCKP-CRU-TS4.08-ISR,CRU-CY4.08-Israel,0.21,0.4,0.19000000000000003
1971,6,pre,CCKP-CRU-TS4.08-ISR,CRU-CY4.08-Israel,0.14,0.3,0.15999999999999998
1971,7,pre,CCKP-CRU-TS4.08-ISR,CRU-CY4.08-Israel,0.04,0.0,-0.04
1971,8,pre,CCKP-CRU-TS4.08-ISR,CRU-CY4.08-Israel,0.04,0.1,0.060000000000000005
1971,9,pre,CCKP-CRU-TS4.08-ISR,CRU-CY4.08-Israel,0.06,0.0,-0.06
1971,10,pre,CCKP-CRU-TS4.08-ISR,CRU-CY4.08-Israel,4.25,7.4,3.1500000000000004
1971,11,pre,CCKP-CRU-TS4.08-ISR,CRU-CY4.08-Israel,30.12,48.6,18.48
1971,12,pre,CCKP-CRU-TS4.08-ISR,CRU-CY4.08-Israel,110.23,157.3,47.07000000000001
1972,1,pre,CCKP-CRU-TS4.08-ISR,CRU-CY4.08-Israel,41.13,65.4,24.270000000000003
1972,2,pre,CCKP-CRU-TS4.08-ISR,CRU-CY4.08-Israel,59.4,88.8,29.4
1972,3,pre,CCKP-CRU-TS4.08-ISR,CRU-CY4.08-Israel,45.22,64.2,18.980000000000004
1972,4,pre,CCKP-CRU-TS4.08-ISR,CRU-CY4.08-Israel,20.65,30.5,9.850000000000001
1972,5,pre,CCKP-CRU-TS4.08-ISR,CRU-CY4.08-Israel,2.24,4.4,2.16
1972,6,pre,CCKP-CRU-TS4.08-ISR,CRU-CY4.08-Israel,0.23,0.7,0.47
1972,7,pre,CCKP-CRU-TS4.08-ISR,CRU-CY4.08-Israel,0.06,0.0,-0.06
1972,8,pre,CCKP-CRU-TS4.08-ISR,CRU-CY4.08-Israel,0.0,0.0,0.0
1972,9,pre,CCKP-CRU-TS4.08-ISR,CRU-CY4.08-Israel,0.14,0.3,0.15999999999999998
1972,10,pre,CCKP-CRU-TS4.08-ISR,CRU-CY4.08-Israel,4.29,4.8,0.5099999999999998
1972,11,pre,CCKP-CRU-TS4.08-ISR,CRU-CY4.08-Israel,34.64,51.0,16.36
1972,12,pre,CCKP-CRU-TS4.08-ISR,CRU-CY4.08-Israel,27.18,43.1,15.920000000000002
1973,1,pre,CCKP-CRU-TS4.08-ISR,CRU-CY4.08-Israel,74.06,112.7,38.64
1973,2,pre,CCKP-CRU-TS4.08-ISR,CRU-CY4.08-Israel,11.17,18.7,7.529999999999999
1973,3,pre,CCKP-CRU-TS4.08-ISR,CRU-CY4.08-Israel,36.08,60.0,23.92
1973,4,pre,CCKP-CRU-TS4.08-ISR,CRU-CY4.08-Israel,6.17,10.5,4.33
1973,5,pre,CCKP-CRU-TS4.08-ISR,CRU-CY4.08-Israel,4.35,7.7,3.3500000000000005
1973,6,pre,CCKP-CRU-TS4.08-ISR,CRU-CY4.08-Israel,0.05,0.2,0.15000000000000002
1973,7,pre,CCKP-CRU-TS4.08-ISR,CRU-CY4.08-Israel,0.04,0.0,-0.04
1973,8,pre,CCKP-CRU-TS4.08-ISR,CRU-CY4.08-Israel,0.0,0.0,0.0
1973,9,pre,CCKP-CRU-TS4.08-ISR,CRU-CY4.08-Israel,0.0,0.0,0.0
1973,10,pre,CCKP-CRU-TS4.08-ISR,CRU-CY4.08-Israel,6.09,10.5,4.41
1973,11,pre,CCKP-CRU-TS4.08-ISR,CRU-CY4.08-Israel,50.13,78.5,28.369999999999997
1973,12,pre,CCKP-CRU-TS4.08-ISR,CRU-CY4.08-Israel,22.74,36.3,13.559999999999999
1974,1,pre,CCKP-CRU-TS4.08-ISR,CRU-CY4.08-Israel,189.1,273.2,84.1
1974,2,pre,CCKP-CRU-TS4.08-ISR,CRU-CY4.08-Israel,63.79,93.6,29.809999999999995
1974,3,pre,CCKP-CRU-TS4.08-ISR,CRU-CY4.08-Israel,32.45,46.9,14.449999999999996
1974,4,pre,CCKP-CRU-TS4.08-ISR,CRU-CY4.08-Israel,25.01,36.6,11.59
1974,5,pre,CCKP-CRU-TS4.08-ISR,CRU-CY4.08-Israel,0.02,0.0,-0.02
1974,6,pre,CCKP-CRU-TS4.08-ISR,CRU-CY4.08-Israel,0.0,0.0,0.0
1974,7,pre,CCKP-CRU-TS4.08-ISR,CRU-CY4.08-Israel,0.04,0.0,-0.04
1974,8,pre,CCKP-CRU-TS4.08-ISR,CRU-CY4.08-Israel,0.0,0.0,0.0
1974,9,pre,CCKP-CRU-TS4.08-ISR,CRU-CY4.08-Israel,0.02,0.0,-0.02
1974,10,pre,CCKP-CRU-TS4.08-ISR,CRU-CY4.08-Israel,1.52,2.7,1.1800000000000002
1974,11,pre,CCKP-CRU-TS4.08-ISR,CRU-CY4.08-Israel,30.46,50.2,19.740000000000002
1974,12,pre,CCKP-CRU-TS4.08-ISR,CRU-CY4.08-Israel,73.43,112.2,38.769999999999996
1975,1,pre,CCKP-CRU-TS4.08-ISR,CRU-CY4.08-Israel,32.26,51.3,19.04
1975,2,pre,CCKP-CRU-TS4.08-ISR,CRU-CY4.08-Israel,96.79,145.9,49.11
1975,3,pre,CCKP-CRU-TS4.08-ISR,CRU-CY4.08-Israel,24.4,38.3,13.899999999999999
1975,4,pre,CCKP-CRU-TS4.08-ISR,CRU-CY4.08-Israel,6.03,9.8,3.7700000000000005
1975,5,pre,CCKP-CRU-TS4.08-ISR,CRU-CY4.08-Israel,0.17,0.4,0.23
1975,6,pre,CCKP-CRU-TS4.08-ISR,CRU-CY4.08-Israel,0.0,0.0,0.0
1975,7,pre,CCKP-CRU-TS4.08-ISR,CRU-CY4.08-Israel,0.04,0.0,-0.04
1975,8,pre,CCKP-CRU-TS4.08-ISR,CRU-CY4.08-Israel,0.0,0.0,0.0
1975,9,pre,CCKP-CRU-TS4.08-ISR,CRU-CY4.08-Israel,0.84,1.5,0.66
1975,10,pre,CCKP-CRU-TS4.08-ISR,CRU-CY4.08-Israel,2.11,3.6,1.4900000000000002
1975,11,pre,CCKP-CRU-TS4.08-ISR,CRU-CY4.08-Israel,28.93,47.4,18.47
1975,12,pre,CCKP-CRU-TS4.08-ISR,CRU-CY4.08-Israel,55.22,84.0,28.78
1976,1,pre,CCKP-CRU-TS4.08-ISR,CRU-CY4.08-Israel,32.65,54.5,21.85
1976,2,pre,CCKP-CRU-TS4.08-ISR,CRU-CY4.08-Israel,55.86,88.2,32.34
1976,3,pre,CCKP-CRU-TS4.08-ISR,CRU-CY4.08-Israel,41.75,61.4,19.65
1976,4,pre,CCKP-CRU-TS4.08-ISR,CRU-CY4.08-Israel,17.89,28.4,10.509999999999998
1976,5,pre,CCKP-CRU-TS4.08-ISR,CRU-CY4.08-Israel,5.85,9.2,3.3499999999999996
1976,6,pre,CCKP-CRU-TS4.08-ISR,CRU-CY4.08-Israel,0.3,0.2,-0.09999999999999998
1976,7,pre,CCKP-CRU-TS4.08-ISR,CRU-CY4.08-Israel,0.05,0.0,-0.05
1976,8,pre,CCKP-CRU-TS4.08-ISR,CRU-CY4.08-Israel,0.0,0.0,0.0
1976,9,pre,CCKP-CRU-TS4.08-ISR,CRU-CY4.08-Israel,0.26,0.6,0.33999999999999997
1976,10,pre,CCKP-CRU-TS4.08-ISR,CRU-CY4.08-Israel,11.57,17.7,6.129999999999999
1976,11,pre,CCKP-CRU-TS4.08-ISR,CRU-CY4.08-Israel,42.32,71.0,28.68
1976,12,pre,CCKP-CRU-TS4.08-ISR,CRU-CY4.08-Israel,27.69,47.0,19.31
1977,1,pre,CCKP-CRU-TS4.08-ISR,CRU-CY4.08-Israel,68.43,102.3,33.86999999999999
1977,2,pre,CCKP-CRU-TS4.08-ISR,CRU-CY4.08-Israel,24.72,40.3,15.579999999999998
1977,3,pre,CCKP-CRU-TS4.08-ISR,CRU-CY4.08-Israel,41.6,66.7,25.1
1977,4,pre,CCKP-CRU-TS4.08-ISR,CRU-CY4.08-Israel,50.74,68.9,18.160000000000004
1977,5,pre,CCKP-CRU-TS4.08-ISR,CRU-CY4.08-Israel,1.8,2.9,1.0999999999999999
1977,6,pre,CCKP-CRU-TS4.08-ISR,CRU-CY4.08-Israel,0.06,0.2,0.14
1977,7,pre,CCKP-CRU-TS4.08-ISR,CRU-CY4.08-Israel,0.04,0.0,-0.04
1977,8,pre,CCKP-CRU-TS4.08-ISR,CRU-CY4.08-Israel,0.0,0.0,0.0
1977,9,pre,CCKP-CRU-TS4.08-ISR,CRU-CY4.08-Israel,0.29,0.6,0.31
1977,10,pre,CCKP-CRU-TS4.08-ISR,CRU-CY4.08-Israel,26.9,44.6,17.700000000000003
1977,11,pre,CCKP-CRU-TS4.08-ISR,CRU-CY4.08-Israel,14.7,22.8,8.100000000000001
1977,12,pre,CCKP-CRU-TS4.08-ISR,CRU-CY4.08-Israel,102.77,160.1,57.33
1978,1,pre,CCKP-CRU-TS4.08-ISR,CRU-CY4.08-Israel,53.61,86.0,32.39
1978,2,pre,CCKP-CRU-TS4.08-ISR,CRU-CY4.08-Israel,33.0,50.1,17.1
1978,3,pre,CCKP-CRU-TS4.08-ISR,CRU-CY4.08-Israel,40.41,65.8,25.39
1978,4,pre,CCKP-CRU-TS4.08-ISR,CRU-CY4.08-Israel,7.02,11.6,4.58
1978,5,pre,CCKP-CRU-TS4.08-ISR,CRU-CY4.08-Israel,0.15,0.3,0.15
1978,6,pre,CCKP-CRU-TS4.08-ISR,CRU-CY4.08-Israel,0.59,0.7,0.10999999999999999
1978,7,pre,CCKP-CRU-TS4.08-ISR,CRU-CY4.08-Israel,0.04,0.0,-0.04
1978,8,pre,CCKP-CRU-TS4.08-ISR,CRU-CY4.08-Israel,0.0,0.0,0.0
1978,9,pre,CCKP-CRU-TS4.08-ISR,CRU-CY4.08-Israel,0.02,0.0,-0.02
1978,10,pre,CCKP-CRU-TS4.08-ISR,CRU-CY4.08-Israel,17.31,28.8,11.490000000000002
1978,11,pre,CCKP-CRU-TS4.08-ISR,CRU-CY4.08-Israel,7.21,11.5,4.29
1978,12,pre,CCKP-CRU-TS4.08-ISR,CRU-CY4.08-Israel,65.28,101.9,36.620000000000005
1979,1,pre,CCKP-CRU-TS4.08-ISR,CRU-CY4.08-Israel,42.63,63.7,21.07
1979,2,pre,CCKP-CRU-TS4.08-ISR,CRU-CY4.08-Israel,20.27,26.8,6.530000000000001
1979,3,pre,CCKP-CRU-TS4.08-ISR,CRU-CY4.08-Israel,31.88,48.8,16.919999999999998
1979,4,pre,CCKP-CRU-TS4.08-ISR,CRU-CY4.08-Israel,3.98,6.3,2.32
1979,5,pre,CCKP-CRU-TS4.08-ISR,CRU-CY4.08-Israel,2.47,3.2,0.73
1979,6,pre,CCKP-CRU-TS4.08-ISR,CRU-CY4.08-Israel,0.05,0.1,0.05
1979,7,pre,CCKP-CRU-TS4.08-ISR,CRU-CY4.08-Israel,0.05,0.0,-0.05
1979,8,pre,CCKP-CRU-TS4.08-ISR,CRU-CY4.08-Israel,0.01,0.0,-0.01
1979,9,pre,CCKP-CRU-TS4.08-ISR,CRU-CY4.08-Israel,0.05,0.0,-0.05
1979,10,pre,CCKP-CRU-TS4.08-ISR,CRU-CY4.08-Israel,29.93,46.5,16.57
1979,11,pre,CCKP-CRU-TS4.08-ISR,CRU-CY4.08-Israel,75.74,116.1,40.36
1979,12,pre,CCKP-CRU-TS4.08-ISR,CRU-CY4.08-Israel,114.0,174.0,60.0
1980,1,pre,CCKP-CRU-TS4.08-ISR,CRU-CY4.08-Israel,63.26,99.5,36.24
1980,2,pre,CCKP-CRU-TS4.08-ISR,CRU-CY4.08-Israel,81.25,123.4,42.150000000000006
1980,3,pre,CCKP-CRU-TS4.08-ISR,CRU-CY4.08-Israel,45.23,72.0,26.770000000000003
1980,4,pre,CCKP-CRU-TS4.08-ISR,CRU-CY4.08-Israel,14.54,24.0,9.46
1980,5,pre,CCKP-CRU-TS4.08-ISR,CRU-CY4.08-Israel,0.55,1.0,0.44999999999999996
1980,6,pre,CCKP-CRU-TS4.08-ISR,CRU-CY4.08-Israel,0.0,0.0,0.0
1980,7,pre,CCKP-CRU-TS4.08-ISR,CRU-CY4.08-Israel,0.04,0.0,-0.04
1980,8,pre,CCKP-CRU-TS4.08-ISR,CRU-CY4.08-Israel,0.01,0.0,-0.01
1980,9,pre,CCKP-CRU-TS4.08-ISR,CRU-CY4.08-Israel,0.0,0.0,0.0
1980,10,pre,CCKP-CRU-TS4.08-ISR,CRU-CY4.08-Israel,12.51,19.4,6.889999999999999
1980,11,pre,CCKP-CRU-TS4.08-ISR,CRU-CY4.08-Israel,8.52,15.0,6.48
1980,12,pre,CCKP-CRU-TS4.08-ISR,CRU-CY4.08-Israel,114.06,169.8,55.74000000000001
1981,1,pre,CCKP-CRU-TS4.08-ISR,CRU-CY4.08-Israel,90.99,151.2,60.209999999999994
1981,2,pre,CCKP-CRU-TS4.08-ISR,CRU-CY4.08-Israel,43.7,69.0,25.299999999999997
1981,3,pre,CCKP-CRU-TS4.08-ISR,CRU-CY4.08-Israel,28.62,43.0,14.379999999999999
1981,4,pre,CCKP-CRU-TS4.08-ISR,CRU-CY4.08-Israel,11.22,16.4,5.179999999999998
1981,5,pre,CCKP-CRU-TS4.08-ISR,CRU-CY4.08-Israel,0.43,0.8,0.37000000000000005
1981,6,pre,CCKP-CRU-TS4.08-ISR,CRU-CY4.08-Israel,0.04,0.1,0.060000000000000005
1981,7,pre,CCKP-CRU-TS4.08-ISR,CRU-CY4.08-Israel,0.04,0.0,-0.04
1981,8,pre,CCKP-CRU-TS4.08-ISR,CRU-CY4.08-Israel,0.12,0.0,-0.12
1981,9,pre,CCKP-CRU-TS4.08-ISR,CRU-CY4.08-Israel,0.34,0.7,0.35999999999999993
1981,10,pre,CCKP-CRU-TS4.08-ISR,CRU-CY4.08-Israel,2.36,3.0,0.6400000000000001
1981,11,pre,CCKP-CRU-TS4.08-ISR,CRU-CY4.08-Israel,39.98,64.9,24.92000000000001
1981,12,pre,CCKP-CRU-TS4.08-ISR,CRU-CY4.08-Israel,16.3,29.7,13.399999999999999
1982,1,pre,CCKP-CRU-TS4.08-ISR,CRU-CY4.08-Israel,55.92,86.2,30.28
1982,2,pre,CCKP-CRU-TS4.08-ISR,CRU-CY4.08-Israel,71.05,102.2,31.150000000000006
1982,3,pre,CCKP-CRU-TS4.08-ISR,CRU-CY4.08-Israel,42.0,65.9,23.900000000000006
1982,4,pre,CCKP-CRU-TS4.08-ISR,CRU-CY4.08-Israel,9.13,13.4,4.27
1982,5,pre,CCKP-CRU-TS4.08-ISR,CRU-CY4.08-Israel,4.96,6.1,1.1399999999999997
1982,6,pre,CCKP-CRU-TS4.08-ISR,CRU-CY4.08-Israel,0.0,0.0,0.0
1982,7,pre,CCKP-CRU-TS4.08-ISR,CRU-CY4.08-Israel,0.05,0.0,-0.05
1982,8,pre,CCKP-CRU-TS4.08-ISR,CRU-CY4.08-Israel,0.0,0.0,0.0
1982,9,pre,CCKP-CRU-TS4.08-ISR,CRU-CY4.08-Israel,0.89,1.2,0.30999999999999994
1982,10,pre,CCKP-CRU-TS4.08-ISR,CRU-CY4.08-Israel,3.89,6.1,2.2099999999999995
1982,11,pre,CCKP-CRU-TS4.08-ISR,CRU-CY4.08-Israel,61.7,90.0,28.299999999999997
1982,12,pre,CCKP-CRU-TS4.08-ISR,CRU-CY4.08-Israel,47.28,73.1,25.819999999999993
1983,1,pre,CCKP-CRU-TS4.08-ISR,CRU-CY4.08-Israel,96.34,142.3,45.96000000000001
1983,2,pre,CCKP-CRU-TS4.08-ISR,CRU-CY4.08-Israel,87.56,136.5,48.94
1983,3,pre,CCKP-CRU-TS4.08-ISR,CRU-CY4.08-Israel,55.84,84.4,28.560000000000002
1983,4,pre,CCKP-CRU-TS4.08-ISR,CRU-CY4.08-Israel,6.9,13.0,6.1
1983,5,pre,CCKP-CRU-TS4.08-ISR,CRU-CY4.08-Israel,2.7,5.4,2.7
1983,6,pre,CCKP-CRU-TS4.08-ISR,CRU-CY4.08-Israel,0.14,0.5,0.36
1983,7,pre,CCKP-CRU-TS4.08-ISR,CRU-CY4.08-Israel,0.04,0.0,-0.04
1983,8,pre,CCKP-CRU-TS4.08-ISR,CRU-CY4.08-Israel,0.0,0.0,0.0
1983,9,pre,CCKP-CRU-TS4.08-ISR,CRU-CY4.08-Israel,0.02,0.0,-0.02
1983,10,pre,CCKP-CRU-TS4.08-ISR,CRU-CY4.08-Israel,2.26,4.3,2.04
1983,11,pre,CCKP-CRU-TS4.08-ISR,CRU-CY4.08-Israel,33.78,56.9,23.119999999999997
1983,12,pre,CCKP-CRU-TS4.08-ISR,CRU-CY4.08-Israel,18.27,33.9,15.629999999999999
1984,1,pre,CCKP-CRU-TS4.08-ISR,CRU-CY4.08-Israel,68.47,106.0,37.53
1984,2,pre,CCKP-CRU-TS4.08-ISR,CRU-CY4.08-Israel,20.63,33.1,12.470000000000002
1984,3,pre,CCKP-CRU-TS4.08-ISR,CRU-CY4.08-Israel,54.06,86.6,32.53999999999999
1984,4,pre,CCKP-CRU-TS4.08-ISR,CRU-CY4.08-Israel,23.21,37.5,14.29
1984,5,pre,CCKP-CRU-TS4.08-ISR,CRU-CY4.08-Israel,0.0,0.0,0.0
1984,6,pre,CCKP-CRU-TS4.08-ISR,CRU-CY4.08-Israel,0.01,0.0,-0.01
1984,7,pre,CCKP-CRU-TS4.08-ISR,CRU-CY4.08-Israel,0.08,0.0,-0.08
1984,8,pre,CCKP-CRU-TS4.08-ISR,CRU-CY4.08-Israel,0.0,0.0,0.0
1984,9,pre,CCKP-CRU-TS4.08-ISR,CRU-CY4.08-Israel,0.0,0.0,0.0
1984,10,pre,CCKP-CRU-TS4.08-ISR,CRU-CY4.08-Israel,14.37,21.6,7.230000000000002
1984,11,pre,CCKP-CRU-TS4.08-ISR,CRU-CY4.08-Israel,24.14,39.8,15.659999999999997
1984,12,pre,CCKP-CRU-TS4.08-ISR,CRU-CY4.08-Israel,35.34,59.8,24.459999999999994
1985,1,pre,CCKP-CRU-TS4.08-ISR,CRU-CY4.08-Israel,36.06,60.2,24.14
1985,2,pre,CCKP-CRU-TS4.08-ISR,CRU-CY4.08-Israel,106.7,160.6,53.89999999999999
1985,3,pre,CCKP-CRU-TS4.08-ISR,CRU-CY4.08-Israel,19.95,27.0,7.050000000000001
1985,4,pre,CCKP-CRU-TS4.08-ISR,CRU-CY4.08-Israel,20.57,26.5,5.93
1985,5,pre,CCKP-CRU-TS4.08-ISR,CRU-CY4.08-Israel,2.13,1.6,-0.5299999999999998
1985,6,pre,CCKP-CRU-TS4.08-ISR,CRU-CY4.08-Israel,0.0,0.0,0.0
1985,7,pre,CCKP-CRU-TS4.08-ISR,CRU-CY4.08-Israel,0.04,0.0,-0.04
1985,8,pre,CCKP-CRU-TS4.08-ISR,CRU-CY4.08-Israel,0.0,0.0,0.0
1985,9,pre,CCKP-CRU-TS4.08-ISR,CRU-CY4.08-Israel,0.21,0.4,0.19000000000000003
1985,10,pre,CCKP-CRU-TS4.08-ISR,CRU-CY4.08-Israel,14.54,23.1,8.560000000000002
1985,11,pre,CCKP-CRU-TS4.08-ISR,CRU-CY4.08-Israel,11.62,19.9,8.28
1985,12,pre,CCKP-CRU-TS4.08-ISR,CRU-CY4.08-Israel,48.0,64.9,16.900000000000006
1986,1,pre,CCKP-CRU-TS4.08-ISR,CRU-CY4.08-Israel,45.57,75.6,30.029999999999994
1986,2,pre,CCKP-CRU-TS4.08-ISR,CRU-CY4.08-Israel,61.82,93.4,31.580000000000005
1986,3,pre,CCKP-CRU-TS4.08-ISR,CRU-CY4.08-Israel,9.25,14.1,4.85
1986,4,pre,CCKP-CRU-TS4.08-ISR,CRU-CY4.08-Israel,17.84,18.1,0.26000000000000156
1986,5,pre,CCKP-CRU-TS4.08-ISR,CRU-CY4.08-Israel,11.5,17.0,5.5
1986,6,pre,CCKP-CRU-TS4.08-ISR,CRU-CY4.08-Israel,0.24,0.7,0.45999999999999996
1986,7,pre,CCKP-CRU-TS4.08-ISR,CRU-CY4.08-Israel,0.04,0.0,-0.04
1986,8,pre,CCKP-CRU-TS4.08-ISR,CRU-CY4.08-Israel,0.0,0.0,0.0
1986,9,pre,CCKP-CRU-TS4.08-ISR,CRU-CY4.08-Israel,0.81,1.3,0.49
1986,10,pre,CCKP-CRU-TS4.08-ISR,CRU-CY4.08-Israel,21.74,34.8,13.059999999999999
1986,11,pre,CCKP-CRU-TS4.08-ISR,CRU-CY4.08-Israel,131.14,198.0,66.86000000000001
1986,12,pre,CCKP-CRU-TS4.08-ISR,CRU-CY4.08-Israel,58.24,92.9,34.660000000000004
1987,1,pre,CCKP-CRU-TS4.08-ISR,CRU-CY4.08-Israel,48.44,79.4,30.960000000000008
1987,2,pre,CCKP-CRU-TS4.08-ISR,CRU-CY4.08-Israel,27.86,39.3,11.439999999999998
1987,3,pre,CCKP-CRU-TS4.08-ISR,CRU-CY4.08-Israel,45.98,70.1,24.119999999999997
1987,4,pre,CCKP-CRU-TS4.08-ISR,CRU-CY4.08-Israel,2.42,4.3,1.88
1987,5,pre,CCKP-CRU-TS4.08-ISR,CRU-CY4.08-Israel,0.11,0.3,0.19
1987,6,pre,CCKP-CRU-TS4.08-ISR,CRU-CY4.08-Israel,0.0,0.0,0.0
1987,7,pre,CCKP-CRU-TS4.08-ISR,CRU-CY4.08-Israel,0.04,0.0,-0.04
1987,8,pre,CCKP-CRU-TS4.08-ISR,CRU-CY4.08-Israel,0.19,0.0,-0.19
1987,9,pre,CCKP-CRU-TS4.08-ISR,CRU-CY4.08-Israel,0.0,0.0,0.0
1987,10,pre,CCKP-CRU-TS4.08-ISR,CRU-CY4.08-Israel,28.0,42.3,14.299999999999997
1987,11,pre,CCKP-CRU-TS4.08-ISR,CRU-CY4.08-Israel,15.29,27.6,12.310000000000002
1987,12,pre,CCKP-CRU-TS4.08-ISR,CRU-CY4.08-Israel,96.71,151.2,54.489999999999995
1988,1,pre,CCKP-CRU-TS4.08-ISR,CRU-CY4.08-Israel,84.35,122.4,38.05000000000001
1988,2,pre,CCKP-CRU-TS4.08-ISR,CRU-CY4.08-Israel,99.77,149.9,50.13000000000001
1988,3,pre,CCKP-CRU-TS4.08-ISR,CRU-CY4.08-Israel,41.46,62.0,20.54
1988,4,pre,CCKP-CRU-TS4.08-ISR,CRU-CY4.08-Israel,7.85,11.0,3.1500000000000004
1988,5,pre,CCKP-CRU-TS4.08-ISR,CRU-CY4.08-Israel,0.3,0.5,0.2
1988,6,pre,CCKP-CRU-TS4.08-ISR,CRU-CY4.08-Israel,0.02,0.0,-0.02
1988,7,pre,CCKP-CRU-TS4.08-ISR,CRU-CY4.08-Israel,0.05,0.0,-0.05
1988,8,pre,CCKP-CRU-TS4.08-ISR,CRU-CY4.08-Israel,0.0,0.0,0.0
1988,9,pre,CCKP-CRU-TS4.08-ISR,CRU-CY4.08-Israel,0.04,0.1,0.060000000000000005
1988,10,pre,CCKP-CRU-TS4.08-ISR,CRU-CY4.08-Israel,8.5,12.6,4.1
1988,11,pre,CCKP-CRU-TS4.08-ISR,CRU-CY4.08-Israel,28.24,47.1,18.860000000000003
1988,12,pre,CCKP-CRU-TS4.08-ISR,CRU-CY4.08-Israel,98.55,151.3,52.750000000000014
1989,1,pre,CCKP-CRU-TS4.08-ISR,CRU-CY4.08-Israel,46.79,66.3,19.509999999999998
1989,2,pre,CCKP-CRU-TS4.08-ISR,CRU-CY4.08-Israel,30.03,40.0,9.969999999999999
1989,3,pre,CCKP-CRU-TS4.08-ISR,CRU-CY4.08-Israel,42.04,62.1,20.060000000000002
1989,4,pre,CCKP-CRU-TS4.08-ISR,CRU-CY4.08-Israel,0.71,0.6,-0.10999999999999999
1989,5,pre,CCKP-CRU-TS4.08-ISR,CRU-CY4.08-Israel,0.15,0.3,0.15
1989,6,pre,CCKP-CRU-TS4.08-ISR,CRU-CY4.08-Israel,0.02,0.0,-0.02
1989,7,pre,CCKP-CRU-TS4.08-ISR,CRU-CY4.08-Israel,0.04,0.0,-0.04
1989,8,pre,CCKP-CRU-TS4.08-ISR,CRU-CY4.08-Israel,0.0,0.0,0.0
1989,9,pre,CCKP-CRU-TS4.08-ISR,CRU-CY4.08-Israel,0.02,0.0,-0.02
1989,10,pre,CCKP-CRU-TS4.08-ISR,CRU-CY4.08-Israel,10.49,17.0,6.51
1989,11,pre,CCKP-CRU-TS4.08-ISR,CRU-CY4.08-Israel,41.93,67.2,25.270000000000003
1989,12,pre,CCKP-CRU-TS4.08-ISR,CRU-CY4.08-Israel,43.72,71.3,27.58
1990,1,pre,CCKP-CRU-TS4.08-ISR,CRU-CY4.08-Israel,76.78,110.7,33.92
1990,2,pre,CCKP-CRU-TS4.08-ISR,CRU-CY4.08-Israel,41.72,65.4,23.680000000000007
1990,3,pre,CCKP-CRU-TS4.08-ISR,CRU-CY4.08-Israel,38.31,51.9,13.589999999999996
1990,4,pre,CCKP-CRU-TS4.08-ISR,CRU-CY4.08-Israel,23.86,27.9,4.039999999999999
1990,5,pre,CCKP-CRU-TS4.08-ISR,CRU-CY4.08-Israel,1.37,2.0,0.6299999999999999
1990,6,pre,CCKP-CRU-TS4.08-ISR,CRU-CY4.08-Israel,0.0,0.0,0.0
1990,7,pre,CCKP-CRU-TS4.08-ISR,CRU-CY4.08-Israel,0.05,0.0,-0.05
1990,8,pre,CCKP-CRU-TS4.08-ISR,CRU-CY4.08-Israel,0.01,0.0,-0.01
1990,9,pre,CCKP-CRU-TS4.08-ISR,CRU-CY4.08-Israel,0.0,0.0,0.0
1990,10,pre,CCKP-CRU-TS4.08-ISR,CRU-CY4.08-Israel,6.59,7.6,1.0099999999999998
1990,11,pre,CCKP-CRU-TS4.08-ISR,CRU-CY4.08-Israel,13.75,23.7,9.95
1990,12,pre,CCKP-CRU-TS4.08-ISR,CRU-CY4.08-Israel,9.16,15.0,5.84
1991,1,pre,CCKP-CRU-TS4.08-ISR,CRU-CY4.08-Israel,97.89,142.1,44.209999999999994
1991,2,pre,CCKP-CRU-TS4.08-ISR,CRU-CY4.08-Israel,40.68,61.5,20.82
1991,3,pre,CCKP-CRU-TS4.08-ISR,CRU-CY4.08-Israel,59.4,80.2,20.800000000000004
1991,4,pre,CCKP-CRU-TS4.08-ISR,CRU-CY4.08-Israel,10.57,17.8,7.23
1991,5,pre,CCKP-CRU-TS4.08-ISR,CRU-CY4.08-Israel,2.01,3.2,1.1900000000000004
1991,6,pre,CCKP-CRU-TS4.08-ISR,CRU-CY4.08-Israel,0.0,0.0,0.0
1991,7,pre,CCKP-CRU-TS4.08-ISR,CRU-CY4.08-Israel,0.06,0.0,-0.06
1991,8,pre,CCKP-CRU-TS4.08-ISR,CRU-CY4.08-Israel,0.0,0.0,0.0
1991,9,pre,CCKP-CRU-TS4.08-ISR,CRU-CY4.08-Israel,0.48,0.8,0.32000000000000006
1991,10,pre,CCKP-CRU-TS4.08-ISR,CRU-CY4.08-Israel,8.72,12.8,4.08
1991,11,pre,CCKP-CRU-TS4.08-ISR,CRU-CY4.08-Israel,61.3,100.2,38.900000000000006
1991,12,pre,CCKP-CRU-TS4.08-ISR,CRU-CY4.08-Israel,152.87,234.3,81.43
1992,1,pre,CCKP-CRU-TS4.08-ISR,CRU-CY4.08-Israel,108.63,155.7,47.06999999999999
1992,2,pre,CCKP-CRU-TS4.08-ISR,CRU-CY4.08-Israel,109.66,169.0,59.34
1992,3,pre,CCKP-CRU-TS4.08-ISR,CRU-CY4.08-Israel,18.05,27.6,9.55
1992,4,pre,CCKP-CRU-TS4.08-ISR,CRU-CY4.08-Israel,4.39,7.6,3.21
1992,5,pre,CCKP-CRU-TS4.08-ISR,CRU-CY4.08-Israel,4.52,8.2,3.6799999999999997
1992,6,pre,CCKP-CRU-TS4.08-ISR,CRU-CY4.08-Israel,0.66,1.3,0.64
1992,7,pre,CCKP-CRU-TS4.08-ISR,CRU-CY4.08-Israel,0.05,0.0,-0.05
1992,8,pre,CCKP-CRU-TS4.08-ISR,CRU-CY4.08-Israel,0.01,0.0,-0.01
1992,9,pre,CCKP-CRU-TS4.08-ISR,CRU-CY4.08-Israel,0.09,0.2,0.11000000000000001
1992,10,pre,CCKP-CRU-TS4.08-ISR,CRU-CY4.08-Israel,0.43,1.1,0.6700000000000002
1992,11,pre,CCKP-CRU-TS4.08-ISR,CRU-CY4.08-Israel,35.01,57.7,22.690000000000005
1992,12,pre,CCKP-CRU-TS4.08-ISR,CRU-CY4.08-Israel,117.77,179.0,61.230000000000004
1993,1,pre,CCKP-CRU-TS4.08-ISR,CRU-CY4.08-Israel,63.53,96.6,33.06999999999999
1993,2,pre,CCKP-CRU-TS4.08-ISR,CRU-CY4.08-Israel,57.08,82.5,25.42
1993,3,pre,CCKP-CRU-TS4.08-ISR,CRU-CY4.08-Israel,18.59,31.5,12.91
1993,4,pre,CCKP-CRU-TS4.08-ISR,CRU-CY4.08-Israel,0.73,1.4,0.6699999999999999
1993,5,pre,CCKP-CRU-TS4.08-ISR,CRU-CY4.08-Israel,6.78,10.4,3.62
1993,6,pre,CCKP-CRU-TS4.08-ISR,CRU-CY4.08-Israel,0.03,0.1,0.07
1993,7,pre,CCKP-CRU-TS4.08-ISR,CRU-CY4.08-Israel,0.04,0.0,-0.04
1993,8,pre,CCKP-CRU-TS4.08-ISR,CRU-CY4.08-Israel,0.0,0.0,0.0
1993,9,pre,CCKP-CRU-TS4.08-ISR,CRU-CY4.08-Israel,0.0,0.0,0.0
1993,10,pre,CCKP-CRU-TS4.08-ISR,CRU-CY4.08-Israel,10.84,16.3,5.460000000000001
1993,11,pre,CCKP-CRU-TS4.08-ISR,CRU-CY4.08-Israel,17.99,28.9,10.91
1993,12,pre,CCKP-CRU-TS4.08-ISR,CRU-CY4.08-Israel,41.02,45.4,4.3799999999999955
1994,1,pre,CCKP-CRU-TS4.08-ISR,CRU-CY4.08-Israel,80.28,123.4,43.120000000000005
1994,2,pre,CCKP-CRU-TS4.08-ISR,CRU-CY4.08-Israel,47.86,77.4,29.540000000000006
1994,3,pre,CCKP-CRU-TS4.08-ISR,CRU-CY4.08-Israel,36.37,56.2,19.830000000000005
1994,4,pre,CCKP-CRU-TS4.08-ISR,CRU-CY4.08-Israel,6.45,9.9,3.45
1994,5,pre,CCKP-CRU-TS4.08-ISR,CRU-CY4.08-Israel,3.29,5.5,2.21
1994,6,pre,CCKP-CRU-TS4.08-ISR,CRU-CY4.08-Israel,0.0,0.0,0.0
1994,7,pre,CCKP-CRU-TS4.08-ISR,CRU-CY4.08-Israel,0.04,0.0,-0.04
1994,8,pre,CCKP-CRU-TS4.08-ISR,CRU-CY4.08-Israel,0.0,0.0,0.0
1994,9,pre,CCKP-CRU-TS4.08-ISR,CRU-CY4.08-Israel,0.16,0.3,0.13999999999999999
1994,10,pre,CCKP-CRU-TS4.08-ISR,CRU-CY4.08-Israel,13.92,20.5,6.58
1994,11,pre,CCKP-CRU-TS4.08-ISR,CRU-CY4.08-Israel,127.49,185.4,57.91000000000001
1994,12,pre,CCKP-CRU-TS4.08-ISR,CRU-CY4.08-Israel,91.78,135.2,43.41999999999999
1995,1,pre,CCKP-CRU-TS4.08-ISR,CRU-CY4.08-Israel,17.57,31.5,13.93
1995,2,pre,CCKP-CRU-TS4.08-ISR,CRU-CY4.08-Israel,48.62,70.0,21.380000000000003
1995,3,pre,CCKP-CRU-TS4.08-ISR,CRU-CY4.08-Israel,20.14,31.8,11.66
1995,4,pre,CCKP-CRU-TS4.08-ISR,CRU-CY4.08-Israel,12.14,16.9,4.759999999999998
1995,5,pre,CCKP-CRU-TS4.08-ISR,CRU-CY4.08-Israel,1.07,2.3,1.2299999999999998
1995,6,pre,CCKP-CRU-TS4.08-ISR,CRU-CY4.08-Israel,0.0,0.0,0.0
1995,7,pre,CCKP-CRU-TS4.08-ISR,CRU-CY4.08-Israel,0.04,0.0,-0.04
1995,8,pre,CCKP-CRU-TS4.08-ISR,CRU-CY4.08-Israel,0.0,0.0,0.0
1995,9,pre,CCKP-CRU-TS4.08-ISR,CRU-CY4.08-Israel,0.0,0.0,0.0
1995,10,pre,CCKP-CRU-TS4.08-ISR,CRU-CY4.08-Israel,0.7,1.2,0.5
1995,11,pre,CCKP-CRU-TS4.08-ISR,CRU-CY4.08-Israel,43.6,74.2,30.6
1995,12,pre,CCKP-CRU-TS4.08-ISR,CRU-CY4.08-Israel,21.53,34.3,12.769999999999996
1996,1,pre,CCKP-CRU-TS4.08-ISR,CRU-CY4.08-Israel,86.36,132.6,46.239999999999995
1996,2,pre,CCKP-CRU-TS4.08-ISR,CRU-CY4.08-Israel,23.63,36.3,12.669999999999998
1996,3,pre,CCKP-CRU-TS4.08-ISR,CRU-CY4.08-Israel,58.23,90.3,32.07
1996,4,pre,CCKP-CRU-TS4.08-ISR,CRU-CY4.08-Israel,12.18,18.2,6.02
1996,5,pre,CCKP-CRU-TS4.08-ISR,CRU-CY4.08-Israel,0.08,0.3,0.21999999999999997
1996,6,pre,CCKP-CRU-TS4.08-ISR,CRU-CY4.08-Israel,0.0,0.0,0.0
1996,7,pre,CCKP-CRU-TS4.08-ISR,CRU-CY4.08-Israel,0.04,0.0,-0.04
1996,8,pre,CCKP-CRU-TS4.08-ISR,CRU-CY4.08-Israel,0.0,0.0,0.0
1996,9,pre,CCKP-CRU-TS4.08-ISR,CRU-CY4.08-Israel,0.39,0.8,0.41000000000000003
1996,10,pre,CCKP-CRU-TS4.08-ISR,CRU-CY4.08-Israel,17.16,30.4,13.239999999999998
1996,11,pre,CCKP-CRU-TS4.08-ISR,CRU-CY4.08-Israel,12.05,16.8,4.75
1996,12,pre,CCKP-CRU-TS4.08-ISR,CRU-CY4.08-Israel,33.04,58.1,25.060000000000002
1997,1,pre,CCKP-CRU-TS4.08-ISR,CRU-CY4.08-Israel,58.82,80.8,21.979999999999997
1997,2,pre,CCKP-CRU-TS4.08-ISR,CRU-CY4.08-Israel,70.84,106.7,35.86
1997,3,pre,CCKP-CRU-TS4.08-ISR,CRU-CY4.08-Israel,54.09,77.7,23.61
1997,4,pre,CCKP-CRU-TS4.08-ISR,CRU-CY4.08-Israel,8.58,15.5,6.92
1997,5,pre,CCKP-CRU-TS4.08-ISR,CRU-CY4.08-Israel,4.02,5.4,1.3800000000000008
1997,6,pre,CCKP-CRU-TS4.08-ISR,CRU-CY4.08-Israel,0.12,0.2,0.08000000000000002
1997,7,pre,CCKP-CRU-TS4.08-ISR,CRU-CY4.08-Israel,0.04,0.0,-0.04
1997,8,pre,CCKP-CRU-TS4.08-ISR,CRU-CY4.08-Israel,0.0,0.0,0.0
1997,9,pre,CCKP-CRU-TS4.08-ISR,CRU-CY4.08-Israel,0.64,1.4,0.7599999999999999
1997,10,pre,CCKP-CRU-TS4.08-ISR,CRU-CY4.08-Israel,18.72,23.9,5.18
1997,11,pre,CCKP-CRU-TS4.08-ISR,CRU-CY4.08-Israel,30.37,52.3,21.929999999999996
1997,12,pre,CCKP-CRU-TS4.08-ISR,CRU-CY4.08-Israel,62.78,100.3,37.519999999999996
1998,1,pre,CCKP-CRU-TS4.08-ISR,CRU-CY4.08-Israel,62.33,97.6,35.269999999999996
1998,2,pre,CCKP-CRU-TS4.08-ISR,CRU-CY4.08-Israel,43.89,60.2,16.310000000000002
1998,3,pre,CCKP-CRU-TS4.08-ISR,CRU-CY4.08-Israel,57.81,87.0,29.189999999999998
1998,4,pre,CCKP-CRU-TS4.08-ISR,CRU-CY4.08-Israel,6.08,9.7,3.619999999999999
1998,5,pre,CCKP-CRU-TS4.08-ISR,CRU-CY4.08-Israel,5.66,7.7,2.04
1998,6,pre,CCKP-CRU-TS4.08-ISR,CRU-CY4.08-Israel,0.0,0.0,0.0
1998,7,pre,CCKP-CRU-TS4.08-ISR,CRU-CY4.08-Israel,0.04,0.0,-0.04
1998,8,pre,CCKP-CRU-TS4.08-ISR,CRU-CY4.08-Israel,0.0,0.0,0.0
1998,9,pre,CCKP-CRU-TS4.08-ISR,CRU-CY4.08-Israel,0.22,0.5,0.28
1998,10,pre,CCKP-CRU-TS4.08-ISR,CRU-CY4.08-Israel,1.31,2.6,1.29
1998,11,pre,CCKP-CRU-TS4.08-ISR,CRU-CY4.08-Israel,5.54,11.1,5.56
1998,12,pre,CCKP-CRU-TS4.08-ISR,CRU-CY4.08-Israel,30.99,60.4,29.41
1999,1,pre,CCKP-CRU-TS4.08-ISR,CRU-CY4.08-Israel,43.94,67.9,23.960000000000008
1999,2,pre,CCKP-CRU-TS4.08-ISR,CRU-CY4.08-Israel,40.47,55.1,14.630000000000003
1999,3,pre,CCKP-CRU-TS4.08-ISR,CRU-CY4.08-Israel,21.0,38.7,17.700000000000003
1999,4,pre,CCKP-CRU-TS4.08-ISR,CRU-CY4.08-Israel,8.21,13.7,5.489999999999998
1999,5,pre,CCKP-CRU-TS4.08-ISR,CRU-CY4.08-Israel,0.0,0.0,0.0
1999,6,pre,CCKP-CRU-TS4.08-ISR,CRU-CY4.08-Israel,0.01,0.0,-0.01
1999,7,pre,CCKP-CRU-TS4.08-ISR,CRU-CY4.08-Israel,0.04,0.0,-0.04
1999,8,pre,CCKP-CRU-TS4.08-ISR,CRU-CY4.08-Israel,0.0,0.0,0.0
1999,9,pre,CCKP-CRU-TS4.08-ISR,CRU-CY4.08-Israel,0.13,0.4,0.27
1999,10,pre,CCKP-CRU-TS4.08-ISR,CRU-CY4.08-Israel,4.29,8.2,3.9099999999999993
1999,11,pre,CCKP-CRU-TS4.08-ISR,CRU-CY4.08-Israel,7.8,13.5,5.7
1999,12,pre,CCKP-CRU-TS4.08-ISR,CRU-CY4.08-Israel,13.21,23.4,10.189999999999998
2000,1,pre,CCKP-CRU-TS4.08-ISR,CRU-CY4.08-Israel,120.25,185.1,64.85
2000,2,pre,CCKP-CRU-TS4.08-ISR,CRU-CY4.08-Israel,24.03,41.3,17.269999999999996
2000,3,pre,CCKP-CRU-TS4.08-ISR,CRU-CY4.08-Israel,29.32,44.3,14.979999999999997
2000,4,pre,CCKP-CRU-TS4.08-ISR,CRU-CY4.08-Israel,3.14,7.4,4.26
2000,5,pre,CCKP-CRU-TS4.08-ISR,CRU-CY4.08-Israel,0.14,0.3,0.15999999999999998
2000,6,pre,CCKP-CRU-TS4.08-ISR,CRU-CY4.08-Israel,0.0,0.0,0.0
2000,7,pre,CCKP-CRU-TS4.08-ISR,CRU-CY4.08-Israel,0.04,0.0,-0.04
2000,8,pre,CCKP-CRU-TS4.08-ISR,CRU-CY4.08-Israel,0.02,0.0,-0.02
2000,9,pre,CCKP-CRU-TS4.08-ISR,CRU-CY4.08-Israel,0.43,0.7,0.26999999999999996
2000,10,pre,CCKP-CRU-TS4.08-ISR,CRU-CY4.08-Israel,32.53,48.6,16.07
2000,11,pre,CCKP-CRU-TS4.08-ISR,CRU-CY4.08-Israel,19.15,26.2,7.050000000000001
2000,12,pre,CCKP-CRU-TS4.08-ISR,CRU-CY4.08-Israel,81.3,114.5,33.2
2001,1,pre,CCKP-CRU-TS4.08-ISR,CRU-CY4.08-Israel,50.77,79.0,28.229999999999997
2001,2,pre,CCKP-CRU-TS4.08-ISR,CRU-CY4.08-Israel,51.67,86.9,35.230000000000004
2001,3,pre,CCKP-CRU-TS4.08-ISR,CRU-CY4.08-Israel,12.02,14.7,2.6799999999999997
2001,4,pre,CCKP-CRU-TS4.08-ISR,CRU-CY4.08-Israel,10.11,13.1,2.99
2001,5,pre,CCKP-CRU-TS4.08-ISR,CRU-CY4.08-Israel,6.35,11.0,4.65
2001,6,pre,CCKP-CRU-TS4.08-ISR,CRU-CY4.08-Israel,0.0,0.0,0.0
2001,7,pre,CCKP-CRU-TS4.08-ISR,CRU-CY4.08-Israel,0.04,0.0,-0.04
2001,8,pre,CCKP-CRU-TS4.08-ISR,CRU-CY4.08-Israel,0.02,0.0,-0.02
2001,9,pre,CCKP-CRU-TS4.08-ISR,CRU-CY4.08-Israel,0.03,0.1,0.07
2001,10,pre,CCKP-CRU-TS4.08-ISR,CRU-CY4.08-Israel,10.0,16.9,6.899999999999999
2001,11,pre,CCKP-CRU-TS4.08-ISR,CRU-CY4.08-Israel,34.9,58.9,24.0
2001,12,pre,CCKP-CRU-TS4.08-ISR,CRU-CY4.08-Israel,72.09,123.0,50.91
2002,1,pre,CCKP-CRU-TS4.08-ISR,CRU-CY4.08-Israel,117.51,172.4,54.89
2002,2,pre,CCKP-CRU-TS4.08-ISR,CRU-CY4.08-Israel,41.83,56.4,14.57
2002,3,pre,CCKP-CRU-TS4.08-ISR,CRU-CY4.08-Israel,29.46,49.0,19.54
2002,4,pre,CCKP-CRU-TS4.08-ISR,CRU-CY4.08-Israel,22.31,36.5,14.190000000000001
2002,5,pre,CCKP-CRU-TS4.08-ISR,CRU-CY4.08-Israel,2.19,4.1,1.9099999999999997
2002,6,pre,CCKP-CRU-TS4.08-ISR,CRU-CY4.08-Israel,0.0,0.0,0.0
2002,7,pre,CCKP-CRU-TS4.08-ISR,CRU-CY4.08-Israel,0.04,0.0,-0.04
2002,8,pre,CCKP-CRU-TS4.08-ISR,CRU-CY4.08-Israel,0.02,0.0,-0.02
2002,9,pre,CCKP-CRU-TS4.08-ISR,CRU-CY4.08-Israel,0.18,0.3,0.12
2002,10,pre,CCKP-CRU-TS4.08-ISR,CRU-CY4.08-Israel,10.38,11.6,1.2199999999999989
2002,11,pre,CCKP-CRU-TS4.08-ISR,CRU-CY4.08-Israel,20.49,33.7,13.210000000000004
2002,12,pre,CCKP-CRU-TS4.08-ISR,CRU-CY4.08-Israel,84.17,136.6,52.42999999999999
2003,1,pre,CCKP-CRU-TS4.08-ISR,CRU-CY4.08-Israel,53.68,90.3,36.62
2003,2,pre,CCKP-CRU-TS4.08-ISR,CRU-CY4.08-Israel,119.51,189.0,69.49
2003,3,pre,CCKP-CRU-TS4.08-ISR,CRU-CY4.08-Israel,71.84,107.3,35.459999999999994
2003,4,pre,CCKP-CRU-TS4.08-ISR,CRU-CY4.08-Israel,8.31,12.5,4.1899999999999995
2003,5,pre,CCKP-CRU-TS4.08-ISR,CRU-CY4.08-Israel,0.17,0.4,0.23
2003,6,pre,CCKP-CRU-TS4.08-ISR,CRU-CY4.08-Israel,0.06,0.2,0.14
2003,7,pre,CCKP-CRU-TS4.08-ISR,CRU-CY4.08-Israel,0.04,0.0,-0.04
2003,8,pre,CCKP-CRU-TS4.08-ISR,CRU-CY4.08-Israel,0.02,0.0,-0.02
2003,9,pre,CCKP-CRU-TS4.08-ISR,CRU-CY4.08-Israel,0.07,0.2,0.13
2003,10,pre,CCKP-CRU-TS4.08-ISR,CRU-CY4.08-Israel,0.96,2.4,1.44
2003,11,pre,CCKP-CRU-TS4.08-ISR,CRU-CY4.08-Israel,20.3,34.6,14.3
2003,12,pre,CCKP-CRU-TS4.08-ISR,CRU-CY4.08-Israel,70.96,114.7,43.74000000000001
2004,1,pre,CCKP-CRU-TS4.08-ISR,CRU-CY4.08-Israel,88.1,142.2,54.099999999999994
2004,2,pre,CCKP-CRU-TS4.08-ISR,CRU-CY4.08-Israel,43.77,67.1,23.32999999999999
2004,3,pre,CCKP-CRU-TS4.08-ISR,CRU-CY4.08-Israel,11.34,16.8,5.460000000000001
2004,4,pre,CCKP-CRU-TS4.08-ISR,CRU-CY4.08-Israel,2.9,4.6,1.6999999999999997
2004,5,pre,CCKP-CRU-TS4.08-ISR,CRU-CY4.08-Israel,1.8,2.8,0.9999999999999998
2004,6,pre,CCKP-CRU-TS4.08-ISR,CRU-CY4.08-Israel,0.03,0.1,0.07
2004,7,pre,CCKP-CRU-TS4.08-ISR,CRU-CY4.08-Israel,0.05,0.0,-0.05
2004,8,pre,CCKP-CRU-TS4.08-ISR,CRU-CY4.08-Israel,0.02,0.0,-0.02
2004,9,pre,CCKP-CRU-TS4.08-ISR,CRU-CY4.08-Israel,0.05,0.1,0.05
2004,10,pre,CCKP-CRU-TS4.08-ISR,CRU-CY4.08-Israel,1.39,2.8,1.41
2004,11,pre,CCKP-CRU-TS4.08-ISR,CRU-CY4.08-Israel,46.01,76.2,30.190000000000005
2004,12,pre,CCKP-CRU-TS4.08-ISR,CRU-CY4.08-Israel,39.63,57.2,17.57
2005,1,pre,CCKP-CRU-TS4.08-ISR,CRU-CY4.08-Israel,69.17,108.1,38.92999999999999
2005,2,pre,CCKP-CRU-TS4.08-ISR,CRU-CY4.08-Israel,50.83,79.4,28.570000000000007
2005,3,pre,CCKP-CRU-TS4.08-ISR,CRU-CY4.08-Israel,23.37,31.9,8.529999999999998
2005,4,pre,CCKP-CRU-TS4.08-ISR,CRU-CY4.08-Israel,9.56,15.0,5.4399999999999995
2005,5,pre,CCKP-CRU-TS4.08-ISR,CRU-CY4.08-Israel,1.13,2.4,1.27
2005,6,pre,CCKP-CRU-TS4.08-ISR,CRU-CY4.08-Israel,0.15,0.4,0.25
2005,7,pre,CCKP-CRU-TS4.08-ISR,CRU-CY4.08-Israel,0.04,0.0,-0.04
2005,8,pre,CCKP-CRU-TS4.08-ISR,CRU-CY4.08-Israel,0.02,0.0,-0.02
2005,9,pre,CCKP-CRU-TS4.08-ISR,CRU-CY4.08-Israel,0.29,0.6,0.31
2005,10,pre,CCKP-CRU-TS4.08-ISR,CRU-CY4.08-Israel,5.28,9.3,4.0200000000000005
2005,11,pre,CCKP-CRU-TS4.08-ISR,CRU-CY4.08-Israel,23.54,40.5,16.96
2005,12,pre,CCKP-CRU-TS4.08-ISR,CRU-CY4.08-Israel,45.85,74.2,28.35
2006,1,pre,CCKP-CRU-TS4.08-ISR,CRU-CY4.08-Israel,58.3,93.7,35.400000000000006
2006,2,pre,CCKP-CRU-TS4.08-ISR,CRU-CY4.08-Israel,36.54,51.3,14.759999999999998
2006,3,pre,CCKP-CRU-TS4.08-ISR,CRU-CY4.08-Israel,8.88,11.8,2.92
2006,4,pre,CCKP-CRU-TS4.08-ISR,CRU-CY4.08-Israel,52.23,71.7,19.470000000000006
2006,5,pre,CCKP-CRU-TS4.08-ISR,CRU-CY4.08-Israel,0.08,0.2,0.12000000000000001
2006,6,pre,CCKP-CRU-TS4.08-ISR,CRU-CY4.08-Israel,0.01,0.0,-0.01
2006,7,pre,CCKP-CRU-TS4.08-ISR,CRU-CY4.08-Israel,0.05,0.0,-0.05
2006,8,pre,CCKP-CRU-TS4.08-ISR,CRU-CY4.08-Israel,0.02,0.0,-0.02
2006,9,pre,CCKP-CRU-TS4.08-ISR,CRU-CY4.08-Israel,0.07,0.2,0.13
2006,10,pre,CCKP-CRU-TS4.08-ISR,CRU-CY4.08-Israel,25.16,42.2,17.040000000000003
2006,11,pre,CCKP-CRU-TS4.08-ISR,CRU-CY4.08-Israel,11.48,19.6,8.120000000000001
2006,12,pre,CCKP-CRU-TS4.08-ISR,CRU-CY4.08-Israel,42.25,61.1,18.85
2007,1,pre,CCKP-CRU-TS4.08-ISR,CRU-CY4.08-Israel,49.62,76.3,26.68
2007,2,pre,CCKP-CRU-TS4.08-ISR,CRU-CY4.08-Israel,52.73,84.5,31.770000000000003
2007,3,pre,CCKP-CRU-TS4.08-ISR,CRU-CY4.08-Israel,28.15,44.0,15.850000000000001
2007,4,pre,CCKP-CRU-TS4.08-ISR,CRU-CY4.08-Israel,9.65,10.7,1.049999999999999
2007,5,pre,CCKP-CRU-TS4.08-ISR,CRU-CY4.08-Israel,4.3,6.0,1.7000000000000002
2007,6,pre,CCKP-CRU-TS4.08-ISR,CRU-CY4.08-Israel,0.01,0.0,-0.01
2007,7,pre,CCKP-CRU-TS4.08-ISR,CRU-CY4.08-Israel,0.04,0.0,-0.04
2007,8,pre,CCKP-CRU-TS4.08-ISR,CRU-CY4.08-Israel,0.0,0.0,0.0
2007,9,pre,CCKP-CRU-TS4.08-ISR,CRU-CY4.08-Israel,0.01,0.0,-0.01
2007,10,pre,CCKP-CRU-TS4.08-ISR,CRU-CY4.08-Israel,2.54,3.3,0.7599999999999998
2007,11,pre,CCKP-CRU-TS4.08-ISR,CRU-CY4.08-Israel,39.3,62.6,23.300000000000004
2007,12,pre,CCKP-CRU-TS4.08-ISR,CRU-CY4.08-Israel,32.26,52.7,20.440000000000005
2008,1,pre,CCKP-CRU-TS4.08-ISR,CRU-CY4.08-Israel,82.61,117.7,35.09
2008,2,pre,CCKP-CRU-TS4.08-ISR,CRU-CY4.08-Israel,45.65,63.9,18.25
2008,3,pre,CCKP-CRU-TS4.08-ISR,CRU-CY4.08-Israel,3.43,6.5,3.07
2008,4,pre,CCKP-CRU-TS4.08-ISR,CRU-CY4.08-Israel,0.88,0.8,-0.07999999999999996
2008,5,pre,CCKP-CRU-TS4.08-ISR,CRU-CY4.08-Israel,1.74,3.5,1.76
2008,6,pre,CCKP-CRU-TS4.08-ISR,CRU-CY4.08-Israel,0.0,0.0,0.0
2008,7,pre,CCKP-CRU-TS4.08-ISR,CRU-CY4.08-Israel,0.04,0.0,-0.04
2008,8,pre,CCKP-CRU-TS4.08-ISR,CRU-CY4.08-Israel,0.01,0.0,-0.01
2008,9,pre,CCKP-CRU-TS4.08-ISR,CRU-CY4.08-Israel,1.02,1.6,0.5800000000000001
2008,10,pre,CCKP-CRU-TS4.08-ISR,CRU-CY4.08-Israel,17.89,26.7,8.809999999999999
2008,11,pre,CCKP-CRU-TS4.08-ISR,CRU-CY4.08-Israel,7.84,14.7,6.859999999999999
2008,12,pre,CCKP-CRU-TS4.08-ISR,CRU-CY4.08-Israel,38.18,62.0,23.82
2009,1,pre,CCKP-CRU-TS4.08-ISR,CRU-CY4.08-Israel,16.39,33.7,17.310000000000002
2009,2,pre,CCKP-CRU-TS4.08-ISR,CRU-CY4.08-Israel,66.94,106.9,39.96000000000001
2009,3,pre,CCKP-CRU-TS4.08-ISR,CRU-CY4.08-Israel,22.73,39.5,16.77
2009,4,pre,CCKP-CRU-TS4.08-ISR,CRU-CY4.08-Israel,2.35,4.7,2.35
2009,5,pre,CCKP-CRU-TS4.08-ISR,CRU-CY4.08-Israel,0.26,0.3,0.03999999999999998
2009,6,pre,CCKP-CRU-TS4.08-ISR,CRU-CY4.08-Israel,0.01,0.0,-0.01
2009,7,pre,CCKP-CRU-TS4.08-ISR,CRU-CY4.08-Israel,0.04,0.0,-0.04
2009,8,pre,CCKP-CRU-TS4.08-ISR,CRU-CY4.08-Israel,0.0,0.0,0.0
2009,9,pre,CCKP-CRU-TS4.08-ISR,CRU-CY4.08-Israel,0.31,0.8,0.49000000000000005
2009,10,pre,CCKP-CRU-TS4.08-ISR,CRU-CY4.08-Israel,18.0,30.3,12.3
2009,11,pre,CCKP-CRU-TS4.08-ISR,CRU-CY4.08-Israel,31.54,54.9,23.36
2009,12,pre,CCKP-CRU-TS4.08-ISR,CRU-CY4.08-Israel,49.37,82.8,33.43
2010,1,pre,CCKP-CRU-TS4.08-ISR,CRU-CY4.08-Israel,53.51,87.0,33.49
2010,2,pre,CCKP-CRU-TS4.08-ISR,CRU-CY4.08-Israel,70.74,108.0,37.260000000000005
2010,3,pre,CCKP-CRU-TS4.08-ISR,CRU-CY4.08-Israel,7.69,10.1,2.4099999999999993
2010,4,pre,CCKP-CRU-TS4.08-ISR,CRU-CY4.08-Israel,1.15,1.9,0.75
2010,5,pre,CCKP-CRU-TS4.08-ISR,CRU-CY4.08-Israel,1.05,1.7,0.6499999999999999
2010,6,pre,CCKP-CRU-TS4.08-ISR,CRU-CY4.08-Israel,0.06,0.2,0.14
2010,7,pre,CCKP-CRU-TS4.08-ISR,CRU-CY4.08-Israel,0.04,0.0,-0.04
2010,8,pre,CCKP-CRU-TS4.08-ISR,CRU-CY4.08-Israel,0.0,0.0,0.0
2010,9,pre,CCKP-CRU-TS4.08-ISR,CRU-CY4.08-Israel,0.22,0.3,0.07999999999999999
2010,10,pre,CCKP-CRU-TS4.08-ISR,CRU-CY4.08-Israel,3.55,6.1,2.55
2010,11,pre,CCKP-CRU-TS4.08-ISR,CRU-CY4.08-Israel,0.49,0.2,-0.29
2010,12,pre,CCKP-CRU-TS4.08-ISR,CRU-CY4.08-Israel,51.85,83.0,31.15
2011,1,pre,CCKP-CRU-TS4.08-ISR,CRU-CY4.08-Israel,48.15,79.1,30.949999999999996
2011,2,pre,CCKP-CRU-TS4.08-ISR,CRU-CY4.08-Israel,55.06,85.9,30.840000000000003
2011,3,pre,CCKP-CRU-TS4.08-ISR,CRU-CY4.08-Israel,35.62,56.6,20.980000000000004
2011,4,pre,CCKP-CRU-TS4.08-ISR,CRU-CY4.08-Israel,27.38,39.4,12.02
2011,5,pre,CCKP-CRU-TS4.08-ISR,CRU-CY4.08-Israel,3.26,5.0,1.7400000000000002
2011,6,pre,CCKP-CRU-TS4.08-ISR,CRU-CY4.08-Israel,0.08,0.2,0.12000000000000001
2011,7,pre,CCKP-CRU-TS4.08-ISR,CRU-CY4.08-Israel,0.04,0.0,-0.04
2011,8,pre,CCKP-CRU-TS4.08-ISR,CRU-CY4.08-Israel,0.01,0.0,-0.01
2011,9,pre,CCKP-CRU-TS4.08-ISR,CRU-CY4.08-Israel,0.9,1.5,0.6
2011,10,pre,CCKP-CRU-TS4.08-ISR,CRU-CY4.08-Israel,2.72,4.6,1.8799999999999994
2011,11,pre,CCKP-CRU-TS4.08-ISR,CRU-CY4.08-Israel,52.96,90.3,37.339999999999996
2011,12,pre,CCKP-CRU-TS4.08-ISR,CRU-CY4.08-Israel,28.15,52.4,24.25
2012,1,pre,CCKP-CRU-TS4.08-ISR,CRU-CY4.08-Israel,92.17,158.6,66.42999999999999
2012,2,pre,CCKP-CRU-TS4.08-ISR,CRU-CY4.08-Israel,52.92,88.6,35.67999999999999
2012,3,pre,CCKP-CRU-TS4.08-ISR,CRU-CY4.08-Israel,40.77,63.1,22.33
2012,4,pre,CCKP-CRU-TS4.08-ISR,CRU-CY4.08-Israel,0.98,2.0,1.02
2012,5,pre,CCKP-CRU-TS4.08-ISR,CRU-CY4.08-Israel,1.92,4.1,2.1799999999999997
2012,6,pre,CCKP-CRU-TS4.08-ISR,CRU-CY4.08-Israel,0.03,0.1,0.07
2012,7,pre,CCKP-CRU-TS4.08-ISR,CRU-CY4.08-Israel,0.04,0.0,-0.04
2012,8,pre,CCKP-CRU-TS4.08-ISR,CRU-CY4.08-Israel,0.0,0.0,0.0
2012,9,pre,CCKP-CRU-TS4.08-ISR,CRU-CY4.08-Israel,0.16,0.4,0.24000000000000002
2012,10,pre,CCKP-CRU-TS4.08-ISR,CRU-CY4.08-Israel,6.66,10.1,3.4399999999999995
2012,11,pre,CCKP-CRU-TS4.08-ISR,CRU-CY4.08-Israel,62.6,88.9,26.300000000000004
2012,12,pre,CCKP-CRU-TS4.08-ISR,CRU-CY4.08-Israel,47.64,86.6,38.959999999999994
2013,1,pre,CCKP-CRU-TS4.08-ISR,CRU-CY4.08-Israel,113.86,178.9,65.04
2013,2,pre,CCKP-CRU-TS4.08-ISR,CRU-CY4.08-Israel,49.71,56.5,6.789999999999999
2013,3,pre,CCKP-CRU-TS4.08-ISR,CRU-CY4.08-Israel,2.19,4.1,1.9099999999999997
2013,4,pre,CCKP-CRU-TS4.08-ISR,CRU-CY4.08-Israel,14.85,22.3,7.450000000000001
2013,5,pre,CCKP-CRU-TS4.08-ISR,CRU-CY4.08-Israel,3.5,5.8,2.3
2013,6,pre,CCKP-CRU-TS4.08-ISR,CRU-CY4.08-Israel,0.0,0.0,0.0
2013,7,pre,CCKP-CRU-TS4.08-ISR,CRU-CY4.08-Israel,0.05,0.0,-0.05
2013,8,pre,CCKP-CRU-TS4.08-ISR,CRU-CY4.08-Israel,0.03,0.0,-0.03
2013,9,pre,CCKP-CRU-TS4.08-ISR,CRU-CY4.08-Israel,0.45,0.7,0.24999999999999994
2013,10,pre,CCKP-CRU-TS4.08-ISR,CRU-CY4.08-Israel,1.98,3.3,1.3199999999999998
2013,11,pre,CCKP-CRU-TS4.08-ISR,CRU-CY4.08-Israel,11.6,18.7,7.1
2013,12,pre,CCKP-CRU-TS4.08-ISR,CRU-CY4.08-Israel,87.45,135.9,48.45
2014,1,pre,CCKP-CRU-TS4.08-ISR,CRU-CY4.08-Israel,33.97,44.3,10.329999999999998
2014,2,pre,CCKP-CRU-TS4.08-ISR,CRU-CY4.08-Israel,24.44,23.7,-0.740000000000002
2014,3,pre,CCKP-CRU-TS4.08-ISR,CRU-CY4.08-Israel,50.71,63.4,12.689999999999998
2014,4,pre,CCKP-CRU-TS4.08-ISR,CRU-CY4.08-Israel,0.41,0.8,0.39000000000000007
2014,5,pre,CCKP-CRU-TS4.08-ISR,CRU-CY4.08-Israel,11.92,16.6,4.6800000000000015
2014,6,pre,CCKP-CRU-TS4.08-ISR,CRU-CY4.08-Israel,0.02,0.1,0.08
2014,7,pre,CCKP-CRU-TS4.08-ISR,CRU-CY4.08-Israel,0.05,0.0,-0.05
2014,8,pre,CCKP-CRU-TS4.08-ISR,CRU-CY4.08-Israel,0.0,0.0,0.0
2014,9,pre,CCKP-CRU-TS4.08-ISR,CRU-CY4.08-Israel,0.49,1.1,0.6100000000000001
2014,10,pre,CCKP-CRU-TS4.08-ISR,CRU-CY4.08-Israel,13.6,23.1,9.500000000000002
2014,11,pre,CCKP-CRU-TS4.08-ISR,CRU-CY4.08-Israel,71.26,115.3,44.03999999999999
2014,12,pre,CCKP-CRU-TS4.08-ISR,CRU-CY4.08-Israel,51.24,85.1,33.85999999999999
2015,1,pre,CCKP-CRU-TS4.08-ISR,CRU-CY4.08-Israel,84.28,132.6,48.31999999999999
2015,2,pre,CCKP-CRU-TS4.08-ISR,CRU-CY4.08-Israel,42.12,69.9,27.78000000000001
2015,3,pre,CCKP-CRU-TS4.08-ISR,CRU-CY4.08-Israel,17.12,28.4,11.279999999999998
2015,4,pre,CCKP-CRU-TS4.08-ISR,CRU-CY4.08-Israel,19.48,29.3,9.82
2015,5,pre,CCKP-CRU-TS4.08-ISR,CRU-CY4.08-Israel,0.17,0.4,0.23
2015,6,pre,CCKP-CRU-TS4.08-ISR,CRU-CY4.08-Israel,0.01,0.0,-0.01
2015,7,pre,CCKP-CRU-TS4.08-ISR,CRU-CY4.08-Israel,0.05,0.0,-0.05
2015,8,pre,CCKP-CRU-TS4.08-ISR,CRU-CY4.08-Israel,0.03,0.0,-0.03
2015,9,pre,CCKP-CRU-TS4.08-ISR,CRU-CY4.08-Israel,0.01,0.0,-0.01
2015,10,pre,CCKP-CRU-TS4.08-ISR,CRU-CY4.08-Israel,31.44,45.9,14.459999999999997
2015,11,pre,CCKP-CRU-TS4.08-ISR,CRU-CY4.08-Israel,31.66,48.8,17.139999999999997
2015,12,pre,CCKP-CRU-TS4.08-ISR,CRU-CY4.08-Israel,42.65,73.6,30.949999999999996
2016,1,pre,CCKP-CRU-TS4.08-ISR,CRU-CY4.08-Israel,45.65,75.8,30.15
2016,2,pre,CCKP-CRU-TS4.08-ISR,CRU-CY4.08-Israel,30.36,50.8,20.439999999999998
2016,3,pre,CCKP-CRU-TS4.08-ISR,CRU-CY4.08-Israel,27.31,39.6,12.290000000000003
2016,4,pre,CCKP-CRU-TS4.08-ISR,CRU-CY4.08-Israel,12.26,17.8,5.540000000000001
2016,5,pre,CCKP-CRU-TS4.08-ISR,CRU-CY4.08-Israel,2.0,3.3,1.2999999999999998
2016,6,pre,CCKP-CRU-TS4.08-ISR,CRU-CY4.08-Israel,0.0,0.0,0.0
2016,7,pre,CCKP-CRU-TS4.08-ISR,CRU-CY4.08-Israel,0.05,0.0,-0.05
2016,8,pre,CCKP-CRU-TS4.08-ISR,CRU-CY4.08-Israel,0.01,0.0,-0.01
2016,9,pre,CCKP-CRU-TS4.08-ISR,CRU-CY4.08-Israel,0.01,0.0,-0.01
2016,10,pre,CCKP-CRU-TS4.08-ISR,CRU-CY4.08-Israel,21.16,19.0,-2.16
2016,11,pre,CCKP-CRU-TS4.08-ISR,CRU-CY4.08-Israel,4.37,8.1,3.7299999999999995
2016,12,pre,CCKP-CRU-TS4.08-ISR,CRU-CY4.08-Israel,107.18,178.1,70.91999999999999
2017,1,pre,CCKP-CRU-TS4.08-ISR,CRU-CY4.08-Israel,24.78,43.5,18.72
2017,2,pre,CCKP-CRU-TS4.08-ISR,CRU-CY4.08-Israel,43.18,47.9,4.719999999999999
2017,3,pre,CCKP-CRU-TS4.08-ISR,CRU-CY4.08-Israel,12.78,22.9,10.12
2017,4,pre,CCKP-CRU-TS4.08-ISR,CRU-CY4.08-Israel,10.41,16.6,6.190000000000001
2017,5,pre,CCKP-CRU-TS4.08-ISR,CRU-CY4.08-Israel,0.88,1.8,0.92
2017,6,pre,CCKP-CRU-TS4.08-ISR,CRU-CY4.08-Israel,0.02,0.1,0.08
2017,7,pre,CCKP-CRU-TS4.08-ISR,CRU-CY4.08-Israel,0.05,0.0,-0.05
2017,8,pre,CCKP-CRU-TS4.08-ISR,CRU-CY4.08-Israel,0.03,0.0,-0.03
2017,9,pre,CCKP-CRU-TS4.08-ISR,CRU-CY4.08-Israel,0.0,0.0,0.0
2017,10,pre,CCKP-CRU-TS4.08-ISR,CRU-CY4.08-Israel,3.93,7.1,3.1699999999999995
2017,11,pre,CCKP-CRU-TS4.08-ISR,CRU-CY4.08-Israel,10.67,20.7,10.03
2017,12,pre,CCKP-CRU-TS4.08-ISR,CRU-CY4.08-Israel,17.05,28.8,11.75
2018,1,pre,CCKP-CRU-TS4.08-ISR,CRU-CY4.08-Israel,81.58,132.4,50.82000000000001
2018,2,pre,CCKP-CRU-TS4.08-ISR,CRU-CY4.08-Israel,59.07,84.3,25.229999999999997
2018,3,pre,CCKP-CRU-TS4.08-ISR,CRU-CY4.08-Israel,3.68,6.6,2.9199999999999995
2018,4,pre,CCKP-CRU-TS4.08-ISR,CRU-CY4.08-Israel,28.78,30.3,1.5199999999999996
2018,5,pre,CCKP-CRU-TS4.08-ISR,CRU-CY4.08-Israel,5.25,9.1,3.8499999999999996
2018,6,pre,CCKP-CRU-TS4.08-ISR,CRU-CY4.08-Israel,0.04,0.0,-0.04
2018,7,pre,CCKP-CRU-TS4.08-ISR,CRU-CY4.08-Israel,0.05,0.0,-0.05
2018,8,pre,CCKP-CRU-TS4.08-ISR,CRU-CY4.08-Israel,0.0,0.0,0.0
2018,9,pre,CCKP-CRU-TS4.08-ISR,CRU-CY4.08-Israel,0.01,0.0,-0.01
2018,10,pre,CCKP-CRU-TS4.08-ISR,CRU-CY4.08-Israel,15.06,20.7,5.639999999999999
2018,11,pre,CCKP-CRU-TS4.08-ISR,CRU-CY4.08-Israel,31.25,47.0,15.75
2018,12,pre,CCKP-CRU-TS4.08-ISR,CRU-CY4.08-Israel,85.83,141.8,55.97000000000001
2019,1,pre,CCKP-CRU-TS4.08-ISR,CRU-CY4.08-Israel,65.59,111.5,45.91
2019,2,pre,CCKP-CRU-TS4.08-ISR,CRU-CY4.08-Israel,78.69,110.8,32.11
2019,3,pre,CCKP-CRU-TS4.08-ISR,CRU-CY4.08-Israel,35.99,61.9,25.909999999999997
2019,4,pre,CCKP-CRU-TS4.08-ISR,CRU-CY4.08-Israel,12.37,20.8,8.430000000000001
2019,5,pre,CCKP-CRU-TS4.08-ISR,CRU-CY4.08-Israel,0.01,0.0,-0.01
2019,6,pre,CCKP-CRU-TS4.08-ISR,CRU-CY4.08-Israel,0.07,0.2,0.13
2019,7,pre,CCKP-CRU-TS4.08-ISR,CRU-CY4.08-Israel,0.05,0.0,-0.05
2019,8,pre,CCKP-CRU-TS4.08-ISR,CRU-CY4.08-Israel,0.0,0.0,0.0
2019,9,pre,CCKP-CRU-TS4.08-ISR,CRU-CY4.08-Israel,0.11,0.2,0.09000000000000001
2019,10,pre,CCKP-CRU-TS4.08-ISR,CRU-CY4.08-Israel,13.24,19.2,5.959999999999999
2019,11,pre,CCKP-CRU-TS4.08-ISR,CRU-CY4.08-Israel,2.79,5.4,2.6100000000000003
2019,12,pre,CCKP-CRU-TS4.08-ISR,CRU-CY4.08-Israel,66.91,121.1,54.19
2020,1,pre,CCKP-CRU-TS4.08-ISR,CRU-CY4.08-Israel,117.95,189.3,71.35000000000001
2020,2,pre,CCKP-CRU-TS4.08-ISR,CRU-CY4.08-Israel,63.02,72.4,9.380000000000003
2020,3,pre,CCKP-CRU-TS4.08-ISR,CRU-CY4.08-Israel,39.03,67.0,27.97
2020,4,pre,CCKP-CRU-TS4.08-ISR,CRU-CY4.08-Israel,11.31,19.1,7.790000000000001
2020,5,pre,CCKP-CRU-TS4.08-ISR,CRU-CY4.08-Israel,5.41,9.5,4.09
2020,6,pre,CCKP-CRU-TS4.08-ISR,CRU-CY4.08-Israel,0.01,0.0,-0.01
2020,7,pre,CCKP-CRU-TS4.08-ISR,CRU-CY4.08-Israel,0.05,0.0,-0.05
2020,8,pre,CCKP-CRU-TS4.08-ISR,CRU-CY4.08-Israel,0.0,0.0,0.0
2020,9,pre,CCKP-CRU-TS4.08-ISR,CRU-CY4.08-Israel,0.0,0.0,0.0
2020,10,pre,CCKP-CRU-TS4.08-ISR,CRU-CY4.08-Israel,0.07,0.0,-0.07
2020,11,pre,CCKP-CRU-TS4.08-ISR,CRU-CY4.08-Israel,84.99,131.8,46.81000000000002
2020,12,pre,CCKP-CRU-TS4.08-ISR,CRU-CY4.08-Israel,50.52,76.1,25.57999999999999
2021,1,pre,CCKP-CRU-TS4.08-ISR,CRU-CY4.08-Israel,51.26,89.4,38.14000000000001
2021,2,pre,CCKP-CRU-TS4.08-ISR,CRU-CY4.08-Israel,55.86,79.9,24.040000000000006
2021,3,pre,CCKP-CRU-TS4.08-ISR,CRU-CY4.08-Israel,12.53,21.5,8.97
2021,4,pre,CCKP-CRU-TS4.08-ISR,CRU-CY4.08-Israel,5.01,7.9,2.8900000000000006
2021,5,pre,CCKP-CRU-TS4.08-ISR,CRU-CY4.08-Israel,0.06,0.1,0.04000000000000001
2021,6,pre,CCKP-CRU-TS4.08-ISR,CRU-CY4.08-Israel,0.0,0.0,0.0
2021,7,pre,CCKP-CRU-TS4.08-ISR,CRU-CY4.08-Israel,0.05,0.0,-0.05
2021,8,pre,CCKP-CRU-TS4.08-ISR,CRU-CY4.08-Israel,0.0,0.0,0.0
2021,9,pre,CCKP-CRU-TS4.08-ISR,CRU-CY4.08-Israel,0.01,0.0,-0.01
2021,10,pre,CCKP-CRU-TS4.08-ISR,CRU-CY4.08-Israel,1.37,2.4,1.0299999999999998
2021,11,pre,CCKP-CRU-TS4.08-ISR,CRU-CY4.08-Israel,26.87,37.4,10.529999999999998
2021,12,pre,CCKP-CRU-TS4.08-ISR,CRU-CY4.08-Israel,90.79,137.2,46.40999999999998
2022,1,pre,CCKP-CRU-TS4.08-ISR,CRU-CY4.08-Israel,116.26,175.7,59.43999999999998
2022,2,pre,CCKP-CRU-TS4.08-ISR,CRU-CY4.08-Israel,48.28,68.1,19.819999999999993
2022,3,pre,CCKP-CRU-TS4.08-ISR,CRU-CY4.08-Israel,35.67,61.6,25.93
2022,4,pre,CCKP-CRU-TS4.08-ISR,CRU-CY4.08-Israel,0.16,0.1,-0.06
2022,5,pre,CCKP-CRU-TS4.08-ISR,CRU-CY4.08-Israel,0.21,0.5,0.29000000000000004
2022,6,pre,CCKP-CRU-TS4.08-ISR,CRU-CY4.08-Israel,0.01,0.0,-0.01
2022,7,pre,CCKP-CRU-TS4.08-ISR,CRU-CY4.08-Israel,0.05,0.0,-0.05
2022,8,pre,CCKP-CRU-TS4.08-ISR,CRU-CY4.08-Israel,0.03,0.0,-0.03
2022,9,pre,CCKP-CRU-TS4.08-ISR,CRU-CY4.08-Israel,0.01,0.0,-0.01
2022,10,pre,CCKP-CRU-TS4.08-ISR,CRU-CY4.08-Israel,11.99,15.1,3.1099999999999994
2022,11,pre,CCKP-CRU-TS4.08-ISR,CRU-CY4.08-Israel,65.49,91.0,25.510000000000005
2022,12,pre,CCKP-CRU-TS4.08-ISR,CRU-CY4.08-Israel,59.35,78.7,19.35
2023,1,pre,CCKP-CRU-TS4.08-ISR,CRU-CY4.08-Israel,107.69,157.6,49.91
2023,2,pre,CCKP-CRU-TS4.08-ISR,CRU-CY4.08-Israel,46.24,78.6,32.35999999999999
2023,3,pre,CCKP-CRU-TS4.08-ISR,CRU-CY4.08-Israel,20.31,32.7,12.390000000000004
2023,4,pre,CCKP-CRU-TS4.08-ISR,CRU-CY4.08-Israel,38.47,57.7,19.230000000000004
2023,5,pre,CCKP-CRU-TS4.08-ISR,CRU-CY4.08-Israel,6.4,9.5,3.0999999999999996
2023,6,pre,CCKP-CRU-TS4.08-ISR,CRU-CY4.08-Israel,0.02,0.0,-0.02
2023,7,pre,CCKP-CRU-TS4.08-ISR,CRU-CY4.08-Israel,0.05,0.0,-0.05
2023,8,pre,CCKP-CRU-TS4.08-ISR,CRU-CY4.08-Israel,0.03,0.0,-0.03
2023,9,pre,CCKP-CRU-TS4.08-ISR,CRU-CY4.08-Israel,0.08,0.1,0.020000000000000004
2023,10,pre,CCKP-CRU-TS4.08-ISR,CRU-CY4.08-Israel,4.94,8.6,3.6599999999999993
2023,11,pre,CCKP-CRU-TS4.08-ISR,CRU-CY4.08-Israel,52.34,80.7,28.36
2023,12,pre,CCKP-CRU-TS4.08-ISR,CRU-CY4.08-Israel,57.78,88.3,30.519999999999996
