year,month,variable,old_product,new_product,old_value,new_value,delta_new_minus_old
1901,1,pre,CRU-CY4.08,CRU-CY4.10,139.8,141.6,1.799999999999983
1901,2,pre,CRU-CY4.08,CRU-CY4.10,9.6,3.3,-6.3
1901,3,pre,CRU-CY4.08,CRU-CY4.10,17.3,13.8,-3.5
1901,4,pre,CRU-CY4.08,CRU-CY4.10,7.1,6.4,-0.6999999999999993
1901,5,pre,CRU-CY4.08,CRU-CY4.10,21.2,21.8,0.6000000000000014
1901,6,pre,CRU-CY4.08,CRU-CY4.10,0.1,0.0,-0.1
1901,7,pre,CRU-CY4.08,CRU-CY4.10,0.0,0.0,0.0
1901,8,pre,CRU-CY4.08,CRU-CY4.10,0.0,0.0,0.0
1901,9,pre,CRU-CY4.08,CRU-CY4.10,0.2,0.1,-0.1
1901,10,pre,CRU-CY4.08,CRU-CY4.10,5.4,4.5,-0.9000000000000004
1901,11,pre,CRU-CY4.08,CRU-CY4.10,40.4,39.0,-1.3999999999999986
1901,12,pre,CRU-CY4.08,CRU-CY4.10,103.8,107.6,3.799999999999997
1902,1,pre,CRU-CY4.08,CRU-CY4.10,147.0,152.8,5.800000000000011
1902,2,pre,CRU-CY4.08,CRU-CY4.10,39.6,36.0,-3.6000000000000014
1902,3,pre,CRU-CY4.08,CRU-CY4.10,43.1,40.0,-3.1000000000000014
1902,4,pre,CRU-CY4.08,CRU-CY4.10,30.1,32.7,2.6000000000000014
1902,5,pre,CRU-CY4.08,CRU-CY4.10,1.0,0.8,-0.19999999999999996
1902,6,pre,CRU-CY4.08,CRU-CY4.10,0.0,0.0,0.0
1902,7,pre,CRU-CY4.08,CRU-CY4.10,0.1,0.0,-0.1
1902,8,pre,CRU-CY4.08,CRU-CY4.10,0.0,0.0,0.0
1902,9,pre,CRU-CY4.08,CRU-CY4.10,0.1,0.0,-0.1
1902,10,pre,CRU-CY4.08,CRU-CY4.10,13.0,12.8,-0.1999999999999993
1902,11,pre,CRU-CY4.08,CRU-CY4.10,112.3,117.2,4.900000000000006
1902,12,pre,CRU-CY4.08,CRU-CY4.10,112.7,115.6,2.8999999999999915
1903,1,pre,CRU-CY4.08,CRU-CY4.10,102.4,102.1,-0.30000000000001137
1903,2,pre,CRU-CY4.08,CRU-CY4.10,79.6,80.3,0.7000000000000028
1903,3,pre,CRU-CY4.08,CRU-CY4.10,53.7,54.8,1.0999999999999943
1903,4,pre,CRU-CY4.08,CRU-CY4.10,5.4,3.8,-1.6000000000000005
1903,5,pre,CRU-CY4.08,CRU-CY4.10,1.5,1.1,-0.3999999999999999
1903,6,pre,CRU-CY4.08,CRU-CY4.10,0.3,0.2,-0.09999999999999998
1903,7,pre,CRU-CY4.08,CRU-CY4.10,0.0,0.0,0.0
1903,8,pre,CRU-CY4.08,CRU-CY4.10,0.0,0.0,0.0
1903,9,pre,CRU-CY4.08,CRU-CY4.10,0.0,0.0,0.0
1903,10,pre,CRU-CY4.08,CRU-CY4.10,6.7,5.2,-1.5
1903,11,pre,CRU-CY4.08,CRU-CY4.10,48.5,46.6,-1.8999999999999986
1903,12,pre,CRU-CY4.08,CRU-CY4.10,78.8,76.0,-2.799999999999997
1904,1,pre,CRU-CY4.08,CRU-CY4.10,138.2,144.8,6.600000000000023
1904,2,pre,CRU-CY4.08,CRU-CY4.10,61.6,61.9,0.29999999999999716
1904,3,pre,CRU-CY4.08,CRU-CY4.10,53.6,52.8,-0.8000000000000043
1904,4,pre,CRU-CY4.08,CRU-CY4.10,36.8,36.4,-0.3999999999999986
1904,5,pre,CRU-CY4.08,CRU-CY4.10,7.4,6.9,-0.5
1904,6,pre,CRU-CY4.08,CRU-CY4.10,0.4,0.3,-0.10000000000000003
1904,7,pre,CRU-CY4.08,CRU-CY4.10,0.0,0.0,0.0
1904,8,pre,CRU-CY4.08,CRU-CY4.10,0.0,0.0,0.0
1904,9,pre,CRU-CY4.08,CRU-CY4.10,0.2,0.1,-0.1
1904,10,pre,CRU-CY4.08,CRU-CY4.10,22.3,22.9,0.5999999999999979
1904,11,pre,CRU-CY4.08,CRU-CY4.10,94.9,99.7,4.799999999999997
1904,12,pre,CRU-CY4.08,CRU-CY4.10,214.1,232.1,18.0
1905,1,pre,CRU-CY4.08,CRU-CY4.10,99.4,95.9,-3.5
1905,2,pre,CRU-CY4.08,CRU-CY4.10,93.4,94.0,0.5999999999999943
1905,3,pre,CRU-CY4.08,CRU-CY4.10,88.3,95.3,7.0
1905,4,pre,CRU-CY4.08,CRU-CY4.10,31.5,31.7,0.1999999999999993
1905,5,pre,CRU-CY4.08,CRU-CY4.10,3.1,4.3,1.1999999999999997
1905,6,pre,CRU-CY4.08,CRU-CY4.10,0.1,0.1,0.0
1905,7,pre,CRU-CY4.08,CRU-CY4.10,0.0,0.0,0.0
1905,8,pre,CRU-CY4.08,CRU-CY4.10,0.0,0.0,0.0
1905,9,pre,CRU-CY4.08,CRU-CY4.10,0.3,0.3,0.0
1905,10,pre,CRU-CY4.08,CRU-CY4.10,15.6,15.2,-0.40000000000000036
1905,11,pre,CRU-CY4.08,CRU-CY4.10,25.3,20.6,-4.699999999999999
1905,12,pre,CRU-CY4.08,CRU-CY4.10,197.6,211.0,13.400000000000006
1906,1,pre,CRU-CY4.08,CRU-CY4.10,109.3,109.0,-0.29999999999999716
1906,2,pre,CRU-CY4.08,CRU-CY4.10,94.6,93.6,-1.0
1906,3,pre,CRU-CY4.08,CRU-CY4.10,47.4,46.2,-1.1999999999999957
1906,4,pre,CRU-CY4.08,CRU-CY4.10,51.8,54.6,2.8000000000000043
1906,5,pre,CRU-CY4.08,CRU-CY4.10,21.7,22.5,0.8000000000000007
1906,6,pre,CRU-CY4.08,CRU-CY4.10,0.4,0.5,0.09999999999999998
1906,7,pre,CRU-CY4.08,CRU-CY4.10,0.0,0.0,0.0
1906,8,pre,CRU-CY4.08,CRU-CY4.10,0.0,0.0,0.0
1906,9,pre,CRU-CY4.08,CRU-CY4.10,0.0,0.0,0.0
1906,10,pre,CRU-CY4.08,CRU-CY4.10,16.0,15.2,-0.8000000000000007
1906,11,pre,CRU-CY4.08,CRU-CY4.10,55.2,50.9,-4.300000000000004
1906,12,pre,CRU-CY4.08,CRU-CY4.10,64.3,55.5,-8.799999999999997
1907,1,pre,CRU-CY4.08,CRU-CY4.10,209.6,226.0,16.400000000000006
1907,2,pre,CRU-CY4.08,CRU-CY4.10,88.7,94.5,5.799999999999997
1907,3,pre,CRU-CY4.08,CRU-CY4.10,69.1,68.4,-0.6999999999999886
1907,4,pre,CRU-CY4.08,CRU-CY4.10,15.0,13.3,-1.6999999999999993
1907,5,pre,CRU-CY4.08,CRU-CY4.10,0.9,0.7,-0.20000000000000007
1907,6,pre,CRU-CY4.08,CRU-CY4.10,0.0,0.0,0.0
1907,7,pre,CRU-CY4.08,CRU-CY4.10,0.0,0.0,0.0
1907,8,pre,CRU-CY4.08,CRU-CY4.10,0.0,0.0,0.0
1907,9,pre,CRU-CY4.08,CRU-CY4.10,0.7,0.7,0.0
1907,10,pre,CRU-CY4.08,CRU-CY4.10,11.9,9.3,-2.5999999999999996
1907,11,pre,CRU-CY4.08,CRU-CY4.10,87.5,81.9,-5.599999999999994
1907,12,pre,CRU-CY4.08,CRU-CY4.10,85.0,79.1,-5.900000000000006
1908,1,pre,CRU-CY4.08,CRU-CY4.10,152.1,148.4,-3.6999999999999886
1908,2,pre,CRU-CY4.08,CRU-CY4.10,97.0,99.3,2.299999999999997
1908,3,pre,CRU-CY4.08,CRU-CY4.10,87.2,90.3,3.0999999999999943
1908,4,pre,CRU-CY4.08,CRU-CY4.10,31.2,30.2,-1.0
1908,5,pre,CRU-CY4.08,CRU-CY4.10,2.1,2.4,0.2999999999999998
1908,6,pre,CRU-CY4.08,CRU-CY4.10,0.5,0.7,0.19999999999999996
1908,7,pre,CRU-CY4.08,CRU-CY4.10,0.0,0.0,0.0
1908,8,pre,CRU-CY4.08,CRU-CY4.10,0.0,0.0,0.0
1908,9,pre,CRU-CY4.08,CRU-CY4.10,0.1,0.1,0.0
1908,10,pre,CRU-CY4.08,CRU-CY4.10,2.3,0.9,-1.4
1908,11,pre,CRU-CY4.08,CRU-CY4.10,77.7,74.2,-3.5
1908,12,pre,CRU-CY4.08,CRU-CY4.10,113.6,108.1,-5.5
1909,1,pre,CRU-CY4.08,CRU-CY4.10,99.6,95.9,-3.6999999999999886
1909,2,pre,CRU-CY4.08,CRU-CY4.10,53.4,47.4,-6.0
1909,3,pre,CRU-CY4.08,CRU-CY4.10,26.5,24.6,-1.8999999999999986
1909,4,pre,CRU-CY4.08,CRU-CY4.10,57.1,67.6,10.499999999999993
1909,5,pre,CRU-CY4.08,CRU-CY4.10,7.3,8.4,1.1000000000000005
1909,6,pre,CRU-CY4.08,CRU-CY4.10,0.1,0.1,0.0
1909,7,pre,CRU-CY4.08,CRU-CY4.10,0.0,0.0,0.0
1909,8,pre,CRU-CY4.08,CRU-CY4.10,0.0,0.0,0.0
1909,9,pre,CRU-CY4.08,CRU-CY4.10,1.3,1.5,0.19999999999999996
1909,10,pre,CRU-CY4.08,CRU-CY4.10,41.5,43.1,1.6000000000000014
1909,11,pre,CRU-CY4.08,CRU-CY4.10,49.1,50.9,1.7999999999999972
1909,12,pre,CRU-CY4.08,CRU-CY4.10,65.0,64.1,-0.9000000000000057
1910,1,pre,CRU-CY4.08,CRU-CY4.10,113.6,107.7,-5.8999999999999915
1910,2,pre,CRU-CY4.08,CRU-CY4.10,35.0,32.3,-2.700000000000003
1910,3,pre,CRU-CY4.08,CRU-CY4.10,102.9,109.5,6.599999999999994
1910,4,pre,CRU-CY4.08,CRU-CY4.10,25.7,25.0,-0.6999999999999993
1910,5,pre,CRU-CY4.08,CRU-CY4.10,5.9,5.9,0.0
1910,6,pre,CRU-CY4.08,CRU-CY4.10,0.3,0.2,-0.09999999999999998
1910,7,pre,CRU-CY4.08,CRU-CY4.10,0.0,0.0,0.0
1910,8,pre,CRU-CY4.08,CRU-CY4.10,0.0,0.0,0.0
1910,9,pre,CRU-CY4.08,CRU-CY4.10,0.4,0.5,0.09999999999999998
1910,10,pre,CRU-CY4.08,CRU-CY4.10,16.5,16.5,0.0
1910,11,pre,CRU-CY4.08,CRU-CY4.10,43.4,42.2,-1.1999999999999957
1910,12,pre,CRU-CY4.08,CRU-CY4.10,56.5,58.3,1.7999999999999972
1911,1,pre,CRU-CY4.08,CRU-CY4.10,166.8,169.1,2.299999999999983
1911,2,pre,CRU-CY4.08,CRU-CY4.10,137.7,144.6,6.900000000000006
1911,3,pre,CRU-CY4.08,CRU-CY4.10,68.7,68.1,-0.6000000000000085
1911,4,pre,CRU-CY4.08,CRU-CY4.10,53.4,54.1,0.7000000000000028
1911,5,pre,CRU-CY4.08,CRU-CY4.10,4.7,4.7,0.0
1911,6,pre,CRU-CY4.08,CRU-CY4.10,0.1,0.0,-0.1
1911,7,pre,CRU-CY4.08,CRU-CY4.10,0.0,0.0,0.0
1911,8,pre,CRU-CY4.08,CRU-CY4.10,0.0,0.0,0.0
1911,9,pre,CRU-CY4.08,CRU-CY4.10,0.3,0.3,0.0
1911,10,pre,CRU-CY4.08,CRU-CY4.10,17.8,19.4,1.5999999999999979
1911,11,pre,CRU-CY4.08,CRU-CY4.10,52.5,53.9,1.3999999999999986
1911,12,pre,CRU-CY4.08,CRU-CY4.10,205.9,211.7,5.799999999999983
1912,1,pre,CRU-CY4.08,CRU-CY4.10,146.4,157.2,10.799999999999983
1912,2,pre,CRU-CY4.08,CRU-CY4.10,72.3,71.0,-1.2999999999999972
1912,3,pre,CRU-CY4.08,CRU-CY4.10,45.8,46.2,0.4000000000000057
1912,4,pre,CRU-CY4.08,CRU-CY4.10,19.4,17.2,-2.1999999999999993
1912,5,pre,CRU-CY4.08,CRU-CY4.10,11.5,11.5,0.0
1912,6,pre,CRU-CY4.08,CRU-CY4.10,0.1,0.0,-0.1
1912,7,pre,CRU-CY4.08,CRU-CY4.10,0.0,0.0,0.0
1912,8,pre,CRU-CY4.08,CRU-CY4.10,0.0,0.0,0.0
1912,9,pre,CRU-CY4.08,CRU-CY4.10,0.1,0.1,0.0
1912,10,pre,CRU-CY4.08,CRU-CY4.10,38.4,39.7,1.3000000000000043
1912,11,pre,CRU-CY4.08,CRU-CY4.10,40.9,45.6,4.700000000000003
1912,12,pre,CRU-CY4.08,CRU-CY4.10,134.2,143.1,8.900000000000006
1913,1,pre,CRU-CY4.08,CRU-CY4.10,120.5,119.5,-1.0
1913,2,pre,CRU-CY4.08,CRU-CY4.10,112.9,113.0,0.09999999999999432
1913,3,pre,CRU-CY4.08,CRU-CY4.10,35.8,32.9,-2.8999999999999986
1913,4,pre,CRU-CY4.08,CRU-CY4.10,19.7,18.8,-0.8999999999999986
1913,5,pre,CRU-CY4.08,CRU-CY4.10,4.5,3.9,-0.6000000000000001
1913,6,pre,CRU-CY4.08,CRU-CY4.10,0.1,0.1,0.0
1913,7,pre,CRU-CY4.08,CRU-CY4.10,0.0,0.0,0.0
1913,8,pre,CRU-CY4.08,CRU-CY4.10,0.0,0.0,0.0
1913,9,pre,CRU-CY4.08,CRU-CY4.10,0.5,0.4,-0.09999999999999998
1913,10,pre,CRU-CY4.08,CRU-CY4.10,31.9,33.9,2.0
1913,11,pre,CRU-CY4.08,CRU-CY4.10,42.3,42.6,0.30000000000000426
1913,12,pre,CRU-CY4.08,CRU-CY4.10,131.7,129.2,-2.5
1914,1,pre,CRU-CY4.08,CRU-CY4.10,79.9,75.6,-4.300000000000011
1914,2,pre,CRU-CY4.08,CRU-CY4.10,31.8,30.7,-1.1000000000000014
1914,3,pre,CRU-CY4.08,CRU-CY4.10,43.5,42.8,-0.7000000000000028
1914,4,pre,CRU-CY4.08,CRU-CY4.10,53.6,56.9,3.299999999999997
1914,5,pre,CRU-CY4.08,CRU-CY4.10,6.1,5.6,-0.5
1914,6,pre,CRU-CY4.08,CRU-CY4.10,0.5,0.3,-0.2
1914,7,pre,CRU-CY4.08,CRU-CY4.10,0.0,0.0,0.0
1914,8,pre,CRU-CY4.08,CRU-CY4.10,0.0,0.0,0.0
1914,9,pre,CRU-CY4.08,CRU-CY4.10,0.1,0.0,-0.1
1914,10,pre,CRU-CY4.08,CRU-CY4.10,6.9,5.9,-1.0
1914,11,pre,CRU-CY4.08,CRU-CY4.10,147.8,158.6,10.799999999999983
1914,12,pre,CRU-CY4.08,CRU-CY4.10,104.9,100.9,-4.0
1915,1,pre,CRU-CY4.08,CRU-CY4.10,44.3,37.6,-6.699999999999996
1915,2,pre,CRU-CY4.08,CRU-CY4.10,54.7,57.0,2.299999999999997
1915,3,pre,CRU-CY4.08,CRU-CY4.10,61.7,60.9,-0.8000000000000043
1915,4,pre,CRU-CY4.08,CRU-CY4.10,28.5,30.8,2.3000000000000007
1915,5,pre,CRU-CY4.08,CRU-CY4.10,0.8,0.5,-0.30000000000000004
1915,6,pre,CRU-CY4.08,CRU-CY4.10,0.1,0.0,-0.1
1915,7,pre,CRU-CY4.08,CRU-CY4.10,0.0,0.0,0.0
1915,8,pre,CRU-CY4.08,CRU-CY4.10,0.0,0.0,0.0
1915,9,pre,CRU-CY4.08,CRU-CY4.10,0.5,0.6,0.09999999999999998
1915,10,pre,CRU-CY4.08,CRU-CY4.10,4.8,3.5,-1.2999999999999998
1915,11,pre,CRU-CY4.08,CRU-CY4.10,46.6,47.9,1.2999999999999972
1915,12,pre,CRU-CY4.08,CRU-CY4.10,37.5,33.6,-3.8999999999999986
1916,1,pre,CRU-CY4.08,CRU-CY4.10,165.0,169.2,4.199999999999989
1916,2,pre,CRU-CY4.08,CRU-CY4.10,91.7,96.9,5.200000000000003
1916,3,pre,CRU-CY4.08,CRU-CY4.10,79.6,81.9,2.3000000000000114
1916,4,pre,CRU-CY4.08,CRU-CY4.10,37.3,44.5,7.200000000000003
1916,5,pre,CRU-CY4.08,CRU-CY4.10,0.4,0.1,-0.30000000000000004
1916,6,pre,CRU-CY4.08,CRU-CY4.10,0.1,0.0,-0.1
1916,7,pre,CRU-CY4.08,CRU-CY4.10,0.0,0.0,0.0
1916,8,pre,CRU-CY4.08,CRU-CY4.10,0.0,0.0,0.0
1916,9,pre,CRU-CY4.08,CRU-CY4.10,0.7,0.9,0.20000000000000007
1916,10,pre,CRU-CY4.08,CRU-CY4.10,2.5,1.5,-1.0
1916,11,pre,CRU-CY4.08,CRU-CY4.10,30.8,27.3,-3.5
1916,12,pre,CRU-CY4.08,CRU-CY4.10,130.9,136.7,5.799999999999983
1917,1,pre,CRU-CY4.08,CRU-CY4.10,201.3,210.5,9.199999999999989
1917,2,pre,CRU-CY4.08,CRU-CY4.10,95.6,100.9,5.300000000000011
1917,3,pre,CRU-CY4.08,CRU-CY4.10,38.0,36.1,-1.8999999999999986
1917,4,pre,CRU-CY4.08,CRU-CY4.10,4.0,2.5,-1.5
1917,5,pre,CRU-CY4.08,CRU-CY4.10,2.0,1.7,-0.30000000000000004
1917,6,pre,CRU-CY4.08,CRU-CY4.10,0.1,0.0,-0.1
1917,7,pre,CRU-CY4.08,CRU-CY4.10,0.0,0.0,0.0
1917,8,pre,CRU-CY4.08,CRU-CY4.10,0.0,0.0,0.0
1917,9,pre,CRU-CY4.08,CRU-CY4.10,2.4,2.5,0.10000000000000009
1917,10,pre,CRU-CY4.08,CRU-CY4.10,8.5,7.5,-1.0
1917,11,pre,CRU-CY4.08,CRU-CY4.10,35.6,33.2,-2.3999999999999986
1917,12,pre,CRU-CY4.08,CRU-CY4.10,125.1,132.0,6.900000000000006
1918,1,pre,CRU-CY4.08,CRU-CY4.10,111.5,114.0,2.5
1918,2,pre,CRU-CY4.08,CRU-CY4.10,107.0,108.5,1.5
1918,3,pre,CRU-CY4.08,CRU-CY4.10,90.6,94.3,3.700000000000003
1918,4,pre,CRU-CY4.08,CRU-CY4.10,16.3,17.6,1.3000000000000007
1918,5,pre,CRU-CY4.08,CRU-CY4.10,17.1,17.4,0.29999999999999716
1918,6,pre,CRU-CY4.08,CRU-CY4.10,0.1,0.1,0.0
1918,7,pre,CRU-CY4.08,CRU-CY4.10,0.0,0.0,0.0
1918,8,pre,CRU-CY4.08,CRU-CY4.10,0.0,0.0,0.0
1918,9,pre,CRU-CY4.08,CRU-CY4.10,3.3,3.6,0.30000000000000027
1918,10,pre,CRU-CY4.08,CRU-CY4.10,54.8,57.8,3.0
1918,11,pre,CRU-CY4.08,CRU-CY4.10,64.8,63.7,-1.0999999999999943
1918,12,pre,CRU-CY4.08,CRU-CY4.10,144.3,148.3,4.0
1919,1,pre,CRU-CY4.08,CRU-CY4.10,106.3,104.2,-2.0999999999999943
1919,2,pre,CRU-CY4.08,CRU-CY4.10,104.4,106.8,2.3999999999999915
1919,3,pre,CRU-CY4.08,CRU-CY4.10,38.3,36.5,-1.7999999999999972
1919,4,pre,CRU-CY4.08,CRU-CY4.10,21.6,20.9,-0.7000000000000028
1919,5,pre,CRU-CY4.08,CRU-CY4.10,3.2,3.4,0.19999999999999973
1919,6,pre,CRU-CY4.08,CRU-CY4.10,0.1,0.1,0.0
1919,7,pre,CRU-CY4.08,CRU-CY4.10,0.0,0.0,0.0
1919,8,pre,CRU-CY4.08,CRU-CY4.10,0.0,0.0,0.0
1919,9,pre,CRU-CY4.08,CRU-CY4.10,0.0,0.0,0.0
1919,10,pre,CRU-CY4.08,CRU-CY4.10,4.6,2.9,-1.6999999999999997
1919,11,pre,CRU-CY4.08,CRU-CY4.10,43.8,43.3,-0.5
1919,12,pre,CRU-CY4.08,CRU-CY4.10,165.6,170.4,4.800000000000011
1920,1,pre,CRU-CY4.08,CRU-CY4.10,132.0,134.9,2.9000000000000057
1920,2,pre,CRU-CY4.08,CRU-CY4.10,162.8,173.0,10.199999999999989
1920,3,pre,CRU-CY4.08,CRU-CY4.10,69.3,72.8,3.5
1920,4,pre,CRU-CY4.08,CRU-CY4.10,20.8,22.1,1.3000000000000007
1920,5,pre,CRU-CY4.08,CRU-CY4.10,6.0,5.5,-0.5
1920,6,pre,CRU-CY4.08,CRU-CY4.10,0.2,0.0,-0.2
1920,7,pre,CRU-CY4.08,CRU-CY4.10,0.0,0.0,0.0
1920,8,pre,CRU-CY4.08,CRU-CY4.10,0.0,0.1,0.1
1920,9,pre,CRU-CY4.08,CRU-CY4.10,0.1,0.2,0.1
1920,10,pre,CRU-CY4.08,CRU-CY4.10,8.3,7.1,-1.200000000000001
1920,11,pre,CRU-CY4.08,CRU-CY4.10,66.3,64.8,-1.5
1920,12,pre,CRU-CY4.08,CRU-CY4.10,80.8,92.9,12.100000000000009
1921,1,pre,CRU-CY4.08,CRU-CY4.10,120.4,121.3,0.8999999999999915
1921,2,pre,CRU-CY4.08,CRU-CY4.10,108.5,114.5,6.0
1921,3,pre,CRU-CY4.08,CRU-CY4.10,47.9,48.9,1.0
1921,4,pre,CRU-CY4.08,CRU-CY4.10,14.0,12.2,-1.8000000000000007
1921,5,pre,CRU-CY4.08,CRU-CY4.10,8.9,8.6,-0.3000000000000007
1921,6,pre,CRU-CY4.08,CRU-CY4.10,0.8,1.2,0.3999999999999999
1921,7,pre,CRU-CY4.08,CRU-CY4.10,0.0,0.0,0.0
1921,8,pre,CRU-CY4.08,CRU-CY4.10,0.0,0.1,0.1
1921,9,pre,CRU-CY4.08,CRU-CY4.10,0.1,0.2,0.1
1921,10,pre,CRU-CY4.08,CRU-CY4.10,1.6,1.4,-0.20000000000000018
1921,11,pre,CRU-CY4.08,CRU-CY4.10,37.5,37.1,-0.3999999999999986
1921,12,pre,CRU-CY4.08,CRU-CY4.10,162.6,164.1,1.5
1922,1,pre,CRU-CY4.08,CRU-CY4.10,131.5,131.4,-0.09999999999999432
1922,2,pre,CRU-CY4.08,CRU-CY4.10,126.6,124.5,-2.0999999999999943
1922,3,pre,CRU-CY4.08,CRU-CY4.10,32.0,33.0,1.0
1922,4,pre,CRU-CY4.08,CRU-CY4.10,5.4,5.5,0.09999999999999964
1922,5,pre,CRU-CY4.08,CRU-CY4.10,2.3,2.6,0.30000000000000027
1922,6,pre,CRU-CY4.08,CRU-CY4.10,0.0,0.0,0.0
1922,7,pre,CRU-CY4.08,CRU-CY4.10,0.0,0.0,0.0
1922,8,pre,CRU-CY4.08,CRU-CY4.10,0.0,0.0,0.0
1922,9,pre,CRU-CY4.08,CRU-CY4.10,0.0,0.0,0.0
1922,10,pre,CRU-CY4.08,CRU-CY4.10,0.8,0.7,-0.10000000000000009
1922,11,pre,CRU-CY4.08,CRU-CY4.10,46.3,44.1,-2.1999999999999957
1922,12,pre,CRU-CY4.08,CRU-CY4.10,112.7,111.9,-0.7999999999999972
1923,1,pre,CRU-CY4.08,CRU-CY4.10,82.0,83.0,1.0
1923,2,pre,CRU-CY4.08,CRU-CY4.10,104.1,104.0,-0.09999999999999432
1923,3,pre,CRU-CY4.08,CRU-CY4.10,27.3,26.7,-0.6000000000000014
1923,4,pre,CRU-CY4.08,CRU-CY4.10,26.5,25.6,-0.8999999999999986
1923,5,pre,CRU-CY4.08,CRU-CY4.10,5.6,5.4,-0.1999999999999993
1923,6,pre,CRU-CY4.08,CRU-CY4.10,0.1,0.0,-0.1
1923,7,pre,CRU-CY4.08,CRU-CY4.10,0.0,0.0,0.0
1923,8,pre,CRU-CY4.08,CRU-CY4.10,0.0,0.0,0.0
1923,9,pre,CRU-CY4.08,CRU-CY4.10,1.5,1.4,-0.10000000000000009
1923,10,pre,CRU-CY4.08,CRU-CY4.10,31.3,32.1,0.8000000000000007
1923,11,pre,CRU-CY4.08,CRU-CY4.10,13.9,12.4,-1.5
1923,12,pre,CRU-CY4.08,CRU-CY4.10,97.7,94.2,-3.5
1924,1,pre,CRU-CY4.08,CRU-CY4.10,99.5,94.0,-5.5
1924,2,pre,CRU-CY4.08,CRU-CY4.10,145.6,146.1,0.5
1924,3,pre,CRU-CY4.08,CRU-CY4.10,49.7,48.7,-1.0
1924,4,pre,CRU-CY4.08,CRU-CY4.10,1.3,1.1,-0.19999999999999996
1924,5,pre,CRU-CY4.08,CRU-CY4.10,3.4,3.0,-0.3999999999999999
1924,6,pre,CRU-CY4.08,CRU-CY4.10,0.3,0.3,0.0
1924,7,pre,CRU-CY4.08,CRU-CY4.10,0.0,0.0,0.0
1924,8,pre,CRU-CY4.08,CRU-CY4.10,0.0,0.0,0.0
1924,9,pre,CRU-CY4.08,CRU-CY4.10,0.1,0.1,0.0
1924,10,pre,CRU-CY4.08,CRU-CY4.10,26.7,25.9,-0.8000000000000007
1924,11,pre,CRU-CY4.08,CRU-CY4.10,91.6,88.7,-2.8999999999999915
1924,12,pre,CRU-CY4.08,CRU-CY4.10,87.3,89.4,2.1000000000000085
1925,1,pre,CRU-CY4.08,CRU-CY4.10,54.7,57.1,2.3999999999999986
1925,2,pre,CRU-CY4.08,CRU-CY4.10,33.6,34.5,0.8999999999999986
1925,3,pre,CRU-CY4.08,CRU-CY4.10,13.5,14.0,0.5
1925,4,pre,CRU-CY4.08,CRU-CY4.10,57.8,56.8,-1.0
1925,5,pre,CRU-CY4.08,CRU-CY4.10,0.6,0.6,0.0
1925,6,pre,CRU-CY4.08,CRU-CY4.10,1.1,1.1,0.0
1925,7,pre,CRU-CY4.08,CRU-CY4.10,0.0,0.0,0.0
1925,8,pre,CRU-CY4.08,CRU-CY4.10,0.0,0.0,0.0
1925,9,pre,CRU-CY4.08,CRU-CY4.10,0.5,0.5,0.0
1925,10,pre,CRU-CY4.08,CRU-CY4.10,7.0,6.1,-0.9000000000000004
1925,11,pre,CRU-CY4.08,CRU-CY4.10,68.6,67.0,-1.5999999999999943
1925,12,pre,CRU-CY4.08,CRU-CY4.10,65.7,66.2,0.5
1926,1,pre,CRU-CY4.08,CRU-CY4.10,129.5,124.2,-5.299999999999997
1926,2,pre,CRU-CY4.08,CRU-CY4.10,103.0,104.0,1.0
1926,3,pre,CRU-CY4.08,CRU-CY4.10,81.0,81.5,0.5
1926,4,pre,CRU-CY4.08,CRU-CY4.10,22.5,22.3,-0.1999999999999993
1926,5,pre,CRU-CY4.08,CRU-CY4.10,3.3,3.3,0.0
1926,6,pre,CRU-CY4.08,CRU-CY4.10,0.0,0.0,0.0
1926,7,pre,CRU-CY4.08,CRU-CY4.10,0.0,0.0,0.0
1926,8,pre,CRU-CY4.08,CRU-CY4.10,0.0,0.0,0.0
1926,9,pre,CRU-CY4.08,CRU-CY4.10,0.0,0.0,0.0
1926,10,pre,CRU-CY4.08,CRU-CY4.10,1.0,0.9,-0.09999999999999998
1926,11,pre,CRU-CY4.08,CRU-CY4.10,19.4,19.8,0.40000000000000213
1926,12,pre,CRU-CY4.08,CRU-CY4.10,105.7,101.2,-4.5
1927,1,pre,CRU-CY4.08,CRU-CY4.10,67.2,64.8,-2.4000000000000057
1927,2,pre,CRU-CY4.08,CRU-CY4.10,198.1,197.0,-1.0999999999999943
1927,3,pre,CRU-CY4.08,CRU-CY4.10,16.3,16.0,-0.3000000000000007
1927,4,pre,CRU-CY4.08,CRU-CY4.10,45.7,45.0,-0.7000000000000028
1927,5,pre,CRU-CY4.08,CRU-CY4.10,1.6,1.5,-0.10000000000000009
1927,6,pre,CRU-CY4.08,CRU-CY4.10,0.0,0.0,0.0
1927,7,pre,CRU-CY4.08,CRU-CY4.10,0.0,0.0,0.0
1927,8,pre,CRU-CY4.08,CRU-CY4.10,0.0,0.0,0.0
1927,9,pre,CRU-CY4.08,CRU-CY4.10,0.0,0.0,0.0
1927,10,pre,CRU-CY4.08,CRU-CY4.10,18.6,19.2,0.5999999999999979
1927,11,pre,CRU-CY4.08,CRU-CY4.10,34.5,36.8,2.299999999999997
1927,12,pre,CRU-CY4.08,CRU-CY4.10,48.8,55.2,6.400000000000006
1928,1,pre,CRU-CY4.08,CRU-CY4.10,74.6,73.0,-1.5999999999999943
1928,2,pre,CRU-CY4.08,CRU-CY4.10,173.5,173.1,-0.4000000000000057
1928,3,pre,CRU-CY4.08,CRU-CY4.10,12.1,11.9,-0.1999999999999993
1928,4,pre,CRU-CY4.08,CRU-CY4.10,1.4,1.2,-0.19999999999999996
1928,5,pre,CRU-CY4.08,CRU-CY4.10,0.4,0.4,0.0
1928,6,pre,CRU-CY4.08,CRU-CY4.10,0.0,0.0,0.0
1928,7,pre,CRU-CY4.08,CRU-CY4.10,0.0,0.0,0.0
1928,8,pre,CRU-CY4.08,CRU-CY4.10,0.0,0.0,0.0
1928,9,pre,CRU-CY4.08,CRU-CY4.10,0.0,0.0,0.0
1928,10,pre,CRU-CY4.08,CRU-CY4.10,3.1,3.0,-0.10000000000000009
1928,11,pre,CRU-CY4.08,CRU-CY4.10,51.9,45.0,-6.899999999999999
1928,12,pre,CRU-CY4.08,CRU-CY4.10,107.2,112.9,5.700000000000003
1929,1,pre,CRU-CY4.08,CRU-CY4.10,118.6,114.3,-4.299999999999997
1929,2,pre,CRU-CY4.08,CRU-CY4.10,97.4,92.7,-4.700000000000003
1929,3,pre,CRU-CY4.08,CRU-CY4.10,22.7,20.2,-2.5
1929,4,pre,CRU-CY4.08,CRU-CY4.10,45.0,43.1,-1.8999999999999986
1929,5,pre,CRU-CY4.08,CRU-CY4.10,2.0,1.4,-0.6000000000000001
1929,6,pre,CRU-CY4.08,CRU-CY4.10,0.4,0.3,-0.10000000000000003
1929,7,pre,CRU-CY4.08,CRU-CY4.10,0.0,0.0,0.0
1929,8,pre,CRU-CY4.08,CRU-CY4.10,0.0,0.0,0.0
1929,9,pre,CRU-CY4.08,CRU-CY4.10,0.2,0.1,-0.1
1929,10,pre,CRU-CY4.08,CRU-CY4.10,2.8,2.7,-0.09999999999999964
1929,11,pre,CRU-CY4.08,CRU-CY4.10,86.2,105.4,19.200000000000003
1929,12,pre,CRU-CY4.08,CRU-CY4.10,90.0,87.3,-2.700000000000003
1930,1,pre,CRU-CY4.08,CRU-CY4.10,123.3,120.8,-2.5
1930,2,pre,CRU-CY4.08,CRU-CY4.10,81.0,73.8,-7.200000000000003
1930,3,pre,CRU-CY4.08,CRU-CY4.10,20.3,13.7,-6.600000000000001
1930,4,pre,CRU-CY4.08,CRU-CY4.10,33.3,28.2,-5.099999999999998
1930,5,pre,CRU-CY4.08,CRU-CY4.10,1.9,1.2,-0.7
1930,6,pre,CRU-CY4.08,CRU-CY4.10,0.0,0.0,0.0
1930,7,pre,CRU-CY4.08,CRU-CY4.10,0.0,0.0,0.0
1930,8,pre,CRU-CY4.08,CRU-CY4.10,0.0,0.0,0.0
1930,9,pre,CRU-CY4.08,CRU-CY4.10,2.5,2.5,0.0
1930,10,pre,CRU-CY4.08,CRU-CY4.10,2.4,1.9,-0.5
1930,11,pre,CRU-CY4.08,CRU-CY4.10,44.4,43.1,-1.2999999999999972
1930,12,pre,CRU-CY4.08,CRU-CY4.10,92.1,85.9,-6.199999999999989
1931,1,pre,CRU-CY4.08,CRU-CY4.10,127.7,130.9,3.200000000000003
1931,2,pre,CRU-CY4.08,CRU-CY4.10,99.5,94.3,-5.200000000000003
1931,3,pre,CRU-CY4.08,CRU-CY4.10,43.7,44.6,0.8999999999999986
1931,4,pre,CRU-CY4.08,CRU-CY4.10,17.0,16.7,-0.3000000000000007
1931,5,pre,CRU-CY4.08,CRU-CY4.10,1.6,1.3,-0.30000000000000004
1931,6,pre,CRU-CY4.08,CRU-CY4.10,0.4,0.3,-0.10000000000000003
1931,7,pre,CRU-CY4.08,CRU-CY4.10,0.0,0.0,0.0
1931,8,pre,CRU-CY4.08,CRU-CY4.10,0.0,0.0,0.0
1931,9,pre,CRU-CY4.08,CRU-CY4.10,1.3,1.4,0.09999999999999987
1931,10,pre,CRU-CY4.08,CRU-CY4.10,5.0,4.1,-0.9000000000000004
1931,11,pre,CRU-CY4.08,CRU-CY4.10,36.7,42.0,5.299999999999997
1931,12,pre,CRU-CY4.08,CRU-CY4.10,128.3,144.8,16.5
1932,1,pre,CRU-CY4.08,CRU-CY4.10,76.2,84.5,8.299999999999997
1932,2,pre,CRU-CY4.08,CRU-CY4.10,91.6,102.5,10.900000000000006
1932,3,pre,CRU-CY4.08,CRU-CY4.10,15.2,14.2,-1.0
1932,4,pre,CRU-CY4.08,CRU-CY4.10,13.7,12.8,-0.8999999999999986
1932,5,pre,CRU-CY4.08,CRU-CY4.10,1.6,1.8,0.19999999999999996
1932,6,pre,CRU-CY4.08,CRU-CY4.10,0.0,0.0,0.0
1932,7,pre,CRU-CY4.08,CRU-CY4.10,0.0,0.0,0.0
1932,8,pre,CRU-CY4.08,CRU-CY4.10,0.0,0.0,0.0
1932,9,pre,CRU-CY4.08,CRU-CY4.10,0.0,0.0,0.0
1932,10,pre,CRU-CY4.08,CRU-CY4.10,11.7,11.1,-0.5999999999999996
1932,11,pre,CRU-CY4.08,CRU-CY4.10,37.5,28.2,-9.3
1932,12,pre,CRU-CY4.08,CRU-CY4.10,14.3,9.6,-4.700000000000001
1933,1,pre,CRU-CY4.08,CRU-CY4.10,69.5,84.8,15.299999999999997
1933,2,pre,CRU-CY4.08,CRU-CY4.10,47.1,49.1,2.0
1933,3,pre,CRU-CY4.08,CRU-CY4.10,41.1,35.4,-5.700000000000003
1933,4,pre,CRU-CY4.08,CRU-CY4.10,22.0,26.5,4.5
1933,5,pre,CRU-CY4.08,CRU-CY4.10,2.0,1.6,-0.3999999999999999
1933,6,pre,CRU-CY4.08,CRU-CY4.10,0.1,0.0,-0.1
1933,7,pre,CRU-CY4.08,CRU-CY4.10,0.0,0.0,0.0
1933,8,pre,CRU-CY4.08,CRU-CY4.10,0.0,0.0,0.0
1933,9,pre,CRU-CY4.08,CRU-CY4.10,2.5,2.3,-0.20000000000000018
1933,10,pre,CRU-CY4.08,CRU-CY4.10,7.3,6.8,-0.5
1933,11,pre,CRU-CY4.08,CRU-CY4.10,14.2,16.0,1.8000000000000007
1933,12,pre,CRU-CY4.08,CRU-CY4.10,49.6,43.5,-6.100000000000001
1934,1,pre,CRU-CY4.08,CRU-CY4.10,145.0,171.8,26.80000000000001
1934,2,pre,CRU-CY4.08,CRU-CY4.10,118.4,111.2,-7.200000000000003
1934,3,pre,CRU-CY4.08,CRU-CY4.10,17.8,15.2,-2.6000000000000014
1934,4,pre,CRU-CY4.08,CRU-CY4.10,12.1,14.0,1.9000000000000004
1934,5,pre,CRU-CY4.08,CRU-CY4.10,4.8,3.3,-1.5
1934,6,pre,CRU-CY4.08,CRU-CY4.10,0.1,0.1,0.0
1934,7,pre,CRU-CY4.08,CRU-CY4.10,0.0,0.0,0.0
1934,8,pre,CRU-CY4.08,CRU-CY4.10,0.0,0.0,0.0
1934,9,pre,CRU-CY4.08,CRU-CY4.10,0.0,0.0,0.0
1934,10,pre,CRU-CY4.08,CRU-CY4.10,6.2,6.0,-0.20000000000000018
1934,11,pre,CRU-CY4.08,CRU-CY4.10,7.8,6.9,-0.8999999999999995
1934,12,pre,CRU-CY4.08,CRU-CY4.10,153.5,158.4,4.900000000000006
1935,1,pre,CRU-CY4.08,CRU-CY4.10,129.1,115.3,-13.799999999999997
1935,2,pre,CRU-CY4.08,CRU-CY4.10,153.3,159.5,6.199999999999989
1935,3,pre,CRU-CY4.08,CRU-CY4.10,20.4,18.0,-2.3999999999999986
1935,4,pre,CRU-CY4.08,CRU-CY4.10,22.7,24.1,1.4000000000000021
1935,5,pre,CRU-CY4.08,CRU-CY4.10,3.1,2.0,-1.1
1935,6,pre,CRU-CY4.08,CRU-CY4.10,0.0,0.0,0.0
1935,7,pre,CRU-CY4.08,CRU-CY4.10,0.0,0.0,0.0
1935,8,pre,CRU-CY4.08,CRU-CY4.10,0.0,0.0,0.0
1935,9,pre,CRU-CY4.08,CRU-CY4.10,1.6,1.2,-0.40000000000000013
1935,10,pre,CRU-CY4.08,CRU-CY4.10,31.5,36.6,5.100000000000001
1935,11,pre,CRU-CY4.08,CRU-CY4.10,62.9,60.2,-2.6999999999999957
1935,12,pre,CRU-CY4.08,CRU-CY4.10,44.9,34.7,-10.199999999999996
1936,1,pre,CRU-CY4.08,CRU-CY4.10,41.9,53.8,11.899999999999999
1936,2,pre,CRU-CY4.08,CRU-CY4.10,99.4,93.2,-6.200000000000003
1936,3,pre,CRU-CY4.08,CRU-CY4.10,29.2,26.3,-2.8999999999999986
1936,4,pre,CRU-CY4.08,CRU-CY4.10,13.3,11.4,-1.9000000000000004
1936,5,pre,CRU-CY4.08,CRU-CY4.10,5.1,3.1,-1.9999999999999996
1936,6,pre,CRU-CY4.08,CRU-CY4.10,0.0,0.0,0.0
1936,7,pre,CRU-CY4.08,CRU-CY4.10,0.0,0.0,0.0
1936,8,pre,CRU-CY4.08,CRU-CY4.10,0.0,0.0,0.0
1936,9,pre,CRU-CY4.08,CRU-CY4.10,0.5,0.5,0.0
1936,10,pre,CRU-CY4.08,CRU-CY4.10,1.6,3.0,1.4
1936,11,pre,CRU-CY4.08,CRU-CY4.10,134.5,146.9,12.400000000000006
1936,12,pre,CRU-CY4.08,CRU-CY4.10,125.4,130.7,5.299999999999983
1937,1,pre,CRU-CY4.08,CRU-CY4.10,156.5,167.1,10.599999999999994
1937,2,pre,CRU-CY4.08,CRU-CY4.10,22.5,35.7,13.200000000000003
1937,3,pre,CRU-CY4.08,CRU-CY4.10,7.6,10.8,3.200000000000001
1937,4,pre,CRU-CY4.08,CRU-CY4.10,35.3,37.2,1.9000000000000057
1937,5,pre,CRU-CY4.08,CRU-CY4.10,3.5,4.6,1.0999999999999996
1937,6,pre,CRU-CY4.08,CRU-CY4.10,0.2,0.2,0.0
1937,7,pre,CRU-CY4.08,CRU-CY4.10,0.0,0.0,0.0
1937,8,pre,CRU-CY4.08,CRU-CY4.10,0.0,0.0,0.0
1937,9,pre,CRU-CY4.08,CRU-CY4.10,0.0,0.0,0.0
1937,10,pre,CRU-CY4.08,CRU-CY4.10,32.9,40.5,7.600000000000001
1937,11,pre,CRU-CY4.08,CRU-CY4.10,56.6,74.7,18.1
1937,12,pre,CRU-CY4.08,CRU-CY4.10,43.7,53.7,10.0
1938,1,pre,CRU-CY4.08,CRU-CY4.10,176.7,197.7,21.0
1938,2,pre,CRU-CY4.08,CRU-CY4.10,132.8,126.1,-6.700000000000017
1938,3,pre,CRU-CY4.08,CRU-CY4.10,55.5,55.1,-0.3999999999999986
1938,4,pre,CRU-CY4.08,CRU-CY4.10,10.7,10.4,-0.29999999999999893
1938,5,pre,CRU-CY4.08,CRU-CY4.10,14.3,12.8,-1.5
1938,6,pre,CRU-CY4.08,CRU-CY4.10,0.0,0.0,0.0
1938,7,pre,CRU-CY4.08,CRU-CY4.10,0.0,0.0,0.0
1938,8,pre,CRU-CY4.08,CRU-CY4.10,0.0,0.0,0.0
1938,9,pre,CRU-CY4.08,CRU-CY4.10,0.8,0.5,-0.30000000000000004
1938,10,pre,CRU-CY4.08,CRU-CY4.10,2.1,1.7,-0.40000000000000013
1938,11,pre,CRU-CY4.08,CRU-CY4.10,145.9,158.3,12.400000000000006
1938,12,pre,CRU-CY4.08,CRU-CY4.10,70.3,75.4,5.1000000000000085
1939,1,pre,CRU-CY4.08,CRU-CY4.10,66.6,65.4,-1.1999999999999886
1939,2,pre,CRU-CY4.08,CRU-CY4.10,117.5,126.1,8.599999999999994
1939,3,pre,CRU-CY4.08,CRU-CY4.10,82.3,88.9,6.6000000000000085
1939,4,pre,CRU-CY4.08,CRU-CY4.10,15.6,16.0,0.40000000000000036
1939,5,pre,CRU-CY4.08,CRU-CY4.10,1.1,0.7,-0.40000000000000013
1939,6,pre,CRU-CY4.08,CRU-CY4.10,0.3,0.3,0.0
1939,7,pre,CRU-CY4.08,CRU-CY4.10,0.0,0.0,0.0
1939,8,pre,CRU-CY4.08,CRU-CY4.10,0.0,0.0,0.0
1939,9,pre,CRU-CY4.08,CRU-CY4.10,0.0,0.0,0.0
1939,10,pre,CRU-CY4.08,CRU-CY4.10,4.6,8.3,3.700000000000001
1939,11,pre,CRU-CY4.08,CRU-CY4.10,104.2,124.3,20.099999999999994
1939,12,pre,CRU-CY4.08,CRU-CY4.10,71.5,79.9,8.400000000000006
1940,1,pre,CRU-CY4.08,CRU-CY4.10,163.2,173.3,10.100000000000023
1940,2,pre,CRU-CY4.08,CRU-CY4.10,50.9,38.4,-12.5
1940,3,pre,CRU-CY4.08,CRU-CY4.10,43.9,42.9,-1.0
1940,4,pre,CRU-CY4.08,CRU-CY4.10,30.3,33.6,3.3000000000000007
1940,5,pre,CRU-CY4.08,CRU-CY4.10,2.6,1.9,-0.7000000000000002
1940,6,pre,CRU-CY4.08,CRU-CY4.10,0.1,0.1,0.0
1940,7,pre,CRU-CY4.08,CRU-CY4.10,0.0,0.0,0.0
1940,8,pre,CRU-CY4.08,CRU-CY4.10,0.0,0.0,0.0
1940,9,pre,CRU-CY4.08,CRU-CY4.10,0.2,0.2,0.0
1940,10,pre,CRU-CY4.08,CRU-CY4.10,15.7,20.2,4.5
1940,11,pre,CRU-CY4.08,CRU-CY4.10,84.6,75.2,-9.399999999999991
1940,12,pre,CRU-CY4.08,CRU-CY4.10,126.7,115.9,-10.799999999999997
1941,1,pre,CRU-CY4.08,CRU-CY4.10,97.8,89.4,-8.399999999999991
1941,2,pre,CRU-CY4.08,CRU-CY4.10,46.2,45.7,-0.5
1941,3,pre,CRU-CY4.08,CRU-CY4.10,63.8,71.3,7.5
1941,4,pre,CRU-CY4.08,CRU-CY4.10,9.3,9.5,0.1999999999999993
1941,5,pre,CRU-CY4.08,CRU-CY4.10,0.3,0.2,-0.09999999999999998
1941,6,pre,CRU-CY4.08,CRU-CY4.10,0.0,0.0,0.0
1941,7,pre,CRU-CY4.08,CRU-CY4.10,0.0,0.0,0.0
1941,8,pre,CRU-CY4.08,CRU-CY4.10,0.0,0.0,0.0
1941,9,pre,CRU-CY4.08,CRU-CY4.10,0.2,0.2,0.0
1941,10,pre,CRU-CY4.08,CRU-CY4.10,6.2,6.3,0.09999999999999964
1941,11,pre,CRU-CY4.08,CRU-CY4.10,13.1,15.9,2.8000000000000007
1941,12,pre,CRU-CY4.08,CRU-CY4.10,227.5,229.0,1.5
1942,1,pre,CRU-CY4.08,CRU-CY4.10,114.9,113.2,-1.7000000000000028
1942,2,pre,CRU-CY4.08,CRU-CY4.10,76.9,77.7,0.7999999999999972
1942,3,pre,CRU-CY4.08,CRU-CY4.10,91.9,100.3,8.399999999999991
1942,4,pre,CRU-CY4.08,CRU-CY4.10,3.1,3.8,0.6999999999999997
1942,5,pre,CRU-CY4.08,CRU-CY4.10,1.0,0.9,-0.09999999999999998
1942,6,pre,CRU-CY4.08,CRU-CY4.10,0.1,0.1,0.0
1942,7,pre,CRU-CY4.08,CRU-CY4.10,0.0,0.0,0.0
1942,8,pre,CRU-CY4.08,CRU-CY4.10,0.0,0.0,0.0
1942,9,pre,CRU-CY4.08,CRU-CY4.10,0.9,0.8,-0.09999999999999998
1942,10,pre,CRU-CY4.08,CRU-CY4.10,48.3,49.3,1.0
1942,11,pre,CRU-CY4.08,CRU-CY4.10,71.3,72.1,0.7999999999999972
1942,12,pre,CRU-CY4.08,CRU-CY4.10,33.8,38.3,4.5
1943,1,pre,CRU-CY4.08,CRU-CY4.10,177.9,161.4,-16.5
1943,2,pre,CRU-CY4.08,CRU-CY4.10,70.4,78.6,8.199999999999989
1943,3,pre,CRU-CY4.08,CRU-CY4.10,103.8,113.6,9.799999999999997
1943,4,pre,CRU-CY4.08,CRU-CY4.10,52.9,51.3,-1.6000000000000014
1943,5,pre,CRU-CY4.08,CRU-CY4.10,2.2,2.0,-0.20000000000000018
1943,6,pre,CRU-CY4.08,CRU-CY4.10,0.0,0.0,0.0
1943,7,pre,CRU-CY4.08,CRU-CY4.10,0.0,0.0,0.0
1943,8,pre,CRU-CY4.08,CRU-CY4.10,0.0,0.0,0.0
1943,9,pre,CRU-CY4.08,CRU-CY4.10,0.0,0.0,0.0
1943,10,pre,CRU-CY4.08,CRU-CY4.10,14.0,14.8,0.8000000000000007
1943,11,pre,CRU-CY4.08,CRU-CY4.10,6.6,6.5,-0.09999999999999964
1943,12,pre,CRU-CY4.08,CRU-CY4.10,54.7,56.0,1.2999999999999972
1944,1,pre,CRU-CY4.08,CRU-CY4.10,214.7,229.9,15.200000000000017
1944,2,pre,CRU-CY4.08,CRU-CY4.10,51.9,51.6,-0.29999999999999716
1944,3,pre,CRU-CY4.08,CRU-CY4.10,43.4,48.7,5.300000000000004
1944,4,pre,CRU-CY4.08,CRU-CY4.10,13.1,15.4,2.3000000000000007
1944,5,pre,CRU-CY4.08,CRU-CY4.10,11.8,12.4,0.5999999999999996
1944,6,pre,CRU-CY4.08,CRU-CY4.10,0.0,0.0,0.0
1944,7,pre,CRU-CY4.08,CRU-CY4.10,0.0,0.0,0.0
1944,8,pre,CRU-CY4.08,CRU-CY4.10,0.0,0.0,0.0
1944,9,pre,CRU-CY4.08,CRU-CY4.10,0.0,0.1,0.1
1944,10,pre,CRU-CY4.08,CRU-CY4.10,1.9,1.5,-0.3999999999999999
1944,11,pre,CRU-CY4.08,CRU-CY4.10,202.6,210.7,8.099999999999994
1944,12,pre,CRU-CY4.08,CRU-CY4.10,166.4,173.7,7.299999999999983
1945,1,pre,CRU-CY4.08,CRU-CY4.10,132.0,138.2,6.199999999999989
1945,2,pre,CRU-CY4.08,CRU-CY4.10,112.4,114.1,1.6999999999999886
1945,3,pre,CRU-CY4.08,CRU-CY4.10,32.9,35.4,2.5
1945,4,pre,CRU-CY4.08,CRU-CY4.10,10.4,10.4,0.0
1945,5,pre,CRU-CY4.08,CRU-CY4.10,15.6,15.4,-0.1999999999999993
1945,6,pre,CRU-CY4.08,CRU-CY4.10,0.0,0.1,0.1
1945,7,pre,CRU-CY4.08,CRU-CY4.10,0.0,0.0,0.0
1945,8,pre,CRU-CY4.08,CRU-CY4.10,0.0,0.0,0.0
1945,9,pre,CRU-CY4.08,CRU-CY4.10,0.4,0.5,0.09999999999999998
1945,10,pre,CRU-CY4.08,CRU-CY4.10,2.4,2.6,0.20000000000000018
1945,11,pre,CRU-CY4.08,CRU-CY4.10,71.7,70.0,-1.7000000000000028
1945,12,pre,CRU-CY4.08,CRU-CY4.10,96.6,94.6,-2.0
1946,1,pre,CRU-CY4.08,CRU-CY4.10,41.8,45.8,4.0
1946,2,pre,CRU-CY4.08,CRU-CY4.10,134.7,133.8,-0.8999999999999773
1946,3,pre,CRU-CY4.08,CRU-CY4.10,37.9,37.0,-0.8999999999999986
1946,4,pre,CRU-CY4.08,CRU-CY4.10,1.7,1.4,-0.30000000000000004
1946,5,pre,CRU-CY4.08,CRU-CY4.10,18.1,14.8,-3.3000000000000007
1946,6,pre,CRU-CY4.08,CRU-CY4.10,0.0,0.0,0.0
1946,7,pre,CRU-CY4.08,CRU-CY4.10,0.0,0.0,0.0
1946,8,pre,CRU-CY4.08,CRU-CY4.10,0.0,0.0,0.0
1946,9,pre,CRU-CY4.08,CRU-CY4.10,0.1,0.2,0.1
1946,10,pre,CRU-CY4.08,CRU-CY4.10,5.1,3.8,-1.2999999999999998
1946,11,pre,CRU-CY4.08,CRU-CY4.10,5.6,4.0,-1.5999999999999996
1946,12,pre,CRU-CY4.08,CRU-CY4.10,60.1,58.1,-2.0
1947,1,pre,CRU-CY4.08,CRU-CY4.10,143.5,133.7,-9.800000000000011
1947,2,pre,CRU-CY4.08,CRU-CY4.10,25.0,20.4,-4.600000000000001
1947,3,pre,CRU-CY4.08,CRU-CY4.10,39.3,47.9,8.600000000000001
1947,4,pre,CRU-CY4.08,CRU-CY4.10,11.0,11.8,0.8000000000000007
1947,5,pre,CRU-CY4.08,CRU-CY4.10,5.3,5.2,-0.09999999999999964
1947,6,pre,CRU-CY4.08,CRU-CY4.10,0.1,0.1,0.0
1947,7,pre,CRU-CY4.08,CRU-CY4.10,0.0,0.0,0.0
1947,8,pre,CRU-CY4.08,CRU-CY4.10,0.0,0.0,0.0
1947,9,pre,CRU-CY4.08,CRU-CY4.10,0.3,0.5,0.2
1947,10,pre,CRU-CY4.08,CRU-CY4.10,2.8,2.9,0.10000000000000009
1947,11,pre,CRU-CY4.08,CRU-CY4.10,68.0,92.5,24.5
1947,12,pre,CRU-CY4.08,CRU-CY4.10,37.5,34.9,-2.6000000000000014
1948,1,pre,CRU-CY4.08,CRU-CY4.10,110.3,111.6,1.2999999999999972
1948,2,pre,CRU-CY4.08,CRU-CY4.10,110.3,108.4,-1.8999999999999915
1948,3,pre,CRU-CY4.08,CRU-CY4.10,93.9,94.3,0.3999999999999915
1948,4,pre,CRU-CY4.08,CRU-CY4.10,21.4,21.4,0.0
1948,5,pre,CRU-CY4.08,CRU-CY4.10,4.8,5.1,0.2999999999999998
1948,6,pre,CRU-CY4.08,CRU-CY4.10,0.0,0.0,0.0
1948,7,pre,CRU-CY4.08,CRU-CY4.10,0.0,0.0,0.0
1948,8,pre,CRU-CY4.08,CRU-CY4.10,0.0,0.0,0.0
1948,9,pre,CRU-CY4.08,CRU-CY4.10,0.2,0.0,-0.2
1948,10,pre,CRU-CY4.08,CRU-CY4.10,2.3,2.1,-0.19999999999999973
1948,11,pre,CRU-CY4.08,CRU-CY4.10,48.1,48.2,0.10000000000000142
1948,12,pre,CRU-CY4.08,CRU-CY4.10,106.7,111.2,4.5
1949,1,pre,CRU-CY4.08,CRU-CY4.10,130.1,129.6,-0.5
1949,2,pre,CRU-CY4.08,CRU-CY4.10,143.0,141.5,-1.5
1949,3,pre,CRU-CY4.08,CRU-CY4.10,89.4,90.7,1.2999999999999972
1949,4,pre,CRU-CY4.08,CRU-CY4.10,61.1,61.9,0.7999999999999972
1949,5,pre,CRU-CY4.08,CRU-CY4.10,1.9,1.6,-0.2999999999999998
1949,6,pre,CRU-CY4.08,CRU-CY4.10,0.0,0.0,0.0
1949,7,pre,CRU-CY4.08,CRU-CY4.10,0.0,0.0,0.0
1949,8,pre,CRU-CY4.08,CRU-CY4.10,0.0,0.0,0.0
1949,9,pre,CRU-CY4.08,CRU-CY4.10,1.9,1.7,-0.19999999999999996
1949,10,pre,CRU-CY4.08,CRU-CY4.10,0.3,0.4,0.10000000000000003
1949,11,pre,CRU-CY4.08,CRU-CY4.10,6.2,5.6,-0.6000000000000005
1949,12,pre,CRU-CY4.08,CRU-CY4.10,168.1,166.9,-1.1999999999999886
1950,1,pre,CRU-CY4.08,CRU-CY4.10,128.4,129.1,0.6999999999999886
1950,2,pre,CRU-CY4.08,CRU-CY4.10,87.6,91.1,3.5
1950,3,pre,CRU-CY4.08,CRU-CY4.10,39.6,39.7,0.10000000000000142
1950,4,pre,CRU-CY4.08,CRU-CY4.10,12.4,11.6,-0.8000000000000007
1950,5,pre,CRU-CY4.08,CRU-CY4.10,17.1,18.8,1.6999999999999993
1950,6,pre,CRU-CY4.08,CRU-CY4.10,0.0,0.1,0.1
1950,7,pre,CRU-CY4.08,CRU-CY4.10,0.0,0.0,0.0
1950,8,pre,CRU-CY4.08,CRU-CY4.10,0.0,0.0,0.0
1950,9,pre,CRU-CY4.08,CRU-CY4.10,0.3,0.2,-0.09999999999999998
1950,10,pre,CRU-CY4.08,CRU-CY4.10,18.6,16.7,-1.9000000000000021
1950,11,pre,CRU-CY4.08,CRU-CY4.10,27.8,27.8,0.0
1950,12,pre,CRU-CY4.08,CRU-CY4.10,40.5,36.8,-3.700000000000003
1951,1,pre,CRU-CY4.08,CRU-CY4.10,69.5,66.2,-3.299999999999997
1951,2,pre,CRU-CY4.08,CRU-CY4.10,76.8,77.1,0.29999999999999716
1951,3,pre,CRU-CY4.08,CRU-CY4.10,23.5,22.7,-0.8000000000000007
1951,4,pre,CRU-CY4.08,CRU-CY4.10,22.6,19.3,-3.3000000000000007
1951,5,pre,CRU-CY4.08,CRU-CY4.10,0.6,0.3,-0.3
1951,6,pre,CRU-CY4.08,CRU-CY4.10,0.0,0.3,0.3
1951,7,pre,CRU-CY4.08,CRU-CY4.10,0.0,0.0,0.0
1951,8,pre,CRU-CY4.08,CRU-CY4.10,0.0,0.0,0.0
1951,9,pre,CRU-CY4.08,CRU-CY4.10,0.8,0.8,0.0
1951,10,pre,CRU-CY4.08,CRU-CY4.10,11.4,9.1,-2.3000000000000007
1951,11,pre,CRU-CY4.08,CRU-CY4.10,42.6,39.8,-2.8000000000000043
1951,12,pre,CRU-CY4.08,CRU-CY4.10,231.1,252.2,21.099999999999994
1952,1,pre,CRU-CY4.08,CRU-CY4.10,73.4,82.6,9.199999999999989
1952,2,pre,CRU-CY4.08,CRU-CY4.10,107.7,104.6,-3.1000000000000085
1952,3,pre,CRU-CY4.08,CRU-CY4.10,51.9,51.3,-0.6000000000000014
1952,4,pre,CRU-CY4.08,CRU-CY4.10,7.0,6.9,-0.09999999999999964
1952,5,pre,CRU-CY4.08,CRU-CY4.10,0.8,0.2,-0.6000000000000001
1952,6,pre,CRU-CY4.08,CRU-CY4.10,0.0,0.0,0.0
1952,7,pre,CRU-CY4.08,CRU-CY4.10,0.0,0.0,0.0
1952,8,pre,CRU-CY4.08,CRU-CY4.10,0.0,0.0,0.0
1952,9,pre,CRU-CY4.08,CRU-CY4.10,0.0,0.0,0.0
1952,10,pre,CRU-CY4.08,CRU-CY4.10,11.8,10.7,-1.1000000000000014
1952,11,pre,CRU-CY4.08,CRU-CY4.10,25.6,20.6,-5.0
1952,12,pre,CRU-CY4.08,CRU-CY4.10,50.8,47.6,-3.1999999999999957
1953,1,pre,CRU-CY4.08,CRU-CY4.10,110.0,104.1,-5.900000000000006
1953,2,pre,CRU-CY4.08,CRU-CY4.10,110.2,110.6,0.3999999999999915
1953,3,pre,CRU-CY4.08,CRU-CY4.10,128.8,136.6,7.799999999999983
1953,4,pre,CRU-CY4.08,CRU-CY4.10,11.0,13.1,2.0999999999999996
1953,5,pre,CRU-CY4.08,CRU-CY4.10,0.6,0.4,-0.19999999999999996
1953,6,pre,CRU-CY4.08,CRU-CY4.10,0.0,0.0,0.0
1953,7,pre,CRU-CY4.08,CRU-CY4.10,0.0,0.0,0.0
1953,8,pre,CRU-CY4.08,CRU-CY4.10,0.0,0.0,0.0
1953,9,pre,CRU-CY4.08,CRU-CY4.10,0.1,0.0,-0.1
1953,10,pre,CRU-CY4.08,CRU-CY4.10,1.4,1.0,-0.3999999999999999
1953,11,pre,CRU-CY4.08,CRU-CY4.10,132.8,136.0,3.1999999999999886
1953,12,pre,CRU-CY4.08,CRU-CY4.10,106.3,114.4,8.100000000000009
1954,1,pre,CRU-CY4.08,CRU-CY4.10,82.1,78.2,-3.8999999999999915
1954,2,pre,CRU-CY4.08,CRU-CY4.10,122.9,123.8,0.8999999999999915
1954,3,pre,CRU-CY4.08,CRU-CY4.10,20.0,23.1,3.1000000000000014
1954,4,pre,CRU-CY4.08,CRU-CY4.10,34.5,36.5,2.0
1954,5,pre,CRU-CY4.08,CRU-CY4.10,0.5,0.2,-0.3
1954,6,pre,CRU-CY4.08,CRU-CY4.10,0.0,0.0,0.0
1954,7,pre,CRU-CY4.08,CRU-CY4.10,0.0,0.0,0.0
1954,8,pre,CRU-CY4.08,CRU-CY4.10,0.0,0.0,0.0
1954,9,pre,CRU-CY4.08,CRU-CY4.10,0.5,0.4,-0.09999999999999998
1954,10,pre,CRU-CY4.08,CRU-CY4.10,3.8,2.5,-1.2999999999999998
1954,11,pre,CRU-CY4.08,CRU-CY4.10,68.8,74.6,5.799999999999997
1954,12,pre,CRU-CY4.08,CRU-CY4.10,123.1,148.1,25.0
1955,1,pre,CRU-CY4.08,CRU-CY4.10,15.1,13.8,-1.299999999999999
1955,2,pre,CRU-CY4.08,CRU-CY4.10,28.7,28.8,0.10000000000000142
1955,3,pre,CRU-CY4.08,CRU-CY4.10,38.9,35.0,-3.8999999999999986
1955,4,pre,CRU-CY4.08,CRU-CY4.10,14.0,13.6,-0.40000000000000036
1955,5,pre,CRU-CY4.08,CRU-CY4.10,4.5,3.9,-0.6000000000000001
1955,6,pre,CRU-CY4.08,CRU-CY4.10,0.0,0.0,0.0
1955,7,pre,CRU-CY4.08,CRU-CY4.10,0.0,0.0,0.0
1955,8,pre,CRU-CY4.08,CRU-CY4.10,0.0,0.0,0.0
1955,9,pre,CRU-CY4.08,CRU-CY4.10,0.0,0.0,0.0
1955,10,pre,CRU-CY4.08,CRU-CY4.10,7.5,6.6,-0.9000000000000004
1955,11,pre,CRU-CY4.08,CRU-CY4.10,137.1,142.5,5.400000000000006
1955,12,pre,CRU-CY4.08,CRU-CY4.10,125.2,129.6,4.3999999999999915
1956,1,pre,CRU-CY4.08,CRU-CY4.10,115.4,116.5,1.0999999999999943
1956,2,pre,CRU-CY4.08,CRU-CY4.10,43.3,36.4,-6.899999999999999
1956,3,pre,CRU-CY4.08,CRU-CY4.10,67.8,71.8,4.0
1956,4,pre,CRU-CY4.08,CRU-CY4.10,16.9,15.6,-1.299999999999999
1956,5,pre,CRU-CY4.08,CRU-CY4.10,5.4,4.6,-0.8000000000000007
1956,6,pre,CRU-CY4.08,CRU-CY4.10,0.0,0.0,0.0
1956,7,pre,CRU-CY4.08,CRU-CY4.10,0.0,0.0,0.0
1956,8,pre,CRU-CY4.08,CRU-CY4.10,0.0,0.0,0.0
1956,9,pre,CRU-CY4.08,CRU-CY4.10,0.1,0.0,-0.1
1956,10,pre,CRU-CY4.08,CRU-CY4.10,0.9,0.5,-0.4
1956,11,pre,CRU-CY4.08,CRU-CY4.10,21.1,19.4,-1.7000000000000028
1956,12,pre,CRU-CY4.08,CRU-CY4.10,95.6,98.5,2.9000000000000057
1957,1,pre,CRU-CY4.08,CRU-CY4.10,106.7,102.7,-4.0
1957,2,pre,CRU-CY4.08,CRU-CY4.10,92.2,92.2,0.0
1957,3,pre,CRU-CY4.08,CRU-CY4.10,81.6,82.3,0.7000000000000028
1957,4,pre,CRU-CY4.08,CRU-CY4.10,20.7,21.4,0.6999999999999993
1957,5,pre,CRU-CY4.08,CRU-CY4.10,15.6,16.4,0.7999999999999989
1957,6,pre,CRU-CY4.08,CRU-CY4.10,0.1,0.1,0.0
1957,7,pre,CRU-CY4.08,CRU-CY4.10,0.0,0.0,0.0
1957,8,pre,CRU-CY4.08,CRU-CY4.10,0.0,0.0,0.0
1957,9,pre,CRU-CY4.08,CRU-CY4.10,0.2,0.0,-0.2
1957,10,pre,CRU-CY4.08,CRU-CY4.10,7.8,10.6,2.8
1957,11,pre,CRU-CY4.08,CRU-CY4.10,51.5,54.5,3.0
1957,12,pre,CRU-CY4.08,CRU-CY4.10,119.3,120.4,1.1000000000000085
1958,1,pre,CRU-CY4.08,CRU-CY4.10,155.1,153.2,-1.9000000000000057
1958,2,pre,CRU-CY4.08,CRU-CY4.10,12.0,12.2,0.1999999999999993
1958,3,pre,CRU-CY4.08,CRU-CY4.10,8.9,7.0,-1.9000000000000004
1958,4,pre,CRU-CY4.08,CRU-CY4.10,8.6,8.2,-0.40000000000000036
1958,5,pre,CRU-CY4.08,CRU-CY4.10,2.9,3.2,0.30000000000000027
1958,6,pre,CRU-CY4.08,CRU-CY4.10,0.1,0.0,-0.1
1958,7,pre,CRU-CY4.08,CRU-CY4.10,0.0,0.0,0.0
1958,8,pre,CRU-CY4.08,CRU-CY4.10,0.0,0.0,0.0
1958,9,pre,CRU-CY4.08,CRU-CY4.10,0.3,0.3,0.0
1958,10,pre,CRU-CY4.08,CRU-CY4.10,8.6,7.0,-1.5999999999999996
1958,11,pre,CRU-CY4.08,CRU-CY4.10,6.2,6.0,-0.20000000000000018
1958,12,pre,CRU-CY4.08,CRU-CY4.10,33.7,26.1,-7.600000000000001
1959,1,pre,CRU-CY4.08,CRU-CY4.10,103.2,91.1,-12.100000000000009
1959,2,pre,CRU-CY4.08,CRU-CY4.10,117.2,134.9,17.700000000000003
1959,3,pre,CRU-CY4.08,CRU-CY4.10,38.8,43.3,4.5
1959,4,pre,CRU-CY4.08,CRU-CY4.10,7.4,6.3,-1.1000000000000005
1959,5,pre,CRU-CY4.08,CRU-CY4.10,4.0,5.1,1.0999999999999996
1959,6,pre,CRU-CY4.08,CRU-CY4.10,0.1,0.0,-0.1
1959,7,pre,CRU-CY4.08,CRU-CY4.10,0.0,0.0,0.0
1959,8,pre,CRU-CY4.08,CRU-CY4.10,0.0,0.0,0.0
1959,9,pre,CRU-CY4.08,CRU-CY4.10,1.1,1.2,0.09999999999999987
1959,10,pre,CRU-CY4.08,CRU-CY4.10,3.0,1.8,-1.2
1959,11,pre,CRU-CY4.08,CRU-CY4.10,22.5,21.2,-1.3000000000000007
1959,12,pre,CRU-CY4.08,CRU-CY4.10,28.3,21.5,-6.800000000000001
1960,1,pre,CRU-CY4.08,CRU-CY4.10,78.3,77.8,-0.5
1960,2,pre,CRU-CY4.08,CRU-CY4.10,16.3,15.6,-0.7000000000000011
1960,3,pre,CRU-CY4.08,CRU-CY4.10,58.8,59.8,1.0
1960,4,pre,CRU-CY4.08,CRU-CY4.10,15.5,12.7,-2.8000000000000007
1960,5,pre,CRU-CY4.08,CRU-CY4.10,0.7,0.8,0.10000000000000009
1960,6,pre,CRU-CY4.08,CRU-CY4.10,0.0,0.0,0.0
1960,7,pre,CRU-CY4.08,CRU-CY4.10,0.0,0.0,0.0
1960,8,pre,CRU-CY4.08,CRU-CY4.10,0.0,0.0,0.0
1960,9,pre,CRU-CY4.08,CRU-CY4.10,0.1,0.0,-0.1
1960,10,pre,CRU-CY4.08,CRU-CY4.10,1.0,0.6,-0.4
1960,11,pre,CRU-CY4.08,CRU-CY4.10,67.6,69.0,1.4000000000000057
1960,12,pre,CRU-CY4.08,CRU-CY4.10,33.2,32.7,-0.5
1961,1,pre,CRU-CY4.08,CRU-CY4.10,110.5,109.0,-1.5
1961,2,pre,CRU-CY4.08,CRU-CY4.10,110.9,117.8,6.8999999999999915
1961,3,pre,CRU-CY4.08,CRU-CY4.10,24.7,22.3,-2.3999999999999986
1961,4,pre,CRU-CY4.08,CRU-CY4.10,21.8,20.7,-1.1000000000000014
1961,5,pre,CRU-CY4.08,CRU-CY4.10,10.3,11.8,1.5
1961,6,pre,CRU-CY4.08,CRU-CY4.10,0.0,0.0,0.0
1961,7,pre,CRU-CY4.08,CRU-CY4.10,0.0,0.0,0.0
1961,8,pre,CRU-CY4.08,CRU-CY4.10,0.0,0.0,0.0
1961,9,pre,CRU-CY4.08,CRU-CY4.10,0.8,0.5,-0.30000000000000004
1961,10,pre,CRU-CY4.08,CRU-CY4.10,7.1,9.5,2.4000000000000004
1961,11,pre,CRU-CY4.08,CRU-CY4.10,31.8,28.6,-3.1999999999999993
1961,12,pre,CRU-CY4.08,CRU-CY4.10,181.9,182.8,0.9000000000000057
1962,1,pre,CRU-CY4.08,CRU-CY4.10,83.2,85.8,2.5999999999999943
1962,2,pre,CRU-CY4.08,CRU-CY4.10,76.4,65.1,-11.300000000000011
1962,3,pre,CRU-CY4.08,CRU-CY4.10,6.7,4.7,-2.0
1962,4,pre,CRU-CY4.08,CRU-CY4.10,17.6,19.3,1.6999999999999993
1962,5,pre,CRU-CY4.08,CRU-CY4.10,5.1,5.3,0.20000000000000018
1962,6,pre,CRU-CY4.08,CRU-CY4.10,0.0,0.0,0.0
1962,7,pre,CRU-CY4.08,CRU-CY4.10,0.0,0.0,0.0
1962,8,pre,CRU-CY4.08,CRU-CY4.10,0.0,0.0,0.0
1962,9,pre,CRU-CY4.08,CRU-CY4.10,0.0,0.0,0.0
1962,10,pre,CRU-CY4.08,CRU-CY4.10,15.0,13.4,-1.5999999999999996
1962,11,pre,CRU-CY4.08,CRU-CY4.10,5.6,3.4,-2.1999999999999997
1962,12,pre,CRU-CY4.08,CRU-CY4.10,94.5,81.4,-13.099999999999994
1963,1,pre,CRU-CY4.08,CRU-CY4.10,69.0,57.1,-11.899999999999999
1963,2,pre,CRU-CY4.08,CRU-CY4.10,76.4,74.8,-1.6000000000000085
1963,3,pre,CRU-CY4.08,CRU-CY4.10,37.4,31.3,-6.099999999999998
1963,4,pre,CRU-CY4.08,CRU-CY4.10,21.3,20.1,-1.1999999999999993
1963,5,pre,CRU-CY4.08,CRU-CY4.10,12.8,13.8,1.0
1963,6,pre,CRU-CY4.08,CRU-CY4.10,0.1,0.1,0.0
1963,7,pre,CRU-CY4.08,CRU-CY4.10,0.0,0.0,0.0
1963,8,pre,CRU-CY4.08,CRU-CY4.10,0.0,0.0,0.0
1963,9,pre,CRU-CY4.08,CRU-CY4.10,0.1,0.1,0.0
1963,10,pre,CRU-CY4.08,CRU-CY4.10,32.7,34.1,1.3999999999999986
1963,11,pre,CRU-CY4.08,CRU-CY4.10,39.7,41.4,1.6999999999999957
1963,12,pre,CRU-CY4.08,CRU-CY4.10,142.8,153.6,10.799999999999983
1964,1,pre,CRU-CY4.08,CRU-CY4.10,85.3,88.9,3.6000000000000085
1964,2,pre,CRU-CY4.08,CRU-CY4.10,139.0,135.8,-3.1999999999999886
1964,3,pre,CRU-CY4.08,CRU-CY4.10,57.9,55.3,-2.6000000000000014
1964,4,pre,CRU-CY4.08,CRU-CY4.10,11.8,12.2,0.3999999999999986
1964,5,pre,CRU-CY4.08,CRU-CY4.10,3.9,3.2,-0.6999999999999997
1964,6,pre,CRU-CY4.08,CRU-CY4.10,0.0,0.0,0.0
1964,7,pre,CRU-CY4.08,CRU-CY4.10,0.0,0.0,0.0
1964,8,pre,CRU-CY4.08,CRU-CY4.10,0.0,0.0,0.0
1964,9,pre,CRU-CY4.08,CRU-CY4.10,0.0,0.0,0.0
1964,10,pre,CRU-CY4.08,CRU-CY4.10,2.9,1.2,-1.7
1964,11,pre,CRU-CY4.08,CRU-CY4.10,126.4,135.2,8.799999999999983
1964,12,pre,CRU-CY4.08,CRU-CY4.10,93.8,100.0,6.200000000000003
1965,1,pre,CRU-CY4.08,CRU-CY4.10,178.2,204.8,26.600000000000023
1965,2,pre,CRU-CY4.08,CRU-CY4.10,55.5,52.3,-3.200000000000003
1965,3,pre,CRU-CY4.08,CRU-CY4.10,37.8,37.4,-0.3999999999999986
1965,4,pre,CRU-CY4.08,CRU-CY4.10,38.5,35.0,-3.5
1965,5,pre,CRU-CY4.08,CRU-CY4.10,0.4,0.2,-0.2
1965,6,pre,CRU-CY4.08,CRU-CY4.10,0.1,0.0,-0.1
1965,7,pre,CRU-CY4.08,CRU-CY4.10,0.0,0.0,0.0
1965,8,pre,CRU-CY4.08,CRU-CY4.10,0.0,0.0,0.0
1965,9,pre,CRU-CY4.08,CRU-CY4.10,0.3,0.5,0.2
1965,10,pre,CRU-CY4.08,CRU-CY4.10,40.9,46.2,5.300000000000004
1965,11,pre,CRU-CY4.08,CRU-CY4.10,34.1,28.9,-5.200000000000003
1965,12,pre,CRU-CY4.08,CRU-CY4.10,67.5,57.4,-10.100000000000001
1966,1,pre,CRU-CY4.08,CRU-CY4.10,63.6,65.6,1.999999999999993
1966,2,pre,CRU-CY4.08,CRU-CY4.10,56.5,61.3,4.799999999999997
1966,3,pre,CRU-CY4.08,CRU-CY4.10,75.3,72.1,-3.200000000000003
1966,4,pre,CRU-CY4.08,CRU-CY4.10,0.9,1.1,0.20000000000000007
1966,5,pre,CRU-CY4.08,CRU-CY4.10,1.1,0.8,-0.30000000000000004
1966,6,pre,CRU-CY4.08,CRU-CY4.10,0.0,0.0,0.0
1966,7,pre,CRU-CY4.08,CRU-CY4.10,0.0,0.0,0.0
1966,8,pre,CRU-CY4.08,CRU-CY4.10,0.0,0.0,0.0
1966,9,pre,CRU-CY4.08,CRU-CY4.10,0.6,0.3,-0.3
1966,10,pre,CRU-CY4.08,CRU-CY4.10,30.6,29.9,-0.7000000000000028
1966,11,pre,CRU-CY4.08,CRU-CY4.10,26.3,28.9,2.599999999999998
1966,12,pre,CRU-CY4.08,CRU-CY4.10,194.6,193.3,-1.299999999999983
1967,1,pre,CRU-CY4.08,CRU-CY4.10,152.5,148.4,-4.099999999999994
1967,2,pre,CRU-CY4.08,CRU-CY4.10,69.4,67.6,-1.8000000000000114
1967,3,pre,CRU-CY4.08,CRU-CY4.10,116.2,108.2,-8.0
1967,4,pre,CRU-CY4.08,CRU-CY4.10,6.2,4.8,-1.4000000000000004
1967,5,pre,CRU-CY4.08,CRU-CY4.10,13.9,15.3,1.4000000000000004
1967,6,pre,CRU-CY4.08,CRU-CY4.10,0.0,0.0,0.0
1967,7,pre,CRU-CY4.08,CRU-CY4.10,0.0,0.0,0.0
1967,8,pre,CRU-CY4.08,CRU-CY4.10,0.0,0.0,0.0
1967,9,pre,CRU-CY4.08,CRU-CY4.10,0.2,0.1,-0.1
1967,10,pre,CRU-CY4.08,CRU-CY4.10,26.9,27.0,0.10000000000000142
1967,11,pre,CRU-CY4.08,CRU-CY4.10,72.8,86.4,13.600000000000009
1967,12,pre,CRU-CY4.08,CRU-CY4.10,83.1,75.6,-7.5
1968,1,pre,CRU-CY4.08,CRU-CY4.10,152.3,147.9,-4.400000000000006
1968,2,pre,CRU-CY4.08,CRU-CY4.10,36.2,38.2,2.0
1968,3,pre,CRU-CY4.08,CRU-CY4.10,22.1,21.5,-0.6000000000000014
1968,4,pre,CRU-CY4.08,CRU-CY4.10,30.4,33.8,3.3999999999999986
1968,5,pre,CRU-CY4.08,CRU-CY4.10,4.8,5.7,0.9000000000000004
1968,6,pre,CRU-CY4.08,CRU-CY4.10,0.0,0.0,0.0
1968,7,pre,CRU-CY4.08,CRU-CY4.10,0.0,0.0,0.0
1968,8,pre,CRU-CY4.08,CRU-CY4.10,0.1,0.1,0.0
1968,9,pre,CRU-CY4.08,CRU-CY4.10,0.2,0.1,-0.1
1968,10,pre,CRU-CY4.08,CRU-CY4.10,21.2,20.1,-1.0999999999999979
1968,11,pre,CRU-CY4.08,CRU-CY4.10,51.8,51.2,-0.5999999999999943
1968,12,pre,CRU-CY4.08,CRU-CY4.10,149.4,152.8,3.4000000000000057
1969,1,pre,CRU-CY4.08,CRU-CY4.10,191.0,184.4,-6.599999999999994
1969,2,pre,CRU-CY4.08,CRU-CY4.10,24.6,23.1,-1.5
1969,3,pre,CRU-CY4.08,CRU-CY4.10,103.9,103.8,-0.10000000000000853
1969,4,pre,CRU-CY4.08,CRU-CY4.10,17.0,15.5,-1.5
1969,5,pre,CRU-CY4.08,CRU-CY4.10,1.9,1.6,-0.2999999999999998
1969,6,pre,CRU-CY4.08,CRU-CY4.10,0.0,0.0,0.0
1969,7,pre,CRU-CY4.08,CRU-CY4.10,0.0,0.0,0.0
1969,8,pre,CRU-CY4.08,CRU-CY4.10,0.0,0.0,0.0
1969,9,pre,CRU-CY4.08,CRU-CY4.10,0.3,0.3,0.0
1969,10,pre,CRU-CY4.08,CRU-CY4.10,25.1,28.6,3.5
1969,11,pre,CRU-CY4.08,CRU-CY4.10,47.1,47.1,0.0
1969,12,pre,CRU-CY4.08,CRU-CY4.10,58.1,45.6,-12.5
1970,1,pre,CRU-CY4.08,CRU-CY4.10,117.5,121.2,3.700000000000003
1970,2,pre,CRU-CY4.08,CRU-CY4.10,37.7,34.9,-2.8000000000000043
1970,3,pre,CRU-CY4.08,CRU-CY4.10,83.9,85.6,1.6999999999999886
1970,4,pre,CRU-CY4.08,CRU-CY4.10,22.5,22.1,-0.3999999999999986
1970,5,pre,CRU-CY4.08,CRU-CY4.10,3.4,2.5,-0.8999999999999999
1970,6,pre,CRU-CY4.08,CRU-CY4.10,0.0,0.0,0.0
1970,7,pre,CRU-CY4.08,CRU-CY4.10,0.0,0.0,0.0
1970,8,pre,CRU-CY4.08,CRU-CY4.10,0.1,0.1,0.0
1970,9,pre,CRU-CY4.08,CRU-CY4.10,0.6,0.6,0.0
1970,10,pre,CRU-CY4.08,CRU-CY4.10,13.9,11.7,-2.200000000000001
1970,11,pre,CRU-CY4.08,CRU-CY4.10,33.4,35.9,2.5
1970,12,pre,CRU-CY4.08,CRU-CY4.10,82.7,83.6,0.8999999999999915
1971,1,pre,CRU-CY4.08,CRU-CY4.10,75.2,80.7,5.5
1971,2,pre,CRU-CY4.08,CRU-CY4.10,94.9,92.4,-2.5
1971,3,pre,CRU-CY4.08,CRU-CY4.10,39.7,38.5,-1.2000000000000028
1971,4,pre,CRU-CY4.08,CRU-CY4.10,111.3,111.5,0.20000000000000284
1971,5,pre,CRU-CY4.08,CRU-CY4.10,0.4,0.4,0.0
1971,6,pre,CRU-CY4.08,CRU-CY4.10,0.3,0.5,0.2
1971,7,pre,CRU-CY4.08,CRU-CY4.10,0.0,0.0,0.0
1971,8,pre,CRU-CY4.08,CRU-CY4.10,0.1,0.0,-0.1
1971,9,pre,CRU-CY4.08,CRU-CY4.10,0.0,0.0,0.0
1971,10,pre,CRU-CY4.08,CRU-CY4.10,7.4,5.4,-2.0
1971,11,pre,CRU-CY4.08,CRU-CY4.10,48.6,47.3,-1.3000000000000043
1971,12,pre,CRU-CY4.08,CRU-CY4.10,157.3,166.4,9.099999999999994
1972,1,pre,CRU-CY4.08,CRU-CY4.10,65.4,67.2,1.7999999999999972
1972,2,pre,CRU-CY4.08,CRU-CY4.10,88.8,97.4,8.600000000000009
1972,3,pre,CRU-CY4.08,CRU-CY4.10,64.2,71.1,6.8999999999999915
1972,4,pre,CRU-CY4.08,CRU-CY4.10,30.5,28.8,-1.6999999999999993
1972,5,pre,CRU-CY4.08,CRU-CY4.10,4.4,3.3,-1.1000000000000005
1972,6,pre,CRU-CY4.08,CRU-CY4.10,0.7,0.8,0.10000000000000009
1972,7,pre,CRU-CY4.08,CRU-CY4.10,0.0,0.0,0.0
1972,8,pre,CRU-CY4.08,CRU-CY4.10,0.0,0.0,0.0
1972,9,pre,CRU-CY4.08,CRU-CY4.10,0.3,0.3,0.0
1972,10,pre,CRU-CY4.08,CRU-CY4.10,4.8,4.5,-0.2999999999999998
1972,11,pre,CRU-CY4.08,CRU-CY4.10,51.0,50.2,-0.7999999999999972
1972,12,pre,CRU-CY4.08,CRU-CY4.10,43.1,43.9,0.7999999999999972
1973,1,pre,CRU-CY4.08,CRU-CY4.10,112.7,114.4,1.7000000000000028
1973,2,pre,CRU-CY4.08,CRU-CY4.10,18.7,16.8,-1.8999999999999986
1973,3,pre,CRU-CY4.08,CRU-CY4.10,60.0,58.9,-1.1000000000000014
1973,4,pre,CRU-CY4.08,CRU-CY4.10,10.5,9.0,-1.5
1973,5,pre,CRU-CY4.08,CRU-CY4.10,7.7,7.3,-0.40000000000000036
1973,6,pre,CRU-CY4.08,CRU-CY4.10,0.2,0.2,0.0
1973,7,pre,CRU-CY4.08,CRU-CY4.10,0.0,0.0,0.0
1973,8,pre,CRU-CY4.08,CRU-CY4.10,0.0,0.0,0.0
1973,9,pre,CRU-CY4.08,CRU-CY4.10,0.0,0.0,0.0
1973,10,pre,CRU-CY4.08,CRU-CY4.10,10.5,10.7,0.1999999999999993
1973,11,pre,CRU-CY4.08,CRU-CY4.10,78.5,83.2,4.700000000000003
1973,12,pre,CRU-CY4.08,CRU-CY4.10,36.3,36.4,0.10000000000000142
1974,1,pre,CRU-CY4.08,CRU-CY4.10,273.2,293.6,20.400000000000034
1974,2,pre,CRU-CY4.08,CRU-CY4.10,93.6,93.6,0.0
1974,3,pre,CRU-CY4.08,CRU-CY4.10,46.9,53.2,6.300000000000004
1974,4,pre,CRU-CY4.08,CRU-CY4.10,36.6,34.8,-1.8000000000000043
1974,5,pre,CRU-CY4.08,CRU-CY4.10,0.0,0.0,0.0
1974,6,pre,CRU-CY4.08,CRU-CY4.10,0.0,0.0,0.0
1974,7,pre,CRU-CY4.08,CRU-CY4.10,0.0,0.0,0.0
1974,8,pre,CRU-CY4.08,CRU-CY4.10,0.0,0.0,0.0
1974,9,pre,CRU-CY4.08,CRU-CY4.10,0.0,0.0,0.0
1974,10,pre,CRU-CY4.08,CRU-CY4.10,2.7,1.1,-1.6
1974,11,pre,CRU-CY4.08,CRU-CY4.10,50.2,45.0,-5.200000000000003
1974,12,pre,CRU-CY4.08,CRU-CY4.10,112.2,116.2,4.0
1975,1,pre,CRU-CY4.08,CRU-CY4.10,51.3,48.6,-2.6999999999999957
1975,2,pre,CRU-CY4.08,CRU-CY4.10,145.9,154.5,8.599999999999994
1975,3,pre,CRU-CY4.08,CRU-CY4.10,38.3,36.6,-1.6999999999999957
1975,4,pre,CRU-CY4.08,CRU-CY4.10,9.8,7.1,-2.700000000000001
1975,5,pre,CRU-CY4.08,CRU-CY4.10,0.4,0.4,0.0
1975,6,pre,CRU-CY4.08,CRU-CY4.10,0.0,0.0,0.0
1975,7,pre,CRU-CY4.08,CRU-CY4.10,0.0,0.0,0.0
1975,8,pre,CRU-CY4.08,CRU-CY4.10,0.0,0.0,0.0
1975,9,pre,CRU-CY4.08,CRU-CY4.10,1.5,2.0,0.5
1975,10,pre,CRU-CY4.08,CRU-CY4.10,3.6,3.7,0.10000000000000009
1975,11,pre,CRU-CY4.08,CRU-CY4.10,47.4,43.9,-3.5
1975,12,pre,CRU-CY4.08,CRU-CY4.10,84.0,93.7,9.700000000000003
1976,1,pre,CRU-CY4.08,CRU-CY4.10,54.5,50.0,-4.5
1976,2,pre,CRU-CY4.08,CRU-CY4.10,88.2,89.2,1.0
1976,3,pre,CRU-CY4.08,CRU-CY4.10,61.4,66.5,5.100000000000001
1976,4,pre,CRU-CY4.08,CRU-CY4.10,28.4,25.5,-2.8999999999999986
1976,5,pre,CRU-CY4.08,CRU-CY4.10,9.2,8.3,-0.8999999999999986
1976,6,pre,CRU-CY4.08,CRU-CY4.10,0.2,0.2,0.0
1976,7,pre,CRU-CY4.08,CRU-CY4.10,0.0,0.0,0.0
1976,8,pre,CRU-CY4.08,CRU-CY4.10,0.0,0.0,0.0
1976,9,pre,CRU-CY4.08,CRU-CY4.10,0.6,0.4,-0.19999999999999996
1976,10,pre,CRU-CY4.08,CRU-CY4.10,17.7,18.7,1.0
1976,11,pre,CRU-CY4.08,CRU-CY4.10,71.0,76.5,5.5
1976,12,pre,CRU-CY4.08,CRU-CY4.10,47.0,42.2,-4.799999999999997
1977,1,pre,CRU-CY4.08,CRU-CY4.10,102.3,107.4,5.1000000000000085
1977,2,pre,CRU-CY4.08,CRU-CY4.10,40.3,36.9,-3.3999999999999986
1977,3,pre,CRU-CY4.08,CRU-CY4.10,66.7,67.1,0.3999999999999915
1977,4,pre,CRU-CY4.08,CRU-CY4.10,68.9,70.2,1.2999999999999972
1977,5,pre,CRU-CY4.08,CRU-CY4.10,2.9,2.1,-0.7999999999999998
1977,6,pre,CRU-CY4.08,CRU-CY4.10,0.2,0.1,-0.1
1977,7,pre,CRU-CY4.08,CRU-CY4.10,0.0,0.0,0.0
1977,8,pre,CRU-CY4.08,CRU-CY4.10,0.0,0.0,0.0
1977,9,pre,CRU-CY4.08,CRU-CY4.10,0.6,0.6,0.0
1977,10,pre,CRU-CY4.08,CRU-CY4.10,44.6,42.1,-2.5
1977,11,pre,CRU-CY4.08,CRU-CY4.10,22.8,13.9,-8.9
1977,12,pre,CRU-CY4.08,CRU-CY4.10,160.1,160.6,0.5
1978,1,pre,CRU-CY4.08,CRU-CY4.10,86.0,76.1,-9.900000000000006
1978,2,pre,CRU-CY4.08,CRU-CY4.10,50.1,47.4,-2.700000000000003
1978,3,pre,CRU-CY4.08,CRU-CY4.10,65.8,61.9,-3.8999999999999986
1978,4,pre,CRU-CY4.08,CRU-CY4.10,11.6,10.8,-0.7999999999999989
1978,5,pre,CRU-CY4.08,CRU-CY4.10,0.3,0.3,0.0
1978,6,pre,CRU-CY4.08,CRU-CY4.10,0.7,0.5,-0.19999999999999996
1978,7,pre,CRU-CY4.08,CRU-CY4.10,0.0,0.0,0.0
1978,8,pre,CRU-CY4.08,CRU-CY4.10,0.0,0.0,0.0
1978,9,pre,CRU-CY4.08,CRU-CY4.10,0.0,0.0,0.0
1978,10,pre,CRU-CY4.08,CRU-CY4.10,28.8,28.2,-0.6000000000000014
1978,11,pre,CRU-CY4.08,CRU-CY4.10,11.5,13.9,2.4000000000000004
1978,12,pre,CRU-CY4.08,CRU-CY4.10,101.9,92.2,-9.700000000000003
1979,1,pre,CRU-CY4.08,CRU-CY4.10,63.7,66.9,3.200000000000003
1979,2,pre,CRU-CY4.08,CRU-CY4.10,26.8,29.9,3.099999999999998
1979,3,pre,CRU-CY4.08,CRU-CY4.10,48.8,50.5,1.7000000000000028
1979,4,pre,CRU-CY4.08,CRU-CY4.10,6.3,5.7,-0.5999999999999996
1979,5,pre,CRU-CY4.08,CRU-CY4.10,3.2,2.7,-0.5
1979,6,pre,CRU-CY4.08,CRU-CY4.10,0.1,0.1,0.0
1979,7,pre,CRU-CY4.08,CRU-CY4.10,0.0,0.0,0.0
1979,8,pre,CRU-CY4.08,CRU-CY4.10,0.0,0.0,0.0
1979,9,pre,CRU-CY4.08,CRU-CY4.10,0.0,0.0,0.0
1979,10,pre,CRU-CY4.08,CRU-CY4.10,46.5,48.0,1.5
1979,11,pre,CRU-CY4.08,CRU-CY4.10,116.1,107.9,-8.199999999999989
1979,12,pre,CRU-CY4.08,CRU-CY4.10,174.0,184.1,10.099999999999994
1980,1,pre,CRU-CY4.08,CRU-CY4.10,99.5,96.9,-2.5999999999999943
1980,2,pre,CRU-CY4.08,CRU-CY4.10,123.4,122.4,-1.0
1980,3,pre,CRU-CY4.08,CRU-CY4.10,72.0,70.6,-1.4000000000000057
1980,4,pre,CRU-CY4.08,CRU-CY4.10,24.0,22.9,-1.1000000000000014
1980,5,pre,CRU-CY4.08,CRU-CY4.10,1.0,0.8,-0.19999999999999996
1980,6,pre,CRU-CY4.08,CRU-CY4.10,0.0,0.0,0.0
1980,7,pre,CRU-CY4.08,CRU-CY4.10,0.0,0.0,0.0
1980,8,pre,CRU-CY4.08,CRU-CY4.10,0.0,0.0,0.0
1980,9,pre,CRU-CY4.08,CRU-CY4.10,0.0,0.0,0.0
1980,10,pre,CRU-CY4.08,CRU-CY4.10,19.4,18.8,-0.5999999999999979
1980,11,pre,CRU-CY4.08,CRU-CY4.10,15.0,9.5,-5.5
1980,12,pre,CRU-CY4.08,CRU-CY4.10,169.8,166.1,-3.700000000000017
1981,1,pre,CRU-CY4.08,CRU-CY4.10,151.2,147.3,-3.8999999999999773
1981,2,pre,CRU-CY4.08,CRU-CY4.10,69.0,70.3,1.2999999999999972
1981,3,pre,CRU-CY4.08,CRU-CY4.10,43.0,46.3,3.299999999999997
1981,4,pre,CRU-CY4.08,CRU-CY4.10,16.4,18.9,2.5
1981,5,pre,CRU-CY4.08,CRU-CY4.10,0.8,0.7,-0.10000000000000009
1981,6,pre,CRU-CY4.08,CRU-CY4.10,0.1,0.2,0.1
1981,7,pre,CRU-CY4.08,CRU-CY4.10,0.0,0.0,0.0
1981,8,pre,CRU-CY4.08,CRU-CY4.10,0.0,0.0,0.0
1981,9,pre,CRU-CY4.08,CRU-CY4.10,0.7,0.4,-0.29999999999999993
1981,10,pre,CRU-CY4.08,CRU-CY4.10,3.0,1.8,-1.2
1981,11,pre,CRU-CY4.08,CRU-CY4.10,64.9,63.4,-1.500000000000007
1981,12,pre,CRU-CY4.08,CRU-CY4.10,29.7,19.8,-9.899999999999999
1982,1,pre,CRU-CY4.08,CRU-CY4.10,86.2,81.4,-4.799999999999997
1982,2,pre,CRU-CY4.08,CRU-CY4.10,102.2,111.7,9.5
1982,3,pre,CRU-CY4.08,CRU-CY4.10,65.9,65.7,-0.20000000000000284
1982,4,pre,CRU-CY4.08,CRU-CY4.10,13.4,9.7,-3.700000000000001
1982,5,pre,CRU-CY4.08,CRU-CY4.10,6.1,7.8,1.7000000000000002
1982,6,pre,CRU-CY4.08,CRU-CY4.10,0.0,0.0,0.0
1982,7,pre,CRU-CY4.08,CRU-CY4.10,0.0,0.0,0.0
1982,8,pre,CRU-CY4.08,CRU-CY4.10,0.0,0.0,0.0
1982,9,pre,CRU-CY4.08,CRU-CY4.10,1.2,1.9,0.7
1982,10,pre,CRU-CY4.08,CRU-CY4.10,6.1,5.9,-0.1999999999999993
1982,11,pre,CRU-CY4.08,CRU-CY4.10,90.0,95.7,5.700000000000003
1982,12,pre,CRU-CY4.08,CRU-CY4.10,73.1,79.3,6.200000000000003
1983,1,pre,CRU-CY4.08,CRU-CY4.10,142.3,149.0,6.699999999999989
1983,2,pre,CRU-CY4.08,CRU-CY4.10,136.5,132.8,-3.6999999999999886
1983,3,pre,CRU-CY4.08,CRU-CY4.10,84.4,83.9,-0.5
1983,4,pre,CRU-CY4.08,CRU-CY4.10,13.0,15.2,2.1999999999999993
1983,5,pre,CRU-CY4.08,CRU-CY4.10,5.4,5.7,0.2999999999999998
1983,6,pre,CRU-CY4.08,CRU-CY4.10,0.5,0.4,-0.09999999999999998
1983,7,pre,CRU-CY4.08,CRU-CY4.10,0.0,0.0,0.0
1983,8,pre,CRU-CY4.08,CRU-CY4.10,0.0,0.0,0.0
1983,9,pre,CRU-CY4.08,CRU-CY4.10,0.0,0.0,0.0
1983,10,pre,CRU-CY4.08,CRU-CY4.10,4.3,3.5,-0.7999999999999998
1983,11,pre,CRU-CY4.08,CRU-CY4.10,56.9,57.3,0.3999999999999986
1983,12,pre,CRU-CY4.08,CRU-CY4.10,33.9,38.6,4.700000000000003
1984,1,pre,CRU-CY4.08,CRU-CY4.10,106.0,100.9,-5.099999999999994
1984,2,pre,CRU-CY4.08,CRU-CY4.10,33.1,31.5,-1.6000000000000014
1984,3,pre,CRU-CY4.08,CRU-CY4.10,86.6,82.2,-4.3999999999999915
1984,4,pre,CRU-CY4.08,CRU-CY4.10,37.5,37.8,0.29999999999999716
1984,5,pre,CRU-CY4.08,CRU-CY4.10,0.0,0.0,0.0
1984,6,pre,CRU-CY4.08,CRU-CY4.10,0.0,0.1,0.1
1984,7,pre,CRU-CY4.08,CRU-CY4.10,0.0,0.0,0.0
1984,8,pre,CRU-CY4.08,CRU-CY4.10,0.0,0.0,0.0
1984,9,pre,CRU-CY4.08,CRU-CY4.10,0.0,0.0,0.0
1984,10,pre,CRU-CY4.08,CRU-CY4.10,21.6,25.1,3.5
1984,11,pre,CRU-CY4.08,CRU-CY4.10,39.8,39.0,-0.7999999999999972
1984,12,pre,CRU-CY4.08,CRU-CY4.10,59.8,72.8,13.0
1985,1,pre,CRU-CY4.08,CRU-CY4.10,60.2,53.6,-6.600000000000001
1985,2,pre,CRU-CY4.08,CRU-CY4.10,160.6,155.9,-4.699999999999989
1985,3,pre,CRU-CY4.08,CRU-CY4.10,27.0,31.9,4.899999999999999
1985,4,pre,CRU-CY4.08,CRU-CY4.10,26.5,30.5,4.0
1985,5,pre,CRU-CY4.08,CRU-CY4.10,1.6,1.7,0.09999999999999987
1985,6,pre,CRU-CY4.08,CRU-CY4.10,0.0,0.0,0.0
1985,7,pre,CRU-CY4.08,CRU-CY4.10,0.0,0.0,0.0
1985,8,pre,CRU-CY4.08,CRU-CY4.10,0.0,0.0,0.0
1985,9,pre,CRU-CY4.08,CRU-CY4.10,0.4,0.3,-0.10000000000000003
1985,10,pre,CRU-CY4.08,CRU-CY4.10,23.1,21.4,-1.7000000000000028
1985,11,pre,CRU-CY4.08,CRU-CY4.10,19.9,17.6,-2.299999999999997
1985,12,pre,CRU-CY4.08,CRU-CY4.10,64.9,67.7,2.799999999999997
1986,1,pre,CRU-CY4.08,CRU-CY4.10,75.6,71.9,-3.6999999999999886
1986,2,pre,CRU-CY4.08,CRU-CY4.10,93.4,91.9,-1.5
1986,3,pre,CRU-CY4.08,CRU-CY4.10,14.1,14.3,0.20000000000000107
1986,4,pre,CRU-CY4.08,CRU-CY4.10,18.1,23.9,5.799999999999997
1986,5,pre,CRU-CY4.08,CRU-CY4.10,17.0,19.9,2.8999999999999986
1986,6,pre,CRU-CY4.08,CRU-CY4.10,0.7,0.4,-0.29999999999999993
1986,7,pre,CRU-CY4.08,CRU-CY4.10,0.0,0.0,0.0
1986,8,pre,CRU-CY4.08,CRU-CY4.10,0.0,0.0,0.0
1986,9,pre,CRU-CY4.08,CRU-CY4.10,1.3,1.1,-0.19999999999999996
1986,10,pre,CRU-CY4.08,CRU-CY4.10,34.8,33.2,-1.5999999999999943
1986,11,pre,CRU-CY4.08,CRU-CY4.10,198.0,214.5,16.5
1986,12,pre,CRU-CY4.08,CRU-CY4.10,92.9,90.1,-2.8000000000000114
1987,1,pre,CRU-CY4.08,CRU-CY4.10,79.4,75.4,-4.0
1987,2,pre,CRU-CY4.08,CRU-CY4.10,39.3,41.3,2.0
1987,3,pre,CRU-CY4.08,CRU-CY4.10,70.1,69.9,-0.19999999999998863
1987,4,pre,CRU-CY4.08,CRU-CY4.10,4.3,3.1,-1.1999999999999997
1987,5,pre,CRU-CY4.08,CRU-CY4.10,0.3,0.2,-0.09999999999999998
1987,6,pre,CRU-CY4.08,CRU-CY4.10,0.0,0.0,0.0
1987,7,pre,CRU-CY4.08,CRU-CY4.10,0.0,0.0,0.0
1987,8,pre,CRU-CY4.08,CRU-CY4.10,0.0,0.0,0.0
1987,9,pre,CRU-CY4.08,CRU-CY4.10,0.0,0.0,0.0
1987,10,pre,CRU-CY4.08,CRU-CY4.10,42.3,42.2,-0.09999999999999432
1987,11,pre,CRU-CY4.08,CRU-CY4.10,27.6,16.9,-10.700000000000003
1987,12,pre,CRU-CY4.08,CRU-CY4.10,151.2,154.8,3.6000000000000227
1988,1,pre,CRU-CY4.08,CRU-CY4.10,122.4,128.0,5.599999999999994
1988,2,pre,CRU-CY4.08,CRU-CY4.10,149.9,152.3,2.4000000000000057
1988,3,pre,CRU-CY4.08,CRU-CY4.10,62.0,59.4,-2.6000000000000014
1988,4,pre,CRU-CY4.08,CRU-CY4.10,11.0,12.7,1.6999999999999993
1988,5,pre,CRU-CY4.08,CRU-CY4.10,0.5,0.1,-0.4
1988,6,pre,CRU-CY4.08,CRU-CY4.10,0.0,0.0,0.0
1988,7,pre,CRU-CY4.08,CRU-CY4.10,0.0,0.0,0.0
1988,8,pre,CRU-CY4.08,CRU-CY4.10,0.0,0.0,0.0
1988,9,pre,CRU-CY4.08,CRU-CY4.10,0.1,0.0,-0.1
1988,10,pre,CRU-CY4.08,CRU-CY4.10,12.6,9.9,-2.6999999999999993
1988,11,pre,CRU-CY4.08,CRU-CY4.10,47.1,43.2,-3.8999999999999986
1988,12,pre,CRU-CY4.08,CRU-CY4.10,151.3,148.0,-3.3000000000000114
1989,1,pre,CRU-CY4.08,CRU-CY4.10,66.3,71.9,5.6000000000000085
1989,2,pre,CRU-CY4.08,CRU-CY4.10,40.0,45.7,5.700000000000003
1989,3,pre,CRU-CY4.08,CRU-CY4.10,62.1,61.3,-0.8000000000000043
1989,4,pre,CRU-CY4.08,CRU-CY4.10,0.6,0.5,-0.09999999999999998
1989,5,pre,CRU-CY4.08,CRU-CY4.10,0.3,0.1,-0.19999999999999998
1989,6,pre,CRU-CY4.08,CRU-CY4.10,0.0,0.0,0.0
1989,7,pre,CRU-CY4.08,CRU-CY4.10,0.0,0.0,0.0
1989,8,pre,CRU-CY4.08,CRU-CY4.10,0.0,0.0,0.0
1989,9,pre,CRU-CY4.08,CRU-CY4.10,0.0,0.0,0.0
1989,10,pre,CRU-CY4.08,CRU-CY4.10,17.0,16.6,-0.3999999999999986
1989,11,pre,CRU-CY4.08,CRU-CY4.10,67.2,69.8,2.5999999999999943
1989,12,pre,CRU-CY4.08,CRU-CY4.10,71.3,62.6,-8.699999999999996
1990,1,pre,CRU-CY4.08,CRU-CY4.10,110.7,114.2,3.5
1990,2,pre,CRU-CY4.08,CRU-CY4.10,65.4,62.2,-3.200000000000003
1990,3,pre,CRU-CY4.08,CRU-CY4.10,51.9,60.7,8.800000000000004
1990,4,pre,CRU-CY4.08,CRU-CY4.10,27.9,30.9,3.0
1990,5,pre,CRU-CY4.08,CRU-CY4.10,2.0,0.9,-1.1
1990,6,pre,CRU-CY4.08,CRU-CY4.10,0.0,0.0,0.0
1990,7,pre,CRU-CY4.08,CRU-CY4.10,0.0,0.0,0.0
1990,8,pre,CRU-CY4.08,CRU-CY4.10,0.0,0.0,0.0
1990,9,pre,CRU-CY4.08,CRU-CY4.10,0.0,0.1,0.1
1990,10,pre,CRU-CY4.08,CRU-CY4.10,7.6,9.6,2.0
1990,11,pre,CRU-CY4.08,CRU-CY4.10,23.7,20.5,-3.1999999999999993
1990,12,pre,CRU-CY4.08,CRU-CY4.10,15.0,20.8,5.800000000000001
1991,1,pre,CRU-CY4.08,CRU-CY4.10,142.1,145.1,3.0
1991,2,pre,CRU-CY4.08,CRU-CY4.10,61.5,58.6,-2.8999999999999986
1991,3,pre,CRU-CY4.08,CRU-CY4.10,80.2,93.4,13.200000000000003
1991,4,pre,CRU-CY4.08,CRU-CY4.10,17.8,15.0,-2.8000000000000007
1991,5,pre,CRU-CY4.08,CRU-CY4.10,3.2,2.7,-0.5
1991,6,pre,CRU-CY4.08,CRU-CY4.10,0.0,0.0,0.0
1991,7,pre,CRU-CY4.08,CRU-CY4.10,0.0,0.0,0.0
1991,8,pre,CRU-CY4.08,CRU-CY4.10,0.0,0.0,0.0
1991,9,pre,CRU-CY4.08,CRU-CY4.10,0.8,1.0,0.19999999999999996
1991,10,pre,CRU-CY4.08,CRU-CY4.10,12.8,11.6,-1.200000000000001
1991,11,pre,CRU-CY4.08,CRU-CY4.10,100.2,91.9,-8.299999999999997
1991,12,pre,CRU-CY4.08,CRU-CY4.10,234.3,239.3,5.0
1992,1,pre,CRU-CY4.08,CRU-CY4.10,155.7,161.6,5.900000000000006
1992,2,pre,CRU-CY4.08,CRU-CY4.10,169.0,171.1,2.0999999999999943
1992,3,pre,CRU-CY4.08,CRU-CY4.10,27.6,27.3,-0.3000000000000007
1992,4,pre,CRU-CY4.08,CRU-CY4.10,7.6,6.8,-0.7999999999999998
1992,5,pre,CRU-CY4.08,CRU-CY4.10,8.2,7.7,-0.4999999999999991
1992,6,pre,CRU-CY4.08,CRU-CY4.10,1.3,1.6,0.30000000000000004
1992,7,pre,CRU-CY4.08,CRU-CY4.10,0.0,0.0,0.0
1992,8,pre,CRU-CY4.08,CRU-CY4.10,0.0,0.0,0.0
1992,9,pre,CRU-CY4.08,CRU-CY4.10,0.2,0.1,-0.1
1992,10,pre,CRU-CY4.08,CRU-CY4.10,1.1,0.4,-0.7000000000000001
1992,11,pre,CRU-CY4.08,CRU-CY4.10,57.7,65.0,7.299999999999997
1992,12,pre,CRU-CY4.08,CRU-CY4.10,179.0,201.3,22.30000000000001
1993,1,pre,CRU-CY4.08,CRU-CY4.10,96.6,101.7,5.1000000000000085
1993,2,pre,CRU-CY4.08,CRU-CY4.10,82.5,82.2,-0.29999999999999716
1993,3,pre,CRU-CY4.08,CRU-CY4.10,31.5,27.5,-4.0
1993,4,pre,CRU-CY4.08,CRU-CY4.10,1.4,1.4,0.0
1993,5,pre,CRU-CY4.08,CRU-CY4.10,10.4,11.7,1.299999999999999
1993,6,pre,CRU-CY4.08,CRU-CY4.10,0.1,0.1,0.0
1993,7,pre,CRU-CY4.08,CRU-CY4.10,0.0,0.0,0.0
1993,8,pre,CRU-CY4.08,CRU-CY4.10,0.0,0.0,0.0
1993,9,pre,CRU-CY4.08,CRU-CY4.10,0.0,0.0,0.0
1993,10,pre,CRU-CY4.08,CRU-CY4.10,16.3,16.8,0.5
1993,11,pre,CRU-CY4.08,CRU-CY4.10,28.9,28.7,-0.1999999999999993
1993,12,pre,CRU-CY4.08,CRU-CY4.10,45.4,59.2,13.800000000000004
1994,1,pre,CRU-CY4.08,CRU-CY4.10,123.4,127.8,4.3999999999999915
1994,2,pre,CRU-CY4.08,CRU-CY4.10,77.4,84.2,6.799999999999997
1994,3,pre,CRU-CY4.08,CRU-CY4.10,56.2,60.3,4.099999999999994
1994,4,pre,CRU-CY4.08,CRU-CY4.10,9.9,8.7,-1.200000000000001
1994,5,pre,CRU-CY4.08,CRU-CY4.10,5.5,4.2,-1.2999999999999998
1994,6,pre,CRU-CY4.08,CRU-CY4.10,0.0,0.0,0.0
1994,7,pre,CRU-CY4.08,CRU-CY4.10,0.0,0.0,0.0
1994,8,pre,CRU-CY4.08,CRU-CY4.10,0.0,0.0,0.0
1994,9,pre,CRU-CY4.08,CRU-CY4.10,0.3,0.4,0.10000000000000003
1994,10,pre,CRU-CY4.08,CRU-CY4.10,20.5,18.0,-2.5
1994,11,pre,CRU-CY4.08,CRU-CY4.10,185.4,207.3,21.900000000000006
1994,12,pre,CRU-CY4.08,CRU-CY4.10,135.2,127.1,-8.099999999999994
1995,1,pre,CRU-CY4.08,CRU-CY4.10,31.5,26.2,-5.300000000000001
1995,2,pre,CRU-CY4.08,CRU-CY4.10,70.0,77.6,7.599999999999994
1995,3,pre,CRU-CY4.08,CRU-CY4.10,31.8,33.8,1.9999999999999964
1995,4,pre,CRU-CY4.08,CRU-CY4.10,16.9,22.4,5.5
1995,5,pre,CRU-CY4.08,CRU-CY4.10,2.3,2.3,0.0
1995,6,pre,CRU-CY4.08,CRU-CY4.10,0.0,0.0,0.0
1995,7,pre,CRU-CY4.08,CRU-CY4.10,0.0,0.0,0.0
1995,8,pre,CRU-CY4.08,CRU-CY4.10,0.0,0.0,0.0
1995,9,pre,CRU-CY4.08,CRU-CY4.10,0.0,0.0,0.0
1995,10,pre,CRU-CY4.08,CRU-CY4.10,1.2,0.9,-0.29999999999999993
1995,11,pre,CRU-CY4.08,CRU-CY4.10,74.2,68.4,-5.799999999999997
1995,12,pre,CRU-CY4.08,CRU-CY4.10,34.3,32.5,-1.7999999999999972
1996,1,pre,CRU-CY4.08,CRU-CY4.10,132.6,137.2,4.599999999999994
1996,2,pre,CRU-CY4.08,CRU-CY4.10,36.3,34.6,-1.6999999999999957
1996,3,pre,CRU-CY4.08,CRU-CY4.10,90.3,85.4,-4.8999999999999915
1996,4,pre,CRU-CY4.08,CRU-CY4.10,18.2,17.1,-1.0999999999999979
1996,5,pre,CRU-CY4.08,CRU-CY4.10,0.3,0.5,0.2
1996,6,pre,CRU-CY4.08,CRU-CY4.10,0.0,0.0,0.0
1996,7,pre,CRU-CY4.08,CRU-CY4.10,0.0,0.0,0.0
1996,8,pre,CRU-CY4.08,CRU-CY4.10,0.0,0.0,0.0
1996,9,pre,CRU-CY4.08,CRU-CY4.10,0.8,0.6,-0.20000000000000007
1996,10,pre,CRU-CY4.08,CRU-CY4.10,30.4,27.6,-2.799999999999997
1996,11,pre,CRU-CY4.08,CRU-CY4.10,16.8,18.4,1.5999999999999979
1996,12,pre,CRU-CY4.08,CRU-CY4.10,58.1,55.3,-2.8000000000000043
1997,1,pre,CRU-CY4.08,CRU-CY4.10,80.8,92.9,12.100000000000009
1997,2,pre,CRU-CY4.08,CRU-CY4.10,106.7,115.6,8.899999999999991
1997,3,pre,CRU-CY4.08,CRU-CY4.10,77.7,81.9,4.200000000000003
1997,4,pre,CRU-CY4.08,CRU-CY4.10,15.5,13.9,-1.5999999999999996
1997,5,pre,CRU-CY4.08,CRU-CY4.10,5.4,7.0,1.5999999999999996
1997,6,pre,CRU-CY4.08,CRU-CY4.10,0.2,0.2,0.0
1997,7,pre,CRU-CY4.08,CRU-CY4.10,0.0,0.0,0.0
1997,8,pre,CRU-CY4.08,CRU-CY4.10,0.0,0.0,0.0
1997,9,pre,CRU-CY4.08,CRU-CY4.10,1.4,1.2,-0.19999999999999996
1997,10,pre,CRU-CY4.08,CRU-CY4.10,23.9,25.5,1.6000000000000014
1997,11,pre,CRU-CY4.08,CRU-CY4.10,52.3,53.6,1.3000000000000043
1997,12,pre,CRU-CY4.08,CRU-CY4.10,100.3,95.1,-5.200000000000003
1998,1,pre,CRU-CY4.08,CRU-CY4.10,97.6,99.8,2.200000000000003
1998,2,pre,CRU-CY4.08,CRU-CY4.10,60.2,56.0,-4.200000000000003
1998,3,pre,CRU-CY4.08,CRU-CY4.10,87.0,96.3,9.299999999999997
1998,4,pre,CRU-CY4.08,CRU-CY4.10,9.7,8.1,-1.5999999999999996
1998,5,pre,CRU-CY4.08,CRU-CY4.10,7.7,7.6,-0.10000000000000053
1998,6,pre,CRU-CY4.08,CRU-CY4.10,0.0,0.0,0.0
1998,7,pre,CRU-CY4.08,CRU-CY4.10,0.0,0.0,0.0
1998,8,pre,CRU-CY4.08,CRU-CY4.10,0.0,0.0,0.0
1998,9,pre,CRU-CY4.08,CRU-CY4.10,0.5,0.5,0.0
1998,10,pre,CRU-CY4.08,CRU-CY4.10,2.6,1.8,-0.8
1998,11,pre,CRU-CY4.08,CRU-CY4.10,11.1,5.6,-5.5
1998,12,pre,CRU-CY4.08,CRU-CY4.10,60.4,45.4,-15.0
1999,1,pre,CRU-CY4.08,CRU-CY4.10,67.9,69.7,1.7999999999999972
1999,2,pre,CRU-CY4.08,CRU-CY4.10,55.1,61.8,6.699999999999996
1999,3,pre,CRU-CY4.08,CRU-CY4.10,38.7,32.3,-6.400000000000006
1999,4,pre,CRU-CY4.08,CRU-CY4.10,13.7,13.0,-0.6999999999999993
1999,5,pre,CRU-CY4.08,CRU-CY4.10,0.0,0.0,0.0
1999,6,pre,CRU-CY4.08,CRU-CY4.10,0.0,0.0,0.0
1999,7,pre,CRU-CY4.08,CRU-CY4.10,0.0,0.0,0.0
1999,8,pre,CRU-CY4.08,CRU-CY4.10,0.0,0.0,0.0
1999,9,pre,CRU-CY4.08,CRU-CY4.10,0.4,0.3,-0.10000000000000003
1999,10,pre,CRU-CY4.08,CRU-CY4.10,8.2,6.8,-1.3999999999999995
1999,11,pre,CRU-CY4.08,CRU-CY4.10,13.5,11.6,-1.9000000000000004
1999,12,pre,CRU-CY4.08,CRU-CY4.10,23.4,20.8,-2.599999999999998
2000,1,pre,CRU-CY4.08,CRU-CY4.10,185.1,182.2,-2.9000000000000057
2000,2,pre,CRU-CY4.08,CRU-CY4.10,41.3,38.2,-3.0999999999999943
2000,3,pre,CRU-CY4.08,CRU-CY4.10,44.3,41.4,-2.8999999999999986
2000,4,pre,CRU-CY4.08,CRU-CY4.10,7.4,4.5,-2.9000000000000004
2000,5,pre,CRU-CY4.08,CRU-CY4.10,0.3,0.1,-0.19999999999999998
2000,6,pre,CRU-CY4.08,CRU-CY4.10,0.0,0.0,0.0
2000,7,pre,CRU-CY4.08,CRU-CY4.10,0.0,0.0,0.0
2000,8,pre,CRU-CY4.08,CRU-CY4.10,0.0,0.0,0.0
2000,9,pre,CRU-CY4.08,CRU-CY4.10,0.7,0.5,-0.19999999999999996
2000,10,pre,CRU-CY4.08,CRU-CY4.10,48.6,47.4,-1.2000000000000028
2000,11,pre,CRU-CY4.08,CRU-CY4.10,26.2,25.0,-1.1999999999999993
2000,12,pre,CRU-CY4.08,CRU-CY4.10,114.5,101.9,-12.599999999999994
2001,1,pre,CRU-CY4.08,CRU-CY4.10,79.0,73.8,-5.200000000000003
2001,2,pre,CRU-CY4.08,CRU-CY4.10,86.9,86.7,-0.20000000000000284
2001,3,pre,CRU-CY4.08,CRU-CY4.10,14.7,20.4,5.699999999999999
2001,4,pre,CRU-CY4.08,CRU-CY4.10,13.1,19.3,6.200000000000001
2001,5,pre,CRU-CY4.08,CRU-CY4.10,11.0,10.9,-0.09999999999999964
2001,6,pre,CRU-CY4.08,CRU-CY4.10,0.0,0.0,0.0
2001,7,pre,CRU-CY4.08,CRU-CY4.10,0.0,0.0,0.0
2001,8,pre,CRU-CY4.08,CRU-CY4.10,0.0,0.0,0.0
2001,9,pre,CRU-CY4.08,CRU-CY4.10,0.1,0.0,-0.1
2001,10,pre,CRU-CY4.08,CRU-CY4.10,16.9,14.4,-2.4999999999999982
2001,11,pre,CRU-CY4.08,CRU-CY4.10,58.9,56.1,-2.799999999999997
2001,12,pre,CRU-CY4.08,CRU-CY4.10,123.0,114.3,-8.700000000000003
2002,1,pre,CRU-CY4.08,CRU-CY4.10,172.4,155.1,-17.30000000000001
2002,2,pre,CRU-CY4.08,CRU-CY4.10,56.4,55.0,-1.3999999999999986
2002,3,pre,CRU-CY4.08,CRU-CY4.10,49.0,47.0,-2.0
2002,4,pre,CRU-CY4.08,CRU-CY4.10,36.5,35.4,-1.1000000000000014
2002,5,pre,CRU-CY4.08,CRU-CY4.10,4.1,4.5,0.40000000000000036
2002,6,pre,CRU-CY4.08,CRU-CY4.10,0.0,0.0,0.0
2002,7,pre,CRU-CY4.08,CRU-CY4.10,0.0,0.0,0.0
2002,8,pre,CRU-CY4.08,CRU-CY4.10,0.0,0.0,0.0
2002,9,pre,CRU-CY4.08,CRU-CY4.10,0.3,0.3,0.0
2002,10,pre,CRU-CY4.08,CRU-CY4.10,11.6,12.0,0.40000000000000036
2002,11,pre,CRU-CY4.08,CRU-CY4.10,33.7,48.2,14.5
2002,12,pre,CRU-CY4.08,CRU-CY4.10,136.6,132.3,-4.299999999999983
2003,1,pre,CRU-CY4.08,CRU-CY4.10,90.3,91.7,1.4000000000000057
2003,2,pre,CRU-CY4.08,CRU-CY4.10,189.0,177.1,-11.900000000000006
2003,3,pre,CRU-CY4.08,CRU-CY4.10,107.3,96.7,-10.599999999999994
2003,4,pre,CRU-CY4.08,CRU-CY4.10,12.5,13.4,0.9000000000000004
2003,5,pre,CRU-CY4.08,CRU-CY4.10,0.4,0.4,0.0
2003,6,pre,CRU-CY4.08,CRU-CY4.10,0.2,0.1,-0.1
2003,7,pre,CRU-CY4.08,CRU-CY4.10,0.0,0.0,0.0
2003,8,pre,CRU-CY4.08,CRU-CY4.10,0.0,0.0,0.0
2003,9,pre,CRU-CY4.08,CRU-CY4.10,0.2,0.2,0.0
2003,10,pre,CRU-CY4.08,CRU-CY4.10,2.4,1.7,-0.7
2003,11,pre,CRU-CY4.08,CRU-CY4.10,34.6,34.8,0.19999999999999574
2003,12,pre,CRU-CY4.08,CRU-CY4.10,114.7,138.0,23.299999999999997
2004,1,pre,CRU-CY4.08,CRU-CY4.10,142.2,142.1,-0.09999999999999432
2004,2,pre,CRU-CY4.08,CRU-CY4.10,67.1,71.1,4.0
2004,3,pre,CRU-CY4.08,CRU-CY4.10,16.8,30.7,13.899999999999999
2004,4,pre,CRU-CY4.08,CRU-CY4.10,4.6,4.4,-0.1999999999999993
2004,5,pre,CRU-CY4.08,CRU-CY4.10,2.8,2.1,-0.6999999999999997
2004,6,pre,CRU-CY4.08,CRU-CY4.10,0.1,0.0,-0.1
2004,7,pre,CRU-CY4.08,CRU-CY4.10,0.0,0.0,0.0
2004,8,pre,CRU-CY4.08,CRU-CY4.10,0.0,0.0,0.0
2004,9,pre,CRU-CY4.08,CRU-CY4.10,0.1,0.0,-0.1
2004,10,pre,CRU-CY4.08,CRU-CY4.10,2.8,2.6,-0.19999999999999973
2004,11,pre,CRU-CY4.08,CRU-CY4.10,76.2,63.4,-12.800000000000004
2004,12,pre,CRU-CY4.08,CRU-CY4.10,57.2,63.9,6.699999999999996
2005,1,pre,CRU-CY4.08,CRU-CY4.10,108.1,94.6,-13.5
2005,2,pre,CRU-CY4.08,CRU-CY4.10,79.4,66.7,-12.700000000000003
2005,3,pre,CRU-CY4.08,CRU-CY4.10,31.9,31.3,-0.5999999999999979
2005,4,pre,CRU-CY4.08,CRU-CY4.10,15.0,15.1,0.09999999999999964
2005,5,pre,CRU-CY4.08,CRU-CY4.10,2.4,3.4,1.0
2005,6,pre,CRU-CY4.08,CRU-CY4.10,0.4,0.3,-0.10000000000000003
2005,7,pre,CRU-CY4.08,CRU-CY4.10,0.0,0.0,0.0
2005,8,pre,CRU-CY4.08,CRU-CY4.10,0.0,0.0,0.0
2005,9,pre,CRU-CY4.08,CRU-CY4.10,0.6,0.6,0.0
2005,10,pre,CRU-CY4.08,CRU-CY4.10,9.3,22.0,12.7
2005,11,pre,CRU-CY4.08,CRU-CY4.10,40.5,56.0,15.5
2005,12,pre,CRU-CY4.08,CRU-CY4.10,74.2,68.0,-6.200000000000003
2006,1,pre,CRU-CY4.08,CRU-CY4.10,93.7,89.6,-4.1000000000000085
2006,2,pre,CRU-CY4.08,CRU-CY4.10,51.3,66.1,14.799999999999997
2006,3,pre,CRU-CY4.08,CRU-CY4.10,11.8,8.7,-3.1000000000000014
2006,4,pre,CRU-CY4.08,CRU-CY4.10,71.7,61.9,-9.800000000000004
2006,5,pre,CRU-CY4.08,CRU-CY4.10,0.2,0.1,-0.1
2006,6,pre,CRU-CY4.08,CRU-CY4.10,0.0,0.0,0.0
2006,7,pre,CRU-CY4.08,CRU-CY4.10,0.0,0.0,0.0
2006,8,pre,CRU-CY4.08,CRU-CY4.10,0.0,0.0,0.0
2006,9,pre,CRU-CY4.08,CRU-CY4.10,0.2,0.1,-0.1
2006,10,pre,CRU-CY4.08,CRU-CY4.10,42.2,44.4,2.1999999999999957
2006,11,pre,CRU-CY4.08,CRU-CY4.10,19.6,17.2,-2.400000000000002
2006,12,pre,CRU-CY4.08,CRU-CY4.10,61.1,60.9,-0.20000000000000284
2007,1,pre,CRU-CY4.08,CRU-CY4.10,76.3,78.6,2.299999999999997
2007,2,pre,CRU-CY4.08,CRU-CY4.10,84.5,90.6,6.099999999999994
2007,3,pre,CRU-CY4.08,CRU-CY4.10,44.0,41.0,-3.0
2007,4,pre,CRU-CY4.08,CRU-CY4.10,10.7,14.7,4.0
2007,5,pre,CRU-CY4.08,CRU-CY4.10,6.0,9.1,3.0999999999999996
2007,6,pre,CRU-CY4.08,CRU-CY4.10,0.0,0.0,0.0
2007,7,pre,CRU-CY4.08,CRU-CY4.10,0.0,0.0,0.0
2007,8,pre,CRU-CY4.08,CRU-CY4.10,0.0,0.0,0.0
2007,9,pre,CRU-CY4.08,CRU-CY4.10,0.0,0.0,0.0
2007,10,pre,CRU-CY4.08,CRU-CY4.10,3.3,2.1,-1.1999999999999997
2007,11,pre,CRU-CY4.08,CRU-CY4.10,62.6,54.5,-8.100000000000001
2007,12,pre,CRU-CY4.08,CRU-CY4.10,52.7,38.8,-13.900000000000006
2008,1,pre,CRU-CY4.08,CRU-CY4.10,117.7,135.5,17.799999999999997
2008,2,pre,CRU-CY4.08,CRU-CY4.10,63.9,50.7,-13.199999999999996
2008,3,pre,CRU-CY4.08,CRU-CY4.10,6.5,4.1,-2.4000000000000004
2008,4,pre,CRU-CY4.08,CRU-CY4.10,0.8,0.4,-0.4
2008,5,pre,CRU-CY4.08,CRU-CY4.10,3.5,3.0,-0.5
2008,6,pre,CRU-CY4.08,CRU-CY4.10,0.0,0.0,0.0
2008,7,pre,CRU-CY4.08,CRU-CY4.10,0.0,0.0,0.0
2008,8,pre,CRU-CY4.08,CRU-CY4.10,0.0,0.0,0.0
2008,9,pre,CRU-CY4.08,CRU-CY4.10,1.6,1.5,-0.10000000000000009
2008,10,pre,CRU-CY4.08,CRU-CY4.10,26.7,25.2,-1.5
2008,11,pre,CRU-CY4.08,CRU-CY4.10,14.7,14.7,0.0
2008,12,pre,CRU-CY4.08,CRU-CY4.10,62.0,53.1,-8.899999999999999
2009,1,pre,CRU-CY4.08,CRU-CY4.10,33.7,26.6,-7.100000000000001
2009,2,pre,CRU-CY4.08,CRU-CY4.10,106.9,111.9,5.0
2009,3,pre,CRU-CY4.08,CRU-CY4.10,39.5,38.5,-1.0
2009,4,pre,CRU-CY4.08,CRU-CY4.10,4.7,3.9,-0.8000000000000003
2009,5,pre,CRU-CY4.08,CRU-CY4.10,0.3,1.5,1.2
2009,6,pre,CRU-CY4.08,CRU-CY4.10,0.0,0.0,0.0
2009,7,pre,CRU-CY4.08,CRU-CY4.10,0.0,0.0,0.0
2009,8,pre,CRU-CY4.08,CRU-CY4.10,0.0,0.0,0.0
2009,9,pre,CRU-CY4.08,CRU-CY4.10,0.8,0.8,0.0
2009,10,pre,CRU-CY4.08,CRU-CY4.10,30.3,31.2,0.8999999999999986
2009,11,pre,CRU-CY4.08,CRU-CY4.10,54.9,50.0,-4.899999999999999
2009,12,pre,CRU-CY4.08,CRU-CY4.10,82.8,76.3,-6.5
2010,1,pre,CRU-CY4.08,CRU-CY4.10,87.0,118.3,31.299999999999997
2010,2,pre,CRU-CY4.08,CRU-CY4.10,108.0,115.5,7.5
2010,3,pre,CRU-CY4.08,CRU-CY4.10,10.1,14.7,4.6
2010,4,pre,CRU-CY4.08,CRU-CY4.10,1.9,2.8,0.8999999999999999
2010,5,pre,CRU-CY4.08,CRU-CY4.10,1.7,1.5,-0.19999999999999996
2010,6,pre,CRU-CY4.08,CRU-CY4.10,0.2,0.2,0.0
2010,7,pre,CRU-CY4.08,CRU-CY4.10,0.0,0.0,0.0
2010,8,pre,CRU-CY4.08,CRU-CY4.10,0.0,0.0,0.0
2010,9,pre,CRU-CY4.08,CRU-CY4.10,0.3,0.1,-0.19999999999999998
2010,10,pre,CRU-CY4.08,CRU-CY4.10,6.1,5.0,-1.0999999999999996
2010,11,pre,CRU-CY4.08,CRU-CY4.10,0.2,2.4,2.1999999999999997
2010,12,pre,CRU-CY4.08,CRU-CY4.10,83.0,94.4,11.400000000000006
2011,1,pre,CRU-CY4.08,CRU-CY4.10,79.1,76.6,-2.5
2011,2,pre,CRU-CY4.08,CRU-CY4.10,85.9,94.4,8.5
2011,3,pre,CRU-CY4.08,CRU-CY4.10,56.6,52.7,-3.8999999999999986
2011,4,pre,CRU-CY4.08,CRU-CY4.10,39.4,41.4,2.0
2011,5,pre,CRU-CY4.08,CRU-CY4.10,5.0,5.3,0.2999999999999998
2011,6,pre,CRU-CY4.08,CRU-CY4.10,0.2,0.2,0.0
2011,7,pre,CRU-CY4.08,CRU-CY4.10,0.0,0.0,0.0
2011,8,pre,CRU-CY4.08,CRU-CY4.10,0.0,0.0,0.0
2011,9,pre,CRU-CY4.08,CRU-CY4.10,1.5,1.5,0.0
2011,10,pre,CRU-CY4.08,CRU-CY4.10,4.6,3.9,-0.6999999999999997
2011,11,pre,CRU-CY4.08,CRU-CY4.10,90.3,81.4,-8.899999999999991
2011,12,pre,CRU-CY4.08,CRU-CY4.10,52.4,43.3,-9.100000000000001
2012,1,pre,CRU-CY4.08,CRU-CY4.10,158.6,134.0,-24.599999999999994
2012,2,pre,CRU-CY4.08,CRU-CY4.10,88.6,80.0,-8.599999999999994
2012,3,pre,CRU-CY4.08,CRU-CY4.10,63.1,68.2,5.100000000000001
2012,4,pre,CRU-CY4.08,CRU-CY4.10,2.0,1.2,-0.8
2012,5,pre,CRU-CY4.08,CRU-CY4.10,4.1,2.5,-1.5999999999999996
2012,6,pre,CRU-CY4.08,CRU-CY4.10,0.1,0.1,0.0
2012,7,pre,CRU-CY4.08,CRU-CY4.10,0.0,0.0,0.0
2012,8,pre,CRU-CY4.08,CRU-CY4.10,0.0,0.0,0.0
2012,9,pre,CRU-CY4.08,CRU-CY4.10,0.4,0.4,0.0
2012,10,pre,CRU-CY4.08,CRU-CY4.10,10.1,8.5,-1.5999999999999996
2012,11,pre,CRU-CY4.08,CRU-CY4.10,88.9,93.8,4.8999999999999915
2012,12,pre,CRU-CY4.08,CRU-CY4.10,86.6,79.8,-6.799999999999997
2013,1,pre,CRU-CY4.08,CRU-CY4.10,178.9,189.0,10.099999999999994
2013,2,pre,CRU-CY4.08,CRU-CY4.10,56.5,67.0,10.5
2013,3,pre,CRU-CY4.08,CRU-CY4.10,4.1,3.0,-1.0999999999999996
2013,4,pre,CRU-CY4.08,CRU-CY4.10,22.3,21.3,-1.0
2013,5,pre,CRU-CY4.08,CRU-CY4.10,5.8,6.4,0.6000000000000005
2013,6,pre,CRU-CY4.08,CRU-CY4.10,0.0,0.0,0.0
2013,7,pre,CRU-CY4.08,CRU-CY4.10,0.0,0.0,0.0
2013,8,pre,CRU-CY4.08,CRU-CY4.10,0.0,0.0,0.0
2013,9,pre,CRU-CY4.08,CRU-CY4.10,0.7,0.8,0.10000000000000009
2013,10,pre,CRU-CY4.08,CRU-CY4.10,3.3,2.8,-0.5
2013,11,pre,CRU-CY4.08,CRU-CY4.10,18.7,22.1,3.400000000000002
2013,12,pre,CRU-CY4.08,CRU-CY4.10,135.9,135.9,0.0
2014,1,pre,CRU-CY4.08,CRU-CY4.10,44.3,54.1,9.800000000000004
2014,2,pre,CRU-CY4.08,CRU-CY4.10,23.7,25.9,2.1999999999999993
2014,3,pre,CRU-CY4.08,CRU-CY4.10,63.4,64.1,0.6999999999999957
2014,4,pre,CRU-CY4.08,CRU-CY4.10,0.8,0.6,-0.20000000000000007
2014,5,pre,CRU-CY4.08,CRU-CY4.10,16.6,16.9,0.29999999999999716
2014,6,pre,CRU-CY4.08,CRU-CY4.10,0.1,0.1,0.0
2014,7,pre,CRU-CY4.08,CRU-CY4.10,0.0,0.0,0.0
2014,8,pre,CRU-CY4.08,CRU-CY4.10,0.0,0.0,0.0
2014,9,pre,CRU-CY4.08,CRU-CY4.10,1.1,1.3,0.19999999999999996
2014,10,pre,CRU-CY4.08,CRU-CY4.10,23.1,21.8,-1.3000000000000007
2014,11,pre,CRU-CY4.08,CRU-CY4.10,115.3,108.3,-7.0
2014,12,pre,CRU-CY4.08,CRU-CY4.10,85.1,80.1,-5.0
2015,1,pre,CRU-CY4.08,CRU-CY4.10,132.6,123.9,-8.699999999999989
2015,2,pre,CRU-CY4.08,CRU-CY4.10,69.9,77.2,7.299999999999997
2015,3,pre,CRU-CY4.08,CRU-CY4.10,28.4,28.9,0.5
2015,4,pre,CRU-CY4.08,CRU-CY4.10,29.3,29.1,-0.1999999999999993
2015,5,pre,CRU-CY4.08,CRU-CY4.10,0.4,0.5,0.09999999999999998
2015,6,pre,CRU-CY4.08,CRU-CY4.10,0.0,0.0,0.0
2015,7,pre,CRU-CY4.08,CRU-CY4.10,0.0,0.0,0.0
2015,8,pre,CRU-CY4.08,CRU-CY4.10,0.0,0.0,0.0
2015,9,pre,CRU-CY4.08,CRU-CY4.10,0.0,0.0,0.0
2015,10,pre,CRU-CY4.08,CRU-CY4.10,45.9,49.4,3.5
2015,11,pre,CRU-CY4.08,CRU-CY4.10,48.8,48.2,-0.5999999999999943
2015,12,pre,CRU-CY4.08,CRU-CY4.10,73.6,69.0,-4.599999999999994
2016,1,pre,CRU-CY4.08,CRU-CY4.10,75.8,68.8,-7.0
2016,2,pre,CRU-CY4.08,CRU-CY4.10,50.8,49.4,-1.3999999999999986
2016,3,pre,CRU-CY4.08,CRU-CY4.10,39.6,41.3,1.6999999999999957
2016,4,pre,CRU-CY4.08,CRU-CY4.10,17.8,18.2,0.3999999999999986
2016,5,pre,CRU-CY4.08,CRU-CY4.10,3.3,3.5,0.20000000000000018
2016,6,pre,CRU-CY4.08,CRU-CY4.10,0.0,0.0,0.0
2016,7,pre,CRU-CY4.08,CRU-CY4.10,0.0,0.0,0.0
2016,8,pre,CRU-CY4.08,CRU-CY4.10,0.0,0.0,0.0
2016,9,pre,CRU-CY4.08,CRU-CY4.10,0.0,0.0,0.0
2016,10,pre,CRU-CY4.08,CRU-CY4.10,19.0,25.0,6.0
2016,11,pre,CRU-CY4.08,CRU-CY4.10,8.1,7.3,-0.7999999999999998
2016,12,pre,CRU-CY4.08,CRU-CY4.10,178.1,169.6,-8.5
2017,1,pre,CRU-CY4.08,CRU-CY4.10,43.5,39.8,-3.700000000000003
2017,2,pre,CRU-CY4.08,CRU-CY4.10,47.9,52.8,4.899999999999999
2017,3,pre,CRU-CY4.08,CRU-CY4.10,22.9,21.9,-1.0
2017,4,pre,CRU-CY4.08,CRU-CY4.10,16.6,15.1,-1.5000000000000018
2017,5,pre,CRU-CY4.08,CRU-CY4.10,1.8,1.7,-0.10000000000000009
2017,6,pre,CRU-CY4.08,CRU-CY4.10,0.1,0.1,0.0
2017,7,pre,CRU-CY4.08,CRU-CY4.10,0.0,0.0,0.0
2017,8,pre,CRU-CY4.08,CRU-CY4.10,0.0,0.0,0.0
2017,9,pre,CRU-CY4.08,CRU-CY4.10,0.0,0.0,0.0
2017,10,pre,CRU-CY4.08,CRU-CY4.10,7.1,7.4,0.3000000000000007
2017,11,pre,CRU-CY4.08,CRU-CY4.10,20.7,19.1,-1.5999999999999979
2017,12,pre,CRU-CY4.08,CRU-CY4.10,28.8,27.7,-1.1000000000000014
2018,1,pre,CRU-CY4.08,CRU-CY4.10,132.4,133.4,1.0
2018,2,pre,CRU-CY4.08,CRU-CY4.10,84.3,88.8,4.5
2018,3,pre,CRU-CY4.08,CRU-CY4.10,6.6,6.5,-0.09999999999999964
2018,4,pre,CRU-CY4.08,CRU-CY4.10,30.3,33.2,2.900000000000002
2018,5,pre,CRU-CY4.08,CRU-CY4.10,9.1,10.2,1.0999999999999996
2018,6,pre,CRU-CY4.08,CRU-CY4.10,0.0,0.0,0.0
2018,7,pre,CRU-CY4.08,CRU-CY4.10,0.0,0.0,0.0
2018,8,pre,CRU-CY4.08,CRU-CY4.10,0.0,0.0,0.0
2018,9,pre,CRU-CY4.08,CRU-CY4.10,0.0,0.0,0.0
2018,10,pre,CRU-CY4.08,CRU-CY4.10,20.7,22.8,2.1000000000000014
2018,11,pre,CRU-CY4.08,CRU-CY4.10,47.0,47.5,0.5
2018,12,pre,CRU-CY4.08,CRU-CY4.10,141.8,141.0,-0.8000000000000114
2019,1,pre,CRU-CY4.08,CRU-CY4.10,111.5,103.6,-7.900000000000006
2019,2,pre,CRU-CY4.08,CRU-CY4.10,110.8,128.8,18.000000000000014
2019,3,pre,CRU-CY4.08,CRU-CY4.10,61.9,60.6,-1.2999999999999972
2019,4,pre,CRU-CY4.08,CRU-CY4.10,20.8,20.3,-0.5
2019,5,pre,CRU-CY4.08,CRU-CY4.10,0.0,0.0,0.0
2019,6,pre,CRU-CY4.08,CRU-CY4.10,0.2,0.2,0.0
2019,7,pre,CRU-CY4.08,CRU-CY4.10,0.0,0.0,0.0
2019,8,pre,CRU-CY4.08,CRU-CY4.10,0.0,0.0,0.0
2019,9,pre,CRU-CY4.08,CRU-CY4.10,0.2,0.2,0.0
2019,10,pre,CRU-CY4.08,CRU-CY4.10,19.2,19.8,0.6000000000000014
2019,11,pre,CRU-CY4.08,CRU-CY4.10,5.4,5.2,-0.20000000000000018
2019,12,pre,CRU-CY4.08,CRU-CY4.10,121.1,116.9,-4.199999999999989
2020,1,pre,CRU-CY4.08,CRU-CY4.10,189.3,182.4,-6.900000000000006
2020,2,pre,CRU-CY4.08,CRU-CY4.10,72.4,82.0,9.599999999999994
2020,3,pre,CRU-CY4.08,CRU-CY4.10,67.0,65.2,-1.7999999999999972
2020,4,pre,CRU-CY4.08,CRU-CY4.10,19.1,18.0,-1.1000000000000014
2020,5,pre,CRU-CY4.08,CRU-CY4.10,9.5,10.2,0.6999999999999993
2020,6,pre,CRU-CY4.08,CRU-CY4.10,0.0,0.0,0.0
2020,7,pre,CRU-CY4.08,CRU-CY4.10,0.0,0.0,0.0
2020,8,pre,CRU-CY4.08,CRU-CY4.10,0.0,0.0,0.0
2020,9,pre,CRU-CY4.08,CRU-CY4.10,0.0,0.0,0.0
2020,10,pre,CRU-CY4.08,CRU-CY4.10,0.0,0.0,0.0
2020,11,pre,CRU-CY4.08,CRU-CY4.10,131.8,134.1,2.299999999999983
2020,12,pre,CRU-CY4.08,CRU-CY4.10,76.1,63.4,-12.699999999999996
2021,1,pre,CRU-CY4.08,CRU-CY4.10,89.4,87.3,-2.1000000000000085
2021,2,pre,CRU-CY4.08,CRU-CY4.10,79.9,80.7,0.7999999999999972
2021,3,pre,CRU-CY4.08,CRU-CY4.10,21.5,21.3,-0.1999999999999993
2021,4,pre,CRU-CY4.08,CRU-CY4.10,7.9,8.2,0.29999999999999893
2021,5,pre,CRU-CY4.08,CRU-CY4.10,0.1,0.1,0.0
2021,6,pre,CRU-CY4.08,CRU-CY4.10,0.0,0.0,0.0
2021,7,pre,CRU-CY4.08,CRU-CY4.10,0.0,0.0,0.0
2021,8,pre,CRU-CY4.08,CRU-CY4.10,0.0,0.0,0.0
2021,9,pre,CRU-CY4.08,CRU-CY4.10,0.0,0.0,0.0
2021,10,pre,CRU-CY4.08,CRU-CY4.10,2.4,3.9,1.5
2021,11,pre,CRU-CY4.08,CRU-CY4.10,37.4,37.6,0.20000000000000284
2021,12,pre,CRU-CY4.08,CRU-CY4.10,137.2,152.9,15.700000000000017
2022,1,pre,CRU-CY4.08,CRU-CY4.10,175.7,176.8,1.1000000000000227
2022,2,pre,CRU-CY4.08,CRU-CY4.10,68.1,68.2,0.10000000000000853
2022,3,pre,CRU-CY4.08,CRU-CY4.10,61.6,51.9,-9.700000000000003
2022,4,pre,CRU-CY4.08,CRU-CY4.10,0.1,0.1,0.0
2022,5,pre,CRU-CY4.08,CRU-CY4.10,0.5,0.6,0.09999999999999998
2022,6,pre,CRU-CY4.08,CRU-CY4.10,0.0,0.3,0.3
2022,7,pre,CRU-CY4.08,CRU-CY4.10,0.0,0.0,0.0
2022,8,pre,CRU-CY4.08,CRU-CY4.10,0.0,0.0,0.0
2022,9,pre,CRU-CY4.08,CRU-CY4.10,0.0,0.5,0.5
2022,10,pre,CRU-CY4.08,CRU-CY4.10,15.1,23.0,7.9
2022,11,pre,CRU-CY4.08,CRU-CY4.10,91.0,90.6,-0.4000000000000057
2022,12,pre,CRU-CY4.08,CRU-CY4.10,78.7,76.1,-2.6000000000000085
2023,1,pre,CRU-CY4.08,CRU-CY4.10,157.6,156.3,-1.299999999999983
2023,2,pre,CRU-CY4.08,CRU-CY4.10,78.6,72.9,-5.699999999999989
2023,3,pre,CRU-CY4.08,CRU-CY4.10,32.7,31.2,-1.5000000000000036
2023,4,pre,CRU-CY4.08,CRU-CY4.10,57.7,52.5,-5.200000000000003
2023,5,pre,CRU-CY4.08,CRU-CY4.10,9.5,8.9,-0.5999999999999996
2023,6,pre,CRU-CY4.08,CRU-CY4.10,0.0,0.0,0.0
2023,7,pre,CRU-CY4.08,CRU-CY4.10,0.0,0.0,0.0
2023,8,pre,CRU-CY4.08,CRU-CY4.10,0.0,0.0,0.0
2023,9,pre,CRU-CY4.08,CRU-CY4.10,0.1,0.0,-0.1
2023,10,pre,CRU-CY4.08,CRU-CY4.10,8.6,7.8,-0.7999999999999998
2023,11,pre,CRU-CY4.08,CRU-CY4.10,80.7,81.5,0.7999999999999972
2023,12,pre,CRU-CY4.08,CRU-CY4.10,88.3,92.7,4.400000000000006
1901,1,tmp,CRU-CY4.08,CRU-CY4.10,10.8,10.8,0.0
1901,2,tmp,CRU-CY4.08,CRU-CY4.10,14.7,14.7,0.0
1901,3,tmp,CRU-CY4.08,CRU-CY4.10,15.3,15.3,0.0
1901,4,tmp,CRU-CY4.08,CRU-CY4.10,17.5,17.5,0.0
1901,5,tmp,CRU-CY4.08,CRU-CY4.10,18.5,18.5,0.0
1901,6,tmp,CRU-CY4.08,CRU-CY4.10,22.5,22.5,0.0
1901,7,tmp,CRU-CY4.08,CRU-CY4.10,24.4,24.4,0.0
1901,8,tmp,CRU-CY4.08,CRU-CY4.10,24.7,24.7,0.0
1901,9,tmp,CRU-CY4.08,CRU-CY4.10,22.7,22.7,0.0
1901,10,tmp,CRU-CY4.08,CRU-CY4.10,20.8,20.8,0.0
1901,11,tmp,CRU-CY4.08,CRU-CY4.10,16.2,16.2,0.0
1901,12,tmp,CRU-CY4.08,CRU-CY4.10,13.5,13.5,0.0
1902,1,tmp,CRU-CY4.08,CRU-CY4.10,10.9,10.9,0.0
1902,2,tmp,CRU-CY4.08,CRU-CY4.10,14.1,14.1,0.0
1902,3,tmp,CRU-CY4.08,CRU-CY4.10,13.4,13.4,0.0
1902,4,tmp,CRU-CY4.08,CRU-CY4.10,16.5,16.5,0.0
1902,5,tmp,CRU-CY4.08,CRU-CY4.10,19.4,19.4,0.0
1902,6,tmp,CRU-CY4.08,CRU-CY4.10,21.0,21.0,0.0
1902,7,tmp,CRU-CY4.08,CRU-CY4.10,23.6,23.6,0.0
1902,8,tmp,CRU-CY4.08,CRU-CY4.10,24.0,24.0,0.0
1902,9,tmp,CRU-CY4.08,CRU-CY4.10,23.5,23.5,0.0
1902,10,tmp,CRU-CY4.08,CRU-CY4.10,21.2,21.2,0.0
1902,11,tmp,CRU-CY4.08,CRU-CY4.10,15.9,15.9,0.0
1902,12,tmp,CRU-CY4.08,CRU-CY4.10,11.8,11.8,0.0
1903,1,tmp,CRU-CY4.08,CRU-CY4.10,9.9,9.9,0.0
1903,2,tmp,CRU-CY4.08,CRU-CY4.10,10.0,10.0,0.0
1903,3,tmp,CRU-CY4.08,CRU-CY4.10,13.0,13.0,0.0
1903,4,tmp,CRU-CY4.08,CRU-CY4.10,16.4,16.4,0.0
1903,5,tmp,CRU-CY4.08,CRU-CY4.10,19.8,19.8,0.0
1903,6,tmp,CRU-CY4.08,CRU-CY4.10,21.1,21.1,0.0
1903,7,tmp,CRU-CY4.08,CRU-CY4.10,22.5,22.5,0.0
1903,8,tmp,CRU-CY4.08,CRU-CY4.10,23.7,23.7,0.0
1903,9,tmp,CRU-CY4.08,CRU-CY4.10,21.3,21.3,0.0
1903,10,tmp,CRU-CY4.08,CRU-CY4.10,19.0,19.0,0.0
1903,11,tmp,CRU-CY4.08,CRU-CY4.10,14.8,14.8,0.0
1903,12,tmp,CRU-CY4.08,CRU-CY4.10,12.6,12.6,0.0
1904,1,tmp,CRU-CY4.08,CRU-CY4.10,10.8,10.8,0.0
1904,2,tmp,CRU-CY4.08,CRU-CY4.10,12.4,12.4,0.0
1904,3,tmp,CRU-CY4.08,CRU-CY4.10,13.7,13.7,0.0
1904,4,tmp,CRU-CY4.08,CRU-CY4.10,15.5,15.5,0.0
1904,5,tmp,CRU-CY4.08,CRU-CY4.10,18.5,18.5,0.0
1904,6,tmp,CRU-CY4.08,CRU-CY4.10,21.3,21.3,0.0
1904,7,tmp,CRU-CY4.08,CRU-CY4.10,23.7,23.7,0.0
1904,8,tmp,CRU-CY4.08,CRU-CY4.10,24.1,24.1,0.0
1904,9,tmp,CRU-CY4.08,CRU-CY4.10,22.6,22.6,0.0
1904,10,tmp,CRU-CY4.08,CRU-CY4.10,21.8,21.8,0.0
1904,11,tmp,CRU-CY4.08,CRU-CY4.10,15.5,15.5,0.0
1904,12,tmp,CRU-CY4.08,CRU-CY4.10,11.0,11.0,0.0
1905,1,tmp,CRU-CY4.08,CRU-CY4.10,9.4,9.4,0.0
1905,2,tmp,CRU-CY4.08,CRU-CY4.10,9.3,9.3,0.0
1905,3,tmp,CRU-CY4.08,CRU-CY4.10,12.2,12.2,0.0
1905,4,tmp,CRU-CY4.08,CRU-CY4.10,16.7,16.7,0.0
1905,5,tmp,CRU-CY4.08,CRU-CY4.10,20.2,20.2,0.0
1905,6,tmp,CRU-CY4.08,CRU-CY4.10,22.1,22.1,0.0
1905,7,tmp,CRU-CY4.08,CRU-CY4.10,24.8,24.8,0.0
1905,8,tmp,CRU-CY4.08,CRU-CY4.10,24.9,24.9,0.0
1905,9,tmp,CRU-CY4.08,CRU-CY4.10,23.6,23.6,0.0
1905,10,tmp,CRU-CY4.08,CRU-CY4.10,22.2,22.2,0.0
1905,11,tmp,CRU-CY4.08,CRU-CY4.10,18.2,18.2,0.0
1905,12,tmp,CRU-CY4.08,CRU-CY4.10,11.6,11.6,0.0
1906,1,tmp,CRU-CY4.08,CRU-CY4.10,11.0,11.0,0.0
1906,2,tmp,CRU-CY4.08,CRU-CY4.10,11.8,11.8,0.0
1906,3,tmp,CRU-CY4.08,CRU-CY4.10,13.8,13.8,0.0
1906,4,tmp,CRU-CY4.08,CRU-CY4.10,16.8,16.8,0.0
1906,5,tmp,CRU-CY4.08,CRU-CY4.10,18.9,18.9,0.0
1906,6,tmp,CRU-CY4.08,CRU-CY4.10,22.7,22.7,0.0
1906,7,tmp,CRU-CY4.08,CRU-CY4.10,24.5,24.5,0.0
1906,8,tmp,CRU-CY4.08,CRU-CY4.10,24.7,24.7,0.0
1906,9,tmp,CRU-CY4.08,CRU-CY4.10,22.5,22.5,0.0
1906,10,tmp,CRU-CY4.08,CRU-CY4.10,21.0,21.0,0.0
1906,11,tmp,CRU-CY4.08,CRU-CY4.10,17.1,17.1,0.0
1906,12,tmp,CRU-CY4.08,CRU-CY4.10,14.2,14.2,0.0
1907,1,tmp,CRU-CY4.08,CRU-CY4.10,10.9,10.9,0.0
1907,2,tmp,CRU-CY4.08,CRU-CY4.10,11.7,11.7,0.0
1907,3,tmp,CRU-CY4.08,CRU-CY4.10,11.5,11.5,0.0
1907,4,tmp,CRU-CY4.08,CRU-CY4.10,16.0,16.0,0.0
1907,5,tmp,CRU-CY4.08,CRU-CY4.10,19.4,19.4,0.0
1907,6,tmp,CRU-CY4.08,CRU-CY4.10,22.1,22.1,0.0
1907,7,tmp,CRU-CY4.08,CRU-CY4.10,24.4,24.4,0.0
1907,8,tmp,CRU-CY4.08,CRU-CY4.10,24.8,24.8,0.0
1907,9,tmp,CRU-CY4.08,CRU-CY4.10,22.2,22.2,0.0
1907,10,tmp,CRU-CY4.08,CRU-CY4.10,20.2,20.2,0.0
1907,11,tmp,CRU-CY4.08,CRU-CY4.10,15.5,15.5,0.0
1907,12,tmp,CRU-CY4.08,CRU-CY4.10,12.8,12.8,0.0
1908,1,tmp,CRU-CY4.08,CRU-CY4.10,11.3,11.3,0.0
1908,2,tmp,CRU-CY4.08,CRU-CY4.10,11.4,11.4,0.0
1908,3,tmp,CRU-CY4.08,CRU-CY4.10,13.8,13.9,0.09999999999999964
1908,4,tmp,CRU-CY4.08,CRU-CY4.10,16.8,16.8,0.0
1908,5,tmp,CRU-CY4.08,CRU-CY4.10,20.7,20.7,0.0
1908,6,tmp,CRU-CY4.08,CRU-CY4.10,22.5,22.6,0.10000000000000142
1908,7,tmp,CRU-CY4.08,CRU-CY4.10,23.9,23.9,0.0
1908,8,tmp,CRU-CY4.08,CRU-CY4.10,24.3,24.3,0.0
1908,9,tmp,CRU-CY4.08,CRU-CY4.10,22.6,22.6,0.0
1908,10,tmp,CRU-CY4.08,CRU-CY4.10,20.5,20.5,0.0
1908,11,tmp,CRU-CY4.08,CRU-CY4.10,15.4,15.4,0.0
1908,12,tmp,CRU-CY4.08,CRU-CY4.10,11.1,11.1,0.0
1909,1,tmp,CRU-CY4.08,CRU-CY4.10,11.0,11.0,0.0
1909,2,tmp,CRU-CY4.08,CRU-CY4.10,11.8,11.8,0.0
1909,3,tmp,CRU-CY4.08,CRU-CY4.10,15.6,15.6,0.0
1909,4,tmp,CRU-CY4.08,CRU-CY4.10,15.1,15.1,0.0
1909,5,tmp,CRU-CY4.08,CRU-CY4.10,22.6,22.6,0.0
1909,6,tmp,CRU-CY4.08,CRU-CY4.10,23.2,23.2,0.0
1909,7,tmp,CRU-CY4.08,CRU-CY4.10,25.4,25.4,0.0
1909,8,tmp,CRU-CY4.08,CRU-CY4.10,25.7,25.7,0.0
1909,9,tmp,CRU-CY4.08,CRU-CY4.10,23.7,23.7,0.0
1909,10,tmp,CRU-CY4.08,CRU-CY4.10,21.1,21.1,0.0
1909,11,tmp,CRU-CY4.08,CRU-CY4.10,17.8,17.8,0.0
1909,12,tmp,CRU-CY4.08,CRU-CY4.10,14.4,14.4,0.0
1910,1,tmp,CRU-CY4.08,CRU-CY4.10,10.8,10.8,0.0
1910,2,tmp,CRU-CY4.08,CRU-CY4.10,12.4,12.4,0.0
1910,3,tmp,CRU-CY4.08,CRU-CY4.10,11.2,11.2,0.0
1910,4,tmp,CRU-CY4.08,CRU-CY4.10,17.8,17.8,0.0
1910,5,tmp,CRU-CY4.08,CRU-CY4.10,20.1,20.1,0.0
1910,6,tmp,CRU-CY4.08,CRU-CY4.10,22.0,22.0,0.0
1910,7,tmp,CRU-CY4.08,CRU-CY4.10,24.6,24.6,0.0
1910,8,tmp,CRU-CY4.08,CRU-CY4.10,25.3,25.3,0.0
1910,9,tmp,CRU-CY4.08,CRU-CY4.10,23.2,23.2,0.0
1910,10,tmp,CRU-CY4.08,CRU-CY4.10,19.6,19.6,0.0
1910,11,tmp,CRU-CY4.08,CRU-CY4.10,15.9,15.9,0.0
1910,12,tmp,CRU-CY4.08,CRU-CY4.10,11.6,11.6,0.0
1911,1,tmp,CRU-CY4.08,CRU-CY4.10,10.4,10.4,0.0
1911,2,tmp,CRU-CY4.08,CRU-CY4.10,9.6,9.6,0.0
1911,3,tmp,CRU-CY4.08,CRU-CY4.10,12.6,12.6,0.0
1911,4,tmp,CRU-CY4.08,CRU-CY4.10,16.3,16.3,0.0
1911,5,tmp,CRU-CY4.08,CRU-CY4.10,19.9,19.9,0.0
1911,6,tmp,CRU-CY4.08,CRU-CY4.10,22.1,22.1,0.0
1911,7,tmp,CRU-CY4.08,CRU-CY4.10,24.3,24.3,0.0
1911,8,tmp,CRU-CY4.08,CRU-CY4.10,24.7,24.7,0.0
1911,9,tmp,CRU-CY4.08,CRU-CY4.10,22.5,22.6,0.10000000000000142
1911,10,tmp,CRU-CY4.08,CRU-CY4.10,21.0,21.0,0.0
1911,11,tmp,CRU-CY4.08,CRU-CY4.10,17.0,17.0,0.0
1911,12,tmp,CRU-CY4.08,CRU-CY4.10,13.0,13.0,0.0
1912,1,tmp,CRU-CY4.08,CRU-CY4.10,10.7,10.7,0.0
1912,2,tmp,CRU-CY4.08,CRU-CY4.10,12.7,12.7,0.0
1912,3,tmp,CRU-CY4.08,CRU-CY4.10,13.6,13.6,0.0
1912,4,tmp,CRU-CY4.08,CRU-CY4.10,16.6,16.6,0.0
1912,5,tmp,CRU-CY4.08,CRU-CY4.10,18.4,18.4,0.0
1912,6,tmp,CRU-CY4.08,CRU-CY4.10,22.3,22.3,0.0
1912,7,tmp,CRU-CY4.08,CRU-CY4.10,23.8,23.8,0.0
1912,8,tmp,CRU-CY4.08,CRU-CY4.10,24.5,24.5,0.0
1912,9,tmp,CRU-CY4.08,CRU-CY4.10,22.8,22.8,0.0
1912,10,tmp,CRU-CY4.08,CRU-CY4.10,21.0,21.0,0.0
1912,11,tmp,CRU-CY4.08,CRU-CY4.10,16.6,16.6,0.0
1912,12,tmp,CRU-CY4.08,CRU-CY4.10,12.1,12.1,0.0
1913,1,tmp,CRU-CY4.08,CRU-CY4.10,11.5,11.5,0.0
1913,2,tmp,CRU-CY4.08,CRU-CY4.10,11.4,11.4,0.0
1913,3,tmp,CRU-CY4.08,CRU-CY4.10,12.8,12.8,0.0
1913,4,tmp,CRU-CY4.08,CRU-CY4.10,17.1,17.1,0.0
1913,5,tmp,CRU-CY4.08,CRU-CY4.10,19.1,19.1,0.0
1913,6,tmp,CRU-CY4.08,CRU-CY4.10,21.6,21.6,0.0
1913,7,tmp,CRU-CY4.08,CRU-CY4.10,24.2,24.2,0.0
1913,8,tmp,CRU-CY4.08,CRU-CY4.10,24.7,24.7,0.0
1913,9,tmp,CRU-CY4.08,CRU-CY4.10,23.7,23.7,0.0
1913,10,tmp,CRU-CY4.08,CRU-CY4.10,21.5,21.5,0.0
1913,11,tmp,CRU-CY4.08,CRU-CY4.10,15.9,15.9,0.0
1913,12,tmp,CRU-CY4.08,CRU-CY4.10,12.0,12.0,0.0
1914,1,tmp,CRU-CY4.08,CRU-CY4.10,11.2,11.2,0.0
1914,2,tmp,CRU-CY4.08,CRU-CY4.10,12.0,12.0,0.0
1914,3,tmp,CRU-CY4.08,CRU-CY4.10,15.0,15.0,0.0
1914,4,tmp,CRU-CY4.08,CRU-CY4.10,14.9,14.9,0.0
1914,5,tmp,CRU-CY4.08,CRU-CY4.10,20.4,20.4,0.0
1914,6,tmp,CRU-CY4.08,CRU-CY4.10,22.9,22.9,0.0
1914,7,tmp,CRU-CY4.08,CRU-CY4.10,24.7,24.7,0.0
1914,8,tmp,CRU-CY4.08,CRU-CY4.10,25.7,25.7,0.0
1914,9,tmp,CRU-CY4.08,CRU-CY4.10,23.5,23.5,0.0
1914,10,tmp,CRU-CY4.08,CRU-CY4.10,20.5,20.5,0.0
1914,11,tmp,CRU-CY4.08,CRU-CY4.10,17.2,17.2,0.0
1914,12,tmp,CRU-CY4.08,CRU-CY4.10,13.2,13.2,0.0
1915,1,tmp,CRU-CY4.08,CRU-CY4.10,13.2,13.2,0.0
1915,2,tmp,CRU-CY4.08,CRU-CY4.10,13.4,13.4,0.0
1915,3,tmp,CRU-CY4.08,CRU-CY4.10,14.8,14.8,0.0
1915,4,tmp,CRU-CY4.08,CRU-CY4.10,16.8,16.8,0.0
1915,5,tmp,CRU-CY4.08,CRU-CY4.10,20.0,20.0,0.0
1915,6,tmp,CRU-CY4.08,CRU-CY4.10,24.2,24.2,0.0
1915,7,tmp,CRU-CY4.08,CRU-CY4.10,25.5,25.6,0.10000000000000142
1915,8,tmp,CRU-CY4.08,CRU-CY4.10,25.6,25.6,0.0
1915,9,tmp,CRU-CY4.08,CRU-CY4.10,23.5,23.5,0.0
1915,10,tmp,CRU-CY4.08,CRU-CY4.10,21.9,21.9,0.0
1915,11,tmp,CRU-CY4.08,CRU-CY4.10,17.7,17.7,0.0
1915,12,tmp,CRU-CY4.08,CRU-CY4.10,14.6,14.6,0.0
1916,1,tmp,CRU-CY4.08,CRU-CY4.10,10.7,10.7,0.0
1916,2,tmp,CRU-CY4.08,CRU-CY4.10,12.8,12.8,0.0
1916,3,tmp,CRU-CY4.08,CRU-CY4.10,16.0,16.0,0.0
1916,4,tmp,CRU-CY4.08,CRU-CY4.10,17.7,17.7,0.0
1916,5,tmp,CRU-CY4.08,CRU-CY4.10,21.6,21.6,0.0
1916,6,tmp,CRU-CY4.08,CRU-CY4.10,25.5,25.5,0.0
1916,7,tmp,CRU-CY4.08,CRU-CY4.10,26.4,26.4,0.0
1916,8,tmp,CRU-CY4.08,CRU-CY4.10,25.0,25.0,0.0
1916,9,tmp,CRU-CY4.08,CRU-CY4.10,23.3,23.3,0.0
1916,10,tmp,CRU-CY4.08,CRU-CY4.10,19.9,19.9,0.0
1916,11,tmp,CRU-CY4.08,CRU-CY4.10,19.1,19.1,0.0
1916,12,tmp,CRU-CY4.08,CRU-CY4.10,14.9,14.9,0.0
1917,1,tmp,CRU-CY4.08,CRU-CY4.10,12.7,12.7,0.0
1917,2,tmp,CRU-CY4.08,CRU-CY4.10,12.8,12.8,0.0
1917,3,tmp,CRU-CY4.08,CRU-CY4.10,15.5,15.5,0.0
1917,4,tmp,CRU-CY4.08,CRU-CY4.10,18.1,18.1,0.0
1917,5,tmp,CRU-CY4.08,CRU-CY4.10,18.8,18.8,0.0
1917,6,tmp,CRU-CY4.08,CRU-CY4.10,22.2,22.2,0.0
1917,7,tmp,CRU-CY4.08,CRU-CY4.10,24.6,24.6,0.0
1917,8,tmp,CRU-CY4.08,CRU-CY4.10,25.3,25.3,0.0
1917,9,tmp,CRU-CY4.08,CRU-CY4.10,23.0,23.0,0.0
1917,10,tmp,CRU-CY4.08,CRU-CY4.10,20.2,20.2,0.0
1917,11,tmp,CRU-CY4.08,CRU-CY4.10,19.4,19.4,0.0
1917,12,tmp,CRU-CY4.08,CRU-CY4.10,12.9,12.9,0.0
1918,1,tmp,CRU-CY4.08,CRU-CY4.10,11.1,11.1,0.0
1918,2,tmp,CRU-CY4.08,CRU-CY4.10,11.5,11.5,0.0
1918,3,tmp,CRU-CY4.08,CRU-CY4.10,13.9,13.9,0.0
1918,4,tmp,CRU-CY4.08,CRU-CY4.10,17.1,17.1,0.0
1918,5,tmp,CRU-CY4.08,CRU-CY4.10,19.9,19.9,0.0
1918,6,tmp,CRU-CY4.08,CRU-CY4.10,22.4,22.4,0.0
1918,7,tmp,CRU-CY4.08,CRU-CY4.10,25.5,25.5,0.0
1918,8,tmp,CRU-CY4.08,CRU-CY4.10,24.8,24.8,0.0
1918,9,tmp,CRU-CY4.08,CRU-CY4.10,24.2,24.2,0.0
1918,10,tmp,CRU-CY4.08,CRU-CY4.10,23.3,23.3,0.0
1918,11,tmp,CRU-CY4.08,CRU-CY4.10,19.1,19.1,0.0
1918,12,tmp,CRU-CY4.08,CRU-CY4.10,13.1,13.1,0.0
1919,1,tmp,CRU-CY4.08,CRU-CY4.10,13.3,13.3,0.0
1919,2,tmp,CRU-CY4.08,CRU-CY4.10,14.3,14.3,0.0
1919,3,tmp,CRU-CY4.08,CRU-CY4.10,16.3,16.3,0.0
1919,4,tmp,CRU-CY4.08,CRU-CY4.10,16.7,16.7,0.0
1919,5,tmp,CRU-CY4.08,CRU-CY4.10,18.5,18.5,0.0
1919,6,tmp,CRU-CY4.08,CRU-CY4.10,21.6,21.6,0.0
1919,7,tmp,CRU-CY4.08,CRU-CY4.10,25.1,25.1,0.0
1919,8,tmp,CRU-CY4.08,CRU-CY4.10,24.4,24.4,0.0
1919,9,tmp,CRU-CY4.08,CRU-CY4.10,24.1,24.1,0.0
1919,10,tmp,CRU-CY4.08,CRU-CY4.10,22.8,22.8,0.0
1919,11,tmp,CRU-CY4.08,CRU-CY4.10,19.0,19.0,0.0
1919,12,tmp,CRU-CY4.08,CRU-CY4.10,12.8,12.8,0.0
1920,1,tmp,CRU-CY4.08,CRU-CY4.10,11.7,11.7,0.0
1920,2,tmp,CRU-CY4.08,CRU-CY4.10,9.6,9.6,0.0
1920,3,tmp,CRU-CY4.08,CRU-CY4.10,13.6,13.7,0.09999999999999964
1920,4,tmp,CRU-CY4.08,CRU-CY4.10,18.0,18.0,0.0
1920,5,tmp,CRU-CY4.08,CRU-CY4.10,20.1,20.1,0.0
1920,6,tmp,CRU-CY4.08,CRU-CY4.10,23.2,23.2,0.0
1920,7,tmp,CRU-CY4.08,CRU-CY4.10,25.0,25.0,0.0
1920,8,tmp,CRU-CY4.08,CRU-CY4.10,26.4,26.4,0.0
1920,9,tmp,CRU-CY4.08,CRU-CY4.10,23.4,23.4,0.0
1920,10,tmp,CRU-CY4.08,CRU-CY4.10,21.4,21.4,0.0
1920,11,tmp,CRU-CY4.08,CRU-CY4.10,16.3,16.3,0.0
1920,12,tmp,CRU-CY4.08,CRU-CY4.10,12.3,12.3,0.0
1921,1,tmp,CRU-CY4.08,CRU-CY4.10,11.5,11.5,0.0
1921,2,tmp,CRU-CY4.08,CRU-CY4.10,11.0,11.0,0.0
1921,3,tmp,CRU-CY4.08,CRU-CY4.10,12.3,12.3,0.0
1921,4,tmp,CRU-CY4.08,CRU-CY4.10,17.4,17.4,0.0
1921,5,tmp,CRU-CY4.08,CRU-CY4.10,19.6,19.6,0.0
1921,6,tmp,CRU-CY4.08,CRU-CY4.10,22.4,22.4,0.0
1921,7,tmp,CRU-CY4.08,CRU-CY4.10,25.3,25.3,0.0
1921,8,tmp,CRU-CY4.08,CRU-CY4.10,26.4,26.4,0.0
1921,9,tmp,CRU-CY4.08,CRU-CY4.10,23.0,23.0,0.0
1921,10,tmp,CRU-CY4.08,CRU-CY4.10,20.5,20.5,0.0
1921,11,tmp,CRU-CY4.08,CRU-CY4.10,17.0,17.0,0.0
1921,12,tmp,CRU-CY4.08,CRU-CY4.10,12.8,12.8,0.0
1922,1,tmp,CRU-CY4.08,CRU-CY4.10,11.8,11.8,0.0
1922,2,tmp,CRU-CY4.08,CRU-CY4.10,12.3,12.3,0.0
1922,3,tmp,CRU-CY4.08,CRU-CY4.10,14.5,14.5,0.0
1922,4,tmp,CRU-CY4.08,CRU-CY4.10,17.4,17.4,0.0
1922,5,tmp,CRU-CY4.08,CRU-CY4.10,19.9,19.9,0.0
1922,6,tmp,CRU-CY4.08,CRU-CY4.10,22.5,22.5,0.0
1922,7,tmp,CRU-CY4.08,CRU-CY4.10,25.5,25.6,0.10000000000000142
1922,8,tmp,CRU-CY4.08,CRU-CY4.10,25.7,25.7,0.0
1922,9,tmp,CRU-CY4.08,CRU-CY4.10,24.2,24.2,0.0
1922,10,tmp,CRU-CY4.08,CRU-CY4.10,22.5,22.5,0.0
1922,11,tmp,CRU-CY4.08,CRU-CY4.10,18.9,18.9,0.0
1922,12,tmp,CRU-CY4.08,CRU-CY4.10,12.1,12.1,0.0
1923,1,tmp,CRU-CY4.08,CRU-CY4.10,12.3,12.3,0.0
1923,2,tmp,CRU-CY4.08,CRU-CY4.10,12.1,12.1,0.0
1923,3,tmp,CRU-CY4.08,CRU-CY4.10,14.2,14.2,0.0
1923,4,tmp,CRU-CY4.08,CRU-CY4.10,16.5,16.5,0.0
1923,5,tmp,CRU-CY4.08,CRU-CY4.10,20.7,20.7,0.0
1923,6,tmp,CRU-CY4.08,CRU-CY4.10,24.7,24.7,0.0
1923,7,tmp,CRU-CY4.08,CRU-CY4.10,24.5,24.5,0.0
1923,8,tmp,CRU-CY4.08,CRU-CY4.10,24.6,24.6,0.0
1923,9,tmp,CRU-CY4.08,CRU-CY4.10,24.5,24.5,0.0
1923,10,tmp,CRU-CY4.08,CRU-CY4.10,21.0,21.0,0.0
1923,11,tmp,CRU-CY4.08,CRU-CY4.10,18.6,18.6,0.0
1923,12,tmp,CRU-CY4.08,CRU-CY4.10,14.4,14.4,0.0
1924,1,tmp,CRU-CY4.08,CRU-CY4.10,11.5,11.5,0.0
1924,2,tmp,CRU-CY4.08,CRU-CY4.10,12.9,12.9,0.0
1924,3,tmp,CRU-CY4.08,CRU-CY4.10,15.0,15.0,0.0
1924,4,tmp,CRU-CY4.08,CRU-CY4.10,18.2,18.2,0.0
1924,5,tmp,CRU-CY4.08,CRU-CY4.10,19.5,19.5,0.0
1924,6,tmp,CRU-CY4.08,CRU-CY4.10,23.8,23.8,0.0
1924,7,tmp,CRU-CY4.08,CRU-CY4.10,25.6,25.6,0.0
1924,8,tmp,CRU-CY4.08,CRU-CY4.10,25.6,25.6,0.0
1924,9,tmp,CRU-CY4.08,CRU-CY4.10,24.3,24.3,0.0
1924,10,tmp,CRU-CY4.08,CRU-CY4.10,20.8,20.8,0.0
1924,11,tmp,CRU-CY4.08,CRU-CY4.10,16.8,16.8,0.0
1924,12,tmp,CRU-CY4.08,CRU-CY4.10,13.0,13.0,0.0
1925,1,tmp,CRU-CY4.08,CRU-CY4.10,9.3,9.3,0.0
1925,2,tmp,CRU-CY4.08,CRU-CY4.10,11.6,11.6,0.0
1925,3,tmp,CRU-CY4.08,CRU-CY4.10,16.8,16.8,0.0
1925,4,tmp,CRU-CY4.08,CRU-CY4.10,16.2,16.2,0.0
1925,5,tmp,CRU-CY4.08,CRU-CY4.10,20.7,20.7,0.0
1925,6,tmp,CRU-CY4.08,CRU-CY4.10,22.6,22.6,0.0
1925,7,tmp,CRU-CY4.08,CRU-CY4.10,25.1,25.1,0.0
1925,8,tmp,CRU-CY4.08,CRU-CY4.10,25.4,25.4,0.0
1925,9,tmp,CRU-CY4.08,CRU-CY4.10,24.5,24.5,0.0
1925,10,tmp,CRU-CY4.08,CRU-CY4.10,22.1,22.1,0.0
1925,11,tmp,CRU-CY4.08,CRU-CY4.10,18.8,18.8,0.0
1925,12,tmp,CRU-CY4.08,CRU-CY4.10,14.9,14.9,0.0
1926,1,tmp,CRU-CY4.08,CRU-CY4.10,12.1,12.1,0.0
1926,2,tmp,CRU-CY4.08,CRU-CY4.10,12.3,12.3,0.0
1926,3,tmp,CRU-CY4.08,CRU-CY4.10,13.4,13.4,0.0
1926,4,tmp,CRU-CY4.08,CRU-CY4.10,18.3,18.3,0.0
1926,5,tmp,CRU-CY4.08,CRU-CY4.10,21.9,21.9,0.0
1926,6,tmp,CRU-CY4.08,CRU-CY4.10,24.3,24.3,0.0
1926,7,tmp,CRU-CY4.08,CRU-CY4.10,24.3,24.3,0.0
1926,8,tmp,CRU-CY4.08,CRU-CY4.10,23.7,23.7,0.0
1926,9,tmp,CRU-CY4.08,CRU-CY4.10,22.2,22.2,0.0
1926,10,tmp,CRU-CY4.08,CRU-CY4.10,21.5,21.5,0.0
1926,11,tmp,CRU-CY4.08,CRU-CY4.10,18.0,18.0,0.0
1926,12,tmp,CRU-CY4.08,CRU-CY4.10,13.8,13.8,0.0
1927,1,tmp,CRU-CY4.08,CRU-CY4.10,12.2,12.2,0.0
1927,2,tmp,CRU-CY4.08,CRU-CY4.10,9.5,9.5,0.0
1927,3,tmp,CRU-CY4.08,CRU-CY4.10,15.0,15.0,0.0
1927,4,tmp,CRU-CY4.08,CRU-CY4.10,16.4,16.4,0.0
1927,5,tmp,CRU-CY4.08,CRU-CY4.10,22.0,22.0,0.0
1927,6,tmp,CRU-CY4.08,CRU-CY4.10,23.5,23.5,0.0
1927,7,tmp,CRU-CY4.08,CRU-CY4.10,25.7,25.7,0.0
1927,8,tmp,CRU-CY4.08,CRU-CY4.10,25.5,25.5,0.0
1927,9,tmp,CRU-CY4.08,CRU-CY4.10,24.4,24.4,0.0
1927,10,tmp,CRU-CY4.08,CRU-CY4.10,23.5,23.5,0.0
1927,11,tmp,CRU-CY4.08,CRU-CY4.10,18.7,18.7,0.0
1927,12,tmp,CRU-CY4.08,CRU-CY4.10,14.1,14.1,0.0
1928,1,tmp,CRU-CY4.08,CRU-CY4.10,12.9,12.9,0.0
1928,2,tmp,CRU-CY4.08,CRU-CY4.10,11.0,11.0,0.0
1928,3,tmp,CRU-CY4.08,CRU-CY4.10,13.1,13.1,0.0
1928,4,tmp,CRU-CY4.08,CRU-CY4.10,20.2,20.2,0.0
1928,5,tmp,CRU-CY4.08,CRU-CY4.10,22.7,22.7,0.0
1928,6,tmp,CRU-CY4.08,CRU-CY4.10,23.4,23.4,0.0
1928,7,tmp,CRU-CY4.08,CRU-CY4.10,25.6,25.6,0.0
1928,8,tmp,CRU-CY4.08,CRU-CY4.10,26.5,26.5,0.0
1928,9,tmp,CRU-CY4.08,CRU-CY4.10,24.6,24.6,0.0
1928,10,tmp,CRU-CY4.08,CRU-CY4.10,20.7,20.7,0.0
1928,11,tmp,CRU-CY4.08,CRU-CY4.10,17.8,17.8,0.0
1928,12,tmp,CRU-CY4.08,CRU-CY4.10,13.6,13.6,0.0
1929,1,tmp,CRU-CY4.08,CRU-CY4.10,10.6,10.6,0.0
1929,2,tmp,CRU-CY4.08,CRU-CY4.10,10.6,10.6,0.0
1929,3,tmp,CRU-CY4.08,CRU-CY4.10,12.2,12.2,0.0
1929,4,tmp,CRU-CY4.08,CRU-CY4.10,17.0,17.0,0.0
1929,5,tmp,CRU-CY4.08,CRU-CY4.10,22.9,22.9,0.0
1929,6,tmp,CRU-CY4.08,CRU-CY4.10,23.1,23.1,0.0
1929,7,tmp,CRU-CY4.08,CRU-CY4.10,24.4,24.4,0.0
1929,8,tmp,CRU-CY4.08,CRU-CY4.10,26.3,26.3,0.0
1929,9,tmp,CRU-CY4.08,CRU-CY4.10,24.4,24.4,0.0
1929,10,tmp,CRU-CY4.08,CRU-CY4.10,20.7,20.7,0.0
1929,11,tmp,CRU-CY4.08,CRU-CY4.10,18.8,18.8,0.0
1929,12,tmp,CRU-CY4.08,CRU-CY4.10,12.7,12.7,0.0
1930,1,tmp,CRU-CY4.08,CRU-CY4.10,11.7,11.7,0.0
1930,2,tmp,CRU-CY4.08,CRU-CY4.10,12.4,12.4,0.0
1930,3,tmp,CRU-CY4.08,CRU-CY4.10,15.1,15.1,0.0
1930,4,tmp,CRU-CY4.08,CRU-CY4.10,18.4,18.4,0.0
1930,5,tmp,CRU-CY4.08,CRU-CY4.10,20.3,20.3,0.0
1930,6,tmp,CRU-CY4.08,CRU-CY4.10,23.4,23.4,0.0
1930,7,tmp,CRU-CY4.08,CRU-CY4.10,25.3,25.3,0.0
1930,8,tmp,CRU-CY4.08,CRU-CY4.10,26.3,26.3,0.0
1930,9,tmp,CRU-CY4.08,CRU-CY4.10,24.2,24.2,0.0
1930,10,tmp,CRU-CY4.08,CRU-CY4.10,21.3,21.3,0.0
1930,11,tmp,CRU-CY4.08,CRU-CY4.10,17.4,17.4,0.0
1930,12,tmp,CRU-CY4.08,CRU-CY4.10,15.4,15.4,0.0
1931,1,tmp,CRU-CY4.08,CRU-CY4.10,12.6,12.6,0.0
1931,2,tmp,CRU-CY4.08,CRU-CY4.10,12.6,12.6,0.0
1931,3,tmp,CRU-CY4.08,CRU-CY4.10,15.1,15.1,0.0
1931,4,tmp,CRU-CY4.08,CRU-CY4.10,17.4,17.4,0.0
1931,5,tmp,CRU-CY4.08,CRU-CY4.10,20.5,20.5,0.0
1931,6,tmp,CRU-CY4.08,CRU-CY4.10,22.8,22.8,0.0
1931,7,tmp,CRU-CY4.08,CRU-CY4.10,25.6,25.6,0.0
1931,8,tmp,CRU-CY4.08,CRU-CY4.10,26.3,26.3,0.0
1931,9,tmp,CRU-CY4.08,CRU-CY4.10,25.1,25.1,0.0
1931,10,tmp,CRU-CY4.08,CRU-CY4.10,21.9,21.9,0.0
1931,11,tmp,CRU-CY4.08,CRU-CY4.10,15.8,15.8,0.0
1931,12,tmp,CRU-CY4.08,CRU-CY4.10,12.2,12.2,0.0
1932,1,tmp,CRU-CY4.08,CRU-CY4.10,10.7,10.7,0.0
1932,2,tmp,CRU-CY4.08,CRU-CY4.10,11.8,11.8,0.0
1932,3,tmp,CRU-CY4.08,CRU-CY4.10,14.5,14.5,0.0
1932,4,tmp,CRU-CY4.08,CRU-CY4.10,17.0,17.0,0.0
1932,5,tmp,CRU-CY4.08,CRU-CY4.10,19.7,19.7,0.0
1932,6,tmp,CRU-CY4.08,CRU-CY4.10,23.9,23.9,0.0
1932,7,tmp,CRU-CY4.08,CRU-CY4.10,25.6,25.6,0.0
1932,8,tmp,CRU-CY4.08,CRU-CY4.10,26.1,26.1,0.0
1932,9,tmp,CRU-CY4.08,CRU-CY4.10,24.3,24.3,0.0
1932,10,tmp,CRU-CY4.08,CRU-CY4.10,24.0,24.0,0.0
1932,11,tmp,CRU-CY4.08,CRU-CY4.10,17.4,17.4,0.0
1932,12,tmp,CRU-CY4.08,CRU-CY4.10,12.0,12.0,0.0
1933,1,tmp,CRU-CY4.08,CRU-CY4.10,10.5,10.5,0.0
1933,2,tmp,CRU-CY4.08,CRU-CY4.10,13.0,13.0,0.0
1933,3,tmp,CRU-CY4.08,CRU-CY4.10,13.5,13.5,0.0
1933,4,tmp,CRU-CY4.08,CRU-CY4.10,14.8,14.8,0.0
1933,5,tmp,CRU-CY4.08,CRU-CY4.10,19.8,19.8,0.0
1933,6,tmp,CRU-CY4.08,CRU-CY4.10,22.9,23.0,0.10000000000000142
1933,7,tmp,CRU-CY4.08,CRU-CY4.10,23.8,23.8,0.0
1933,8,tmp,CRU-CY4.08,CRU-CY4.10,24.6,24.6,0.0
1933,9,tmp,CRU-CY4.08,CRU-CY4.10,22.2,22.2,0.0
1933,10,tmp,CRU-CY4.08,CRU-CY4.10,20.0,20.0,0.0
1933,11,tmp,CRU-CY4.08,CRU-CY4.10,19.9,19.9,0.0
1933,12,tmp,CRU-CY4.08,CRU-CY4.10,13.1,13.1,0.0
1934,1,tmp,CRU-CY4.08,CRU-CY4.10,11.1,11.1,0.0
1934,2,tmp,CRU-CY4.08,CRU-CY4.10,10.2,10.2,0.0
1934,3,tmp,CRU-CY4.08,CRU-CY4.10,15.6,15.6,0.0
1934,4,tmp,CRU-CY4.08,CRU-CY4.10,18.4,18.4,0.0
1934,5,tmp,CRU-CY4.08,CRU-CY4.10,20.9,20.9,0.0
1934,6,tmp,CRU-CY4.08,CRU-CY4.10,23.5,23.5,0.0
1934,7,tmp,CRU-CY4.08,CRU-CY4.10,25.0,25.0,0.0
1934,8,tmp,CRU-CY4.08,CRU-CY4.10,25.5,25.5,0.0
1934,9,tmp,CRU-CY4.08,CRU-CY4.10,23.3,23.3,0.0
1934,10,tmp,CRU-CY4.08,CRU-CY4.10,21.6,21.6,0.0
1934,11,tmp,CRU-CY4.08,CRU-CY4.10,18.5,18.5,0.0
1934,12,tmp,CRU-CY4.08,CRU-CY4.10,13.2,13.2,0.0
1935,1,tmp,CRU-CY4.08,CRU-CY4.10,12.1,12.1,0.0
1935,2,tmp,CRU-CY4.08,CRU-CY4.10,12.6,12.6,0.0
1935,3,tmp,CRU-CY4.08,CRU-CY4.10,14.8,14.8,0.0
1935,4,tmp,CRU-CY4.08,CRU-CY4.10,17.3,17.3,0.0
1935,5,tmp,CRU-CY4.08,CRU-CY4.10,23.0,23.0,0.0
1935,6,tmp,CRU-CY4.08,CRU-CY4.10,24.8,24.8,0.0
1935,7,tmp,CRU-CY4.08,CRU-CY4.10,24.7,24.7,0.0
1935,8,tmp,CRU-CY4.08,CRU-CY4.10,25.8,25.8,0.0
1935,9,tmp,CRU-CY4.08,CRU-CY4.10,24.2,24.2,0.0
1935,10,tmp,CRU-CY4.08,CRU-CY4.10,22.0,22.0,0.0
1935,11,tmp,CRU-CY4.08,CRU-CY4.10,15.6,15.6,0.0
1935,12,tmp,CRU-CY4.08,CRU-CY4.10,14.3,14.3,0.0
1936,1,tmp,CRU-CY4.08,CRU-CY4.10,13.5,13.5,0.0
1936,2,tmp,CRU-CY4.08,CRU-CY4.10,13.5,13.5,0.0
1936,3,tmp,CRU-CY4.08,CRU-CY4.10,15.5,15.5,0.0
1936,4,tmp,CRU-CY4.08,CRU-CY4.10,18.6,18.6,0.0
1936,5,tmp,CRU-CY4.08,CRU-CY4.10,20.1,20.1,0.0
1936,6,tmp,CRU-CY4.08,CRU-CY4.10,22.0,22.0,0.0
1936,7,tmp,CRU-CY4.08,CRU-CY4.10,25.2,25.3,0.10000000000000142
1936,8,tmp,CRU-CY4.08,CRU-CY4.10,25.9,25.9,0.0
1936,9,tmp,CRU-CY4.08,CRU-CY4.10,22.5,22.5,0.0
1936,10,tmp,CRU-CY4.08,CRU-CY4.10,23.0,23.0,0.0
1936,11,tmp,CRU-CY4.08,CRU-CY4.10,18.4,18.4,0.0
1936,12,tmp,CRU-CY4.08,CRU-CY4.10,11.1,11.1,0.0
1937,1,tmp,CRU-CY4.08,CRU-CY4.10,9.1,9.1,0.0
1937,2,tmp,CRU-CY4.08,CRU-CY4.10,13.2,13.2,0.0
1937,3,tmp,CRU-CY4.08,CRU-CY4.10,16.3,16.3,0.0
1937,4,tmp,CRU-CY4.08,CRU-CY4.10,18.8,18.8,0.0
1937,5,tmp,CRU-CY4.08,CRU-CY4.10,20.5,20.5,0.0
1937,6,tmp,CRU-CY4.08,CRU-CY4.10,23.0,23.0,0.0
1937,7,tmp,CRU-CY4.08,CRU-CY4.10,25.3,25.3,0.0
1937,8,tmp,CRU-CY4.08,CRU-CY4.10,25.3,25.3,0.0
1937,9,tmp,CRU-CY4.08,CRU-CY4.10,25.3,25.3,0.0
1937,10,tmp,CRU-CY4.08,CRU-CY4.10,22.1,22.1,0.0
1937,11,tmp,CRU-CY4.08,CRU-CY4.10,18.5,18.5,0.0
1937,12,tmp,CRU-CY4.08,CRU-CY4.10,14.6,14.6,0.0
1938,1,tmp,CRU-CY4.08,CRU-CY4.10,11.8,11.8,0.0
1938,2,tmp,CRU-CY4.08,CRU-CY4.10,11.0,11.0,0.0
1938,3,tmp,CRU-CY4.08,CRU-CY4.10,11.8,11.8,0.0
1938,4,tmp,CRU-CY4.08,CRU-CY4.10,17.7,17.7,0.0
1938,5,tmp,CRU-CY4.08,CRU-CY4.10,19.9,19.9,0.0
1938,6,tmp,CRU-CY4.08,CRU-CY4.10,23.1,23.1,0.0
1938,7,tmp,CRU-CY4.08,CRU-CY4.10,26.0,26.0,0.0
1938,8,tmp,CRU-CY4.08,CRU-CY4.10,26.3,26.3,0.0
1938,9,tmp,CRU-CY4.08,CRU-CY4.10,23.6,23.6,0.0
1938,10,tmp,CRU-CY4.08,CRU-CY4.10,21.4,21.4,0.0
1938,11,tmp,CRU-CY4.08,CRU-CY4.10,16.2,16.2,0.0
1938,12,tmp,CRU-CY4.08,CRU-CY4.10,14.2,14.2,0.0
1939,1,tmp,CRU-CY4.08,CRU-CY4.10,12.7,12.7,0.0
1939,2,tmp,CRU-CY4.08,CRU-CY4.10,12.0,12.0,0.0
1939,3,tmp,CRU-CY4.08,CRU-CY4.10,13.4,13.4,0.0
1939,4,tmp,CRU-CY4.08,CRU-CY4.10,18.2,18.2,0.0
1939,5,tmp,CRU-CY4.08,CRU-CY4.10,22.9,22.9,0.0
1939,6,tmp,CRU-CY4.08,CRU-CY4.10,22.6,22.6,0.0
1939,7,tmp,CRU-CY4.08,CRU-CY4.10,25.4,25.4,0.0
1939,8,tmp,CRU-CY4.08,CRU-CY4.10,25.0,25.0,0.0
1939,9,tmp,CRU-CY4.08,CRU-CY4.10,24.6,24.6,0.0
1939,10,tmp,CRU-CY4.08,CRU-CY4.10,23.4,23.4,0.0
1939,11,tmp,CRU-CY4.08,CRU-CY4.10,16.7,16.7,0.0
1939,12,tmp,CRU-CY4.08,CRU-CY4.10,14.3,14.3,0.0
1940,1,tmp,CRU-CY4.08,CRU-CY4.10,11.8,11.8,0.0
1940,2,tmp,CRU-CY4.08,CRU-CY4.10,13.5,13.5,0.0
1940,3,tmp,CRU-CY4.08,CRU-CY4.10,13.6,13.6,0.0
1940,4,tmp,CRU-CY4.08,CRU-CY4.10,18.2,18.2,0.0
1940,5,tmp,CRU-CY4.08,CRU-CY4.10,20.2,20.2,0.0
1940,6,tmp,CRU-CY4.08,CRU-CY4.10,23.5,23.5,0.0
1940,7,tmp,CRU-CY4.08,CRU-CY4.10,25.3,25.3,0.0
1940,8,tmp,CRU-CY4.08,CRU-CY4.10,24.7,24.7,0.0
1940,9,tmp,CRU-CY4.08,CRU-CY4.10,23.5,23.5,0.0
1940,10,tmp,CRU-CY4.08,CRU-CY4.10,22.3,22.3,0.0
1940,11,tmp,CRU-CY4.08,CRU-CY4.10,17.4,17.4,0.0
1940,12,tmp,CRU-CY4.08,CRU-CY4.10,13.7,13.7,0.0
1941,1,tmp,CRU-CY4.08,CRU-CY4.10,13.1,13.1,0.0
1941,2,tmp,CRU-CY4.08,CRU-CY4.10,14.9,14.9,0.0
1941,3,tmp,CRU-CY4.08,CRU-CY4.10,14.1,14.1,0.0
1941,4,tmp,CRU-CY4.08,CRU-CY4.10,18.2,18.2,0.0
1941,5,tmp,CRU-CY4.08,CRU-CY4.10,22.6,22.6,0.0
1941,6,tmp,CRU-CY4.08,CRU-CY4.10,23.4,23.4,0.0
1941,7,tmp,CRU-CY4.08,CRU-CY4.10,25.2,25.2,0.0
1941,8,tmp,CRU-CY4.08,CRU-CY4.10,25.5,25.5,0.0
1941,9,tmp,CRU-CY4.08,CRU-CY4.10,23.0,23.0,0.0
1941,10,tmp,CRU-CY4.08,CRU-CY4.10,19.5,19.5,0.0
1941,11,tmp,CRU-CY4.08,CRU-CY4.10,17.7,17.7,0.0
1941,12,tmp,CRU-CY4.08,CRU-CY4.10,10.8,10.8,0.0
1942,1,tmp,CRU-CY4.08,CRU-CY4.10,10.1,10.1,0.0
1942,2,tmp,CRU-CY4.08,CRU-CY4.10,13.1,13.1,0.0
1942,3,tmp,CRU-CY4.08,CRU-CY4.10,14.5,14.4,-0.09999999999999964
1942,4,tmp,CRU-CY4.08,CRU-CY4.10,18.3,18.3,0.0
1942,5,tmp,CRU-CY4.08,CRU-CY4.10,21.6,21.6,0.0
1942,6,tmp,CRU-CY4.08,CRU-CY4.10,24.8,24.8,0.0
1942,7,tmp,CRU-CY4.08,CRU-CY4.10,25.0,25.0,0.0
1942,8,tmp,CRU-CY4.08,CRU-CY4.10,24.8,24.9,0.09999999999999787
1942,9,tmp,CRU-CY4.08,CRU-CY4.10,23.0,23.0,0.0
1942,10,tmp,CRU-CY4.08,CRU-CY4.10,21.0,21.0,0.0
1942,11,tmp,CRU-CY4.08,CRU-CY4.10,17.4,17.4,0.0
1942,12,tmp,CRU-CY4.08,CRU-CY4.10,13.1,13.1,0.0
1943,1,tmp,CRU-CY4.08,CRU-CY4.10,11.2,11.2,0.0
1943,2,tmp,CRU-CY4.08,CRU-CY4.10,10.5,10.5,0.0
1943,3,tmp,CRU-CY4.08,CRU-CY4.10,11.3,11.3,0.0
1943,4,tmp,CRU-CY4.08,CRU-CY4.10,15.0,15.0,0.0
1943,5,tmp,CRU-CY4.08,CRU-CY4.10,19.6,19.6,0.0
1943,6,tmp,CRU-CY4.08,CRU-CY4.10,21.7,21.7,0.0
1943,7,tmp,CRU-CY4.08,CRU-CY4.10,24.6,24.6,0.0
1943,8,tmp,CRU-CY4.08,CRU-CY4.10,25.8,25.8,0.0
1943,9,tmp,CRU-CY4.08,CRU-CY4.10,24.6,24.6,0.0
1943,10,tmp,CRU-CY4.08,CRU-CY4.10,23.3,23.3,0.0
1943,11,tmp,CRU-CY4.08,CRU-CY4.10,19.8,19.8,0.0
1943,12,tmp,CRU-CY4.08,CRU-CY4.10,14.8,14.8,0.0
1944,1,tmp,CRU-CY4.08,CRU-CY4.10,10.9,10.9,0.0
1944,2,tmp,CRU-CY4.08,CRU-CY4.10,12.5,12.5,0.0
1944,3,tmp,CRU-CY4.08,CRU-CY4.10,14.7,14.7,0.0
1944,4,tmp,CRU-CY4.08,CRU-CY4.10,18.2,18.2,0.0
1944,5,tmp,CRU-CY4.08,CRU-CY4.10,19.2,19.2,0.0
1944,6,tmp,CRU-CY4.08,CRU-CY4.10,23.8,23.8,0.0
1944,7,tmp,CRU-CY4.08,CRU-CY4.10,24.7,24.7,0.0
1944,8,tmp,CRU-CY4.08,CRU-CY4.10,24.8,24.8,0.0
1944,9,tmp,CRU-CY4.08,CRU-CY4.10,24.0,24.0,0.0
1944,10,tmp,CRU-CY4.08,CRU-CY4.10,21.9,21.9,0.0
1944,11,tmp,CRU-CY4.08,CRU-CY4.10,16.8,16.8,0.0
1944,12,tmp,CRU-CY4.08,CRU-CY4.10,13.2,13.2,0.0
1945,1,tmp,CRU-CY4.08,CRU-CY4.10,11.3,11.3,0.0
1945,2,tmp,CRU-CY4.08,CRU-CY4.10,10.3,10.3,0.0
1945,3,tmp,CRU-CY4.08,CRU-CY4.10,11.4,11.4,0.0
1945,4,tmp,CRU-CY4.08,CRU-CY4.10,15.6,15.6,0.0
1945,5,tmp,CRU-CY4.08,CRU-CY4.10,22.0,22.0,0.0
1945,6,tmp,CRU-CY4.08,CRU-CY4.10,22.5,22.5,0.0
1945,7,tmp,CRU-CY4.08,CRU-CY4.10,25.5,25.5,0.0
1945,8,tmp,CRU-CY4.08,CRU-CY4.10,26.5,26.5,0.0
1945,9,tmp,CRU-CY4.08,CRU-CY4.10,24.3,24.3,0.0
1945,10,tmp,CRU-CY4.08,CRU-CY4.10,20.3,20.3,0.0
1945,11,tmp,CRU-CY4.08,CRU-CY4.10,17.4,17.4,0.0
1945,12,tmp,CRU-CY4.08,CRU-CY4.10,12.4,12.4,0.0
1946,1,tmp,CRU-CY4.08,CRU-CY4.10,12.2,12.2,0.0
1946,2,tmp,CRU-CY4.08,CRU-CY4.10,11.5,11.5,0.0
1946,3,tmp,CRU-CY4.08,CRU-CY4.10,13.5,13.5,0.0
1946,4,tmp,CRU-CY4.08,CRU-CY4.10,17.5,17.5,0.0
1946,5,tmp,CRU-CY4.08,CRU-CY4.10,20.1,20.1,0.0
1946,6,tmp,CRU-CY4.08,CRU-CY4.10,23.1,23.1,0.0
1946,7,tmp,CRU-CY4.08,CRU-CY4.10,25.2,25.2,0.0
1946,8,tmp,CRU-CY4.08,CRU-CY4.10,25.9,25.9,0.0
1946,9,tmp,CRU-CY4.08,CRU-CY4.10,25.2,25.2,0.0
1946,10,tmp,CRU-CY4.08,CRU-CY4.10,20.8,20.8,0.0
1946,11,tmp,CRU-CY4.08,CRU-CY4.10,19.5,19.5,0.0
1946,12,tmp,CRU-CY4.08,CRU-CY4.10,13.7,13.7,0.0
1947,1,tmp,CRU-CY4.08,CRU-CY4.10,11.7,11.7,0.0
1947,2,tmp,CRU-CY4.08,CRU-CY4.10,13.5,13.5,0.0
1947,3,tmp,CRU-CY4.08,CRU-CY4.10,16.5,16.5,0.0
1947,4,tmp,CRU-CY4.08,CRU-CY4.10,18.2,18.2,0.0
1947,5,tmp,CRU-CY4.08,CRU-CY4.10,21.7,21.7,0.0
1947,6,tmp,CRU-CY4.08,CRU-CY4.10,23.3,23.3,0.0
1947,7,tmp,CRU-CY4.08,CRU-CY4.10,25.8,25.8,0.0
1947,8,tmp,CRU-CY4.08,CRU-CY4.10,25.9,25.9,0.0
1947,9,tmp,CRU-CY4.08,CRU-CY4.10,23.4,23.4,0.0
1947,10,tmp,CRU-CY4.08,CRU-CY4.10,21.0,21.0,0.0
1947,11,tmp,CRU-CY4.08,CRU-CY4.10,17.6,17.6,0.0
1947,12,tmp,CRU-CY4.08,CRU-CY4.10,14.8,14.8,0.0
1948,1,tmp,CRU-CY4.08,CRU-CY4.10,13.7,13.7,0.0
1948,2,tmp,CRU-CY4.08,CRU-CY4.10,12.1,12.1,0.0
1948,3,tmp,CRU-CY4.08,CRU-CY4.10,11.3,11.3,0.0
1948,4,tmp,CRU-CY4.08,CRU-CY4.10,16.0,16.0,0.0
1948,5,tmp,CRU-CY4.08,CRU-CY4.10,20.2,20.2,0.0
1948,6,tmp,CRU-CY4.08,CRU-CY4.10,22.6,22.6,0.0
1948,7,tmp,CRU-CY4.08,CRU-CY4.10,24.9,24.9,0.0
1948,8,tmp,CRU-CY4.08,CRU-CY4.10,25.2,25.2,0.0
1948,9,tmp,CRU-CY4.08,CRU-CY4.10,23.3,23.3,0.0
1948,10,tmp,CRU-CY4.08,CRU-CY4.10,20.5,20.5,0.0
1948,11,tmp,CRU-CY4.08,CRU-CY4.10,16.5,16.5,0.0
1948,12,tmp,CRU-CY4.08,CRU-CY4.10,11.3,11.3,0.0
1949,1,tmp,CRU-CY4.08,CRU-CY4.10,10.5,10.5,0.0
1949,2,tmp,CRU-CY4.08,CRU-CY4.10,9.6,9.6,0.0
1949,3,tmp,CRU-CY4.08,CRU-CY4.10,12.7,12.7,0.0
1949,4,tmp,CRU-CY4.08,CRU-CY4.10,14.4,14.4,0.0
1949,5,tmp,CRU-CY4.08,CRU-CY4.10,21.7,21.7,0.0
1949,6,tmp,CRU-CY4.08,CRU-CY4.10,23.1,23.1,0.0
1949,7,tmp,CRU-CY4.08,CRU-CY4.10,24.2,24.2,0.0
1949,8,tmp,CRU-CY4.08,CRU-CY4.10,24.4,24.4,0.0
1949,9,tmp,CRU-CY4.08,CRU-CY4.10,21.8,21.8,0.0
1949,10,tmp,CRU-CY4.08,CRU-CY4.10,20.8,20.8,0.0
1949,11,tmp,CRU-CY4.08,CRU-CY4.10,18.9,18.9,0.0
1949,12,tmp,CRU-CY4.08,CRU-CY4.10,13.7,13.7,0.0
1950,1,tmp,CRU-CY4.08,CRU-CY4.10,9.8,9.8,0.0
1950,2,tmp,CRU-CY4.08,CRU-CY4.10,10.5,10.5,0.0
1950,3,tmp,CRU-CY4.08,CRU-CY4.10,13.7,13.7,0.0
1950,4,tmp,CRU-CY4.08,CRU-CY4.10,18.8,18.9,0.09999999999999787
1950,5,tmp,CRU-CY4.08,CRU-CY4.10,19.6,19.6,0.0
1950,6,tmp,CRU-CY4.08,CRU-CY4.10,22.2,22.2,0.0
1950,7,tmp,CRU-CY4.08,CRU-CY4.10,24.9,24.9,0.0
1950,8,tmp,CRU-CY4.08,CRU-CY4.10,25.4,25.4,0.0
1950,9,tmp,CRU-CY4.08,CRU-CY4.10,23.7,23.7,0.0
1950,10,tmp,CRU-CY4.08,CRU-CY4.10,20.1,20.1,0.0
1950,11,tmp,CRU-CY4.08,CRU-CY4.10,17.2,17.2,0.0
1950,12,tmp,CRU-CY4.08,CRU-CY4.10,14.7,14.8,0.10000000000000142
1951,1,tmp,CRU-CY4.08,CRU-CY4.10,13.0,13.0,0.0
1951,2,tmp,CRU-CY4.08,CRU-CY4.10,13.1,13.1,0.0
1951,3,tmp,CRU-CY4.08,CRU-CY4.10,16.6,16.6,0.0
1951,4,tmp,CRU-CY4.08,CRU-CY4.10,18.5,18.5,0.0
1951,5,tmp,CRU-CY4.08,CRU-CY4.10,21.6,21.6,0.0
1951,6,tmp,CRU-CY4.08,CRU-CY4.10,23.1,23.1,0.0
1951,7,tmp,CRU-CY4.08,CRU-CY4.10,25.5,25.5,0.0
1951,8,tmp,CRU-CY4.08,CRU-CY4.10,26.1,26.1,0.0
1951,9,tmp,CRU-CY4.08,CRU-CY4.10,24.8,24.9,0.09999999999999787
1951,10,tmp,CRU-CY4.08,CRU-CY4.10,21.0,21.1,0.10000000000000142
1951,11,tmp,CRU-CY4.08,CRU-CY4.10,17.3,17.3,0.0
1951,12,tmp,CRU-CY4.08,CRU-CY4.10,11.7,11.8,0.10000000000000142
1952,1,tmp,CRU-CY4.08,CRU-CY4.10,12.5,12.5,0.0
1952,2,tmp,CRU-CY4.08,CRU-CY4.10,13.0,13.0,0.0
1952,3,tmp,CRU-CY4.08,CRU-CY4.10,13.8,13.7,-0.10000000000000142
1952,4,tmp,CRU-CY4.08,CRU-CY4.10,17.9,17.9,0.0
1952,5,tmp,CRU-CY4.08,CRU-CY4.10,20.4,20.4,0.0
1952,6,tmp,CRU-CY4.08,CRU-CY4.10,23.0,23.0,0.0
1952,7,tmp,CRU-CY4.08,CRU-CY4.10,24.8,24.7,-0.10000000000000142
1952,8,tmp,CRU-CY4.08,CRU-CY4.10,26.7,26.7,0.0
1952,9,tmp,CRU-CY4.08,CRU-CY4.10,26.4,26.4,0.0
1952,10,tmp,CRU-CY4.08,CRU-CY4.10,23.2,23.2,0.0
1952,11,tmp,CRU-CY4.08,CRU-CY4.10,17.5,17.5,0.0
1952,12,tmp,CRU-CY4.08,CRU-CY4.10,15.7,15.8,0.10000000000000142
1953,1,tmp,CRU-CY4.08,CRU-CY4.10,12.6,12.6,0.0
1953,2,tmp,CRU-CY4.08,CRU-CY4.10,13.3,13.3,0.0
1953,3,tmp,CRU-CY4.08,CRU-CY4.10,11.7,11.7,0.0
1953,4,tmp,CRU-CY4.08,CRU-CY4.10,17.4,17.4,0.0
1953,5,tmp,CRU-CY4.08,CRU-CY4.10,20.8,20.8,0.0
1953,6,tmp,CRU-CY4.08,CRU-CY4.10,23.4,23.4,0.0
1953,7,tmp,CRU-CY4.08,CRU-CY4.10,25.9,25.9,0.0
1953,8,tmp,CRU-CY4.08,CRU-CY4.10,26.1,26.1,0.0
1953,9,tmp,CRU-CY4.08,CRU-CY4.10,23.6,23.6,0.0
1953,10,tmp,CRU-CY4.08,CRU-CY4.10,22.1,22.1,0.0
1953,11,tmp,CRU-CY4.08,CRU-CY4.10,15.3,15.3,0.0
1953,12,tmp,CRU-CY4.08,CRU-CY4.10,11.1,11.1,0.0
1954,1,tmp,CRU-CY4.08,CRU-CY4.10,11.4,11.4,0.0
1954,2,tmp,CRU-CY4.08,CRU-CY4.10,12.6,12.6,0.0
1954,3,tmp,CRU-CY4.08,CRU-CY4.10,15.8,15.9,0.09999999999999964
1954,4,tmp,CRU-CY4.08,CRU-CY4.10,16.2,16.1,-0.09999999999999787
1954,5,tmp,CRU-CY4.08,CRU-CY4.10,21.5,21.5,0.0
1954,6,tmp,CRU-CY4.08,CRU-CY4.10,23.4,23.3,-0.09999999999999787
1954,7,tmp,CRU-CY4.08,CRU-CY4.10,26.2,26.2,0.0
1954,8,tmp,CRU-CY4.08,CRU-CY4.10,26.9,26.9,0.0
1954,9,tmp,CRU-CY4.08,CRU-CY4.10,23.9,23.9,0.0
1954,10,tmp,CRU-CY4.08,CRU-CY4.10,22.0,22.0,0.0
1954,11,tmp,CRU-CY4.08,CRU-CY4.10,17.9,17.8,-0.09999999999999787
1954,12,tmp,CRU-CY4.08,CRU-CY4.10,13.5,13.5,0.0
1955,1,tmp,CRU-CY4.08,CRU-CY4.10,13.6,13.6,0.0
1955,2,tmp,CRU-CY4.08,CRU-CY4.10,15.4,15.4,0.0
1955,3,tmp,CRU-CY4.08,CRU-CY4.10,14.9,14.9,0.0
1955,4,tmp,CRU-CY4.08,CRU-CY4.10,18.1,18.0,-0.10000000000000142
1955,5,tmp,CRU-CY4.08,CRU-CY4.10,20.6,20.6,0.0
1955,6,tmp,CRU-CY4.08,CRU-CY4.10,24.9,24.9,0.0
1955,7,tmp,CRU-CY4.08,CRU-CY4.10,25.5,25.5,0.0
1955,8,tmp,CRU-CY4.08,CRU-CY4.10,25.0,25.0,0.0
1955,9,tmp,CRU-CY4.08,CRU-CY4.10,24.2,24.2,0.0
1955,10,tmp,CRU-CY4.08,CRU-CY4.10,23.0,23.0,0.0
1955,11,tmp,CRU-CY4.08,CRU-CY4.10,17.3,17.3,0.0
1955,12,tmp,CRU-CY4.08,CRU-CY4.10,13.8,13.8,0.0
1956,1,tmp,CRU-CY4.08,CRU-CY4.10,12.5,12.5,0.0
1956,2,tmp,CRU-CY4.08,CRU-CY4.10,13.7,13.7,0.0
1956,3,tmp,CRU-CY4.08,CRU-CY4.10,12.6,12.6,0.0
1956,4,tmp,CRU-CY4.08,CRU-CY4.10,17.1,17.1,0.0
1956,5,tmp,CRU-CY4.08,CRU-CY4.10,19.0,19.0,0.0
1956,6,tmp,CRU-CY4.08,CRU-CY4.10,23.5,23.5,0.0
1956,7,tmp,CRU-CY4.08,CRU-CY4.10,25.9,25.9,0.0
1956,8,tmp,CRU-CY4.08,CRU-CY4.10,27.2,27.2,0.0
1956,9,tmp,CRU-CY4.08,CRU-CY4.10,23.8,23.9,0.09999999999999787
1956,10,tmp,CRU-CY4.08,CRU-CY4.10,20.2,20.2,0.0
1956,11,tmp,CRU-CY4.08,CRU-CY4.10,17.3,17.3,0.0
1956,12,tmp,CRU-CY4.08,CRU-CY4.10,12.3,12.3,0.0
1957,1,tmp,CRU-CY4.08,CRU-CY4.10,10.2,10.2,0.0
1957,2,tmp,CRU-CY4.08,CRU-CY4.10,12.2,12.2,0.0
1957,3,tmp,CRU-CY4.08,CRU-CY4.10,14.3,14.2,-0.10000000000000142
1957,4,tmp,CRU-CY4.08,CRU-CY4.10,17.1,17.0,-0.10000000000000142
1957,5,tmp,CRU-CY4.08,CRU-CY4.10,19.5,19.5,0.0
1957,6,tmp,CRU-CY4.08,CRU-CY4.10,23.1,23.1,0.0
1957,7,tmp,CRU-CY4.08,CRU-CY4.10,25.2,25.1,-0.09999999999999787
1957,8,tmp,CRU-CY4.08,CRU-CY4.10,26.4,26.4,0.0
1957,9,tmp,CRU-CY4.08,CRU-CY4.10,24.2,24.2,0.0
1957,10,tmp,CRU-CY4.08,CRU-CY4.10,22.7,22.7,0.0
1957,11,tmp,CRU-CY4.08,CRU-CY4.10,17.4,17.5,0.10000000000000142
1957,12,tmp,CRU-CY4.08,CRU-CY4.10,13.3,13.3,0.0
1958,1,tmp,CRU-CY4.08,CRU-CY4.10,12.4,12.4,0.0
1958,2,tmp,CRU-CY4.08,CRU-CY4.10,13.0,13.0,0.0
1958,3,tmp,CRU-CY4.08,CRU-CY4.10,15.8,15.8,0.0
1958,4,tmp,CRU-CY4.08,CRU-CY4.10,19.0,19.1,0.10000000000000142
1958,5,tmp,CRU-CY4.08,CRU-CY4.10,20.2,20.2,0.0
1958,6,tmp,CRU-CY4.08,CRU-CY4.10,23.0,23.0,0.0
1958,7,tmp,CRU-CY4.08,CRU-CY4.10,24.7,24.7,0.0
1958,8,tmp,CRU-CY4.08,CRU-CY4.10,26.2,26.2,0.0
1958,9,tmp,CRU-CY4.08,CRU-CY4.10,23.3,23.3,0.0
1958,10,tmp,CRU-CY4.08,CRU-CY4.10,20.5,20.5,0.0
1958,11,tmp,CRU-CY4.08,CRU-CY4.10,17.3,17.3,0.0
1958,12,tmp,CRU-CY4.08,CRU-CY4.10,14.8,14.9,0.09999999999999964
1959,1,tmp,CRU-CY4.08,CRU-CY4.10,12.8,12.7,-0.10000000000000142
1959,2,tmp,CRU-CY4.08,CRU-CY4.10,8.5,8.5,0.0
1959,3,tmp,CRU-CY4.08,CRU-CY4.10,12.9,12.9,0.0
1959,4,tmp,CRU-CY4.08,CRU-CY4.10,18.0,18.0,0.0
1959,5,tmp,CRU-CY4.08,CRU-CY4.10,21.0,21.0,0.0
1959,6,tmp,CRU-CY4.08,CRU-CY4.10,23.3,23.3,0.0
1959,7,tmp,CRU-CY4.08,CRU-CY4.10,23.9,23.9,0.0
1959,8,tmp,CRU-CY4.08,CRU-CY4.10,24.6,24.6,0.0
1959,9,tmp,CRU-CY4.08,CRU-CY4.10,22.3,22.3,0.0
1959,10,tmp,CRU-CY4.08,CRU-CY4.10,19.6,19.6,0.0
1959,11,tmp,CRU-CY4.08,CRU-CY4.10,17.0,17.0,0.0
1959,12,tmp,CRU-CY4.08,CRU-CY4.10,14.1,14.2,0.09999999999999964
1960,1,tmp,CRU-CY4.08,CRU-CY4.10,12.9,12.9,0.0
1960,2,tmp,CRU-CY4.08,CRU-CY4.10,13.9,13.9,0.0
1960,3,tmp,CRU-CY4.08,CRU-CY4.10,14.7,14.7,0.0
1960,4,tmp,CRU-CY4.08,CRU-CY4.10,17.9,17.9,0.0
1960,5,tmp,CRU-CY4.08,CRU-CY4.10,22.7,22.7,0.0
1960,6,tmp,CRU-CY4.08,CRU-CY4.10,22.7,22.7,0.0
1960,7,tmp,CRU-CY4.08,CRU-CY4.10,25.1,25.1,0.0
1960,8,tmp,CRU-CY4.08,CRU-CY4.10,25.7,25.7,0.0
1960,9,tmp,CRU-CY4.08,CRU-CY4.10,24.2,24.1,-0.09999999999999787
1960,10,tmp,CRU-CY4.08,CRU-CY4.10,23.0,23.1,0.10000000000000142
1960,11,tmp,CRU-CY4.08,CRU-CY4.10,18.5,18.5,0.0
1960,12,tmp,CRU-CY4.08,CRU-CY4.10,16.2,16.2,0.0
1961,1,tmp,CRU-CY4.08,CRU-CY4.10,12.0,12.0,0.0
1961,2,tmp,CRU-CY4.08,CRU-CY4.10,11.0,11.0,0.0
1961,3,tmp,CRU-CY4.08,CRU-CY4.10,12.8,12.8,0.0
1961,4,tmp,CRU-CY4.08,CRU-CY4.10,17.8,17.8,0.0
1961,5,tmp,CRU-CY4.08,CRU-CY4.10,21.1,21.1,0.0
1961,6,tmp,CRU-CY4.08,CRU-CY4.10,24.4,24.4,0.0
1961,7,tmp,CRU-CY4.08,CRU-CY4.10,25.3,25.3,0.0
1961,8,tmp,CRU-CY4.08,CRU-CY4.10,25.9,25.9,0.0
1961,9,tmp,CRU-CY4.08,CRU-CY4.10,22.1,22.1,0.0
1961,10,tmp,CRU-CY4.08,CRU-CY4.10,20.7,20.7,0.0
1961,11,tmp,CRU-CY4.08,CRU-CY4.10,16.4,16.4,0.0
1961,12,tmp,CRU-CY4.08,CRU-CY4.10,14.0,14.0,0.0
1962,1,tmp,CRU-CY4.08,CRU-CY4.10,13.0,13.0,0.0
1962,2,tmp,CRU-CY4.08,CRU-CY4.10,12.0,12.0,0.0
1962,3,tmp,CRU-CY4.08,CRU-CY4.10,16.8,16.8,0.0
1962,4,tmp,CRU-CY4.08,CRU-CY4.10,16.8,16.8,0.0
1962,5,tmp,CRU-CY4.08,CRU-CY4.10,21.0,21.0,0.0
1962,6,tmp,CRU-CY4.08,CRU-CY4.10,24.5,24.5,0.0
1962,7,tmp,CRU-CY4.08,CRU-CY4.10,25.3,25.3,0.0
1962,8,tmp,CRU-CY4.08,CRU-CY4.10,26.9,26.9,0.0
1962,9,tmp,CRU-CY4.08,CRU-CY4.10,24.8,24.8,0.0
1962,10,tmp,CRU-CY4.08,CRU-CY4.10,22.3,22.3,0.0
1962,11,tmp,CRU-CY4.08,CRU-CY4.10,20.1,20.1,0.0
1962,12,tmp,CRU-CY4.08,CRU-CY4.10,14.7,14.7,0.0
1963,1,tmp,CRU-CY4.08,CRU-CY4.10,14.3,14.3,0.0
1963,2,tmp,CRU-CY4.08,CRU-CY4.10,14.5,14.5,0.0
1963,3,tmp,CRU-CY4.08,CRU-CY4.10,13.3,13.3,0.0
1963,4,tmp,CRU-CY4.08,CRU-CY4.10,18.0,18.0,0.0
1963,5,tmp,CRU-CY4.08,CRU-CY4.10,19.3,19.3,0.0
1963,6,tmp,CRU-CY4.08,CRU-CY4.10,23.7,23.7,0.0
1963,7,tmp,CRU-CY4.08,CRU-CY4.10,25.4,25.4,0.0
1963,8,tmp,CRU-CY4.08,CRU-CY4.10,26.4,26.4,0.0
1963,9,tmp,CRU-CY4.08,CRU-CY4.10,24.9,24.9,0.0
1963,10,tmp,CRU-CY4.08,CRU-CY4.10,22.7,22.7,0.0
1963,11,tmp,CRU-CY4.08,CRU-CY4.10,17.9,17.9,0.0
1963,12,tmp,CRU-CY4.08,CRU-CY4.10,13.0,13.0,0.0
1964,1,tmp,CRU-CY4.08,CRU-CY4.10,9.3,9.3,0.0
1964,2,tmp,CRU-CY4.08,CRU-CY4.10,11.8,11.8,0.0
1964,3,tmp,CRU-CY4.08,CRU-CY4.10,15.3,15.3,0.0
1964,4,tmp,CRU-CY4.08,CRU-CY4.10,16.5,16.5,0.0
1964,5,tmp,CRU-CY4.08,CRU-CY4.10,18.8,18.8,0.0
1964,6,tmp,CRU-CY4.08,CRU-CY4.10,23.0,23.0,0.0
1964,7,tmp,CRU-CY4.08,CRU-CY4.10,24.5,24.5,0.0
1964,8,tmp,CRU-CY4.08,CRU-CY4.10,24.7,24.7,0.0
1964,9,tmp,CRU-CY4.08,CRU-CY4.10,22.9,22.9,0.0
1964,10,tmp,CRU-CY4.08,CRU-CY4.10,21.4,21.4,0.0
1964,11,tmp,CRU-CY4.08,CRU-CY4.10,17.2,17.2,0.0
1964,12,tmp,CRU-CY4.08,CRU-CY4.10,13.4,13.4,0.0
1965,1,tmp,CRU-CY4.08,CRU-CY4.10,11.6,11.6,0.0
1965,2,tmp,CRU-CY4.08,CRU-CY4.10,12.7,12.7,0.0
1965,3,tmp,CRU-CY4.08,CRU-CY4.10,15.5,15.5,0.0
1965,4,tmp,CRU-CY4.08,CRU-CY4.10,16.4,16.4,0.0
1965,5,tmp,CRU-CY4.08,CRU-CY4.10,19.9,19.9,0.0
1965,6,tmp,CRU-CY4.08,CRU-CY4.10,24.9,24.9,0.0
1965,7,tmp,CRU-CY4.08,CRU-CY4.10,25.2,25.2,0.0
1965,8,tmp,CRU-CY4.08,CRU-CY4.10,26.1,26.1,0.0
1965,9,tmp,CRU-CY4.08,CRU-CY4.10,24.2,24.2,0.0
1965,10,tmp,CRU-CY4.08,CRU-CY4.10,19.5,19.5,0.0
1965,11,tmp,CRU-CY4.08,CRU-CY4.10,16.8,16.8,0.0
1965,12,tmp,CRU-CY4.08,CRU-CY4.10,14.0,14.0,0.0
1966,1,tmp,CRU-CY4.08,CRU-CY4.10,13.2,13.2,0.0
1966,2,tmp,CRU-CY4.08,CRU-CY4.10,13.4,13.4,0.0
1966,3,tmp,CRU-CY4.08,CRU-CY4.10,14.4,14.4,0.0
1966,4,tmp,CRU-CY4.08,CRU-CY4.10,18.5,18.5,0.0
1966,5,tmp,CRU-CY4.08,CRU-CY4.10,20.4,20.4,0.0
1966,6,tmp,CRU-CY4.08,CRU-CY4.10,24.2,24.2,0.0
1966,7,tmp,CRU-CY4.08,CRU-CY4.10,25.3,25.3,0.0
1966,8,tmp,CRU-CY4.08,CRU-CY4.10,25.9,25.9,0.0
1966,9,tmp,CRU-CY4.08,CRU-CY4.10,23.6,23.6,0.0
1966,10,tmp,CRU-CY4.08,CRU-CY4.10,21.7,21.7,0.0
1966,11,tmp,CRU-CY4.08,CRU-CY4.10,20.2,20.2,0.0
1966,12,tmp,CRU-CY4.08,CRU-CY4.10,14.4,14.4,0.0
1967,1,tmp,CRU-CY4.08,CRU-CY4.10,11.0,11.0,0.0
1967,2,tmp,CRU-CY4.08,CRU-CY4.10,10.6,10.6,0.0
1967,3,tmp,CRU-CY4.08,CRU-CY4.10,11.8,11.8,0.0
1967,4,tmp,CRU-CY4.08,CRU-CY4.10,16.5,16.5,0.0
1967,5,tmp,CRU-CY4.08,CRU-CY4.10,19.3,19.3,0.0
1967,6,tmp,CRU-CY4.08,CRU-CY4.10,22.4,22.4,0.0
1967,7,tmp,CRU-CY4.08,CRU-CY4.10,24.8,24.8,0.0
1967,8,tmp,CRU-CY4.08,CRU-CY4.10,25.2,25.2,0.0
1967,9,tmp,CRU-CY4.08,CRU-CY4.10,23.2,23.2,0.0
1967,10,tmp,CRU-CY4.08,CRU-CY4.10,20.9,20.9,0.0
1967,11,tmp,CRU-CY4.08,CRU-CY4.10,16.2,16.2,0.0
1967,12,tmp,CRU-CY4.08,CRU-CY4.10,13.8,13.8,0.0
1968,1,tmp,CRU-CY4.08,CRU-CY4.10,11.0,11.0,0.0
1968,2,tmp,CRU-CY4.08,CRU-CY4.10,11.7,11.7,0.0
1968,3,tmp,CRU-CY4.08,CRU-CY4.10,13.3,13.3,0.0
1968,4,tmp,CRU-CY4.08,CRU-CY4.10,18.3,18.3,0.0
1968,5,tmp,CRU-CY4.08,CRU-CY4.10,21.7,21.7,0.0
1968,6,tmp,CRU-CY4.08,CRU-CY4.10,24.0,24.0,0.0
1968,7,tmp,CRU-CY4.08,CRU-CY4.10,26.1,26.1,0.0
1968,8,tmp,CRU-CY4.08,CRU-CY4.10,24.9,24.9,0.0
1968,9,tmp,CRU-CY4.08,CRU-CY4.10,23.3,23.3,0.0
1968,10,tmp,CRU-CY4.08,CRU-CY4.10,20.5,20.5,0.0
1968,11,tmp,CRU-CY4.08,CRU-CY4.10,17.3,17.3,0.0
1968,12,tmp,CRU-CY4.08,CRU-CY4.10,14.2,14.2,0.0
1969,1,tmp,CRU-CY4.08,CRU-CY4.10,11.4,11.4,0.0
1969,2,tmp,CRU-CY4.08,CRU-CY4.10,13.6,13.6,0.0
1969,3,tmp,CRU-CY4.08,CRU-CY4.10,16.1,16.1,0.0
1969,4,tmp,CRU-CY4.08,CRU-CY4.10,15.9,15.9,0.0
1969,5,tmp,CRU-CY4.08,CRU-CY4.10,21.2,21.2,0.0
1969,6,tmp,CRU-CY4.08,CRU-CY4.10,24.6,24.6,0.0
1969,7,tmp,CRU-CY4.08,CRU-CY4.10,24.0,24.0,0.0
1969,8,tmp,CRU-CY4.08,CRU-CY4.10,25.3,25.3,0.0
1969,9,tmp,CRU-CY4.08,CRU-CY4.10,25.0,25.0,0.0
1969,10,tmp,CRU-CY4.08,CRU-CY4.10,21.3,21.3,0.0
1969,11,tmp,CRU-CY4.08,CRU-CY4.10,17.1,17.1,0.0
1969,12,tmp,CRU-CY4.08,CRU-CY4.10,14.3,14.3,0.0
1970,1,tmp,CRU-CY4.08,CRU-CY4.10,13.0,13.0,0.0
1970,2,tmp,CRU-CY4.08,CRU-CY4.10,13.4,13.4,0.0
1970,3,tmp,CRU-CY4.08,CRU-CY4.10,15.7,15.7,0.0
1970,4,tmp,CRU-CY4.08,CRU-CY4.10,19.0,19.0,0.0
1970,5,tmp,CRU-CY4.08,CRU-CY4.10,20.4,20.4,0.0
1970,6,tmp,CRU-CY4.08,CRU-CY4.10,22.8,22.8,0.0
1970,7,tmp,CRU-CY4.08,CRU-CY4.10,24.5,24.5,0.0
1970,8,tmp,CRU-CY4.08,CRU-CY4.10,25.0,25.0,0.0
1970,9,tmp,CRU-CY4.08,CRU-CY4.10,23.6,23.6,0.0
1970,10,tmp,CRU-CY4.08,CRU-CY4.10,19.9,19.9,0.0
1970,11,tmp,CRU-CY4.08,CRU-CY4.10,17.5,17.5,0.0
1970,12,tmp,CRU-CY4.08,CRU-CY4.10,11.6,11.6,0.0
1971,1,tmp,CRU-CY4.08,CRU-CY4.10,13.9,13.9,0.0
1971,2,tmp,CRU-CY4.08,CRU-CY4.10,12.3,12.3,0.0
1971,3,tmp,CRU-CY4.08,CRU-CY4.10,14.8,14.8,0.0
1971,4,tmp,CRU-CY4.08,CRU-CY4.10,15.6,15.6,0.0
1971,5,tmp,CRU-CY4.08,CRU-CY4.10,21.3,21.3,0.0
1971,6,tmp,CRU-CY4.08,CRU-CY4.10,22.8,22.8,0.0
1971,7,tmp,CRU-CY4.08,CRU-CY4.10,24.1,24.1,0.0
1971,8,tmp,CRU-CY4.08,CRU-CY4.10,25.0,25.0,0.0
1971,9,tmp,CRU-CY4.08,CRU-CY4.10,24.2,24.2,0.0
1971,10,tmp,CRU-CY4.08,CRU-CY4.10,20.0,20.0,0.0
1971,11,tmp,CRU-CY4.08,CRU-CY4.10,16.3,16.3,0.0
1971,12,tmp,CRU-CY4.08,CRU-CY4.10,11.6,11.6,0.0
1972,1,tmp,CRU-CY4.08,CRU-CY4.10,10.9,10.9,0.0
1972,2,tmp,CRU-CY4.08,CRU-CY4.10,10.7,10.7,0.0
1972,3,tmp,CRU-CY4.08,CRU-CY4.10,13.9,13.9,0.0
1972,4,tmp,CRU-CY4.08,CRU-CY4.10,18.9,18.9,0.0
1972,5,tmp,CRU-CY4.08,CRU-CY4.10,19.7,19.7,0.0
1972,6,tmp,CRU-CY4.08,CRU-CY4.10,22.6,22.6,0.0
1972,7,tmp,CRU-CY4.08,CRU-CY4.10,23.9,23.9,0.0
1972,8,tmp,CRU-CY4.08,CRU-CY4.10,25.1,25.1,0.0
1972,9,tmp,CRU-CY4.08,CRU-CY4.10,24.4,24.4,0.0
1972,10,tmp,CRU-CY4.08,CRU-CY4.10,22.1,22.1,0.0
1972,11,tmp,CRU-CY4.08,CRU-CY4.10,16.5,16.5,0.0
1972,12,tmp,CRU-CY4.08,CRU-CY4.10,10.9,10.9,0.0
1973,1,tmp,CRU-CY4.08,CRU-CY4.10,10.9,10.9,0.0
1973,2,tmp,CRU-CY4.08,CRU-CY4.10,14.1,14.1,0.0
1973,3,tmp,CRU-CY4.08,CRU-CY4.10,13.9,13.9,0.0
1973,4,tmp,CRU-CY4.08,CRU-CY4.10,17.0,17.0,0.0
1973,5,tmp,CRU-CY4.08,CRU-CY4.10,20.5,20.5,0.0
1973,6,tmp,CRU-CY4.08,CRU-CY4.10,22.5,22.5,0.0
1973,7,tmp,CRU-CY4.08,CRU-CY4.10,25.4,25.4,0.0
1973,8,tmp,CRU-CY4.08,CRU-CY4.10,25.1,25.1,0.0
1973,9,tmp,CRU-CY4.08,CRU-CY4.10,24.0,24.0,0.0
1973,10,tmp,CRU-CY4.08,CRU-CY4.10,21.9,21.9,0.0
1973,11,tmp,CRU-CY4.08,CRU-CY4.10,14.7,14.7,0.0
1973,12,tmp,CRU-CY4.08,CRU-CY4.10,13.1,13.1,0.0
1974,1,tmp,CRU-CY4.08,CRU-CY4.10,10.0,10.0,0.0
1974,2,tmp,CRU-CY4.08,CRU-CY4.10,12.0,12.0,0.0
1974,3,tmp,CRU-CY4.08,CRU-CY4.10,14.9,14.9,0.0
1974,4,tmp,CRU-CY4.08,CRU-CY4.10,17.4,17.4,0.0
1974,5,tmp,CRU-CY4.08,CRU-CY4.10,19.7,19.7,0.0
1974,6,tmp,CRU-CY4.08,CRU-CY4.10,23.3,23.3,0.0
1974,7,tmp,CRU-CY4.08,CRU-CY4.10,25.1,25.1,0.0
1974,8,tmp,CRU-CY4.08,CRU-CY4.10,24.7,24.7,0.0
1974,9,tmp,CRU-CY4.08,CRU-CY4.10,23.3,23.3,0.0
1974,10,tmp,CRU-CY4.08,CRU-CY4.10,22.5,22.5,0.0
1974,11,tmp,CRU-CY4.08,CRU-CY4.10,17.2,17.2,0.0
1974,12,tmp,CRU-CY4.08,CRU-CY4.10,12.0,12.0,0.0
1975,1,tmp,CRU-CY4.08,CRU-CY4.10,11.2,11.2,0.0
1975,2,tmp,CRU-CY4.08,CRU-CY4.10,11.6,11.6,0.0
1975,3,tmp,CRU-CY4.08,CRU-CY4.10,14.5,14.5,0.0
1975,4,tmp,CRU-CY4.08,CRU-CY4.10,19.3,19.3,0.0
1975,5,tmp,CRU-CY4.08,CRU-CY4.10,19.7,19.7,0.0
1975,6,tmp,CRU-CY4.08,CRU-CY4.10,22.9,22.9,0.0
1975,7,tmp,CRU-CY4.08,CRU-CY4.10,24.8,24.8,0.0
1975,8,tmp,CRU-CY4.08,CRU-CY4.10,24.4,24.4,0.0
1975,9,tmp,CRU-CY4.08,CRU-CY4.10,23.5,23.5,0.0
1975,10,tmp,CRU-CY4.08,CRU-CY4.10,20.3,20.3,0.0
1975,11,tmp,CRU-CY4.08,CRU-CY4.10,16.7,16.7,0.0
1975,12,tmp,CRU-CY4.08,CRU-CY4.10,12.2,12.2,0.0
1976,1,tmp,CRU-CY4.08,CRU-CY4.10,11.6,11.6,0.0
1976,2,tmp,CRU-CY4.08,CRU-CY4.10,10.6,10.6,0.0
1976,3,tmp,CRU-CY4.08,CRU-CY4.10,13.7,13.7,0.0
1976,4,tmp,CRU-CY4.08,CRU-CY4.10,17.1,17.1,0.0
1976,5,tmp,CRU-CY4.08,CRU-CY4.10,20.4,20.4,0.0
1976,6,tmp,CRU-CY4.08,CRU-CY4.10,22.6,22.6,0.0
1976,7,tmp,CRU-CY4.08,CRU-CY4.10,23.9,23.9,0.0
1976,8,tmp,CRU-CY4.08,CRU-CY4.10,23.8,23.8,0.0
1976,9,tmp,CRU-CY4.08,CRU-CY4.10,23.1,23.1,0.0
1976,10,tmp,CRU-CY4.08,CRU-CY4.10,21.8,21.8,0.0
1976,11,tmp,CRU-CY4.08,CRU-CY4.10,17.7,17.7,0.0
1976,12,tmp,CRU-CY4.08,CRU-CY4.10,14.1,14.1,0.0
1977,1,tmp,CRU-CY4.08,CRU-CY4.10,10.9,10.9,0.0
1977,2,tmp,CRU-CY4.08,CRU-CY4.10,14.6,14.6,0.0
1977,3,tmp,CRU-CY4.08,CRU-CY4.10,13.8,13.8,0.0
1977,4,tmp,CRU-CY4.08,CRU-CY4.10,16.7,16.7,0.0
1977,5,tmp,CRU-CY4.08,CRU-CY4.10,20.7,20.7,0.0
1977,6,tmp,CRU-CY4.08,CRU-CY4.10,23.2,23.2,0.0
1977,7,tmp,CRU-CY4.08,CRU-CY4.10,25.4,25.4,0.0
1977,8,tmp,CRU-CY4.08,CRU-CY4.10,26.0,26.0,0.0
1977,9,tmp,CRU-CY4.08,CRU-CY4.10,23.6,23.6,0.0
1977,10,tmp,CRU-CY4.08,CRU-CY4.10,19.4,19.4,0.0
1977,11,tmp,CRU-CY4.08,CRU-CY4.10,16.6,16.6,0.0
1977,12,tmp,CRU-CY4.08,CRU-CY4.10,12.2,12.2,0.0
1978,1,tmp,CRU-CY4.08,CRU-CY4.10,11.9,11.9,0.0
1978,2,tmp,CRU-CY4.08,CRU-CY4.10,13.5,13.5,0.0
1978,3,tmp,CRU-CY4.08,CRU-CY4.10,14.6,14.6,0.0
1978,4,tmp,CRU-CY4.08,CRU-CY4.10,17.5,17.5,0.0
1978,5,tmp,CRU-CY4.08,CRU-CY4.10,21.8,21.8,0.0
1978,6,tmp,CRU-CY4.08,CRU-CY4.10,22.9,22.9,0.0
1978,7,tmp,CRU-CY4.08,CRU-CY4.10,26.3,26.3,0.0
1978,8,tmp,CRU-CY4.08,CRU-CY4.10,24.0,24.0,0.0
1978,9,tmp,CRU-CY4.08,CRU-CY4.10,23.1,23.1,0.0
1978,10,tmp,CRU-CY4.08,CRU-CY4.10,22.1,22.1,0.0
1978,11,tmp,CRU-CY4.08,CRU-CY4.10,14.6,14.6,0.0
1978,12,tmp,CRU-CY4.08,CRU-CY4.10,13.7,13.7,0.0
1979,1,tmp,CRU-CY4.08,CRU-CY4.10,12.3,12.3,0.0
1979,2,tmp,CRU-CY4.08,CRU-CY4.10,14.2,14.2,0.0
1979,3,tmp,CRU-CY4.08,CRU-CY4.10,15.5,15.5,0.0
1979,4,tmp,CRU-CY4.08,CRU-CY4.10,18.9,18.9,0.0
1979,5,tmp,CRU-CY4.08,CRU-CY4.10,20.3,20.3,0.0
1979,6,tmp,CRU-CY4.08,CRU-CY4.10,23.9,23.9,0.0
1979,7,tmp,CRU-CY4.08,CRU-CY4.10,24.8,24.8,0.0
1979,8,tmp,CRU-CY4.08,CRU-CY4.10,25.0,25.0,0.0
1979,9,tmp,CRU-CY4.08,CRU-CY4.10,24.3,24.3,0.0
1979,10,tmp,CRU-CY4.08,CRU-CY4.10,21.7,21.7,0.0
1979,11,tmp,CRU-CY4.08,CRU-CY4.10,18.8,18.8,0.0
1979,12,tmp,CRU-CY4.08,CRU-CY4.10,12.2,12.2,0.0
1980,1,tmp,CRU-CY4.08,CRU-CY4.10,10.9,10.9,0.0
1980,2,tmp,CRU-CY4.08,CRU-CY4.10,11.4,11.4,0.0
1980,3,tmp,CRU-CY4.08,CRU-CY4.10,13.8,13.8,0.0
1980,4,tmp,CRU-CY4.08,CRU-CY4.10,17.4,17.4,0.0
1980,5,tmp,CRU-CY4.08,CRU-CY4.10,21.0,21.0,0.0
1980,6,tmp,CRU-CY4.08,CRU-CY4.10,23.6,23.6,0.0
1980,7,tmp,CRU-CY4.08,CRU-CY4.10,25.5,25.5,0.0
1980,8,tmp,CRU-CY4.08,CRU-CY4.10,25.4,25.4,0.0
1980,9,tmp,CRU-CY4.08,CRU-CY4.10,22.8,22.8,0.0
1980,10,tmp,CRU-CY4.08,CRU-CY4.10,21.3,21.3,0.0
1980,11,tmp,CRU-CY4.08,CRU-CY4.10,18.1,18.1,0.0
1980,12,tmp,CRU-CY4.08,CRU-CY4.10,13.5,13.5,0.0
1981,1,tmp,CRU-CY4.08,CRU-CY4.10,11.0,11.0,0.0
1981,2,tmp,CRU-CY4.08,CRU-CY4.10,11.9,11.9,0.0
1981,3,tmp,CRU-CY4.08,CRU-CY4.10,14.9,14.9,0.0
1981,4,tmp,CRU-CY4.08,CRU-CY4.10,17.4,17.4,0.0
1981,5,tmp,CRU-CY4.08,CRU-CY4.10,19.3,19.3,0.0
1981,6,tmp,CRU-CY4.08,CRU-CY4.10,23.3,23.3,0.0
1981,7,tmp,CRU-CY4.08,CRU-CY4.10,25.2,25.2,0.0
1981,8,tmp,CRU-CY4.08,CRU-CY4.10,25.4,25.4,0.0
1981,9,tmp,CRU-CY4.08,CRU-CY4.10,24.5,24.5,0.0
1981,10,tmp,CRU-CY4.08,CRU-CY4.10,22.3,22.3,0.0
1981,11,tmp,CRU-CY4.08,CRU-CY4.10,15.2,15.2,0.0
1981,12,tmp,CRU-CY4.08,CRU-CY4.10,14.3,14.3,0.0
1982,1,tmp,CRU-CY4.08,CRU-CY4.10,12.4,12.4,0.0
1982,2,tmp,CRU-CY4.08,CRU-CY4.10,10.6,10.6,0.0
1982,3,tmp,CRU-CY4.08,CRU-CY4.10,12.5,12.5,0.0
1982,4,tmp,CRU-CY4.08,CRU-CY4.10,18.7,18.7,0.0
1982,5,tmp,CRU-CY4.08,CRU-CY4.10,19.4,19.4,0.0
1982,6,tmp,CRU-CY4.08,CRU-CY4.10,22.7,22.7,0.0
1982,7,tmp,CRU-CY4.08,CRU-CY4.10,24.1,24.1,0.0
1982,8,tmp,CRU-CY4.08,CRU-CY4.10,25.0,25.0,0.0
1982,9,tmp,CRU-CY4.08,CRU-CY4.10,23.8,23.8,0.0
1982,10,tmp,CRU-CY4.08,CRU-CY4.10,21.2,21.2,0.0
1982,11,tmp,CRU-CY4.08,CRU-CY4.10,14.2,14.2,0.0
1982,12,tmp,CRU-CY4.08,CRU-CY4.10,11.4,11.4,0.0
1983,1,tmp,CRU-CY4.08,CRU-CY4.10,9.2,9.2,0.0
1983,2,tmp,CRU-CY4.08,CRU-CY4.10,10.3,10.3,0.0
1983,3,tmp,CRU-CY4.08,CRU-CY4.10,12.5,12.5,0.0
1983,4,tmp,CRU-CY4.08,CRU-CY4.10,16.2,16.2,0.0
1983,5,tmp,CRU-CY4.08,CRU-CY4.10,20.0,20.0,0.0
1983,6,tmp,CRU-CY4.08,CRU-CY4.10,22.8,22.8,0.0
1983,7,tmp,CRU-CY4.08,CRU-CY4.10,24.8,24.8,0.0
1983,8,tmp,CRU-CY4.08,CRU-CY4.10,24.6,24.6,0.0
1983,9,tmp,CRU-CY4.08,CRU-CY4.10,23.4,23.4,0.0
1983,10,tmp,CRU-CY4.08,CRU-CY4.10,19.9,19.9,0.0
1983,11,tmp,CRU-CY4.08,CRU-CY4.10,17.8,17.8,0.0
1983,12,tmp,CRU-CY4.08,CRU-CY4.10,13.4,13.4,0.0
1984,1,tmp,CRU-CY4.08,CRU-CY4.10,12.0,12.0,0.0
1984,2,tmp,CRU-CY4.08,CRU-CY4.10,13.0,13.0,0.0
1984,3,tmp,CRU-CY4.08,CRU-CY4.10,14.8,14.8,0.0
1984,4,tmp,CRU-CY4.08,CRU-CY4.10,16.5,16.5,0.0
1984,5,tmp,CRU-CY4.08,CRU-CY4.10,21.4,21.4,0.0
1984,6,tmp,CRU-CY4.08,CRU-CY4.10,22.5,22.5,0.0
1984,7,tmp,CRU-CY4.08,CRU-CY4.10,24.2,24.2,0.0
1984,8,tmp,CRU-CY4.08,CRU-CY4.10,23.8,23.8,0.0
1984,9,tmp,CRU-CY4.08,CRU-CY4.10,23.9,23.9,0.0
1984,10,tmp,CRU-CY4.08,CRU-CY4.10,21.4,21.4,0.0
1984,11,tmp,CRU-CY4.08,CRU-CY4.10,16.5,16.5,0.0
1984,12,tmp,CRU-CY4.08,CRU-CY4.10,11.7,11.7,0.0
1985,1,tmp,CRU-CY4.08,CRU-CY4.10,13.7,13.7,0.0
1985,2,tmp,CRU-CY4.08,CRU-CY4.10,11.2,11.2,0.0
1985,3,tmp,CRU-CY4.08,CRU-CY4.10,14.0,14.0,0.0
1985,4,tmp,CRU-CY4.08,CRU-CY4.10,17.4,17.4,0.0
1985,5,tmp,CRU-CY4.08,CRU-CY4.10,21.3,21.3,0.0
1985,6,tmp,CRU-CY4.08,CRU-CY4.10,23.3,23.3,0.0
1985,7,tmp,CRU-CY4.08,CRU-CY4.10,24.5,24.5,0.0
1985,8,tmp,CRU-CY4.08,CRU-CY4.10,26.8,26.8,0.0
1985,9,tmp,CRU-CY4.08,CRU-CY4.10,23.8,23.8,0.0
1985,10,tmp,CRU-CY4.08,CRU-CY4.10,19.7,19.7,0.0
1985,11,tmp,CRU-CY4.08,CRU-CY4.10,18.2,18.2,0.0
1985,12,tmp,CRU-CY4.08,CRU-CY4.10,13.6,13.6,0.0
1986,1,tmp,CRU-CY4.08,CRU-CY4.10,12.5,12.5,0.0
1986,2,tmp,CRU-CY4.08,CRU-CY4.10,13.4,13.4,0.0
1986,3,tmp,CRU-CY4.08,CRU-CY4.10,15.4,15.4,0.0
1986,4,tmp,CRU-CY4.08,CRU-CY4.10,19.2,19.2,0.0
1986,5,tmp,CRU-CY4.08,CRU-CY4.10,18.3,18.3,0.0
1986,6,tmp,CRU-CY4.08,CRU-CY4.10,23.2,23.2,0.0
1986,7,tmp,CRU-CY4.08,CRU-CY4.10,25.1,25.1,0.0
1986,8,tmp,CRU-CY4.08,CRU-CY4.10,25.5,25.5,0.0
1986,9,tmp,CRU-CY4.08,CRU-CY4.10,25.6,25.6,0.0
1986,10,tmp,CRU-CY4.08,CRU-CY4.10,21.2,21.2,0.0
1986,11,tmp,CRU-CY4.08,CRU-CY4.10,14.5,14.5,0.0
1986,12,tmp,CRU-CY4.08,CRU-CY4.10,11.9,11.9,0.0
1987,1,tmp,CRU-CY4.08,CRU-CY4.10,12.5,12.5,0.0
1987,2,tmp,CRU-CY4.08,CRU-CY4.10,14.2,14.2,0.0
1987,3,tmp,CRU-CY4.08,CRU-CY4.10,11.9,11.9,0.0
1987,4,tmp,CRU-CY4.08,CRU-CY4.10,16.2,16.2,0.0
1987,5,tmp,CRU-CY4.08,CRU-CY4.10,20.7,20.7,0.0
1987,6,tmp,CRU-CY4.08,CRU-CY4.10,22.8,22.8,0.0
1987,7,tmp,CRU-CY4.08,CRU-CY4.10,26.1,26.1,0.0
1987,8,tmp,CRU-CY4.08,CRU-CY4.10,26.1,26.1,0.0
1987,9,tmp,CRU-CY4.08,CRU-CY4.10,24.2,24.2,0.0
1987,10,tmp,CRU-CY4.08,CRU-CY4.10,20.1,20.1,0.0
1987,11,tmp,CRU-CY4.08,CRU-CY4.10,16.8,16.8,0.0
1987,12,tmp,CRU-CY4.08,CRU-CY4.10,13.9,13.9,0.0
1988,1,tmp,CRU-CY4.08,CRU-CY4.10,12.0,12.0,0.0
1988,2,tmp,CRU-CY4.08,CRU-CY4.10,11.9,11.9,0.0
1988,3,tmp,CRU-CY4.08,CRU-CY4.10,13.5,13.5,0.0
1988,4,tmp,CRU-CY4.08,CRU-CY4.10,17.7,17.7,0.0
1988,5,tmp,CRU-CY4.08,CRU-CY4.10,22.0,22.0,0.0
1988,6,tmp,CRU-CY4.08,CRU-CY4.10,23.8,23.8,0.0
1988,7,tmp,CRU-CY4.08,CRU-CY4.10,26.3,26.3,0.0
1988,8,tmp,CRU-CY4.08,CRU-CY4.10,25.9,25.9,0.0
1988,9,tmp,CRU-CY4.08,CRU-CY4.10,24.6,24.6,0.0
1988,10,tmp,CRU-CY4.08,CRU-CY4.10,20.4,20.4,0.0
1988,11,tmp,CRU-CY4.08,CRU-CY4.10,15.0,15.0,0.0
1988,12,tmp,CRU-CY4.08,CRU-CY4.10,12.9,12.9,0.0
1989,1,tmp,CRU-CY4.08,CRU-CY4.10,9.3,9.3,0.0
1989,2,tmp,CRU-CY4.08,CRU-CY4.10,10.8,10.8,0.0
1989,3,tmp,CRU-CY4.08,CRU-CY4.10,14.3,14.3,0.0
1989,4,tmp,CRU-CY4.08,CRU-CY4.10,20.4,20.4,0.0
1989,5,tmp,CRU-CY4.08,CRU-CY4.10,21.8,21.8,0.0
1989,6,tmp,CRU-CY4.08,CRU-CY4.10,23.0,23.0,0.0
1989,7,tmp,CRU-CY4.08,CRU-CY4.10,25.3,25.3,0.0
1989,8,tmp,CRU-CY4.08,CRU-CY4.10,25.5,25.5,0.0
1989,9,tmp,CRU-CY4.08,CRU-CY4.10,24.2,24.2,0.0
1989,10,tmp,CRU-CY4.08,CRU-CY4.10,20.5,20.5,0.0
1989,11,tmp,CRU-CY4.08,CRU-CY4.10,17.3,17.3,0.0
1989,12,tmp,CRU-CY4.08,CRU-CY4.10,13.0,13.0,0.0
1990,1,tmp,CRU-CY4.08,CRU-CY4.10,11.0,11.0,0.0
1990,2,tmp,CRU-CY4.08,CRU-CY4.10,11.3,11.3,0.0
1990,3,tmp,CRU-CY4.08,CRU-CY4.10,13.8,13.8,0.0
1990,4,tmp,CRU-CY4.08,CRU-CY4.10,17.7,17.7,0.0
1990,5,tmp,CRU-CY4.08,CRU-CY4.10,20.3,20.3,0.0
1990,6,tmp,CRU-CY4.08,CRU-CY4.10,23.3,23.3,0.0
1990,7,tmp,CRU-CY4.08,CRU-CY4.10,25.3,25.3,0.0
1990,8,tmp,CRU-CY4.08,CRU-CY4.10,25.4,25.4,0.0
1990,9,tmp,CRU-CY4.08,CRU-CY4.10,23.8,23.8,0.0
1990,10,tmp,CRU-CY4.08,CRU-CY4.10,22.2,22.2,0.0
1990,11,tmp,CRU-CY4.08,CRU-CY4.10,19.3,19.3,0.0
1990,12,tmp,CRU-CY4.08,CRU-CY4.10,15.3,15.3,0.0
1991,1,tmp,CRU-CY4.08,CRU-CY4.10,11.8,11.8,0.0
1991,2,tmp,CRU-CY4.08,CRU-CY4.10,12.3,12.3,0.0
1991,3,tmp,CRU-CY4.08,CRU-CY4.10,15.7,15.7,0.0
1991,4,tmp,CRU-CY4.08,CRU-CY4.10,19.2,19.2,0.0
1991,5,tmp,CRU-CY4.08,CRU-CY4.10,20.5,20.5,0.0
1991,6,tmp,CRU-CY4.08,CRU-CY4.10,23.6,23.6,0.0
1991,7,tmp,CRU-CY4.08,CRU-CY4.10,24.7,24.7,0.0
1991,8,tmp,CRU-CY4.08,CRU-CY4.10,25.1,25.1,0.0
1991,9,tmp,CRU-CY4.08,CRU-CY4.10,23.9,23.9,0.0
1991,10,tmp,CRU-CY4.08,CRU-CY4.10,22.1,22.1,0.0
1991,11,tmp,CRU-CY4.08,CRU-CY4.10,17.8,17.8,0.0
1991,12,tmp,CRU-CY4.08,CRU-CY4.10,11.3,11.3,0.0
1992,1,tmp,CRU-CY4.08,CRU-CY4.10,9.4,9.4,0.0
1992,2,tmp,CRU-CY4.08,CRU-CY4.10,9.2,9.2,0.0
1992,3,tmp,CRU-CY4.08,CRU-CY4.10,12.6,12.6,0.0
1992,4,tmp,CRU-CY4.08,CRU-CY4.10,16.8,16.8,0.0
1992,5,tmp,CRU-CY4.08,CRU-CY4.10,19.8,19.8,0.0
1992,6,tmp,CRU-CY4.08,CRU-CY4.10,23.2,23.2,0.0
1992,7,tmp,CRU-CY4.08,CRU-CY4.10,24.4,24.4,0.0
1992,8,tmp,CRU-CY4.08,CRU-CY4.10,25.9,25.9,0.0
1992,9,tmp,CRU-CY4.08,CRU-CY4.10,23.7,23.7,0.0
1992,10,tmp,CRU-CY4.08,CRU-CY4.10,22.3,22.3,0.0
1992,11,tmp,CRU-CY4.08,CRU-CY4.10,17.0,17.0,0.0
1992,12,tmp,CRU-CY4.08,CRU-CY4.10,11.2,11.2,0.0
1993,1,tmp,CRU-CY4.08,CRU-CY4.10,10.5,10.5,0.0
1993,2,tmp,CRU-CY4.08,CRU-CY4.10,10.1,10.1,0.0
1993,3,tmp,CRU-CY4.08,CRU-CY4.10,14.0,14.0,0.0
1993,4,tmp,CRU-CY4.08,CRU-CY4.10,18.1,18.1,0.0
1993,5,tmp,CRU-CY4.08,CRU-CY4.10,19.7,19.7,0.0
1993,6,tmp,CRU-CY4.08,CRU-CY4.10,23.9,23.9,0.0
1993,7,tmp,CRU-CY4.08,CRU-CY4.10,25.3,25.3,0.0
1993,8,tmp,CRU-CY4.08,CRU-CY4.10,26.3,26.3,0.0
1993,9,tmp,CRU-CY4.08,CRU-CY4.10,24.3,24.3,0.0
1993,10,tmp,CRU-CY4.08,CRU-CY4.10,23.3,23.3,0.0
1993,11,tmp,CRU-CY4.08,CRU-CY4.10,16.8,16.8,0.0
1993,12,tmp,CRU-CY4.08,CRU-CY4.10,14.3,14.3,0.0
1994,1,tmp,CRU-CY4.08,CRU-CY4.10,13.8,13.8,0.0
1994,2,tmp,CRU-CY4.08,CRU-CY4.10,12.5,12.5,0.0
1994,3,tmp,CRU-CY4.08,CRU-CY4.10,14.2,14.2,0.0
1994,4,tmp,CRU-CY4.08,CRU-CY4.10,19.9,19.9,0.0
1994,5,tmp,CRU-CY4.08,CRU-CY4.10,21.8,21.8,0.0
1994,6,tmp,CRU-CY4.08,CRU-CY4.10,23.4,23.4,0.0
1994,7,tmp,CRU-CY4.08,CRU-CY4.10,25.2,25.2,0.0
1994,8,tmp,CRU-CY4.08,CRU-CY4.10,25.9,25.9,0.0
1994,9,tmp,CRU-CY4.08,CRU-CY4.10,26.0,26.0,0.0
1994,10,tmp,CRU-CY4.08,CRU-CY4.10,24.0,24.0,0.0
1994,11,tmp,CRU-CY4.08,CRU-CY4.10,16.2,16.2,0.0
1994,12,tmp,CRU-CY4.08,CRU-CY4.10,11.3,11.3,0.0
1995,1,tmp,CRU-CY4.08,CRU-CY4.10,12.4,12.4,0.0
1995,2,tmp,CRU-CY4.08,CRU-CY4.10,12.7,12.7,0.0
1995,3,tmp,CRU-CY4.08,CRU-CY4.10,14.8,14.8,0.0
1995,4,tmp,CRU-CY4.08,CRU-CY4.10,16.9,16.9,0.0
1995,5,tmp,CRU-CY4.08,CRU-CY4.10,21.2,21.2,0.0
1995,6,tmp,CRU-CY4.08,CRU-CY4.10,25.0,25.0,0.0
1995,7,tmp,CRU-CY4.08,CRU-CY4.10,25.6,25.6,0.0
1995,8,tmp,CRU-CY4.08,CRU-CY4.10,26.3,26.3,0.0
1995,9,tmp,CRU-CY4.08,CRU-CY4.10,25.0,25.0,0.0
1995,10,tmp,CRU-CY4.08,CRU-CY4.10,21.1,21.1,0.0
1995,11,tmp,CRU-CY4.08,CRU-CY4.10,15.6,15.6,0.0
1995,12,tmp,CRU-CY4.08,CRU-CY4.10,12.9,12.9,0.0
1996,1,tmp,CRU-CY4.08,CRU-CY4.10,12.4,12.4,0.0
1996,2,tmp,CRU-CY4.08,CRU-CY4.10,13.7,13.7,0.0
1996,3,tmp,CRU-CY4.08,CRU-CY4.10,14.0,14.0,0.0
1996,4,tmp,CRU-CY4.08,CRU-CY4.10,17.1,17.1,0.0
1996,5,tmp,CRU-CY4.08,CRU-CY4.10,22.6,22.6,0.0
1996,6,tmp,CRU-CY4.08,CRU-CY4.10,23.8,23.8,0.0
1996,7,tmp,CRU-CY4.08,CRU-CY4.10,26.6,26.6,0.0
1996,8,tmp,CRU-CY4.08,CRU-CY4.10,26.4,26.4,0.0
1996,9,tmp,CRU-CY4.08,CRU-CY4.10,25.0,25.0,0.0
1996,10,tmp,CRU-CY4.08,CRU-CY4.10,20.8,20.8,0.0
1996,11,tmp,CRU-CY4.08,CRU-CY4.10,18.0,18.0,0.0
1996,12,tmp,CRU-CY4.08,CRU-CY4.10,15.1,15.1,0.0
1997,1,tmp,CRU-CY4.08,CRU-CY4.10,13.0,13.0,0.0
1997,2,tmp,CRU-CY4.08,CRU-CY4.10,10.2,10.2,0.0
1997,3,tmp,CRU-CY4.08,CRU-CY4.10,12.4,12.4,0.0
1997,4,tmp,CRU-CY4.08,CRU-CY4.10,16.2,16.2,0.0
1997,5,tmp,CRU-CY4.08,CRU-CY4.10,21.9,21.9,0.0
1997,6,tmp,CRU-CY4.08,CRU-CY4.10,24.1,24.1,0.0
1997,7,tmp,CRU-CY4.08,CRU-CY4.10,26.1,26.1,0.0
1997,8,tmp,CRU-CY4.08,CRU-CY4.10,24.7,24.7,0.0
1997,9,tmp,CRU-CY4.08,CRU-CY4.10,23.7,23.7,0.0
1997,10,tmp,CRU-CY4.08,CRU-CY4.10,21.9,21.9,0.0
1997,11,tmp,CRU-CY4.08,CRU-CY4.10,17.8,17.8,0.0
1997,12,tmp,CRU-CY4.08,CRU-CY4.10,14.0,14.1,0.09999999999999964
1998,1,tmp,CRU-CY4.08,CRU-CY4.10,12.1,12.1,0.0
1998,2,tmp,CRU-CY4.08,CRU-CY4.10,12.9,12.9,0.0
1998,3,tmp,CRU-CY4.08,CRU-CY4.10,13.4,13.4,0.0
1998,4,tmp,CRU-CY4.08,CRU-CY4.10,19.3,19.3,0.0
1998,5,tmp,CRU-CY4.08,CRU-CY4.10,21.6,21.6,0.0
1998,6,tmp,CRU-CY4.08,CRU-CY4.10,24.1,24.1,0.0
1998,7,tmp,CRU-CY4.08,CRU-CY4.10,26.6,26.6,0.0
1998,8,tmp,CRU-CY4.08,CRU-CY4.10,27.9,28.0,0.10000000000000142
1998,9,tmp,CRU-CY4.08,CRU-CY4.10,25.6,25.5,-0.10000000000000142
1998,10,tmp,CRU-CY4.08,CRU-CY4.10,22.6,22.6,0.0
1998,11,tmp,CRU-CY4.08,CRU-CY4.10,19.5,19.5,0.0
1998,12,tmp,CRU-CY4.08,CRU-CY4.10,14.8,14.8,0.0
1999,1,tmp,CRU-CY4.08,CRU-CY4.10,13.0,13.1,0.09999999999999964
1999,2,tmp,CRU-CY4.08,CRU-CY4.10,13.2,13.2,0.0
1999,3,tmp,CRU-CY4.08,CRU-CY4.10,15.1,15.1,0.0
1999,4,tmp,CRU-CY4.08,CRU-CY4.10,18.0,18.0,0.0
1999,5,tmp,CRU-CY4.08,CRU-CY4.10,22.3,22.3,0.0
1999,6,tmp,CRU-CY4.08,CRU-CY4.10,24.0,24.0,0.0
1999,7,tmp,CRU-CY4.08,CRU-CY4.10,26.0,26.0,0.0
1999,8,tmp,CRU-CY4.08,CRU-CY4.10,27.0,27.0,0.0
1999,9,tmp,CRU-CY4.08,CRU-CY4.10,25.0,25.0,0.0
1999,10,tmp,CRU-CY4.08,CRU-CY4.10,22.4,22.4,0.0
1999,11,tmp,CRU-CY4.08,CRU-CY4.10,18.0,17.9,-0.10000000000000142
1999,12,tmp,CRU-CY4.08,CRU-CY4.10,14.3,14.3,0.0
2000,1,tmp,CRU-CY4.08,CRU-CY4.10,11.3,11.3,0.0
2000,2,tmp,CRU-CY4.08,CRU-CY4.10,11.7,11.7,0.0
2000,3,tmp,CRU-CY4.08,CRU-CY4.10,13.2,13.2,0.0
2000,4,tmp,CRU-CY4.08,CRU-CY4.10,19.2,19.2,0.0
2000,5,tmp,CRU-CY4.08,CRU-CY4.10,20.9,20.9,0.0
2000,6,tmp,CRU-CY4.08,CRU-CY4.10,24.4,24.4,0.0
2000,7,tmp,CRU-CY4.08,CRU-CY4.10,27.3,27.3,0.0
2000,8,tmp,CRU-CY4.08,CRU-CY4.10,26.7,26.8,0.10000000000000142
2000,9,tmp,CRU-CY4.08,CRU-CY4.10,24.8,24.8,0.0
2000,10,tmp,CRU-CY4.08,CRU-CY4.10,20.7,20.8,0.10000000000000142
2000,11,tmp,CRU-CY4.08,CRU-CY4.10,17.3,17.3,0.0
2000,12,tmp,CRU-CY4.08,CRU-CY4.10,13.9,13.9,0.0
2001,1,tmp,CRU-CY4.08,CRU-CY4.10,12.9,12.9,0.0
2001,2,tmp,CRU-CY4.08,CRU-CY4.10,12.9,12.8,-0.09999999999999964
2001,3,tmp,CRU-CY4.08,CRU-CY4.10,17.5,17.5,0.0
2001,4,tmp,CRU-CY4.08,CRU-CY4.10,18.9,18.9,0.0
2001,5,tmp,CRU-CY4.08,CRU-CY4.10,21.4,21.4,0.0
2001,6,tmp,CRU-CY4.08,CRU-CY4.10,24.3,24.3,0.0
2001,7,tmp,CRU-CY4.08,CRU-CY4.10,26.3,26.4,0.09999999999999787
2001,8,tmp,CRU-CY4.08,CRU-CY4.10,27.1,27.1,0.0
2001,9,tmp,CRU-CY4.08,CRU-CY4.10,25.1,25.1,0.0
2001,10,tmp,CRU-CY4.08,CRU-CY4.10,22.2,22.2,0.0
2001,11,tmp,CRU-CY4.08,CRU-CY4.10,17.2,17.2,0.0
2001,12,tmp,CRU-CY4.08,CRU-CY4.10,14.0,14.0,0.0
2002,1,tmp,CRU-CY4.08,CRU-CY4.10,10.9,10.9,0.0
2002,2,tmp,CRU-CY4.08,CRU-CY4.10,14.4,14.4,0.0
2002,3,tmp,CRU-CY4.08,CRU-CY4.10,16.3,16.3,0.0
2002,4,tmp,CRU-CY4.08,CRU-CY4.10,17.7,17.7,0.0
2002,5,tmp,CRU-CY4.08,CRU-CY4.10,20.7,20.7,0.0
2002,6,tmp,CRU-CY4.08,CRU-CY4.10,23.9,23.9,0.0
2002,7,tmp,CRU-CY4.08,CRU-CY4.10,27.1,27.2,0.09999999999999787
2002,8,tmp,CRU-CY4.08,CRU-CY4.10,26.7,26.7,0.0
2002,9,tmp,CRU-CY4.08,CRU-CY4.10,25.2,25.3,0.10000000000000142
2002,10,tmp,CRU-CY4.08,CRU-CY4.10,22.8,22.8,0.0
2002,11,tmp,CRU-CY4.08,CRU-CY4.10,18.5,18.5,0.0
2002,12,tmp,CRU-CY4.08,CRU-CY4.10,14.0,14.0,0.0
2003,1,tmp,CRU-CY4.08,CRU-CY4.10,14.0,14.0,0.0
2003,2,tmp,CRU-CY4.08,CRU-CY4.10,11.8,11.8,0.0
2003,3,tmp,CRU-CY4.08,CRU-CY4.10,13.0,13.0,0.0
2003,4,tmp,CRU-CY4.08,CRU-CY4.10,18.2,18.2,0.0
2003,5,tmp,CRU-CY4.08,CRU-CY4.10,23.2,23.3,0.10000000000000142
2003,6,tmp,CRU-CY4.08,CRU-CY4.10,24.6,24.6,0.0
2003,7,tmp,CRU-CY4.08,CRU-CY4.10,26.2,26.2,0.0
2003,8,tmp,CRU-CY4.08,CRU-CY4.10,27.1,27.2,0.09999999999999787
2003,9,tmp,CRU-CY4.08,CRU-CY4.10,24.5,24.5,0.0
2003,10,tmp,CRU-CY4.08,CRU-CY4.10,22.7,22.7,0.0
2003,11,tmp,CRU-CY4.08,CRU-CY4.10,18.2,18.2,0.0
2003,12,tmp,CRU-CY4.08,CRU-CY4.10,13.8,13.9,0.09999999999999964
2004,1,tmp,CRU-CY4.08,CRU-CY4.10,12.7,12.7,0.0
2004,2,tmp,CRU-CY4.08,CRU-CY4.10,12.8,12.8,0.0
2004,3,tmp,CRU-CY4.08,CRU-CY4.10,16.0,16.0,0.0
2004,4,tmp,CRU-CY4.08,CRU-CY4.10,18.1,18.1,0.0
2004,5,tmp,CRU-CY4.08,CRU-CY4.10,21.3,21.3,0.0
2004,6,tmp,CRU-CY4.08,CRU-CY4.10,23.7,23.7,0.0
2004,7,tmp,CRU-CY4.08,CRU-CY4.10,26.6,26.6,0.0
2004,8,tmp,CRU-CY4.08,CRU-CY4.10,26.0,26.0,0.0
2004,9,tmp,CRU-CY4.08,CRU-CY4.10,24.6,24.6,0.0
2004,10,tmp,CRU-CY4.08,CRU-CY4.10,23.0,23.0,0.0
2004,11,tmp,CRU-CY4.08,CRU-CY4.10,18.1,18.1,0.0
2004,12,tmp,CRU-CY4.08,CRU-CY4.10,12.6,12.7,0.09999999999999964
2005,1,tmp,CRU-CY4.08,CRU-CY4.10,12.8,12.8,0.0
2005,2,tmp,CRU-CY4.08,CRU-CY4.10,12.5,12.5,0.0
2005,3,tmp,CRU-CY4.08,CRU-CY4.10,15.3,15.3,0.0
2005,4,tmp,CRU-CY4.08,CRU-CY4.10,18.6,18.6,0.0
2005,5,tmp,CRU-CY4.08,CRU-CY4.10,20.7,20.7,0.0
2005,6,tmp,CRU-CY4.08,CRU-CY4.10,23.6,23.6,0.0
2005,7,tmp,CRU-CY4.08,CRU-CY4.10,26.3,26.3,0.0
2005,8,tmp,CRU-CY4.08,CRU-CY4.10,26.6,26.6,0.0
2005,9,tmp,CRU-CY4.08,CRU-CY4.10,24.6,24.6,0.0
2005,10,tmp,CRU-CY4.08,CRU-CY4.10,21.0,21.0,0.0
2005,11,tmp,CRU-CY4.08,CRU-CY4.10,16.5,16.5,0.0
2005,12,tmp,CRU-CY4.08,CRU-CY4.10,15.3,15.3,0.0
2006,1,tmp,CRU-CY4.08,CRU-CY4.10,12.3,12.2,-0.10000000000000142
2006,2,tmp,CRU-CY4.08,CRU-CY4.10,13.7,13.7,0.0
2006,3,tmp,CRU-CY4.08,CRU-CY4.10,15.4,15.4,0.0
2006,4,tmp,CRU-CY4.08,CRU-CY4.10,18.2,18.2,0.0
2006,5,tmp,CRU-CY4.08,CRU-CY4.10,20.8,20.8,0.0
2006,6,tmp,CRU-CY4.08,CRU-CY4.10,24.5,24.5,0.0
2006,7,tmp,CRU-CY4.08,CRU-CY4.10,25.5,25.5,0.0
2006,8,tmp,CRU-CY4.08,CRU-CY4.10,27.0,27.0,0.0
2006,9,tmp,CRU-CY4.08,CRU-CY4.10,25.0,25.0,0.0
2006,10,tmp,CRU-CY4.08,CRU-CY4.10,22.0,22.0,0.0
2006,11,tmp,CRU-CY4.08,CRU-CY4.10,16.0,16.0,0.0
2006,12,tmp,CRU-CY4.08,CRU-CY4.10,12.6,12.6,0.0
2007,1,tmp,CRU-CY4.08,CRU-CY4.10,11.9,11.9,0.0
2007,2,tmp,CRU-CY4.08,CRU-CY4.10,13.2,13.2,0.0
2007,3,tmp,CRU-CY4.08,CRU-CY4.10,14.6,14.6,0.0
2007,4,tmp,CRU-CY4.08,CRU-CY4.10,17.0,17.0,0.0
2007,5,tmp,CRU-CY4.08,CRU-CY4.10,22.2,22.3,0.10000000000000142
2007,6,tmp,CRU-CY4.08,CRU-CY4.10,24.6,24.6,0.0
2007,7,tmp,CRU-CY4.08,CRU-CY4.10,26.6,26.7,0.09999999999999787
2007,8,tmp,CRU-CY4.08,CRU-CY4.10,26.6,26.6,0.0
2007,9,tmp,CRU-CY4.08,CRU-CY4.10,24.8,24.8,0.0
2007,10,tmp,CRU-CY4.08,CRU-CY4.10,22.9,22.9,0.0
2007,11,tmp,CRU-CY4.08,CRU-CY4.10,18.0,18.0,0.0
2007,12,tmp,CRU-CY4.08,CRU-CY4.10,13.6,13.6,0.0
2008,1,tmp,CRU-CY4.08,CRU-CY4.10,9.8,9.8,0.0
2008,2,tmp,CRU-CY4.08,CRU-CY4.10,11.8,11.9,0.09999999999999964
2008,3,tmp,CRU-CY4.08,CRU-CY4.10,17.9,18.0,0.10000000000000142
2008,4,tmp,CRU-CY4.08,CRU-CY4.10,20.0,20.0,0.0
2008,5,tmp,CRU-CY4.08,CRU-CY4.10,20.7,20.7,0.0
2008,6,tmp,CRU-CY4.08,CRU-CY4.10,25.2,25.2,0.0
2008,7,tmp,CRU-CY4.08,CRU-CY4.10,26.5,26.5,0.0
2008,8,tmp,CRU-CY4.08,CRU-CY4.10,27.2,27.2,0.0
2008,9,tmp,CRU-CY4.08,CRU-CY4.10,25.5,25.5,0.0
2008,10,tmp,CRU-CY4.08,CRU-CY4.10,21.7,21.7,0.0
2008,11,tmp,CRU-CY4.08,CRU-CY4.10,18.3,18.3,0.0
2008,12,tmp,CRU-CY4.08,CRU-CY4.10,14.4,14.4,0.0
2009,1,tmp,CRU-CY4.08,CRU-CY4.10,12.4,12.4,0.0
2009,2,tmp,CRU-CY4.08,CRU-CY4.10,13.4,13.5,0.09999999999999964
2009,3,tmp,CRU-CY4.08,CRU-CY4.10,14.1,14.1,0.0
2009,4,tmp,CRU-CY4.08,CRU-CY4.10,18.3,18.3,0.0
2009,5,tmp,CRU-CY4.08,CRU-CY4.10,21.0,21.0,0.0
2009,6,tmp,CRU-CY4.08,CRU-CY4.10,25.2,25.2,0.0
2009,7,tmp,CRU-CY4.08,CRU-CY4.10,26.3,26.3,0.0
2009,8,tmp,CRU-CY4.08,CRU-CY4.10,26.6,26.6,0.0
2009,9,tmp,CRU-CY4.08,CRU-CY4.10,24.3,24.3,0.0
2009,10,tmp,CRU-CY4.08,CRU-CY4.10,23.6,23.6,0.0
2009,11,tmp,CRU-CY4.08,CRU-CY4.10,17.2,17.2,0.0
2009,12,tmp,CRU-CY4.08,CRU-CY4.10,15.4,15.4,0.0
2010,1,tmp,CRU-CY4.08,CRU-CY4.10,14.9,14.9,0.0
2010,2,tmp,CRU-CY4.08,CRU-CY4.10,15.3,15.3,0.0
2010,3,tmp,CRU-CY4.08,CRU-CY4.10,17.5,17.6,0.10000000000000142
2010,4,tmp,CRU-CY4.08,CRU-CY4.10,19.6,19.6,0.0
2010,5,tmp,CRU-CY4.08,CRU-CY4.10,22.2,22.2,0.0
2010,6,tmp,CRU-CY4.08,CRU-CY4.10,25.1,25.1,0.0
2010,7,tmp,CRU-CY4.08,CRU-CY4.10,26.8,26.8,0.0
2010,8,tmp,CRU-CY4.08,CRU-CY4.10,28.5,28.5,0.0
2010,9,tmp,CRU-CY4.08,CRU-CY4.10,26.4,26.4,0.0
2010,10,tmp,CRU-CY4.08,CRU-CY4.10,24.2,24.2,0.0
2010,11,tmp,CRU-CY4.08,CRU-CY4.10,20.2,20.2,0.0
2010,12,tmp,CRU-CY4.08,CRU-CY4.10,15.4,15.4,0.0
2011,1,tmp,CRU-CY4.08,CRU-CY4.10,13.3,13.3,0.0
2011,2,tmp,CRU-CY4.08,CRU-CY4.10,13.6,13.6,0.0
2011,3,tmp,CRU-CY4.08,CRU-CY4.10,14.8,14.8,0.0
2011,4,tmp,CRU-CY4.08,CRU-CY4.10,17.9,17.9,0.0
2011,5,tmp,CRU-CY4.08,CRU-CY4.10,20.8,20.8,0.0
2011,6,tmp,CRU-CY4.08,CRU-CY4.10,23.9,23.9,0.0
2011,7,tmp,CRU-CY4.08,CRU-CY4.10,27.0,27.0,0.0
2011,8,tmp,CRU-CY4.08,CRU-CY4.10,26.6,26.6,0.0
2011,9,tmp,CRU-CY4.08,CRU-CY4.10,25.3,25.3,0.0
2011,10,tmp,CRU-CY4.08,CRU-CY4.10,21.4,21.4,0.0
2011,11,tmp,CRU-CY4.08,CRU-CY4.10,14.6,14.6,0.0
2011,12,tmp,CRU-CY4.08,CRU-CY4.10,12.9,13.0,0.09999999999999964
2012,1,tmp,CRU-CY4.08,CRU-CY4.10,11.4,11.4,0.0
2012,2,tmp,CRU-CY4.08,CRU-CY4.10,11.7,11.7,0.0
2012,3,tmp,CRU-CY4.08,CRU-CY4.10,13.4,13.4,0.0
2012,4,tmp,CRU-CY4.08,CRU-CY4.10,19.5,19.5,0.0
2012,5,tmp,CRU-CY4.08,CRU-CY4.10,22.0,22.0,0.0
2012,6,tmp,CRU-CY4.08,CRU-CY4.10,25.6,25.6,0.0
2012,7,tmp,CRU-CY4.08,CRU-CY4.10,27.5,27.7,0.1999999999999993
2012,8,tmp,CRU-CY4.08,CRU-CY4.10,27.1,27.2,0.09999999999999787
2012,9,tmp,CRU-CY4.08,CRU-CY4.10,25.7,25.7,0.0
2012,10,tmp,CRU-CY4.08,CRU-CY4.10,23.4,23.4,0.0
2012,11,tmp,CRU-CY4.08,CRU-CY4.10,19.1,19.2,0.09999999999999787
2012,12,tmp,CRU-CY4.08,CRU-CY4.10,14.6,14.5,-0.09999999999999964
2013,1,tmp,CRU-CY4.08,CRU-CY4.10,13.0,13.0,0.0
2013,2,tmp,CRU-CY4.08,CRU-CY4.10,14.6,14.6,0.0
2013,3,tmp,CRU-CY4.08,CRU-CY4.10,17.0,17.0,0.0
2013,4,tmp,CRU-CY4.08,CRU-CY4.10,18.2,18.2,0.0
2013,5,tmp,CRU-CY4.08,CRU-CY4.10,22.7,22.6,-0.09999999999999787
2013,6,tmp,CRU-CY4.08,CRU-CY4.10,24.2,24.2,0.0
2013,7,tmp,CRU-CY4.08,CRU-CY4.10,25.5,25.6,0.10000000000000142
2013,8,tmp,CRU-CY4.08,CRU-CY4.10,26.3,26.3,0.0
2013,9,tmp,CRU-CY4.08,CRU-CY4.10,24.4,24.4,0.0
2013,10,tmp,CRU-CY4.08,CRU-CY4.10,20.6,20.5,-0.10000000000000142
2013,11,tmp,CRU-CY4.08,CRU-CY4.10,19.2,19.2,0.0
2013,12,tmp,CRU-CY4.08,CRU-CY4.10,12.4,12.5,0.09999999999999964
2014,1,tmp,CRU-CY4.08,CRU-CY4.10,13.4,13.4,0.0
2014,2,tmp,CRU-CY4.08,CRU-CY4.10,14.0,14.1,0.09999999999999964
2014,3,tmp,CRU-CY4.08,CRU-CY4.10,16.2,16.2,0.0
2014,4,tmp,CRU-CY4.08,CRU-CY4.10,19.7,19.7,0.0
2014,5,tmp,CRU-CY4.08,CRU-CY4.10,21.6,21.6,0.0
2014,6,tmp,CRU-CY4.08,CRU-CY4.10,24.0,24.0,0.0
2014,7,tmp,CRU-CY4.08,CRU-CY4.10,26.0,26.0,0.0
2014,8,tmp,CRU-CY4.08,CRU-CY4.10,27.1,27.0,-0.10000000000000142
2014,9,tmp,CRU-CY4.08,CRU-CY4.10,24.6,24.6,0.0
2014,10,tmp,CRU-CY4.08,CRU-CY4.10,21.5,21.5,0.0
2014,11,tmp,CRU-CY4.08,CRU-CY4.10,17.2,17.3,0.10000000000000142
2014,12,tmp,CRU-CY4.08,CRU-CY4.10,15.4,15.4,0.0
2015,1,tmp,CRU-CY4.08,CRU-CY4.10,12.0,12.0,0.0
2015,2,tmp,CRU-CY4.08,CRU-CY4.10,13.0,13.0,0.0
2015,3,tmp,CRU-CY4.08,CRU-CY4.10,16.3,16.3,0.0
2015,4,tmp,CRU-CY4.08,CRU-CY4.10,17.3,17.3,0.0
2015,5,tmp,CRU-CY4.08,CRU-CY4.10,22.1,22.2,0.09999999999999787
2015,6,tmp,CRU-CY4.08,CRU-CY4.10,22.9,23.0,0.10000000000000142
2015,7,tmp,CRU-CY4.08,CRU-CY4.10,26.2,26.2,0.0
2015,8,tmp,CRU-CY4.08,CRU-CY4.10,27.2,27.2,0.0
2015,9,tmp,CRU-CY4.08,CRU-CY4.10,26.8,26.9,0.09999999999999787
2015,10,tmp,CRU-CY4.08,CRU-CY4.10,23.3,23.3,0.0
2015,11,tmp,CRU-CY4.08,CRU-CY4.10,18.5,18.4,-0.10000000000000142
2015,12,tmp,CRU-CY4.08,CRU-CY4.10,12.5,12.9,0.40000000000000036
2016,1,tmp,CRU-CY4.08,CRU-CY4.10,11.8,11.8,0.0
2016,2,tmp,CRU-CY4.08,CRU-CY4.10,15.1,15.1,0.0
2016,3,tmp,CRU-CY4.08,CRU-CY4.10,16.5,16.5,0.0
2016,4,tmp,CRU-CY4.08,CRU-CY4.10,21.0,21.0,0.0
2016,5,tmp,CRU-CY4.08,CRU-CY4.10,21.7,21.7,0.0
2016,6,tmp,CRU-CY4.08,CRU-CY4.10,26.0,25.9,-0.10000000000000142
2016,7,tmp,CRU-CY4.08,CRU-CY4.10,26.7,26.7,0.0
2016,8,tmp,CRU-CY4.08,CRU-CY4.10,27.5,27.5,0.0
2016,9,tmp,CRU-CY4.08,CRU-CY4.10,24.8,24.9,0.09999999999999787
2016,10,tmp,CRU-CY4.08,CRU-CY4.10,22.9,22.9,0.0
2016,11,tmp,CRU-CY4.08,CRU-CY4.10,18.1,18.1,0.0
2016,12,tmp,CRU-CY4.08,CRU-CY4.10,11.6,11.8,0.20000000000000107
2017,1,tmp,CRU-CY4.08,CRU-CY4.10,11.0,11.2,0.1999999999999993
2017,2,tmp,CRU-CY4.08,CRU-CY4.10,11.6,11.7,0.09999999999999964
2017,3,tmp,CRU-CY4.08,CRU-CY4.10,15.4,15.5,0.09999999999999964
2017,4,tmp,CRU-CY4.08,CRU-CY4.10,18.6,18.6,0.0
2017,5,tmp,CRU-CY4.08,CRU-CY4.10,21.7,21.8,0.10000000000000142
2017,6,tmp,CRU-CY4.08,CRU-CY4.10,24.8,24.8,0.0
2017,7,tmp,CRU-CY4.08,CRU-CY4.10,27.3,27.5,0.1999999999999993
2017,8,tmp,CRU-CY4.08,CRU-CY4.10,27.2,27.3,0.10000000000000142
2017,9,tmp,CRU-CY4.08,CRU-CY4.10,25.9,25.8,-0.09999999999999787
2017,10,tmp,CRU-CY4.08,CRU-CY4.10,21.5,21.5,0.0
2017,11,tmp,CRU-CY4.08,CRU-CY4.10,17.5,17.6,0.10000000000000142
2017,12,tmp,CRU-CY4.08,CRU-CY4.10,15.8,15.9,0.09999999999999964
2018,1,tmp,CRU-CY4.08,CRU-CY4.10,12.9,12.9,0.0
2018,2,tmp,CRU-CY4.08,CRU-CY4.10,15.3,15.3,0.0
2018,3,tmp,CRU-CY4.08,CRU-CY4.10,18.1,18.2,0.09999999999999787
2018,4,tmp,CRU-CY4.08,CRU-CY4.10,19.6,19.6,0.0
2018,5,tmp,CRU-CY4.08,CRU-CY4.10,22.9,22.9,0.0
2018,6,tmp,CRU-CY4.08,CRU-CY4.10,24.9,24.9,0.0
2018,7,tmp,CRU-CY4.08,CRU-CY4.10,26.6,26.6,0.0
2018,8,tmp,CRU-CY4.08,CRU-CY4.10,26.8,26.8,0.0
2018,9,tmp,CRU-CY4.08,CRU-CY4.10,25.8,25.8,0.0
2018,10,tmp,CRU-CY4.08,CRU-CY4.10,22.8,22.8,0.0
2018,11,tmp,CRU-CY4.08,CRU-CY4.10,18.0,17.9,-0.10000000000000142
2018,12,tmp,CRU-CY4.08,CRU-CY4.10,14.0,14.0,0.0
2019,1,tmp,CRU-CY4.08,CRU-CY4.10,11.8,11.9,0.09999999999999964
2019,2,tmp,CRU-CY4.08,CRU-CY4.10,13.0,12.9,-0.09999999999999964
2019,3,tmp,CRU-CY4.08,CRU-CY4.10,14.2,14.3,0.10000000000000142
2019,4,tmp,CRU-CY4.08,CRU-CY4.10,16.9,16.9,0.0
2019,5,tmp,CRU-CY4.08,CRU-CY4.10,22.9,23.0,0.10000000000000142
2019,6,tmp,CRU-CY4.08,CRU-CY4.10,25.4,25.5,0.10000000000000142
2019,7,tmp,CRU-CY4.08,CRU-CY4.10,26.5,26.5,0.0
2019,8,tmp,CRU-CY4.08,CRU-CY4.10,26.8,26.8,0.0
2019,9,tmp,CRU-CY4.08,CRU-CY4.10,25.4,25.4,0.0
2019,10,tmp,CRU-CY4.08,CRU-CY4.10,23.4,23.4,0.0
2019,11,tmp,CRU-CY4.08,CRU-CY4.10,19.3,19.3,0.0
2019,12,tmp,CRU-CY4.08,CRU-CY4.10,14.4,14.3,-0.09999999999999964
2020,1,tmp,CRU-CY4.08,CRU-CY4.10,11.8,11.8,0.0
2020,2,tmp,CRU-CY4.08,CRU-CY4.10,13.0,13.0,0.0
2020,3,tmp,CRU-CY4.08,CRU-CY4.10,15.5,15.5,0.0
2020,4,tmp,CRU-CY4.08,CRU-CY4.10,17.8,17.8,0.0
2020,5,tmp,CRU-CY4.08,CRU-CY4.10,21.5,21.4,-0.10000000000000142
2020,6,tmp,CRU-CY4.08,CRU-CY4.10,23.2,23.4,0.1999999999999993
2020,7,tmp,CRU-CY4.08,CRU-CY4.10,26.8,26.9,0.09999999999999787
2020,8,tmp,CRU-CY4.08,CRU-CY4.10,26.9,26.8,-0.09999999999999787
2020,9,tmp,CRU-CY4.08,CRU-CY4.10,27.1,27.1,0.0
2020,10,tmp,CRU-CY4.08,CRU-CY4.10,24.5,24.6,0.10000000000000142
2020,11,tmp,CRU-CY4.08,CRU-CY4.10,17.8,17.8,0.0
2020,12,tmp,CRU-CY4.08,CRU-CY4.10,15.1,15.2,0.09999999999999964
2021,1,tmp,CRU-CY4.08,CRU-CY4.10,14.1,14.2,0.09999999999999964
2021,2,tmp,CRU-CY4.08,CRU-CY4.10,14.5,14.1,-0.40000000000000036
2021,3,tmp,CRU-CY4.08,CRU-CY4.10,15.0,15.1,0.09999999999999964
2021,4,tmp,CRU-CY4.08,CRU-CY4.10,19.1,19.2,0.09999999999999787
2021,5,tmp,CRU-CY4.08,CRU-CY4.10,23.3,23.3,0.0
2021,6,tmp,CRU-CY4.08,CRU-CY4.10,23.8,23.9,0.09999999999999787
2021,7,tmp,CRU-CY4.08,CRU-CY4.10,27.0,27.1,0.10000000000000142
2021,8,tmp,CRU-CY4.08,CRU-CY4.10,27.5,27.6,0.10000000000000142
2021,9,tmp,CRU-CY4.08,CRU-CY4.10,24.8,24.9,0.09999999999999787
2021,10,tmp,CRU-CY4.08,CRU-CY4.10,22.3,22.3,0.0
2021,11,tmp,CRU-CY4.08,CRU-CY4.10,19.1,19.2,0.09999999999999787
2021,12,tmp,CRU-CY4.08,CRU-CY4.10,14.0,14.2,0.1999999999999993
2022,1,tmp,CRU-CY4.08,CRU-CY4.10,10.9,11.0,0.09999999999999964
2022,2,tmp,CRU-CY4.08,CRU-CY4.10,12.6,12.7,0.09999999999999964
2022,3,tmp,CRU-CY4.08,CRU-CY4.10,11.9,11.9,0.0
2022,4,tmp,CRU-CY4.08,CRU-CY4.10,20.1,20.2,0.09999999999999787
2022,5,tmp,CRU-CY4.08,CRU-CY4.10,21.2,21.2,0.0
2022,6,tmp,CRU-CY4.08,CRU-CY4.10,24.7,24.7,0.0
2022,7,tmp,CRU-CY4.08,CRU-CY4.10,26.0,26.1,0.10000000000000142
2022,8,tmp,CRU-CY4.08,CRU-CY4.10,27.4,27.4,0.0
2022,9,tmp,CRU-CY4.08,CRU-CY4.10,25.9,25.9,0.0
2022,10,tmp,CRU-CY4.08,CRU-CY4.10,22.4,22.4,0.0
2022,11,tmp,CRU-CY4.08,CRU-CY4.10,18.4,18.4,0.0
2022,12,tmp,CRU-CY4.08,CRU-CY4.10,15.6,15.6,0.0
2023,1,tmp,CRU-CY4.08,CRU-CY4.10,13.8,13.9,0.09999999999999964
2023,2,tmp,CRU-CY4.08,CRU-CY4.10,12.0,12.1,0.09999999999999964
2023,3,tmp,CRU-CY4.08,CRU-CY4.10,16.1,16.1,0.0
2023,4,tmp,CRU-CY4.08,CRU-CY4.10,18.3,18.3,0.0
2023,5,tmp,CRU-CY4.08,CRU-CY4.10,21.0,21.0,0.0
2023,6,tmp,CRU-CY4.08,CRU-CY4.10,24.1,24.3,0.1999999999999993
2023,7,tmp,CRU-CY4.08,CRU-CY4.10,27.4,27.5,0.10000000000000142
2023,8,tmp,CRU-CY4.08,CRU-CY4.10,27.9,28.2,0.3000000000000007
2023,9,tmp,CRU-CY4.08,CRU-CY4.10,26.3,26.4,0.09999999999999787
2023,10,tmp,CRU-CY4.08,CRU-CY4.10,23.4,23.4,0.0
2023,11,tmp,CRU-CY4.08,CRU-CY4.10,20.1,20.1,0.0
2023,12,tmp,CRU-CY4.08,CRU-CY4.10,16.5,16.5,0.0
1901,1,tmx,CRU-CY4.08,CRU-CY4.10,15.8,15.6,-0.20000000000000107
1901,2,tmx,CRU-CY4.08,CRU-CY4.10,20.9,20.3,-0.5999999999999979
1901,3,tmx,CRU-CY4.08,CRU-CY4.10,21.9,21.3,-0.5999999999999979
1901,4,tmx,CRU-CY4.08,CRU-CY4.10,24.8,24.2,-0.6000000000000014
1901,5,tmx,CRU-CY4.08,CRU-CY4.10,25.5,25.2,-0.3000000000000007
1901,6,tmx,CRU-CY4.08,CRU-CY4.10,30.0,29.3,-0.6999999999999993
1901,7,tmx,CRU-CY4.08,CRU-CY4.10,31.0,30.7,-0.3000000000000007
1901,8,tmx,CRU-CY4.08,CRU-CY4.10,31.3,30.9,-0.40000000000000213
1901,9,tmx,CRU-CY4.08,CRU-CY4.10,29.5,29.1,-0.3999999999999986
1901,10,tmx,CRU-CY4.08,CRU-CY4.10,27.6,27.2,-0.40000000000000213
1901,11,tmx,CRU-CY4.08,CRU-CY4.10,22.4,22.1,-0.29999999999999716
1901,12,tmx,CRU-CY4.08,CRU-CY4.10,19.0,18.6,-0.3999999999999986
1902,1,tmx,CRU-CY4.08,CRU-CY4.10,15.5,15.5,0.0
1902,2,tmx,CRU-CY4.08,CRU-CY4.10,19.0,19.0,0.0
1902,3,tmx,CRU-CY4.08,CRU-CY4.10,18.8,18.8,0.0
1902,4,tmx,CRU-CY4.08,CRU-CY4.10,22.7,22.7,0.0
1902,5,tmx,CRU-CY4.08,CRU-CY4.10,25.8,25.8,0.0
1902,6,tmx,CRU-CY4.08,CRU-CY4.10,27.2,27.2,0.0
1902,7,tmx,CRU-CY4.08,CRU-CY4.10,29.5,29.5,0.0
1902,8,tmx,CRU-CY4.08,CRU-CY4.10,29.9,29.9,0.0
1902,9,tmx,CRU-CY4.08,CRU-CY4.10,29.4,29.4,0.0
1902,10,tmx,CRU-CY4.08,CRU-CY4.10,27.1,27.1,0.0
1902,11,tmx,CRU-CY4.08,CRU-CY4.10,21.5,21.5,0.0
1902,12,tmx,CRU-CY4.08,CRU-CY4.10,16.6,16.6,0.0
1903,1,tmx,CRU-CY4.08,CRU-CY4.10,14.5,14.5,0.0
1903,2,tmx,CRU-CY4.08,CRU-CY4.10,14.9,14.9,0.0
1903,3,tmx,CRU-CY4.08,CRU-CY4.10,18.4,18.4,0.0
1903,4,tmx,CRU-CY4.08,CRU-CY4.10,22.7,22.6,-0.09999999999999787
1903,5,tmx,CRU-CY4.08,CRU-CY4.10,26.3,26.3,0.0
1903,6,tmx,CRU-CY4.08,CRU-CY4.10,27.3,27.3,0.0
1903,7,tmx,CRU-CY4.08,CRU-CY4.10,28.4,28.4,0.0
1903,8,tmx,CRU-CY4.08,CRU-CY4.10,29.5,29.5,0.0
1903,9,tmx,CRU-CY4.08,CRU-CY4.10,27.2,27.2,0.0
1903,10,tmx,CRU-CY4.08,CRU-CY4.10,24.9,24.9,0.0
1903,11,tmx,CRU-CY4.08,CRU-CY4.10,20.4,20.4,0.0
1903,12,tmx,CRU-CY4.08,CRU-CY4.10,17.4,17.4,0.0
1904,1,tmx,CRU-CY4.08,CRU-CY4.10,15.4,15.4,0.0
1904,2,tmx,CRU-CY4.08,CRU-CY4.10,17.4,17.4,0.0
1904,3,tmx,CRU-CY4.08,CRU-CY4.10,19.1,19.1,0.0
1904,4,tmx,CRU-CY4.08,CRU-CY4.10,21.7,21.7,0.0
1904,5,tmx,CRU-CY4.08,CRU-CY4.10,25.0,25.0,0.0
1904,6,tmx,CRU-CY4.08,CRU-CY4.10,27.6,27.6,0.0
1904,7,tmx,CRU-CY4.08,CRU-CY4.10,29.6,29.6,0.0
1904,8,tmx,CRU-CY4.08,CRU-CY4.10,29.9,29.9,0.0
1904,9,tmx,CRU-CY4.08,CRU-CY4.10,28.5,28.5,0.0
1904,10,tmx,CRU-CY4.08,CRU-CY4.10,27.7,27.7,0.0
1904,11,tmx,CRU-CY4.08,CRU-CY4.10,21.1,21.1,0.0
1904,12,tmx,CRU-CY4.08,CRU-CY4.10,15.8,15.8,0.0
1905,1,tmx,CRU-CY4.08,CRU-CY4.10,14.0,14.0,0.0
1905,2,tmx,CRU-CY4.08,CRU-CY4.10,14.2,14.2,0.0
1905,3,tmx,CRU-CY4.08,CRU-CY4.10,17.6,17.6,0.0
1905,4,tmx,CRU-CY4.08,CRU-CY4.10,22.9,22.9,0.0
1905,5,tmx,CRU-CY4.08,CRU-CY4.10,26.6,26.6,0.0
1905,6,tmx,CRU-CY4.08,CRU-CY4.10,28.3,28.3,0.0
1905,7,tmx,CRU-CY4.08,CRU-CY4.10,30.8,30.8,0.0
1905,8,tmx,CRU-CY4.08,CRU-CY4.10,30.7,30.7,0.0
1905,9,tmx,CRU-CY4.08,CRU-CY4.10,29.6,29.6,0.0
1905,10,tmx,CRU-CY4.08,CRU-CY4.10,28.1,28.1,0.0
1905,11,tmx,CRU-CY4.08,CRU-CY4.10,23.8,23.8,0.0
1905,12,tmx,CRU-CY4.08,CRU-CY4.10,16.4,16.4,0.0
1906,1,tmx,CRU-CY4.08,CRU-CY4.10,15.5,15.5,0.0
1906,2,tmx,CRU-CY4.08,CRU-CY4.10,16.7,16.7,0.0
1906,3,tmx,CRU-CY4.08,CRU-CY4.10,19.2,19.2,0.0
1906,4,tmx,CRU-CY4.08,CRU-CY4.10,23.0,23.0,0.0
1906,5,tmx,CRU-CY4.08,CRU-CY4.10,25.4,25.4,0.0
1906,6,tmx,CRU-CY4.08,CRU-CY4.10,29.0,29.0,0.0
1906,7,tmx,CRU-CY4.08,CRU-CY4.10,30.5,30.5,0.0
1906,8,tmx,CRU-CY4.08,CRU-CY4.10,30.5,30.5,0.0
1906,9,tmx,CRU-CY4.08,CRU-CY4.10,28.4,28.4,0.0
1906,10,tmx,CRU-CY4.08,CRU-CY4.10,26.9,26.9,0.0
1906,11,tmx,CRU-CY4.08,CRU-CY4.10,22.7,22.7,0.0
1906,12,tmx,CRU-CY4.08,CRU-CY4.10,18.9,18.9,0.0
1907,1,tmx,CRU-CY4.08,CRU-CY4.10,15.5,15.5,0.0
1907,2,tmx,CRU-CY4.08,CRU-CY4.10,16.6,16.6,0.0
1907,3,tmx,CRU-CY4.08,CRU-CY4.10,16.9,16.9,0.0
1907,4,tmx,CRU-CY4.08,CRU-CY4.10,22.2,22.2,0.0
1907,5,tmx,CRU-CY4.08,CRU-CY4.10,25.9,25.9,0.0
1907,6,tmx,CRU-CY4.08,CRU-CY4.10,28.4,28.4,0.0
1907,7,tmx,CRU-CY4.08,CRU-CY4.10,30.4,30.4,0.0
1907,8,tmx,CRU-CY4.08,CRU-CY4.10,30.6,30.6,0.0
1907,9,tmx,CRU-CY4.08,CRU-CY4.10,28.2,28.2,0.0
1907,10,tmx,CRU-CY4.08,CRU-CY4.10,26.1,26.1,0.0
1907,11,tmx,CRU-CY4.08,CRU-CY4.10,21.0,21.0,0.0
1907,12,tmx,CRU-CY4.08,CRU-CY4.10,17.5,17.5,0.0
1908,1,tmx,CRU-CY4.08,CRU-CY4.10,15.9,15.9,0.0
1908,2,tmx,CRU-CY4.08,CRU-CY4.10,16.3,16.3,0.0
1908,3,tmx,CRU-CY4.08,CRU-CY4.10,19.2,19.2,0.0
1908,4,tmx,CRU-CY4.08,CRU-CY4.10,23.0,23.0,0.0
1908,5,tmx,CRU-CY4.08,CRU-CY4.10,27.1,27.1,0.0
1908,6,tmx,CRU-CY4.08,CRU-CY4.10,28.8,28.8,0.0
1908,7,tmx,CRU-CY4.08,CRU-CY4.10,29.8,29.8,0.0
1908,8,tmx,CRU-CY4.08,CRU-CY4.10,30.1,30.1,0.0
1908,9,tmx,CRU-CY4.08,CRU-CY4.10,28.5,28.5,0.0
1908,10,tmx,CRU-CY4.08,CRU-CY4.10,26.4,26.4,0.0
1908,11,tmx,CRU-CY4.08,CRU-CY4.10,21.0,21.0,0.0
1908,12,tmx,CRU-CY4.08,CRU-CY4.10,15.8,15.8,0.0
1909,1,tmx,CRU-CY4.08,CRU-CY4.10,15.5,15.5,0.0
1909,2,tmx,CRU-CY4.08,CRU-CY4.10,16.7,16.7,0.0
1909,3,tmx,CRU-CY4.08,CRU-CY4.10,21.0,21.0,0.0
1909,4,tmx,CRU-CY4.08,CRU-CY4.10,21.3,21.3,0.0
1909,5,tmx,CRU-CY4.08,CRU-CY4.10,29.1,29.1,0.0
1909,6,tmx,CRU-CY4.08,CRU-CY4.10,29.4,29.4,0.0
1909,7,tmx,CRU-CY4.08,CRU-CY4.10,31.3,31.3,0.0
1909,8,tmx,CRU-CY4.08,CRU-CY4.10,31.5,31.5,0.0
1909,9,tmx,CRU-CY4.08,CRU-CY4.10,29.6,29.6,0.0
1909,10,tmx,CRU-CY4.08,CRU-CY4.10,27.0,27.0,0.0
1909,11,tmx,CRU-CY4.08,CRU-CY4.10,23.3,23.3,0.0
1909,12,tmx,CRU-CY4.08,CRU-CY4.10,19.2,19.2,0.0
1910,1,tmx,CRU-CY4.08,CRU-CY4.10,15.4,15.4,0.0
1910,2,tmx,CRU-CY4.08,CRU-CY4.10,17.4,17.4,0.0
1910,3,tmx,CRU-CY4.08,CRU-CY4.10,16.6,16.6,0.0
1910,4,tmx,CRU-CY4.08,CRU-CY4.10,24.0,24.0,0.0
1910,5,tmx,CRU-CY4.08,CRU-CY4.10,26.5,26.5,0.0
1910,6,tmx,CRU-CY4.08,CRU-CY4.10,28.3,28.3,0.0
1910,7,tmx,CRU-CY4.08,CRU-CY4.10,30.5,30.5,0.0
1910,8,tmx,CRU-CY4.08,CRU-CY4.10,31.1,31.1,0.0
1910,9,tmx,CRU-CY4.08,CRU-CY4.10,29.1,29.1,0.0
1910,10,tmx,CRU-CY4.08,CRU-CY4.10,25.5,25.5,0.0
1910,11,tmx,CRU-CY4.08,CRU-CY4.10,21.5,21.5,0.0
1910,12,tmx,CRU-CY4.08,CRU-CY4.10,16.4,16.4,0.0
1911,1,tmx,CRU-CY4.08,CRU-CY4.10,15.0,15.0,0.0
1911,2,tmx,CRU-CY4.08,CRU-CY4.10,14.5,14.5,0.0
1911,3,tmx,CRU-CY4.08,CRU-CY4.10,18.0,18.0,0.0
1911,4,tmx,CRU-CY4.08,CRU-CY4.10,22.5,22.5,0.0
1911,5,tmx,CRU-CY4.08,CRU-CY4.10,26.4,26.4,0.0
1911,6,tmx,CRU-CY4.08,CRU-CY4.10,28.4,28.4,0.0
1911,7,tmx,CRU-CY4.08,CRU-CY4.10,30.2,30.2,0.0
1911,8,tmx,CRU-CY4.08,CRU-CY4.10,30.5,30.5,0.0
1911,9,tmx,CRU-CY4.08,CRU-CY4.10,28.5,28.5,0.0
1911,10,tmx,CRU-CY4.08,CRU-CY4.10,26.9,26.9,0.0
1911,11,tmx,CRU-CY4.08,CRU-CY4.10,22.6,22.6,0.0
1911,12,tmx,CRU-CY4.08,CRU-CY4.10,17.7,17.7,0.0
1912,1,tmx,CRU-CY4.08,CRU-CY4.10,15.3,15.3,0.0
1912,2,tmx,CRU-CY4.08,CRU-CY4.10,17.7,17.7,0.0
1912,3,tmx,CRU-CY4.08,CRU-CY4.10,19.0,19.0,0.0
1912,4,tmx,CRU-CY4.08,CRU-CY4.10,22.8,22.8,0.0
1912,5,tmx,CRU-CY4.08,CRU-CY4.10,24.8,24.8,0.0
1912,6,tmx,CRU-CY4.08,CRU-CY4.10,28.5,28.5,0.0
1912,7,tmx,CRU-CY4.08,CRU-CY4.10,29.8,29.8,0.0
1912,8,tmx,CRU-CY4.08,CRU-CY4.10,30.4,30.4,0.0
1912,9,tmx,CRU-CY4.08,CRU-CY4.10,28.7,28.7,0.0
1912,10,tmx,CRU-CY4.08,CRU-CY4.10,26.9,26.9,0.0
1912,11,tmx,CRU-CY4.08,CRU-CY4.10,22.2,22.2,0.0
1912,12,tmx,CRU-CY4.08,CRU-CY4.10,16.9,16.9,0.0
1913,1,tmx,CRU-CY4.08,CRU-CY4.10,16.0,16.0,0.0
1913,2,tmx,CRU-CY4.08,CRU-CY4.10,16.4,16.4,0.0
1913,3,tmx,CRU-CY4.08,CRU-CY4.10,18.2,18.2,0.0
1913,4,tmx,CRU-CY4.08,CRU-CY4.10,23.3,23.3,0.0
1913,5,tmx,CRU-CY4.08,CRU-CY4.10,25.6,25.6,0.0
1913,6,tmx,CRU-CY4.08,CRU-CY4.10,27.9,27.9,0.0
1913,7,tmx,CRU-CY4.08,CRU-CY4.10,30.1,30.1,0.0
1913,8,tmx,CRU-CY4.08,CRU-CY4.10,30.5,30.5,0.0
1913,9,tmx,CRU-CY4.08,CRU-CY4.10,29.6,29.6,0.0
1913,10,tmx,CRU-CY4.08,CRU-CY4.10,27.4,27.4,0.0
1913,11,tmx,CRU-CY4.08,CRU-CY4.10,21.5,21.5,0.0
1913,12,tmx,CRU-CY4.08,CRU-CY4.10,16.7,16.7,0.0
1914,1,tmx,CRU-CY4.08,CRU-CY4.10,15.8,15.8,0.0
1914,2,tmx,CRU-CY4.08,CRU-CY4.10,16.9,16.9,0.0
1914,3,tmx,CRU-CY4.08,CRU-CY4.10,20.4,20.4,0.0
1914,4,tmx,CRU-CY4.08,CRU-CY4.10,21.1,21.1,0.0
1914,5,tmx,CRU-CY4.08,CRU-CY4.10,26.9,26.9,0.0
1914,6,tmx,CRU-CY4.08,CRU-CY4.10,29.2,29.2,0.0
1914,7,tmx,CRU-CY4.08,CRU-CY4.10,30.7,30.7,0.0
1914,8,tmx,CRU-CY4.08,CRU-CY4.10,31.6,31.6,0.0
1914,9,tmx,CRU-CY4.08,CRU-CY4.10,29.5,29.5,0.0
1914,10,tmx,CRU-CY4.08,CRU-CY4.10,26.5,26.5,0.0
1914,11,tmx,CRU-CY4.08,CRU-CY4.10,22.8,22.8,0.0
1914,12,tmx,CRU-CY4.08,CRU-CY4.10,18.0,18.0,0.0
1915,1,tmx,CRU-CY4.08,CRU-CY4.10,17.7,17.7,0.0
1915,2,tmx,CRU-CY4.08,CRU-CY4.10,18.3,18.3,0.0
1915,3,tmx,CRU-CY4.08,CRU-CY4.10,20.2,20.1,-0.09999999999999787
1915,4,tmx,CRU-CY4.08,CRU-CY4.10,23.0,23.0,0.0
1915,5,tmx,CRU-CY4.08,CRU-CY4.10,26.4,26.4,0.0
1915,6,tmx,CRU-CY4.08,CRU-CY4.10,30.4,30.4,0.0
1915,7,tmx,CRU-CY4.08,CRU-CY4.10,31.5,31.5,0.0
1915,8,tmx,CRU-CY4.08,CRU-CY4.10,31.5,31.5,0.0
1915,9,tmx,CRU-CY4.08,CRU-CY4.10,29.4,29.4,0.0
1915,10,tmx,CRU-CY4.08,CRU-CY4.10,27.9,27.9,0.0
1915,11,tmx,CRU-CY4.08,CRU-CY4.10,23.3,23.3,0.0
1915,12,tmx,CRU-CY4.08,CRU-CY4.10,19.4,19.4,0.0
1916,1,tmx,CRU-CY4.08,CRU-CY4.10,15.2,15.2,0.0
1916,2,tmx,CRU-CY4.08,CRU-CY4.10,17.7,17.7,0.0
1916,3,tmx,CRU-CY4.08,CRU-CY4.10,21.4,21.4,0.0
1916,4,tmx,CRU-CY4.08,CRU-CY4.10,23.9,23.9,0.0
1916,5,tmx,CRU-CY4.08,CRU-CY4.10,28.1,28.1,0.0
1916,6,tmx,CRU-CY4.08,CRU-CY4.10,31.7,31.7,0.0
1916,7,tmx,CRU-CY4.08,CRU-CY4.10,33.7,33.1,-0.6000000000000014
1916,8,tmx,CRU-CY4.08,CRU-CY4.10,31.8,31.3,-0.5
1916,9,tmx,CRU-CY4.08,CRU-CY4.10,30.0,29.6,-0.3999999999999986
1916,10,tmx,CRU-CY4.08,CRU-CY4.10,26.7,26.3,-0.3999999999999986
1916,11,tmx,CRU-CY4.08,CRU-CY4.10,25.5,25.1,-0.3999999999999986
1916,12,tmx,CRU-CY4.08,CRU-CY4.10,20.5,20.1,-0.3999999999999986
1917,1,tmx,CRU-CY4.08,CRU-CY4.10,17.9,17.6,-0.29999999999999716
1917,2,tmx,CRU-CY4.08,CRU-CY4.10,18.5,18.2,-0.3000000000000007
1917,3,tmx,CRU-CY4.08,CRU-CY4.10,22.3,21.6,-0.6999999999999993
1917,4,tmx,CRU-CY4.08,CRU-CY4.10,24.9,24.6,-0.29999999999999716
1917,5,tmx,CRU-CY4.08,CRU-CY4.10,27.0,26.2,-0.8000000000000007
1917,6,tmx,CRU-CY4.08,CRU-CY4.10,30.2,29.3,-0.8999999999999986
1917,7,tmx,CRU-CY4.08,CRU-CY4.10,30.5,30.5,0.0
1917,8,tmx,CRU-CY4.08,CRU-CY4.10,32.9,32.0,-0.8999999999999986
1917,9,tmx,CRU-CY4.08,CRU-CY4.10,30.6,29.8,-0.8000000000000007
1917,10,tmx,CRU-CY4.08,CRU-CY4.10,27.3,26.7,-0.6000000000000014
1917,11,tmx,CRU-CY4.08,CRU-CY4.10,25.0,25.0,0.0
1917,12,tmx,CRU-CY4.08,CRU-CY4.10,17.7,17.7,0.0
1918,1,tmx,CRU-CY4.08,CRU-CY4.10,15.6,15.6,0.0
1918,2,tmx,CRU-CY4.08,CRU-CY4.10,16.5,16.5,0.0
1918,3,tmx,CRU-CY4.08,CRU-CY4.10,19.2,19.2,0.0
1918,4,tmx,CRU-CY4.08,CRU-CY4.10,23.4,23.4,0.0
1918,5,tmx,CRU-CY4.08,CRU-CY4.10,26.4,26.4,0.0
1918,6,tmx,CRU-CY4.08,CRU-CY4.10,28.7,28.7,0.0
1918,7,tmx,CRU-CY4.08,CRU-CY4.10,31.4,31.4,0.0
1918,8,tmx,CRU-CY4.08,CRU-CY4.10,30.6,30.6,0.0
1918,9,tmx,CRU-CY4.08,CRU-CY4.10,30.1,30.1,0.0
1918,10,tmx,CRU-CY4.08,CRU-CY4.10,29.2,29.2,0.0
1918,11,tmx,CRU-CY4.08,CRU-CY4.10,24.7,24.7,0.0
1918,12,tmx,CRU-CY4.08,CRU-CY4.10,17.8,17.8,0.0
1919,1,tmx,CRU-CY4.08,CRU-CY4.10,17.9,17.9,0.0
1919,2,tmx,CRU-CY4.08,CRU-CY4.10,19.2,19.2,0.0
1919,3,tmx,CRU-CY4.08,CRU-CY4.10,21.6,21.6,0.0
1919,4,tmx,CRU-CY4.08,CRU-CY4.10,22.9,22.9,0.0
1919,5,tmx,CRU-CY4.08,CRU-CY4.10,24.9,24.9,0.0
1919,6,tmx,CRU-CY4.08,CRU-CY4.10,27.8,27.8,0.0
1919,7,tmx,CRU-CY4.08,CRU-CY4.10,31.0,31.0,0.0
1919,8,tmx,CRU-CY4.08,CRU-CY4.10,30.2,30.2,0.0
1919,9,tmx,CRU-CY4.08,CRU-CY4.10,30.0,30.0,0.0
1919,10,tmx,CRU-CY4.08,CRU-CY4.10,28.8,28.8,0.0
1919,11,tmx,CRU-CY4.08,CRU-CY4.10,24.5,24.5,0.0
1919,12,tmx,CRU-CY4.08,CRU-CY4.10,17.6,17.6,0.0
1920,1,tmx,CRU-CY4.08,CRU-CY4.10,16.3,16.3,0.0
1920,2,tmx,CRU-CY4.08,CRU-CY4.10,14.6,14.6,0.0
1920,3,tmx,CRU-CY4.08,CRU-CY4.10,19.0,19.0,0.0
1920,4,tmx,CRU-CY4.08,CRU-CY4.10,24.2,24.2,0.0
1920,5,tmx,CRU-CY4.08,CRU-CY4.10,26.5,26.5,0.0
1920,6,tmx,CRU-CY4.08,CRU-CY4.10,29.4,29.4,0.0
1920,7,tmx,CRU-CY4.08,CRU-CY4.10,31.0,31.0,0.0
1920,8,tmx,CRU-CY4.08,CRU-CY4.10,32.2,32.2,0.0
1920,9,tmx,CRU-CY4.08,CRU-CY4.10,29.3,29.3,0.0
1920,10,tmx,CRU-CY4.08,CRU-CY4.10,27.3,27.3,0.0
1920,11,tmx,CRU-CY4.08,CRU-CY4.10,21.9,21.9,0.0
1920,12,tmx,CRU-CY4.08,CRU-CY4.10,17.1,17.1,0.0
1921,1,tmx,CRU-CY4.08,CRU-CY4.10,16.1,16.1,0.0
1921,2,tmx,CRU-CY4.08,CRU-CY4.10,16.0,16.0,0.0
1921,3,tmx,CRU-CY4.08,CRU-CY4.10,17.7,17.7,0.0
1921,4,tmx,CRU-CY4.08,CRU-CY4.10,23.6,23.6,0.0
1921,5,tmx,CRU-CY4.08,CRU-CY4.10,26.1,26.1,0.0
1921,6,tmx,CRU-CY4.08,CRU-CY4.10,28.7,28.7,0.0
1921,7,tmx,CRU-CY4.08,CRU-CY4.10,31.3,31.3,0.0
1921,8,tmx,CRU-CY4.08,CRU-CY4.10,32.2,32.2,0.0
1921,9,tmx,CRU-CY4.08,CRU-CY4.10,28.9,28.9,0.0
1921,10,tmx,CRU-CY4.08,CRU-CY4.10,26.4,26.4,0.0
1921,11,tmx,CRU-CY4.08,CRU-CY4.10,22.5,22.5,0.0
1921,12,tmx,CRU-CY4.08,CRU-CY4.10,17.5,17.5,0.0
1922,1,tmx,CRU-CY4.08,CRU-CY4.10,16.4,16.4,0.0
1922,2,tmx,CRU-CY4.08,CRU-CY4.10,17.2,17.2,0.0
1922,3,tmx,CRU-CY4.08,CRU-CY4.10,19.9,19.9,0.0
1922,4,tmx,CRU-CY4.08,CRU-CY4.10,23.6,23.6,0.0
1922,5,tmx,CRU-CY4.08,CRU-CY4.10,26.4,26.4,0.0
1922,6,tmx,CRU-CY4.08,CRU-CY4.10,28.7,28.7,0.0
1922,7,tmx,CRU-CY4.08,CRU-CY4.10,31.5,31.5,0.0
1922,8,tmx,CRU-CY4.08,CRU-CY4.10,31.6,31.6,0.0
1922,9,tmx,CRU-CY4.08,CRU-CY4.10,30.2,30.2,0.0
1922,10,tmx,CRU-CY4.08,CRU-CY4.10,28.5,28.5,0.0
1922,11,tmx,CRU-CY4.08,CRU-CY4.10,24.5,24.5,0.0
1922,12,tmx,CRU-CY4.08,CRU-CY4.10,16.9,16.9,0.0
1923,1,tmx,CRU-CY4.08,CRU-CY4.10,17.4,17.0,-0.3999999999999986
1923,2,tmx,CRU-CY4.08,CRU-CY4.10,17.3,17.0,-0.3000000000000007
1923,3,tmx,CRU-CY4.08,CRU-CY4.10,21.2,21.0,-0.1999999999999993
1923,4,tmx,CRU-CY4.08,CRU-CY4.10,24.0,24.0,0.0
1923,5,tmx,CRU-CY4.08,CRU-CY4.10,28.8,28.5,-0.3000000000000007
1923,6,tmx,CRU-CY4.08,CRU-CY4.10,32.0,32.0,0.0
1923,7,tmx,CRU-CY4.08,CRU-CY4.10,31.3,31.3,0.0
1923,8,tmx,CRU-CY4.08,CRU-CY4.10,31.7,31.6,-0.09999999999999787
1923,9,tmx,CRU-CY4.08,CRU-CY4.10,31.2,30.7,-0.5
1923,10,tmx,CRU-CY4.08,CRU-CY4.10,27.8,27.3,-0.5
1923,11,tmx,CRU-CY4.08,CRU-CY4.10,25.0,24.6,-0.3999999999999986
1923,12,tmx,CRU-CY4.08,CRU-CY4.10,19.4,18.9,-0.5
1924,1,tmx,CRU-CY4.08,CRU-CY4.10,16.3,15.9,-0.40000000000000036
1924,2,tmx,CRU-CY4.08,CRU-CY4.10,18.2,17.6,-0.5999999999999979
1924,3,tmx,CRU-CY4.08,CRU-CY4.10,21.3,20.9,-0.40000000000000213
1924,4,tmx,CRU-CY4.08,CRU-CY4.10,25.8,25.9,0.09999999999999787
1924,5,tmx,CRU-CY4.08,CRU-CY4.10,27.1,27.2,0.09999999999999787
1924,6,tmx,CRU-CY4.08,CRU-CY4.10,31.5,31.3,-0.1999999999999993
1924,7,tmx,CRU-CY4.08,CRU-CY4.10,33.1,32.9,-0.20000000000000284
1924,8,tmx,CRU-CY4.08,CRU-CY4.10,32.4,32.2,-0.19999999999999574
1924,9,tmx,CRU-CY4.08,CRU-CY4.10,31.2,30.9,-0.3000000000000007
1924,10,tmx,CRU-CY4.08,CRU-CY4.10,27.7,27.1,-0.5999999999999979
1924,11,tmx,CRU-CY4.08,CRU-CY4.10,22.6,22.0,-0.6000000000000014
1924,12,tmx,CRU-CY4.08,CRU-CY4.10,18.2,17.8,-0.3999999999999986
1925,1,tmx,CRU-CY4.08,CRU-CY4.10,14.6,14.3,-0.29999999999999893
1925,2,tmx,CRU-CY4.08,CRU-CY4.10,17.7,17.2,-0.5
1925,3,tmx,CRU-CY4.08,CRU-CY4.10,24.0,23.1,-0.8999999999999986
1925,4,tmx,CRU-CY4.08,CRU-CY4.10,23.2,22.8,-0.3999999999999986
1925,5,tmx,CRU-CY4.08,CRU-CY4.10,29.0,28.1,-0.8999999999999986
1925,6,tmx,CRU-CY4.08,CRU-CY4.10,30.5,29.7,-0.8000000000000007
1925,7,tmx,CRU-CY4.08,CRU-CY4.10,32.9,32.0,-0.8999999999999986
1925,8,tmx,CRU-CY4.08,CRU-CY4.10,32.7,32.0,-0.7000000000000028
1925,9,tmx,CRU-CY4.08,CRU-CY4.10,32.3,31.4,-0.8999999999999986
1925,10,tmx,CRU-CY4.08,CRU-CY4.10,29.9,29.0,-0.8999999999999986
1925,11,tmx,CRU-CY4.08,CRU-CY4.10,25.6,25.0,-0.6000000000000014
1925,12,tmx,CRU-CY4.08,CRU-CY4.10,20.9,20.3,-0.5999999999999979
1926,1,tmx,CRU-CY4.08,CRU-CY4.10,17.3,17.0,-0.3000000000000007
1926,2,tmx,CRU-CY4.08,CRU-CY4.10,17.6,17.4,-0.20000000000000284
1926,3,tmx,CRU-CY4.08,CRU-CY4.10,19.4,19.1,-0.29999999999999716
1926,4,tmx,CRU-CY4.08,CRU-CY4.10,25.6,25.1,-0.5
1926,5,tmx,CRU-CY4.08,CRU-CY4.10,29.7,29.1,-0.5999999999999979
1926,6,tmx,CRU-CY4.08,CRU-CY4.10,32.4,31.6,-0.7999999999999972
1926,7,tmx,CRU-CY4.08,CRU-CY4.10,31.6,30.9,-0.7000000000000028
1926,8,tmx,CRU-CY4.08,CRU-CY4.10,31.0,30.3,-0.6999999999999993
1926,9,tmx,CRU-CY4.08,CRU-CY4.10,29.8,29.0,-0.8000000000000007
1926,10,tmx,CRU-CY4.08,CRU-CY4.10,29.3,28.4,-0.9000000000000021
1926,11,tmx,CRU-CY4.08,CRU-CY4.10,25.2,24.4,-0.8000000000000007
1926,12,tmx,CRU-CY4.08,CRU-CY4.10,19.9,19.3,-0.5999999999999979
1927,1,tmx,CRU-CY4.08,CRU-CY4.10,18.1,17.5,-0.6000000000000014
1927,2,tmx,CRU-CY4.08,CRU-CY4.10,15.2,14.9,-0.29999999999999893
1927,3,tmx,CRU-CY4.08,CRU-CY4.10,22.7,21.6,-1.0999999999999979
1927,4,tmx,CRU-CY4.08,CRU-CY4.10,24.2,23.5,-0.6999999999999993
1927,5,tmx,CRU-CY4.08,CRU-CY4.10,30.8,29.6,-1.1999999999999993
1927,6,tmx,CRU-CY4.08,CRU-CY4.10,32.0,30.9,-1.1000000000000014
1927,7,tmx,CRU-CY4.08,CRU-CY4.10,31.7,31.7,0.0
1927,8,tmx,CRU-CY4.08,CRU-CY4.10,31.4,31.4,0.0
1927,9,tmx,CRU-CY4.08,CRU-CY4.10,30.4,30.4,0.0
1927,10,tmx,CRU-CY4.08,CRU-CY4.10,31.6,30.5,-1.1000000000000014
1927,11,tmx,CRU-CY4.08,CRU-CY4.10,25.7,25.0,-0.6999999999999993
1927,12,tmx,CRU-CY4.08,CRU-CY4.10,20.6,19.8,-0.8000000000000007
1928,1,tmx,CRU-CY4.08,CRU-CY4.10,18.0,17.4,-0.6000000000000014
1928,2,tmx,CRU-CY4.08,CRU-CY4.10,15.7,15.2,-0.5
1928,3,tmx,CRU-CY4.08,CRU-CY4.10,19.7,19.5,-0.1999999999999993
1928,4,tmx,CRU-CY4.08,CRU-CY4.10,28.1,27.8,-0.3000000000000007
1928,5,tmx,CRU-CY4.08,CRU-CY4.10,31.0,30.8,-0.1999999999999993
1928,6,tmx,CRU-CY4.08,CRU-CY4.10,31.4,31.1,-0.29999999999999716
1928,7,tmx,CRU-CY4.08,CRU-CY4.10,33.2,32.9,-0.30000000000000426
1928,8,tmx,CRU-CY4.08,CRU-CY4.10,34.0,33.8,-0.20000000000000284
1928,9,tmx,CRU-CY4.08,CRU-CY4.10,31.6,31.3,-0.3000000000000007
1928,10,tmx,CRU-CY4.08,CRU-CY4.10,28.0,27.5,-0.5
1928,11,tmx,CRU-CY4.08,CRU-CY4.10,24.2,23.6,-0.5999999999999979
1928,12,tmx,CRU-CY4.08,CRU-CY4.10,19.1,18.7,-0.40000000000000213
1929,1,tmx,CRU-CY4.08,CRU-CY4.10,15.6,15.4,-0.1999999999999993
1929,2,tmx,CRU-CY4.08,CRU-CY4.10,16.0,15.7,-0.3000000000000007
1929,3,tmx,CRU-CY4.08,CRU-CY4.10,18.5,18.4,-0.10000000000000142
1929,4,tmx,CRU-CY4.08,CRU-CY4.10,24.9,24.6,-0.29999999999999716
1929,5,tmx,CRU-CY4.08,CRU-CY4.10,31.1,31.0,-0.10000000000000142
1929,6,tmx,CRU-CY4.08,CRU-CY4.10,31.0,30.7,-0.3000000000000007
1929,7,tmx,CRU-CY4.08,CRU-CY4.10,31.9,31.8,-0.09999999999999787
1929,8,tmx,CRU-CY4.08,CRU-CY4.10,33.1,33.1,0.0
1929,9,tmx,CRU-CY4.08,CRU-CY4.10,31.6,31.4,-0.20000000000000284
1929,10,tmx,CRU-CY4.08,CRU-CY4.10,28.2,28.1,-0.09999999999999787
1929,11,tmx,CRU-CY4.08,CRU-CY4.10,25.6,25.2,-0.40000000000000213
1929,12,tmx,CRU-CY4.08,CRU-CY4.10,17.9,17.5,-0.3999999999999986
1930,1,tmx,CRU-CY4.08,CRU-CY4.10,17.4,16.8,-0.5999999999999979
1930,2,tmx,CRU-CY4.08,CRU-CY4.10,18.4,17.9,-0.5
1930,3,tmx,CRU-CY4.08,CRU-CY4.10,22.8,21.6,-1.1999999999999993
1930,4,tmx,CRU-CY4.08,CRU-CY4.10,26.2,25.3,-0.8999999999999986
1930,5,tmx,CRU-CY4.08,CRU-CY4.10,28.8,27.8,-1.0
1930,6,tmx,CRU-CY4.08,CRU-CY4.10,31.4,30.4,-1.0
1930,7,tmx,CRU-CY4.08,CRU-CY4.10,32.9,32.1,-0.7999999999999972
1930,8,tmx,CRU-CY4.08,CRU-CY4.10,34.0,33.0,-1.0
1930,9,tmx,CRU-CY4.08,CRU-CY4.10,32.1,31.1,-1.0
1930,10,tmx,CRU-CY4.08,CRU-CY4.10,29.3,28.3,-1.0
1930,11,tmx,CRU-CY4.08,CRU-CY4.10,24.5,23.7,-0.8000000000000007
1930,12,tmx,CRU-CY4.08,CRU-CY4.10,21.7,20.9,-0.8000000000000007
1931,1,tmx,CRU-CY4.08,CRU-CY4.10,17.0,17.1,0.10000000000000142
1931,2,tmx,CRU-CY4.08,CRU-CY4.10,18.6,17.9,-0.7000000000000028
1931,3,tmx,CRU-CY4.08,CRU-CY4.10,22.1,21.2,-0.9000000000000021
1931,4,tmx,CRU-CY4.08,CRU-CY4.10,25.3,24.4,-0.9000000000000021
1931,5,tmx,CRU-CY4.08,CRU-CY4.10,28.6,27.8,-0.8000000000000007
1931,6,tmx,CRU-CY4.08,CRU-CY4.10,30.5,29.8,-0.6999999999999993
1931,7,tmx,CRU-CY4.08,CRU-CY4.10,32.9,32.2,-0.6999999999999957
1931,8,tmx,CRU-CY4.08,CRU-CY4.10,33.6,32.9,-0.7000000000000028
1931,9,tmx,CRU-CY4.08,CRU-CY4.10,32.4,31.7,-0.6999999999999993
1931,10,tmx,CRU-CY4.08,CRU-CY4.10,29.7,28.8,-0.8999999999999986
1931,11,tmx,CRU-CY4.08,CRU-CY4.10,22.8,22.1,-0.6999999999999993
1931,12,tmx,CRU-CY4.08,CRU-CY4.10,18.2,17.5,-0.6999999999999993
1932,1,tmx,CRU-CY4.08,CRU-CY4.10,16.2,15.8,-0.3999999999999986
1932,2,tmx,CRU-CY4.08,CRU-CY4.10,18.0,17.4,-0.6000000000000014
1932,3,tmx,CRU-CY4.08,CRU-CY4.10,21.5,20.8,-0.6999999999999993
1932,4,tmx,CRU-CY4.08,CRU-CY4.10,25.0,24.1,-0.8999999999999986
1932,5,tmx,CRU-CY4.08,CRU-CY4.10,27.9,27.2,-0.6999999999999993
1932,6,tmx,CRU-CY4.08,CRU-CY4.10,31.9,31.2,-0.6999999999999993
1932,7,tmx,CRU-CY4.08,CRU-CY4.10,32.9,32.3,-0.6000000000000014
1932,8,tmx,CRU-CY4.08,CRU-CY4.10,33.5,32.9,-0.6000000000000014
1932,9,tmx,CRU-CY4.08,CRU-CY4.10,30.3,30.3,0.0
1932,10,tmx,CRU-CY4.08,CRU-CY4.10,30.1,30.1,0.0
1932,11,tmx,CRU-CY4.08,CRU-CY4.10,24.0,23.4,-0.6000000000000014
1932,12,tmx,CRU-CY4.08,CRU-CY4.10,18.3,17.7,-0.6000000000000014
1933,1,tmx,CRU-CY4.08,CRU-CY4.10,16.1,15.6,-0.5000000000000018
1933,2,tmx,CRU-CY4.08,CRU-CY4.10,17.9,17.9,0.0
1933,3,tmx,CRU-CY4.08,CRU-CY4.10,18.9,18.9,0.0
1933,4,tmx,CRU-CY4.08,CRU-CY4.10,21.0,21.0,0.0
1933,5,tmx,CRU-CY4.08,CRU-CY4.10,26.2,26.2,0.0
1933,6,tmx,CRU-CY4.08,CRU-CY4.10,30.9,30.1,-0.7999999999999972
1933,7,tmx,CRU-CY4.08,CRU-CY4.10,31.1,30.4,-0.7000000000000028
1933,8,tmx,CRU-CY4.08,CRU-CY4.10,31.8,31.1,-0.6999999999999993
1933,9,tmx,CRU-CY4.08,CRU-CY4.10,29.1,28.6,-0.5
1933,10,tmx,CRU-CY4.08,CRU-CY4.10,27.4,26.7,-0.6999999999999993
1933,11,tmx,CRU-CY4.08,CRU-CY4.10,26.1,26.2,0.09999999999999787
1933,12,tmx,CRU-CY4.08,CRU-CY4.10,18.0,18.1,0.10000000000000142
1934,1,tmx,CRU-CY4.08,CRU-CY4.10,16.8,16.2,-0.6000000000000014
1934,2,tmx,CRU-CY4.08,CRU-CY4.10,16.1,15.5,-0.6000000000000014
1934,3,tmx,CRU-CY4.08,CRU-CY4.10,22.8,21.9,-0.9000000000000021
1934,4,tmx,CRU-CY4.08,CRU-CY4.10,26.5,25.6,-0.8999999999999986
1934,5,tmx,CRU-CY4.08,CRU-CY4.10,28.6,27.9,-0.7000000000000028
1934,6,tmx,CRU-CY4.08,CRU-CY4.10,29.8,29.8,0.0
1934,7,tmx,CRU-CY4.08,CRU-CY4.10,32.2,31.6,-0.6000000000000014
1934,8,tmx,CRU-CY4.08,CRU-CY4.10,32.4,31.9,-0.5
1934,9,tmx,CRU-CY4.08,CRU-CY4.10,30.1,29.7,-0.40000000000000213
1934,10,tmx,CRU-CY4.08,CRU-CY4.10,28.8,28.0,-0.8000000000000007
1934,11,tmx,CRU-CY4.08,CRU-CY4.10,24.1,24.1,0.0
1934,12,tmx,CRU-CY4.08,CRU-CY4.10,18.6,18.2,-0.40000000000000213
1935,1,tmx,CRU-CY4.08,CRU-CY4.10,17.7,17.1,-0.5999999999999979
1935,2,tmx,CRU-CY4.08,CRU-CY4.10,18.1,17.6,-0.5
1935,3,tmx,CRU-CY4.08,CRU-CY4.10,21.8,21.0,-0.8000000000000007
1935,4,tmx,CRU-CY4.08,CRU-CY4.10,25.3,24.4,-0.9000000000000021
1935,5,tmx,CRU-CY4.08,CRU-CY4.10,31.1,30.5,-0.6000000000000014
1935,6,tmx,CRU-CY4.08,CRU-CY4.10,32.1,31.8,-0.3000000000000007
1935,7,tmx,CRU-CY4.08,CRU-CY4.10,32.0,31.4,-0.6000000000000014
1935,8,tmx,CRU-CY4.08,CRU-CY4.10,33.0,32.3,-0.7000000000000028
1935,9,tmx,CRU-CY4.08,CRU-CY4.10,30.5,30.1,-0.3999999999999986
1935,10,tmx,CRU-CY4.08,CRU-CY4.10,28.6,28.1,-0.5
1935,11,tmx,CRU-CY4.08,CRU-CY4.10,21.0,20.6,-0.3999999999999986
1935,12,tmx,CRU-CY4.08,CRU-CY4.10,19.6,19.3,-0.3000000000000007
1936,1,tmx,CRU-CY4.08,CRU-CY4.10,18.7,18.7,0.0
1936,2,tmx,CRU-CY4.08,CRU-CY4.10,19.1,18.9,-0.20000000000000284
1936,3,tmx,CRU-CY4.08,CRU-CY4.10,22.2,22.1,-0.09999999999999787
1936,4,tmx,CRU-CY4.08,CRU-CY4.10,26.1,25.5,-0.6000000000000014
1936,5,tmx,CRU-CY4.08,CRU-CY4.10,27.6,27.5,-0.10000000000000142
1936,6,tmx,CRU-CY4.08,CRU-CY4.10,28.8,28.7,-0.10000000000000142
1936,7,tmx,CRU-CY4.08,CRU-CY4.10,31.8,31.5,-0.3000000000000007
1936,8,tmx,CRU-CY4.08,CRU-CY4.10,32.3,32.2,-0.09999999999999432
1936,9,tmx,CRU-CY4.08,CRU-CY4.10,29.3,29.4,0.09999999999999787
1936,10,tmx,CRU-CY4.08,CRU-CY4.10,30.1,30.0,-0.10000000000000142
1936,11,tmx,CRU-CY4.08,CRU-CY4.10,24.5,24.5,0.0
1936,12,tmx,CRU-CY4.08,CRU-CY4.10,16.2,16.1,-0.09999999999999787
1937,1,tmx,CRU-CY4.08,CRU-CY4.10,14.2,14.2,0.0
1937,2,tmx,CRU-CY4.08,CRU-CY4.10,18.7,18.5,-0.1999999999999993
1937,3,tmx,CRU-CY4.08,CRU-CY4.10,23.0,22.6,-0.3999999999999986
1937,4,tmx,CRU-CY4.08,CRU-CY4.10,25.7,25.5,-0.1999999999999993
1937,5,tmx,CRU-CY4.08,CRU-CY4.10,27.6,27.4,-0.20000000000000284
1937,6,tmx,CRU-CY4.08,CRU-CY4.10,29.8,29.7,-0.10000000000000142
1937,7,tmx,CRU-CY4.08,CRU-CY4.10,31.6,31.4,-0.20000000000000284
1937,8,tmx,CRU-CY4.08,CRU-CY4.10,31.4,31.3,-0.09999999999999787
1937,9,tmx,CRU-CY4.08,CRU-CY4.10,32.2,32.2,0.0
1937,10,tmx,CRU-CY4.08,CRU-CY4.10,28.7,28.7,0.0
1937,11,tmx,CRU-CY4.08,CRU-CY4.10,23.8,23.4,-0.40000000000000213
1937,12,tmx,CRU-CY4.08,CRU-CY4.10,20.5,20.4,-0.10000000000000142
1938,1,tmx,CRU-CY4.08,CRU-CY4.10,16.2,16.0,-0.1999999999999993
1938,2,tmx,CRU-CY4.08,CRU-CY4.10,16.0,16.0,0.0
1938,3,tmx,CRU-CY4.08,CRU-CY4.10,17.4,17.5,0.10000000000000142
1938,4,tmx,CRU-CY4.08,CRU-CY4.10,24.7,24.9,0.1999999999999993
1938,5,tmx,CRU-CY4.08,CRU-CY4.10,27.1,27.1,0.0
1938,6,tmx,CRU-CY4.08,CRU-CY4.10,30.3,30.2,-0.10000000000000142
1938,7,tmx,CRU-CY4.08,CRU-CY4.10,33.1,33.1,0.0
1938,8,tmx,CRU-CY4.08,CRU-CY4.10,33.2,32.7,-0.5
1938,9,tmx,CRU-CY4.08,CRU-CY4.10,30.2,30.2,0.0
1938,10,tmx,CRU-CY4.08,CRU-CY4.10,28.3,28.3,0.0
1938,11,tmx,CRU-CY4.08,CRU-CY4.10,21.8,21.8,0.0
1938,12,tmx,CRU-CY4.08,CRU-CY4.10,19.0,18.9,-0.10000000000000142
1939,1,tmx,CRU-CY4.08,CRU-CY4.10,17.8,17.8,0.0
1939,2,tmx,CRU-CY4.08,CRU-CY4.10,16.9,17.0,0.10000000000000142
1939,3,tmx,CRU-CY4.08,CRU-CY4.10,18.8,18.9,0.09999999999999787
1939,4,tmx,CRU-CY4.08,CRU-CY4.10,25.0,25.1,0.10000000000000142
1939,5,tmx,CRU-CY4.08,CRU-CY4.10,30.5,30.5,0.0
1939,6,tmx,CRU-CY4.08,CRU-CY4.10,29.6,29.1,-0.5
1939,7,tmx,CRU-CY4.08,CRU-CY4.10,32.2,31.8,-0.40000000000000213
1939,8,tmx,CRU-CY4.08,CRU-CY4.10,31.4,31.0,-0.3999999999999986
1939,9,tmx,CRU-CY4.08,CRU-CY4.10,31.2,30.8,-0.3999999999999986
1939,10,tmx,CRU-CY4.08,CRU-CY4.10,30.1,29.6,-0.5
1939,11,tmx,CRU-CY4.08,CRU-CY4.10,22.5,22.4,-0.10000000000000142
1939,12,tmx,CRU-CY4.08,CRU-CY4.10,19.5,19.5,0.0
1940,1,tmx,CRU-CY4.08,CRU-CY4.10,16.3,16.3,0.0
1940,2,tmx,CRU-CY4.08,CRU-CY4.10,18.8,18.9,0.09999999999999787
1940,3,tmx,CRU-CY4.08,CRU-CY4.10,19.2,19.1,-0.09999999999999787
1940,4,tmx,CRU-CY4.08,CRU-CY4.10,24.7,24.5,-0.1999999999999993
1940,5,tmx,CRU-CY4.08,CRU-CY4.10,27.5,27.6,0.10000000000000142
1940,6,tmx,CRU-CY4.08,CRU-CY4.10,30.3,30.0,-0.3000000000000007
1940,7,tmx,CRU-CY4.08,CRU-CY4.10,31.6,31.3,-0.3000000000000007
1940,8,tmx,CRU-CY4.08,CRU-CY4.10,31.2,31.2,0.0
1940,9,tmx,CRU-CY4.08,CRU-CY4.10,29.3,29.3,0.0
1940,10,tmx,CRU-CY4.08,CRU-CY4.10,28.0,28.0,0.0
1940,11,tmx,CRU-CY4.08,CRU-CY4.10,22.8,22.8,0.0
1940,12,tmx,CRU-CY4.08,CRU-CY4.10,18.1,18.1,0.0
1941,1,tmx,CRU-CY4.08,CRU-CY4.10,17.6,17.6,0.0
1941,2,tmx,CRU-CY4.08,CRU-CY4.10,19.9,19.9,0.0
1941,3,tmx,CRU-CY4.08,CRU-CY4.10,19.3,19.3,0.0
1941,4,tmx,CRU-CY4.08,CRU-CY4.10,24.5,24.5,0.0
1941,5,tmx,CRU-CY4.08,CRU-CY4.10,29.3,29.3,0.0
1941,6,tmx,CRU-CY4.08,CRU-CY4.10,29.6,29.6,0.0
1941,7,tmx,CRU-CY4.08,CRU-CY4.10,31.1,31.1,0.0
1941,8,tmx,CRU-CY4.08,CRU-CY4.10,31.4,31.4,0.0
1941,9,tmx,CRU-CY4.08,CRU-CY4.10,28.8,28.8,0.0
1941,10,tmx,CRU-CY4.08,CRU-CY4.10,25.4,25.4,0.0
1941,11,tmx,CRU-CY4.08,CRU-CY4.10,23.0,23.0,0.0
1941,12,tmx,CRU-CY4.08,CRU-CY4.10,15.4,15.4,0.0
1942,1,tmx,CRU-CY4.08,CRU-CY4.10,14.4,14.4,0.0
1942,2,tmx,CRU-CY4.08,CRU-CY4.10,17.9,17.9,0.0
1942,3,tmx,CRU-CY4.08,CRU-CY4.10,19.7,19.7,0.0
1942,4,tmx,CRU-CY4.08,CRU-CY4.10,24.6,24.6,0.0
1942,5,tmx,CRU-CY4.08,CRU-CY4.10,28.2,28.2,0.0
1942,6,tmx,CRU-CY4.08,CRU-CY4.10,31.2,31.2,0.0
1942,7,tmx,CRU-CY4.08,CRU-CY4.10,31.0,31.0,0.0
1942,8,tmx,CRU-CY4.08,CRU-CY4.10,30.6,30.6,0.0
1942,9,tmx,CRU-CY4.08,CRU-CY4.10,28.8,28.8,0.0
1942,10,tmx,CRU-CY4.08,CRU-CY4.10,26.5,26.5,0.0
1942,11,tmx,CRU-CY4.08,CRU-CY4.10,22.5,22.5,0.0
1942,12,tmx,CRU-CY4.08,CRU-CY4.10,17.8,17.8,0.0
1943,1,tmx,CRU-CY4.08,CRU-CY4.10,15.3,15.3,0.0
1943,2,tmx,CRU-CY4.08,CRU-CY4.10,15.3,15.3,0.0
1943,3,tmx,CRU-CY4.08,CRU-CY4.10,16.5,16.5,0.0
1943,4,tmx,CRU-CY4.08,CRU-CY4.10,21.2,21.2,0.0
1943,5,tmx,CRU-CY4.08,CRU-CY4.10,25.9,25.9,0.0
1943,6,tmx,CRU-CY4.08,CRU-CY4.10,27.8,27.8,0.0
1943,7,tmx,CRU-CY4.08,CRU-CY4.10,30.7,30.7,0.0
1943,8,tmx,CRU-CY4.08,CRU-CY4.10,31.6,31.6,0.0
1943,9,tmx,CRU-CY4.08,CRU-CY4.10,31.5,31.0,-0.5
1943,10,tmx,CRU-CY4.08,CRU-CY4.10,30.4,30.3,-0.09999999999999787
1943,11,tmx,CRU-CY4.08,CRU-CY4.10,26.9,26.9,0.0
1943,12,tmx,CRU-CY4.08,CRU-CY4.10,20.9,21.0,0.10000000000000142
1944,1,tmx,CRU-CY4.08,CRU-CY4.10,15.7,15.6,-0.09999999999999964
1944,2,tmx,CRU-CY4.08,CRU-CY4.10,17.9,17.7,-0.1999999999999993
1944,3,tmx,CRU-CY4.08,CRU-CY4.10,20.9,21.0,0.10000000000000142
1944,4,tmx,CRU-CY4.08,CRU-CY4.10,25.1,25.2,0.09999999999999787
1944,5,tmx,CRU-CY4.08,CRU-CY4.10,25.9,26.0,0.10000000000000142
1944,6,tmx,CRU-CY4.08,CRU-CY4.10,31.1,31.1,0.0
1944,7,tmx,CRU-CY4.08,CRU-CY4.10,31.2,31.2,0.0
1944,8,tmx,CRU-CY4.08,CRU-CY4.10,31.4,31.4,0.0
1944,9,tmx,CRU-CY4.08,CRU-CY4.10,30.5,30.2,-0.3000000000000007
1944,10,tmx,CRU-CY4.08,CRU-CY4.10,28.8,28.7,-0.10000000000000142
1944,11,tmx,CRU-CY4.08,CRU-CY4.10,22.1,22.1,0.0
1944,12,tmx,CRU-CY4.08,CRU-CY4.10,17.8,17.8,0.0
1945,1,tmx,CRU-CY4.08,CRU-CY4.10,16.2,16.0,-0.1999999999999993
1945,2,tmx,CRU-CY4.08,CRU-CY4.10,15.2,15.1,-0.09999999999999964
1945,3,tmx,CRU-CY4.08,CRU-CY4.10,17.4,17.5,0.10000000000000142
1945,4,tmx,CRU-CY4.08,CRU-CY4.10,22.6,22.5,-0.10000000000000142
1945,5,tmx,CRU-CY4.08,CRU-CY4.10,29.1,29.1,0.0
1945,6,tmx,CRU-CY4.08,CRU-CY4.10,29.3,29.4,0.09999999999999787
1945,7,tmx,CRU-CY4.08,CRU-CY4.10,32.3,32.3,0.0
1945,8,tmx,CRU-CY4.08,CRU-CY4.10,33.2,33.3,0.09999999999999432
1945,9,tmx,CRU-CY4.08,CRU-CY4.10,30.9,31.0,0.10000000000000142
1945,10,tmx,CRU-CY4.08,CRU-CY4.10,27.1,27.1,0.0
1945,11,tmx,CRU-CY4.08,CRU-CY4.10,23.6,23.5,-0.10000000000000142
1945,12,tmx,CRU-CY4.08,CRU-CY4.10,17.9,17.8,-0.09999999999999787
1946,1,tmx,CRU-CY4.08,CRU-CY4.10,17.5,17.4,-0.10000000000000142
1946,2,tmx,CRU-CY4.08,CRU-CY4.10,16.6,16.6,0.0
1946,3,tmx,CRU-CY4.08,CRU-CY4.10,19.4,19.3,-0.09999999999999787
1946,4,tmx,CRU-CY4.08,CRU-CY4.10,24.7,24.7,0.0
1946,5,tmx,CRU-CY4.08,CRU-CY4.10,27.3,27.3,0.0
1946,6,tmx,CRU-CY4.08,CRU-CY4.10,29.9,29.9,0.0
1946,7,tmx,CRU-CY4.08,CRU-CY4.10,31.8,31.8,0.0
1946,8,tmx,CRU-CY4.08,CRU-CY4.10,32.2,32.3,0.09999999999999432
1946,9,tmx,CRU-CY4.08,CRU-CY4.10,31.8,31.8,0.0
1946,10,tmx,CRU-CY4.08,CRU-CY4.10,27.4,27.3,-0.09999999999999787
1946,11,tmx,CRU-CY4.08,CRU-CY4.10,26.3,26.2,-0.10000000000000142
1946,12,tmx,CRU-CY4.08,CRU-CY4.10,18.6,18.6,0.0
1947,1,tmx,CRU-CY4.08,CRU-CY4.10,16.2,16.0,-0.1999999999999993
1947,2,tmx,CRU-CY4.08,CRU-CY4.10,19.2,19.2,0.0
1947,3,tmx,CRU-CY4.08,CRU-CY4.10,22.8,22.8,0.0
1947,4,tmx,CRU-CY4.08,CRU-CY4.10,25.0,24.9,-0.10000000000000142
1947,5,tmx,CRU-CY4.08,CRU-CY4.10,28.6,28.7,0.09999999999999787
1947,6,tmx,CRU-CY4.08,CRU-CY4.10,30.0,30.0,0.0
1947,7,tmx,CRU-CY4.08,CRU-CY4.10,32.1,32.1,0.0
1947,8,tmx,CRU-CY4.08,CRU-CY4.10,32.3,32.3,0.0
1947,9,tmx,CRU-CY4.08,CRU-CY4.10,29.9,29.8,-0.09999999999999787
1947,10,tmx,CRU-CY4.08,CRU-CY4.10,27.7,27.6,-0.09999999999999787
1947,11,tmx,CRU-CY4.08,CRU-CY4.10,23.5,23.3,-0.1999999999999993
1947,12,tmx,CRU-CY4.08,CRU-CY4.10,20.1,20.2,0.09999999999999787
1948,1,tmx,CRU-CY4.08,CRU-CY4.10,18.9,18.9,0.0
1948,2,tmx,CRU-CY4.08,CRU-CY4.10,16.9,16.7,-0.1999999999999993
1948,3,tmx,CRU-CY4.08,CRU-CY4.10,16.8,16.8,0.0
1948,4,tmx,CRU-CY4.08,CRU-CY4.10,22.3,22.3,0.0
1948,5,tmx,CRU-CY4.08,CRU-CY4.10,27.1,27.1,0.0
1948,6,tmx,CRU-CY4.08,CRU-CY4.10,29.4,29.4,0.0
1948,7,tmx,CRU-CY4.08,CRU-CY4.10,31.7,31.8,0.10000000000000142
1948,8,tmx,CRU-CY4.08,CRU-CY4.10,31.8,31.8,0.0
1948,9,tmx,CRU-CY4.08,CRU-CY4.10,29.1,29.1,0.0
1948,10,tmx,CRU-CY4.08,CRU-CY4.10,26.5,26.5,0.0
1948,11,tmx,CRU-CY4.08,CRU-CY4.10,22.1,22.1,0.0
1948,12,tmx,CRU-CY4.08,CRU-CY4.10,15.8,15.8,0.0
1949,1,tmx,CRU-CY4.08,CRU-CY4.10,15.4,15.4,0.0
1949,2,tmx,CRU-CY4.08,CRU-CY4.10,14.5,14.5,0.0
1949,3,tmx,CRU-CY4.08,CRU-CY4.10,17.8,17.9,0.09999999999999787
1949,4,tmx,CRU-CY4.08,CRU-CY4.10,20.6,20.6,0.0
1949,5,tmx,CRU-CY4.08,CRU-CY4.10,28.5,28.5,0.0
1949,6,tmx,CRU-CY4.08,CRU-CY4.10,29.8,29.7,-0.10000000000000142
1949,7,tmx,CRU-CY4.08,CRU-CY4.10,29.8,29.9,0.09999999999999787
1949,8,tmx,CRU-CY4.08,CRU-CY4.10,30.3,30.3,0.0
1949,9,tmx,CRU-CY4.08,CRU-CY4.10,27.4,27.4,0.0
1949,10,tmx,CRU-CY4.08,CRU-CY4.10,27.0,27.0,0.0
1949,11,tmx,CRU-CY4.08,CRU-CY4.10,24.6,24.6,0.0
1949,12,tmx,CRU-CY4.08,CRU-CY4.10,18.2,18.2,0.0
1950,1,tmx,CRU-CY4.08,CRU-CY4.10,14.3,14.2,-0.10000000000000142
1950,2,tmx,CRU-CY4.08,CRU-CY4.10,15.8,15.7,-0.10000000000000142
1950,3,tmx,CRU-CY4.08,CRU-CY4.10,19.0,19.0,0.0
1950,4,tmx,CRU-CY4.08,CRU-CY4.10,25.2,25.3,0.10000000000000142
1950,5,tmx,CRU-CY4.08,CRU-CY4.10,25.6,25.7,0.09999999999999787
1950,6,tmx,CRU-CY4.08,CRU-CY4.10,28.7,28.7,0.0
1950,7,tmx,CRU-CY4.08,CRU-CY4.10,31.4,31.4,0.0
1950,8,tmx,CRU-CY4.08,CRU-CY4.10,31.6,31.5,-0.10000000000000142
1950,9,tmx,CRU-CY4.08,CRU-CY4.10,29.9,29.8,-0.09999999999999787
1950,10,tmx,CRU-CY4.08,CRU-CY4.10,26.1,26.0,-0.10000000000000142
1950,11,tmx,CRU-CY4.08,CRU-CY4.10,23.2,23.0,-0.1999999999999993
1950,12,tmx,CRU-CY4.08,CRU-CY4.10,20.0,19.9,-0.10000000000000142
1951,1,tmx,CRU-CY4.08,CRU-CY4.10,17.9,17.9,0.0
1951,2,tmx,CRU-CY4.08,CRU-CY4.10,18.1,18.2,0.09999999999999787
1951,3,tmx,CRU-CY4.08,CRU-CY4.10,22.2,22.1,-0.09999999999999787
1951,4,tmx,CRU-CY4.08,CRU-CY4.10,25.0,25.0,0.0
1951,5,tmx,CRU-CY4.08,CRU-CY4.10,27.8,27.8,0.0
1951,6,tmx,CRU-CY4.08,CRU-CY4.10,29.7,29.9,0.1999999999999993
1951,7,tmx,CRU-CY4.08,CRU-CY4.10,31.8,31.9,0.09999999999999787
1951,8,tmx,CRU-CY4.08,CRU-CY4.10,31.9,31.9,0.0
1951,9,tmx,CRU-CY4.08,CRU-CY4.10,30.7,30.7,0.0
1951,10,tmx,CRU-CY4.08,CRU-CY4.10,26.8,27.0,0.1999999999999993
1951,11,tmx,CRU-CY4.08,CRU-CY4.10,23.0,23.0,0.0
1951,12,tmx,CRU-CY4.08,CRU-CY4.10,16.0,16.3,0.3000000000000007
1952,1,tmx,CRU-CY4.08,CRU-CY4.10,17.3,17.4,0.09999999999999787
1952,2,tmx,CRU-CY4.08,CRU-CY4.10,17.6,17.6,0.0
1952,3,tmx,CRU-CY4.08,CRU-CY4.10,19.1,19.1,0.0
1952,4,tmx,CRU-CY4.08,CRU-CY4.10,24.3,24.2,-0.10000000000000142
1952,5,tmx,CRU-CY4.08,CRU-CY4.10,26.8,26.9,0.09999999999999787
1952,6,tmx,CRU-CY4.08,CRU-CY4.10,30.0,30.0,0.0
1952,7,tmx,CRU-CY4.08,CRU-CY4.10,30.7,30.7,0.0
1952,8,tmx,CRU-CY4.08,CRU-CY4.10,32.4,32.5,0.10000000000000142
1952,9,tmx,CRU-CY4.08,CRU-CY4.10,32.5,32.5,0.0
1952,10,tmx,CRU-CY4.08,CRU-CY4.10,29.1,29.1,0.0
1952,11,tmx,CRU-CY4.08,CRU-CY4.10,23.2,23.2,0.0
1952,12,tmx,CRU-CY4.08,CRU-CY4.10,20.8,20.8,0.0
1953,1,tmx,CRU-CY4.08,CRU-CY4.10,17.4,17.4,0.0
1953,2,tmx,CRU-CY4.08,CRU-CY4.10,18.1,18.1,0.0
1953,3,tmx,CRU-CY4.08,CRU-CY4.10,17.2,17.2,0.0
1953,4,tmx,CRU-CY4.08,CRU-CY4.10,23.7,23.6,-0.09999999999999787
1953,5,tmx,CRU-CY4.08,CRU-CY4.10,27.2,27.2,0.0
1953,6,tmx,CRU-CY4.08,CRU-CY4.10,29.7,29.8,0.10000000000000142
1953,7,tmx,CRU-CY4.08,CRU-CY4.10,32.1,32.2,0.10000000000000142
1953,8,tmx,CRU-CY4.08,CRU-CY4.10,31.8,31.8,0.0
1953,9,tmx,CRU-CY4.08,CRU-CY4.10,29.5,29.5,0.0
1953,10,tmx,CRU-CY4.08,CRU-CY4.10,28.0,28.1,0.10000000000000142
1953,11,tmx,CRU-CY4.08,CRU-CY4.10,20.6,20.6,0.0
1953,12,tmx,CRU-CY4.08,CRU-CY4.10,16.0,16.0,0.0
1954,1,tmx,CRU-CY4.08,CRU-CY4.10,15.9,15.9,0.0
1954,2,tmx,CRU-CY4.08,CRU-CY4.10,17.4,17.4,0.0
1954,3,tmx,CRU-CY4.08,CRU-CY4.10,20.8,20.9,0.09999999999999787
1954,4,tmx,CRU-CY4.08,CRU-CY4.10,22.0,22.1,0.10000000000000142
1954,5,tmx,CRU-CY4.08,CRU-CY4.10,27.9,27.9,0.0
1954,6,tmx,CRU-CY4.08,CRU-CY4.10,30.0,30.0,0.0
1954,7,tmx,CRU-CY4.08,CRU-CY4.10,32.5,32.5,0.0
1954,8,tmx,CRU-CY4.08,CRU-CY4.10,32.8,32.8,0.0
1954,9,tmx,CRU-CY4.08,CRU-CY4.10,30.1,30.1,0.0
1954,10,tmx,CRU-CY4.08,CRU-CY4.10,27.8,27.8,0.0
1954,11,tmx,CRU-CY4.08,CRU-CY4.10,22.8,23.0,0.1999999999999993
1954,12,tmx,CRU-CY4.08,CRU-CY4.10,17.7,17.8,0.10000000000000142
1955,1,tmx,CRU-CY4.08,CRU-CY4.10,18.3,18.3,0.0
1955,2,tmx,CRU-CY4.08,CRU-CY4.10,20.3,20.3,0.0
1955,3,tmx,CRU-CY4.08,CRU-CY4.10,20.5,20.5,0.0
1955,4,tmx,CRU-CY4.08,CRU-CY4.10,24.1,24.2,0.09999999999999787
1955,5,tmx,CRU-CY4.08,CRU-CY4.10,27.3,27.3,0.0
1955,6,tmx,CRU-CY4.08,CRU-CY4.10,31.5,31.5,0.0
1955,7,tmx,CRU-CY4.08,CRU-CY4.10,31.4,31.3,-0.09999999999999787
1955,8,tmx,CRU-CY4.08,CRU-CY4.10,30.8,30.8,0.0
1955,9,tmx,CRU-CY4.08,CRU-CY4.10,30.1,30.2,0.09999999999999787
1955,10,tmx,CRU-CY4.08,CRU-CY4.10,29.4,29.4,0.0
1955,11,tmx,CRU-CY4.08,CRU-CY4.10,23.2,23.1,-0.09999999999999787
1955,12,tmx,CRU-CY4.08,CRU-CY4.10,18.3,18.3,0.0
1956,1,tmx,CRU-CY4.08,CRU-CY4.10,17.2,17.3,0.10000000000000142
1956,2,tmx,CRU-CY4.08,CRU-CY4.10,18.8,18.7,-0.10000000000000142
1956,3,tmx,CRU-CY4.08,CRU-CY4.10,17.7,17.7,0.0
1956,4,tmx,CRU-CY4.08,CRU-CY4.10,23.6,23.6,0.0
1956,5,tmx,CRU-CY4.08,CRU-CY4.10,25.8,25.8,0.0
1956,6,tmx,CRU-CY4.08,CRU-CY4.10,29.9,29.9,0.0
1956,7,tmx,CRU-CY4.08,CRU-CY4.10,32.0,32.0,0.0
1956,8,tmx,CRU-CY4.08,CRU-CY4.10,33.1,33.1,0.0
1956,9,tmx,CRU-CY4.08,CRU-CY4.10,29.8,29.8,0.0
1956,10,tmx,CRU-CY4.08,CRU-CY4.10,26.7,26.5,-0.1999999999999993
1956,11,tmx,CRU-CY4.08,CRU-CY4.10,24.4,24.1,-0.29999999999999716
1956,12,tmx,CRU-CY4.08,CRU-CY4.10,17.4,17.2,-0.1999999999999993
1957,1,tmx,CRU-CY4.08,CRU-CY4.10,15.4,15.2,-0.20000000000000107
1957,2,tmx,CRU-CY4.08,CRU-CY4.10,17.5,17.3,-0.1999999999999993
1957,3,tmx,CRU-CY4.08,CRU-CY4.10,20.1,20.0,-0.10000000000000142
1957,4,tmx,CRU-CY4.08,CRU-CY4.10,23.6,23.5,-0.10000000000000142
1957,5,tmx,CRU-CY4.08,CRU-CY4.10,26.2,26.0,-0.1999999999999993
1957,6,tmx,CRU-CY4.08,CRU-CY4.10,29.7,29.7,0.0
1957,7,tmx,CRU-CY4.08,CRU-CY4.10,31.6,31.5,-0.10000000000000142
1957,8,tmx,CRU-CY4.08,CRU-CY4.10,32.9,32.6,-0.29999999999999716
1957,9,tmx,CRU-CY4.08,CRU-CY4.10,30.4,30.4,0.0
1957,10,tmx,CRU-CY4.08,CRU-CY4.10,29.2,29.1,-0.09999999999999787
1957,11,tmx,CRU-CY4.08,CRU-CY4.10,23.7,23.5,-0.1999999999999993
1957,12,tmx,CRU-CY4.08,CRU-CY4.10,18.5,18.4,-0.10000000000000142
1958,1,tmx,CRU-CY4.08,CRU-CY4.10,17.3,17.2,-0.10000000000000142
1958,2,tmx,CRU-CY4.08,CRU-CY4.10,18.4,18.3,-0.09999999999999787
1958,3,tmx,CRU-CY4.08,CRU-CY4.10,21.2,21.2,0.0
1958,4,tmx,CRU-CY4.08,CRU-CY4.10,26.2,25.9,-0.3000000000000007
1958,5,tmx,CRU-CY4.08,CRU-CY4.10,27.5,27.3,-0.1999999999999993
1958,6,tmx,CRU-CY4.08,CRU-CY4.10,29.8,29.6,-0.1999999999999993
1958,7,tmx,CRU-CY4.08,CRU-CY4.10,31.3,31.2,-0.10000000000000142
1958,8,tmx,CRU-CY4.08,CRU-CY4.10,33.3,32.9,-0.3999999999999986
1958,9,tmx,CRU-CY4.08,CRU-CY4.10,29.5,29.4,-0.10000000000000142
1958,10,tmx,CRU-CY4.08,CRU-CY4.10,27.0,26.9,-0.10000000000000142
1958,11,tmx,CRU-CY4.08,CRU-CY4.10,24.1,23.7,-0.40000000000000213
1958,12,tmx,CRU-CY4.08,CRU-CY4.10,19.8,19.8,0.0
1959,1,tmx,CRU-CY4.08,CRU-CY4.10,18.2,18.0,-0.1999999999999993
1959,2,tmx,CRU-CY4.08,CRU-CY4.10,13.7,13.7,0.0
1959,3,tmx,CRU-CY4.08,CRU-CY4.10,19.1,18.9,-0.20000000000000284
1959,4,tmx,CRU-CY4.08,CRU-CY4.10,25.0,24.8,-0.1999999999999993
1959,5,tmx,CRU-CY4.08,CRU-CY4.10,28.2,28.0,-0.1999999999999993
1959,6,tmx,CRU-CY4.08,CRU-CY4.10,30.4,30.2,-0.1999999999999993
1959,7,tmx,CRU-CY4.08,CRU-CY4.10,30.1,30.0,-0.10000000000000142
1959,8,tmx,CRU-CY4.08,CRU-CY4.10,31.4,31.1,-0.29999999999999716
1959,9,tmx,CRU-CY4.08,CRU-CY4.10,28.6,28.5,-0.10000000000000142
1959,10,tmx,CRU-CY4.08,CRU-CY4.10,26.2,25.9,-0.3000000000000007
1959,11,tmx,CRU-CY4.08,CRU-CY4.10,23.9,23.6,-0.29999999999999716
1959,12,tmx,CRU-CY4.08,CRU-CY4.10,19.4,19.3,-0.09999999999999787
1960,1,tmx,CRU-CY4.08,CRU-CY4.10,17.9,17.6,-0.29999999999999716
1960,2,tmx,CRU-CY4.08,CRU-CY4.10,19.4,19.3,-0.09999999999999787
1960,3,tmx,CRU-CY4.08,CRU-CY4.10,21.3,20.9,-0.40000000000000213
1960,4,tmx,CRU-CY4.08,CRU-CY4.10,24.7,24.5,-0.1999999999999993
1960,5,tmx,CRU-CY4.08,CRU-CY4.10,30.1,29.8,-0.3000000000000007
1960,6,tmx,CRU-CY4.08,CRU-CY4.10,29.6,29.3,-0.3000000000000007
1960,7,tmx,CRU-CY4.08,CRU-CY4.10,31.5,31.6,0.10000000000000142
1960,8,tmx,CRU-CY4.08,CRU-CY4.10,31.5,31.5,0.0
1960,9,tmx,CRU-CY4.08,CRU-CY4.10,29.9,30.0,0.10000000000000142
1960,10,tmx,CRU-CY4.08,CRU-CY4.10,29.3,29.4,0.09999999999999787
1960,11,tmx,CRU-CY4.08,CRU-CY4.10,24.0,24.0,0.0
1960,12,tmx,CRU-CY4.08,CRU-CY4.10,21.0,21.1,0.10000000000000142
1961,1,tmx,CRU-CY4.08,CRU-CY4.10,16.5,16.5,0.0
1961,2,tmx,CRU-CY4.08,CRU-CY4.10,15.7,15.7,0.0
1961,3,tmx,CRU-CY4.08,CRU-CY4.10,18.5,18.3,-0.1999999999999993
1961,4,tmx,CRU-CY4.08,CRU-CY4.10,23.8,24.0,0.1999999999999993
1961,5,tmx,CRU-CY4.08,CRU-CY4.10,27.6,27.7,0.09999999999999787
1961,6,tmx,CRU-CY4.08,CRU-CY4.10,30.4,30.5,0.10000000000000142
1961,7,tmx,CRU-CY4.08,CRU-CY4.10,31.2,31.1,-0.09999999999999787
1961,8,tmx,CRU-CY4.08,CRU-CY4.10,31.5,31.7,0.1999999999999993
1961,9,tmx,CRU-CY4.08,CRU-CY4.10,27.8,27.7,-0.10000000000000142
1961,10,tmx,CRU-CY4.08,CRU-CY4.10,26.5,26.5,0.0
1961,11,tmx,CRU-CY4.08,CRU-CY4.10,21.8,22.0,0.1999999999999993
1961,12,tmx,CRU-CY4.08,CRU-CY4.10,18.2,18.4,0.1999999999999993
1962,1,tmx,CRU-CY4.08,CRU-CY4.10,17.4,17.5,0.10000000000000142
1962,2,tmx,CRU-CY4.08,CRU-CY4.10,16.8,16.9,0.09999999999999787
1962,3,tmx,CRU-CY4.08,CRU-CY4.10,22.6,22.5,-0.10000000000000142
1962,4,tmx,CRU-CY4.08,CRU-CY4.10,23.0,23.1,0.10000000000000142
1962,5,tmx,CRU-CY4.08,CRU-CY4.10,27.4,27.6,0.20000000000000284
1962,6,tmx,CRU-CY4.08,CRU-CY4.10,30.8,31.0,0.1999999999999993
1962,7,tmx,CRU-CY4.08,CRU-CY4.10,31.1,31.4,0.29999999999999716
1962,8,tmx,CRU-CY4.08,CRU-CY4.10,32.8,32.9,0.10000000000000142
1962,9,tmx,CRU-CY4.08,CRU-CY4.10,30.9,30.9,0.0
1962,10,tmx,CRU-CY4.08,CRU-CY4.10,28.2,28.4,0.1999999999999993
1962,11,tmx,CRU-CY4.08,CRU-CY4.10,26.6,26.3,-0.3000000000000007
1962,12,tmx,CRU-CY4.08,CRU-CY4.10,19.3,19.3,0.0
1963,1,tmx,CRU-CY4.08,CRU-CY4.10,18.7,18.7,0.0
1963,2,tmx,CRU-CY4.08,CRU-CY4.10,19.2,19.4,0.1999999999999993
1963,3,tmx,CRU-CY4.08,CRU-CY4.10,18.8,18.7,-0.10000000000000142
1963,4,tmx,CRU-CY4.08,CRU-CY4.10,23.8,24.0,0.1999999999999993
1963,5,tmx,CRU-CY4.08,CRU-CY4.10,25.3,25.5,0.1999999999999993
1963,6,tmx,CRU-CY4.08,CRU-CY4.10,29.9,30.0,0.10000000000000142
1963,7,tmx,CRU-CY4.08,CRU-CY4.10,31.4,31.4,0.0
1963,8,tmx,CRU-CY4.08,CRU-CY4.10,32.6,32.5,-0.10000000000000142
1963,9,tmx,CRU-CY4.08,CRU-CY4.10,31.0,30.8,-0.1999999999999993
1963,10,tmx,CRU-CY4.08,CRU-CY4.10,28.5,28.7,0.1999999999999993
1963,11,tmx,CRU-CY4.08,CRU-CY4.10,23.8,24.0,0.1999999999999993
1963,12,tmx,CRU-CY4.08,CRU-CY4.10,18.0,17.8,-0.1999999999999993
1964,1,tmx,CRU-CY4.08,CRU-CY4.10,14.4,14.8,0.40000000000000036
1964,2,tmx,CRU-CY4.08,CRU-CY4.10,16.5,16.4,-0.10000000000000142
1964,3,tmx,CRU-CY4.08,CRU-CY4.10,20.7,20.6,-0.09999999999999787
1964,4,tmx,CRU-CY4.08,CRU-CY4.10,22.9,23.0,0.10000000000000142
1964,5,tmx,CRU-CY4.08,CRU-CY4.10,25.4,25.7,0.3000000000000007
1964,6,tmx,CRU-CY4.08,CRU-CY4.10,29.3,29.5,0.1999999999999993
1964,7,tmx,CRU-CY4.08,CRU-CY4.10,30.4,30.8,0.40000000000000213
1964,8,tmx,CRU-CY4.08,CRU-CY4.10,30.7,30.8,0.10000000000000142
1964,9,tmx,CRU-CY4.08,CRU-CY4.10,29.0,29.3,0.3000000000000007
1964,10,tmx,CRU-CY4.08,CRU-CY4.10,28.1,28.3,0.1999999999999993
1964,11,tmx,CRU-CY4.08,CRU-CY4.10,23.2,23.2,0.0
1964,12,tmx,CRU-CY4.08,CRU-CY4.10,18.3,18.3,0.0
1965,1,tmx,CRU-CY4.08,CRU-CY4.10,15.8,15.9,0.09999999999999964
1965,2,tmx,CRU-CY4.08,CRU-CY4.10,17.6,17.8,0.1999999999999993
1965,3,tmx,CRU-CY4.08,CRU-CY4.10,21.4,21.4,0.0
1965,4,tmx,CRU-CY4.08,CRU-CY4.10,22.5,22.5,0.0
1965,5,tmx,CRU-CY4.08,CRU-CY4.10,26.5,26.6,0.10000000000000142
1965,6,tmx,CRU-CY4.08,CRU-CY4.10,31.4,31.4,0.0
1965,7,tmx,CRU-CY4.08,CRU-CY4.10,31.4,31.4,0.0
1965,8,tmx,CRU-CY4.08,CRU-CY4.10,31.8,32.1,0.3000000000000007
1965,9,tmx,CRU-CY4.08,CRU-CY4.10,30.4,30.7,0.3000000000000007
1965,10,tmx,CRU-CY4.08,CRU-CY4.10,25.3,25.3,0.0
1965,11,tmx,CRU-CY4.08,CRU-CY4.10,22.7,22.8,0.10000000000000142
1965,12,tmx,CRU-CY4.08,CRU-CY4.10,19.1,19.1,0.0
1966,1,tmx,CRU-CY4.08,CRU-CY4.10,17.9,18.0,0.10000000000000142
1966,2,tmx,CRU-CY4.08,CRU-CY4.10,18.4,19.0,0.6000000000000014
1966,3,tmx,CRU-CY4.08,CRU-CY4.10,20.3,20.5,0.1999999999999993
1966,4,tmx,CRU-CY4.08,CRU-CY4.10,25.1,25.4,0.29999999999999716
1966,5,tmx,CRU-CY4.08,CRU-CY4.10,27.1,27.4,0.29999999999999716
1966,6,tmx,CRU-CY4.08,CRU-CY4.10,30.9,31.1,0.20000000000000284
1966,7,tmx,CRU-CY4.08,CRU-CY4.10,31.6,31.7,0.09999999999999787
1966,8,tmx,CRU-CY4.08,CRU-CY4.10,31.8,32.0,0.1999999999999993
1966,9,tmx,CRU-CY4.08,CRU-CY4.10,29.5,29.7,0.1999999999999993
1966,10,tmx,CRU-CY4.08,CRU-CY4.10,28.0,28.3,0.3000000000000007
1966,11,tmx,CRU-CY4.08,CRU-CY4.10,26.0,26.3,0.3000000000000007
1966,12,tmx,CRU-CY4.08,CRU-CY4.10,19.2,19.3,0.10000000000000142
1967,1,tmx,CRU-CY4.08,CRU-CY4.10,15.8,15.9,0.09999999999999964
1967,2,tmx,CRU-CY4.08,CRU-CY4.10,15.5,15.6,0.09999999999999964
1967,3,tmx,CRU-CY4.08,CRU-CY4.10,17.1,17.0,-0.10000000000000142
1967,4,tmx,CRU-CY4.08,CRU-CY4.10,22.8,23.0,0.1999999999999993
1967,5,tmx,CRU-CY4.08,CRU-CY4.10,25.7,25.5,-0.1999999999999993
1967,6,tmx,CRU-CY4.08,CRU-CY4.10,29.0,29.0,0.0
1967,7,tmx,CRU-CY4.08,CRU-CY4.10,30.9,30.8,-0.09999999999999787
1967,8,tmx,CRU-CY4.08,CRU-CY4.10,31.3,31.5,0.1999999999999993
1967,9,tmx,CRU-CY4.08,CRU-CY4.10,29.0,29.2,0.1999999999999993
1967,10,tmx,CRU-CY4.08,CRU-CY4.10,26.8,26.9,0.09999999999999787
1967,11,tmx,CRU-CY4.08,CRU-CY4.10,21.6,21.5,-0.10000000000000142
1967,12,tmx,CRU-CY4.08,CRU-CY4.10,18.6,18.7,0.09999999999999787
1968,1,tmx,CRU-CY4.08,CRU-CY4.10,15.4,15.6,0.1999999999999993
1968,2,tmx,CRU-CY4.08,CRU-CY4.10,16.8,17.0,0.1999999999999993
1968,3,tmx,CRU-CY4.08,CRU-CY4.10,18.8,18.9,0.09999999999999787
1968,4,tmx,CRU-CY4.08,CRU-CY4.10,24.6,24.7,0.09999999999999787
1968,5,tmx,CRU-CY4.08,CRU-CY4.10,28.2,28.2,0.0
1968,6,tmx,CRU-CY4.08,CRU-CY4.10,30.2,30.3,0.10000000000000142
1968,7,tmx,CRU-CY4.08,CRU-CY4.10,32.2,32.3,0.09999999999999432
1968,8,tmx,CRU-CY4.08,CRU-CY4.10,30.9,30.8,-0.09999999999999787
1968,9,tmx,CRU-CY4.08,CRU-CY4.10,29.4,29.2,-0.1999999999999993
1968,10,tmx,CRU-CY4.08,CRU-CY4.10,26.3,26.4,0.09999999999999787
1968,11,tmx,CRU-CY4.08,CRU-CY4.10,22.8,22.8,0.0
1968,12,tmx,CRU-CY4.08,CRU-CY4.10,18.6,18.6,0.0
1969,1,tmx,CRU-CY4.08,CRU-CY4.10,15.4,15.5,0.09999999999999964
1969,2,tmx,CRU-CY4.08,CRU-CY4.10,18.6,18.9,0.29999999999999716
1969,3,tmx,CRU-CY4.08,CRU-CY4.10,21.3,21.5,0.1999999999999993
1969,4,tmx,CRU-CY4.08,CRU-CY4.10,21.9,21.6,-0.29999999999999716
1969,5,tmx,CRU-CY4.08,CRU-CY4.10,27.6,27.5,-0.10000000000000142
1969,6,tmx,CRU-CY4.08,CRU-CY4.10,30.9,31.0,0.10000000000000142
1969,7,tmx,CRU-CY4.08,CRU-CY4.10,29.9,29.8,-0.09999999999999787
1969,8,tmx,CRU-CY4.08,CRU-CY4.10,31.2,31.3,0.10000000000000142
1969,9,tmx,CRU-CY4.08,CRU-CY4.10,31.1,30.9,-0.20000000000000284
1969,10,tmx,CRU-CY4.08,CRU-CY4.10,26.9,27.0,0.10000000000000142
1969,11,tmx,CRU-CY4.08,CRU-CY4.10,23.0,23.0,0.0
1969,12,tmx,CRU-CY4.08,CRU-CY4.10,19.2,19.3,0.10000000000000142
1970,1,tmx,CRU-CY4.08,CRU-CY4.10,17.6,17.6,0.0
1970,2,tmx,CRU-CY4.08,CRU-CY4.10,18.6,18.9,0.29999999999999716
1970,3,tmx,CRU-CY4.08,CRU-CY4.10,21.1,21.2,0.09999999999999787
1970,4,tmx,CRU-CY4.08,CRU-CY4.10,25.5,25.7,0.1999999999999993
1970,5,tmx,CRU-CY4.08,CRU-CY4.10,26.9,27.2,0.3000000000000007
1970,6,tmx,CRU-CY4.08,CRU-CY4.10,29.1,29.1,0.0
1970,7,tmx,CRU-CY4.08,CRU-CY4.10,30.5,30.5,0.0
1970,8,tmx,CRU-CY4.08,CRU-CY4.10,30.9,31.1,0.20000000000000284
1970,9,tmx,CRU-CY4.08,CRU-CY4.10,29.3,29.6,0.3000000000000007
1970,10,tmx,CRU-CY4.08,CRU-CY4.10,25.9,25.8,-0.09999999999999787
1970,11,tmx,CRU-CY4.08,CRU-CY4.10,22.7,22.9,0.1999999999999993
1970,12,tmx,CRU-CY4.08,CRU-CY4.10,16.4,16.3,-0.09999999999999787
1971,1,tmx,CRU-CY4.08,CRU-CY4.10,18.9,19.0,0.10000000000000142
1971,2,tmx,CRU-CY4.08,CRU-CY4.10,17.2,17.2,0.0
1971,3,tmx,CRU-CY4.08,CRU-CY4.10,20.4,20.6,0.20000000000000284
1971,4,tmx,CRU-CY4.08,CRU-CY4.10,21.3,21.3,0.0
1971,5,tmx,CRU-CY4.08,CRU-CY4.10,27.9,28.0,0.10000000000000142
1971,6,tmx,CRU-CY4.08,CRU-CY4.10,29.1,29.1,0.0
1971,7,tmx,CRU-CY4.08,CRU-CY4.10,30.0,30.0,0.0
1971,8,tmx,CRU-CY4.08,CRU-CY4.10,30.7,30.9,0.1999999999999993
1971,9,tmx,CRU-CY4.08,CRU-CY4.10,29.9,30.0,0.10000000000000142
1971,10,tmx,CRU-CY4.08,CRU-CY4.10,26.1,26.3,0.1999999999999993
1971,11,tmx,CRU-CY4.08,CRU-CY4.10,21.9,22.1,0.20000000000000284
1971,12,tmx,CRU-CY4.08,CRU-CY4.10,16.0,15.7,-0.3000000000000007
1972,1,tmx,CRU-CY4.08,CRU-CY4.10,15.5,15.9,0.40000000000000036
1972,2,tmx,CRU-CY4.08,CRU-CY4.10,15.9,15.9,0.0
1972,3,tmx,CRU-CY4.08,CRU-CY4.10,19.1,19.3,0.1999999999999993
1972,4,tmx,CRU-CY4.08,CRU-CY4.10,25.0,25.0,0.0
1972,5,tmx,CRU-CY4.08,CRU-CY4.10,25.9,25.9,0.0
1972,6,tmx,CRU-CY4.08,CRU-CY4.10,28.8,28.7,-0.10000000000000142
1972,7,tmx,CRU-CY4.08,CRU-CY4.10,29.7,29.7,0.0
1972,8,tmx,CRU-CY4.08,CRU-CY4.10,30.8,31.0,0.1999999999999993
1972,9,tmx,CRU-CY4.08,CRU-CY4.10,30.5,30.6,0.10000000000000142
1972,10,tmx,CRU-CY4.08,CRU-CY4.10,28.0,28.1,0.10000000000000142
1972,11,tmx,CRU-CY4.08,CRU-CY4.10,22.0,22.0,0.0
1972,12,tmx,CRU-CY4.08,CRU-CY4.10,16.4,16.4,0.0
1973,1,tmx,CRU-CY4.08,CRU-CY4.10,16.1,16.3,0.1999999999999993
1973,2,tmx,CRU-CY4.08,CRU-CY4.10,19.6,19.7,0.09999999999999787
1973,3,tmx,CRU-CY4.08,CRU-CY4.10,19.7,19.6,-0.09999999999999787
1973,4,tmx,CRU-CY4.08,CRU-CY4.10,23.1,23.2,0.09999999999999787
1973,5,tmx,CRU-CY4.08,CRU-CY4.10,27.0,27.2,0.1999999999999993
1973,6,tmx,CRU-CY4.08,CRU-CY4.10,28.8,28.7,-0.10000000000000142
1973,7,tmx,CRU-CY4.08,CRU-CY4.10,31.5,31.7,0.1999999999999993
1973,8,tmx,CRU-CY4.08,CRU-CY4.10,30.8,30.8,0.0
1973,9,tmx,CRU-CY4.08,CRU-CY4.10,30.0,30.0,0.0
1973,10,tmx,CRU-CY4.08,CRU-CY4.10,27.9,28.0,0.10000000000000142
1973,11,tmx,CRU-CY4.08,CRU-CY4.10,20.2,20.3,0.10000000000000142
1973,12,tmx,CRU-CY4.08,CRU-CY4.10,18.1,18.3,0.1999999999999993
1974,1,tmx,CRU-CY4.08,CRU-CY4.10,14.3,14.2,-0.10000000000000142
1974,2,tmx,CRU-CY4.08,CRU-CY4.10,17.0,17.1,0.10000000000000142
1974,3,tmx,CRU-CY4.08,CRU-CY4.10,19.9,19.9,0.0
1974,4,tmx,CRU-CY4.08,CRU-CY4.10,23.3,23.5,0.1999999999999993
1974,5,tmx,CRU-CY4.08,CRU-CY4.10,26.2,26.5,0.3000000000000007
1974,6,tmx,CRU-CY4.08,CRU-CY4.10,29.4,29.7,0.3000000000000007
1974,7,tmx,CRU-CY4.08,CRU-CY4.10,31.0,31.3,0.3000000000000007
1974,8,tmx,CRU-CY4.08,CRU-CY4.10,30.4,30.4,0.0
1974,9,tmx,CRU-CY4.08,CRU-CY4.10,29.4,29.3,-0.09999999999999787
1974,10,tmx,CRU-CY4.08,CRU-CY4.10,28.5,28.6,0.10000000000000142
1974,11,tmx,CRU-CY4.08,CRU-CY4.10,22.9,22.8,-0.09999999999999787
1974,12,tmx,CRU-CY4.08,CRU-CY4.10,16.5,16.4,-0.10000000000000142
1975,1,tmx,CRU-CY4.08,CRU-CY4.10,15.7,15.4,-0.29999999999999893
1975,2,tmx,CRU-CY4.08,CRU-CY4.10,16.1,16.1,0.0
1975,3,tmx,CRU-CY4.08,CRU-CY4.10,20.4,20.5,0.10000000000000142
1975,4,tmx,CRU-CY4.08,CRU-CY4.10,25.6,25.7,0.09999999999999787
1975,5,tmx,CRU-CY4.08,CRU-CY4.10,26.0,25.9,-0.10000000000000142
1975,6,tmx,CRU-CY4.08,CRU-CY4.10,28.9,28.9,0.0
1975,7,tmx,CRU-CY4.08,CRU-CY4.10,30.6,30.7,0.09999999999999787
1975,8,tmx,CRU-CY4.08,CRU-CY4.10,29.9,30.2,0.3000000000000007
1975,9,tmx,CRU-CY4.08,CRU-CY4.10,29.2,29.2,0.0
1975,10,tmx,CRU-CY4.08,CRU-CY4.10,26.3,26.4,0.09999999999999787
1975,11,tmx,CRU-CY4.08,CRU-CY4.10,22.3,22.4,0.09999999999999787
1975,12,tmx,CRU-CY4.08,CRU-CY4.10,16.8,16.6,-0.1999999999999993
1976,1,tmx,CRU-CY4.08,CRU-CY4.10,16.1,16.3,0.1999999999999993
1976,2,tmx,CRU-CY4.08,CRU-CY4.10,15.5,15.2,-0.3000000000000007
1976,3,tmx,CRU-CY4.08,CRU-CY4.10,19.0,19.1,0.10000000000000142
1976,4,tmx,CRU-CY4.08,CRU-CY4.10,23.0,23.0,0.0
1976,5,tmx,CRU-CY4.08,CRU-CY4.10,26.8,26.5,-0.3000000000000007
1976,6,tmx,CRU-CY4.08,CRU-CY4.10,28.8,28.7,-0.10000000000000142
1976,7,tmx,CRU-CY4.08,CRU-CY4.10,29.6,29.6,0.0
1976,8,tmx,CRU-CY4.08,CRU-CY4.10,29.4,29.4,0.0
1976,9,tmx,CRU-CY4.08,CRU-CY4.10,28.9,29.0,0.10000000000000142
1976,10,tmx,CRU-CY4.08,CRU-CY4.10,27.6,27.5,-0.10000000000000142
1976,11,tmx,CRU-CY4.08,CRU-CY4.10,23.5,23.5,0.0
1976,12,tmx,CRU-CY4.08,CRU-CY4.10,19.0,19.1,0.10000000000000142
1977,1,tmx,CRU-CY4.08,CRU-CY4.10,15.5,15.4,-0.09999999999999964
1977,2,tmx,CRU-CY4.08,CRU-CY4.10,19.8,20.0,0.1999999999999993
1977,3,tmx,CRU-CY4.08,CRU-CY4.10,19.1,19.1,0.0
1977,4,tmx,CRU-CY4.08,CRU-CY4.10,22.7,22.5,-0.1999999999999993
1977,5,tmx,CRU-CY4.08,CRU-CY4.10,27.1,27.1,0.0
1977,6,tmx,CRU-CY4.08,CRU-CY4.10,29.3,29.3,0.0
1977,7,tmx,CRU-CY4.08,CRU-CY4.10,31.4,31.5,0.10000000000000142
1977,8,tmx,CRU-CY4.08,CRU-CY4.10,32.1,32.0,-0.10000000000000142
1977,9,tmx,CRU-CY4.08,CRU-CY4.10,29.2,29.3,0.10000000000000142
1977,10,tmx,CRU-CY4.08,CRU-CY4.10,25.1,25.1,0.0
1977,11,tmx,CRU-CY4.08,CRU-CY4.10,22.7,22.9,0.1999999999999993
1977,12,tmx,CRU-CY4.08,CRU-CY4.10,16.5,16.6,0.10000000000000142
1978,1,tmx,CRU-CY4.08,CRU-CY4.10,16.4,16.3,-0.09999999999999787
1978,2,tmx,CRU-CY4.08,CRU-CY4.10,18.6,18.7,0.09999999999999787
1978,3,tmx,CRU-CY4.08,CRU-CY4.10,19.9,19.9,0.0
1978,4,tmx,CRU-CY4.08,CRU-CY4.10,24.0,24.1,0.10000000000000142
1978,5,tmx,CRU-CY4.08,CRU-CY4.10,28.5,28.8,0.3000000000000007
1978,6,tmx,CRU-CY4.08,CRU-CY4.10,29.1,29.1,0.0
1978,7,tmx,CRU-CY4.08,CRU-CY4.10,32.3,32.3,0.0
1978,8,tmx,CRU-CY4.08,CRU-CY4.10,29.9,29.8,-0.09999999999999787
1978,9,tmx,CRU-CY4.08,CRU-CY4.10,28.8,28.8,0.0
1978,10,tmx,CRU-CY4.08,CRU-CY4.10,28.1,27.8,-0.3000000000000007
1978,11,tmx,CRU-CY4.08,CRU-CY4.10,20.4,20.1,-0.29999999999999716
1978,12,tmx,CRU-CY4.08,CRU-CY4.10,18.2,18.3,0.10000000000000142
1979,1,tmx,CRU-CY4.08,CRU-CY4.10,17.0,16.7,-0.3000000000000007
1979,2,tmx,CRU-CY4.08,CRU-CY4.10,19.3,19.3,0.0
1979,3,tmx,CRU-CY4.08,CRU-CY4.10,21.0,21.0,0.0
1979,4,tmx,CRU-CY4.08,CRU-CY4.10,25.3,25.2,-0.10000000000000142
1979,5,tmx,CRU-CY4.08,CRU-CY4.10,26.6,26.6,0.0
1979,6,tmx,CRU-CY4.08,CRU-CY4.10,30.1,30.1,0.0
1979,7,tmx,CRU-CY4.08,CRU-CY4.10,30.8,30.6,-0.1999999999999993
1979,8,tmx,CRU-CY4.08,CRU-CY4.10,30.8,30.9,0.09999999999999787
1979,9,tmx,CRU-CY4.08,CRU-CY4.10,30.1,29.9,-0.20000000000000284
1979,10,tmx,CRU-CY4.08,CRU-CY4.10,27.5,27.5,0.0
1979,11,tmx,CRU-CY4.08,CRU-CY4.10,24.1,24.1,0.0
1979,12,tmx,CRU-CY4.08,CRU-CY4.10,16.5,16.4,-0.10000000000000142
1980,1,tmx,CRU-CY4.08,CRU-CY4.10,15.3,15.1,-0.20000000000000107
1980,2,tmx,CRU-CY4.08,CRU-CY4.10,15.9,15.4,-0.5
1980,3,tmx,CRU-CY4.08,CRU-CY4.10,19.0,18.9,-0.10000000000000142
1980,4,tmx,CRU-CY4.08,CRU-CY4.10,23.7,23.6,-0.09999999999999787
1980,5,tmx,CRU-CY4.08,CRU-CY4.10,27.8,27.8,0.0
1980,6,tmx,CRU-CY4.08,CRU-CY4.10,30.0,29.9,-0.10000000000000142
1980,7,tmx,CRU-CY4.08,CRU-CY4.10,31.3,31.3,0.0
1980,8,tmx,CRU-CY4.08,CRU-CY4.10,31.2,31.1,-0.09999999999999787
1980,9,tmx,CRU-CY4.08,CRU-CY4.10,28.6,28.5,-0.10000000000000142
1980,10,tmx,CRU-CY4.08,CRU-CY4.10,27.2,27.2,0.0
1980,11,tmx,CRU-CY4.08,CRU-CY4.10,23.8,23.8,0.0
1980,12,tmx,CRU-CY4.08,CRU-CY4.10,18.1,18.1,0.0
1981,1,tmx,CRU-CY4.08,CRU-CY4.10,15.4,15.2,-0.20000000000000107
1981,2,tmx,CRU-CY4.08,CRU-CY4.10,16.6,16.3,-0.3000000000000007
1981,3,tmx,CRU-CY4.08,CRU-CY4.10,20.1,20.1,0.0
1981,4,tmx,CRU-CY4.08,CRU-CY4.10,23.8,23.9,0.09999999999999787
1981,5,tmx,CRU-CY4.08,CRU-CY4.10,26.0,25.7,-0.3000000000000007
1981,6,tmx,CRU-CY4.08,CRU-CY4.10,29.6,29.4,-0.20000000000000284
1981,7,tmx,CRU-CY4.08,CRU-CY4.10,31.0,30.9,-0.10000000000000142
1981,8,tmx,CRU-CY4.08,CRU-CY4.10,31.0,31.0,0.0
1981,9,tmx,CRU-CY4.08,CRU-CY4.10,30.6,30.3,-0.3000000000000007
1981,10,tmx,CRU-CY4.08,CRU-CY4.10,28.5,28.4,-0.10000000000000142
1981,11,tmx,CRU-CY4.08,CRU-CY4.10,20.5,20.3,-0.1999999999999993
1981,12,tmx,CRU-CY4.08,CRU-CY4.10,19.2,19.5,0.3000000000000007
1982,1,tmx,CRU-CY4.08,CRU-CY4.10,17.0,17.0,0.0
1982,2,tmx,CRU-CY4.08,CRU-CY4.10,15.3,15.0,-0.3000000000000007
1982,3,tmx,CRU-CY4.08,CRU-CY4.10,17.7,17.6,-0.09999999999999787
1982,4,tmx,CRU-CY4.08,CRU-CY4.10,24.6,24.6,0.0
1982,5,tmx,CRU-CY4.08,CRU-CY4.10,25.6,25.5,-0.10000000000000142
1982,6,tmx,CRU-CY4.08,CRU-CY4.10,28.9,29.0,0.10000000000000142
1982,7,tmx,CRU-CY4.08,CRU-CY4.10,29.8,29.8,0.0
1982,8,tmx,CRU-CY4.08,CRU-CY4.10,30.7,30.7,0.0
1982,9,tmx,CRU-CY4.08,CRU-CY4.10,29.6,29.7,0.09999999999999787
1982,10,tmx,CRU-CY4.08,CRU-CY4.10,27.1,27.1,0.0
1982,11,tmx,CRU-CY4.08,CRU-CY4.10,19.8,19.6,-0.1999999999999993
1982,12,tmx,CRU-CY4.08,CRU-CY4.10,16.2,16.1,-0.09999999999999787
1983,1,tmx,CRU-CY4.08,CRU-CY4.10,13.7,13.2,-0.5
1983,2,tmx,CRU-CY4.08,CRU-CY4.10,14.9,14.7,-0.20000000000000107
1983,3,tmx,CRU-CY4.08,CRU-CY4.10,17.8,17.7,-0.10000000000000142
1983,4,tmx,CRU-CY4.08,CRU-CY4.10,22.1,22.1,0.0
1983,5,tmx,CRU-CY4.08,CRU-CY4.10,26.4,26.5,0.10000000000000142
1983,6,tmx,CRU-CY4.08,CRU-CY4.10,29.0,29.1,0.10000000000000142
1983,7,tmx,CRU-CY4.08,CRU-CY4.10,30.7,30.7,0.0
1983,8,tmx,CRU-CY4.08,CRU-CY4.10,30.5,30.4,-0.10000000000000142
1983,9,tmx,CRU-CY4.08,CRU-CY4.10,29.3,29.5,0.1999999999999993
1983,10,tmx,CRU-CY4.08,CRU-CY4.10,25.8,25.7,-0.10000000000000142
1983,11,tmx,CRU-CY4.08,CRU-CY4.10,23.4,23.4,0.0
1983,12,tmx,CRU-CY4.08,CRU-CY4.10,18.5,18.7,0.1999999999999993
1984,1,tmx,CRU-CY4.08,CRU-CY4.10,16.5,16.4,-0.10000000000000142
1984,2,tmx,CRU-CY4.08,CRU-CY4.10,18.6,18.6,0.0
1984,3,tmx,CRU-CY4.08,CRU-CY4.10,20.0,20.0,0.0
1984,4,tmx,CRU-CY4.08,CRU-CY4.10,22.6,22.4,-0.20000000000000284
1984,5,tmx,CRU-CY4.08,CRU-CY4.10,28.3,28.2,-0.10000000000000142
1984,6,tmx,CRU-CY4.08,CRU-CY4.10,28.6,28.7,0.09999999999999787
1984,7,tmx,CRU-CY4.08,CRU-CY4.10,30.1,30.1,0.0
1984,8,tmx,CRU-CY4.08,CRU-CY4.10,29.7,29.5,-0.1999999999999993
1984,9,tmx,CRU-CY4.08,CRU-CY4.10,30.0,30.2,0.1999999999999993
1984,10,tmx,CRU-CY4.08,CRU-CY4.10,27.7,27.6,-0.09999999999999787
1984,11,tmx,CRU-CY4.08,CRU-CY4.10,21.8,21.8,0.0
1984,12,tmx,CRU-CY4.08,CRU-CY4.10,16.9,16.6,-0.29999999999999716
1985,1,tmx,CRU-CY4.08,CRU-CY4.10,18.2,18.2,0.0
1985,2,tmx,CRU-CY4.08,CRU-CY4.10,16.0,15.8,-0.1999999999999993
1985,3,tmx,CRU-CY4.08,CRU-CY4.10,19.8,19.7,-0.10000000000000142
1985,4,tmx,CRU-CY4.08,CRU-CY4.10,23.5,23.5,0.0
1985,5,tmx,CRU-CY4.08,CRU-CY4.10,27.5,27.3,-0.1999999999999993
1985,6,tmx,CRU-CY4.08,CRU-CY4.10,29.5,29.4,-0.10000000000000142
1985,7,tmx,CRU-CY4.08,CRU-CY4.10,30.6,30.5,-0.10000000000000142
1985,8,tmx,CRU-CY4.08,CRU-CY4.10,32.8,32.5,-0.29999999999999716
1985,9,tmx,CRU-CY4.08,CRU-CY4.10,29.7,29.6,-0.09999999999999787
1985,10,tmx,CRU-CY4.08,CRU-CY4.10,25.5,25.3,-0.1999999999999993
1985,11,tmx,CRU-CY4.08,CRU-CY4.10,23.8,23.7,-0.10000000000000142
1985,12,tmx,CRU-CY4.08,CRU-CY4.10,18.3,18.1,-0.1999999999999993
1986,1,tmx,CRU-CY4.08,CRU-CY4.10,17.2,17.3,0.10000000000000142
1986,2,tmx,CRU-CY4.08,CRU-CY4.10,18.5,18.4,-0.10000000000000142
1986,3,tmx,CRU-CY4.08,CRU-CY4.10,21.0,21.0,0.0
1986,4,tmx,CRU-CY4.08,CRU-CY4.10,25.4,25.4,0.0
1986,5,tmx,CRU-CY4.08,CRU-CY4.10,24.3,24.0,-0.3000000000000007
1986,6,tmx,CRU-CY4.08,CRU-CY4.10,29.2,29.1,-0.09999999999999787
1986,7,tmx,CRU-CY4.08,CRU-CY4.10,31.0,31.2,0.1999999999999993
1986,8,tmx,CRU-CY4.08,CRU-CY4.10,31.2,31.4,0.1999999999999993
1986,9,tmx,CRU-CY4.08,CRU-CY4.10,31.5,31.3,-0.1999999999999993
1986,10,tmx,CRU-CY4.08,CRU-CY4.10,26.9,27.0,0.10000000000000142
1986,11,tmx,CRU-CY4.08,CRU-CY4.10,19.7,19.3,-0.3999999999999986
1986,12,tmx,CRU-CY4.08,CRU-CY4.10,16.7,16.6,-0.09999999999999787
1987,1,tmx,CRU-CY4.08,CRU-CY4.10,17.2,17.1,-0.09999999999999787
1987,2,tmx,CRU-CY4.08,CRU-CY4.10,19.2,19.2,0.0
1987,3,tmx,CRU-CY4.08,CRU-CY4.10,16.8,16.7,-0.10000000000000142
1987,4,tmx,CRU-CY4.08,CRU-CY4.10,22.3,22.0,-0.3000000000000007
1987,5,tmx,CRU-CY4.08,CRU-CY4.10,27.3,27.4,0.09999999999999787
1987,6,tmx,CRU-CY4.08,CRU-CY4.10,28.9,28.9,0.0
1987,7,tmx,CRU-CY4.08,CRU-CY4.10,32.1,32.1,0.0
1987,8,tmx,CRU-CY4.08,CRU-CY4.10,32.1,31.9,-0.20000000000000284
1987,9,tmx,CRU-CY4.08,CRU-CY4.10,30.3,30.2,-0.10000000000000142
1987,10,tmx,CRU-CY4.08,CRU-CY4.10,25.9,25.6,-0.29999999999999716
1987,11,tmx,CRU-CY4.08,CRU-CY4.10,22.6,22.6,0.0
1987,12,tmx,CRU-CY4.08,CRU-CY4.10,18.0,17.9,-0.10000000000000142
1988,1,tmx,CRU-CY4.08,CRU-CY4.10,16.3,16.3,0.0
1988,2,tmx,CRU-CY4.08,CRU-CY4.10,16.4,16.4,0.0
1988,3,tmx,CRU-CY4.08,CRU-CY4.10,18.4,18.4,0.0
1988,4,tmx,CRU-CY4.08,CRU-CY4.10,23.9,23.9,0.0
1988,5,tmx,CRU-CY4.08,CRU-CY4.10,28.7,28.6,-0.09999999999999787
1988,6,tmx,CRU-CY4.08,CRU-CY4.10,30.0,29.9,-0.10000000000000142
1988,7,tmx,CRU-CY4.08,CRU-CY4.10,32.5,32.1,-0.3999999999999986
1988,8,tmx,CRU-CY4.08,CRU-CY4.10,31.9,31.7,-0.1999999999999993
1988,9,tmx,CRU-CY4.08,CRU-CY4.10,30.8,30.7,-0.10000000000000142
1988,10,tmx,CRU-CY4.08,CRU-CY4.10,26.1,25.8,-0.3000000000000007
1988,11,tmx,CRU-CY4.08,CRU-CY4.10,20.5,20.4,-0.10000000000000142
1988,12,tmx,CRU-CY4.08,CRU-CY4.10,17.4,17.6,0.20000000000000284
1989,1,tmx,CRU-CY4.08,CRU-CY4.10,14.3,14.1,-0.20000000000000107
1989,2,tmx,CRU-CY4.08,CRU-CY4.10,16.3,16.2,-0.10000000000000142
1989,3,tmx,CRU-CY4.08,CRU-CY4.10,19.5,19.6,0.10000000000000142
1989,4,tmx,CRU-CY4.08,CRU-CY4.10,27.2,27.7,0.5
1989,5,tmx,CRU-CY4.08,CRU-CY4.10,28.4,28.4,0.0
1989,6,tmx,CRU-CY4.08,CRU-CY4.10,29.3,29.2,-0.10000000000000142
1989,7,tmx,CRU-CY4.08,CRU-CY4.10,31.3,31.2,-0.10000000000000142
1989,8,tmx,CRU-CY4.08,CRU-CY4.10,31.4,31.3,-0.09999999999999787
1989,9,tmx,CRU-CY4.08,CRU-CY4.10,30.3,30.1,-0.1999999999999993
1989,10,tmx,CRU-CY4.08,CRU-CY4.10,26.2,26.1,-0.09999999999999787
1989,11,tmx,CRU-CY4.08,CRU-CY4.10,22.7,22.6,-0.09999999999999787
1989,12,tmx,CRU-CY4.08,CRU-CY4.10,17.9,18.0,0.10000000000000142
1990,1,tmx,CRU-CY4.08,CRU-CY4.10,15.7,15.8,0.10000000000000142
1990,2,tmx,CRU-CY4.08,CRU-CY4.10,16.1,15.8,-0.3000000000000007
1990,3,tmx,CRU-CY4.08,CRU-CY4.10,19.3,19.4,0.09999999999999787
1990,4,tmx,CRU-CY4.08,CRU-CY4.10,24.0,23.9,-0.10000000000000142
1990,5,tmx,CRU-CY4.08,CRU-CY4.10,26.8,26.5,-0.3000000000000007
1990,6,tmx,CRU-CY4.08,CRU-CY4.10,29.7,29.4,-0.3000000000000007
1990,7,tmx,CRU-CY4.08,CRU-CY4.10,31.2,31.1,-0.09999999999999787
1990,8,tmx,CRU-CY4.08,CRU-CY4.10,31.3,31.2,-0.10000000000000142
1990,9,tmx,CRU-CY4.08,CRU-CY4.10,29.5,29.3,-0.1999999999999993
1990,10,tmx,CRU-CY4.08,CRU-CY4.10,28.1,28.0,-0.10000000000000142
1990,11,tmx,CRU-CY4.08,CRU-CY4.10,25.1,25.2,0.09999999999999787
1990,12,tmx,CRU-CY4.08,CRU-CY4.10,20.5,20.4,-0.10000000000000142
1991,1,tmx,CRU-CY4.08,CRU-CY4.10,16.4,16.4,0.0
1991,2,tmx,CRU-CY4.08,CRU-CY4.10,17.2,17.2,0.0
1991,3,tmx,CRU-CY4.08,CRU-CY4.10,20.8,20.7,-0.10000000000000142
1991,4,tmx,CRU-CY4.08,CRU-CY4.10,25.4,25.4,0.0
1991,5,tmx,CRU-CY4.08,CRU-CY4.10,26.7,26.7,0.0
1991,6,tmx,CRU-CY4.08,CRU-CY4.10,29.8,29.8,0.0
1991,7,tmx,CRU-CY4.08,CRU-CY4.10,30.4,30.4,0.0
1991,8,tmx,CRU-CY4.08,CRU-CY4.10,30.6,30.6,0.0
1991,9,tmx,CRU-CY4.08,CRU-CY4.10,29.6,29.6,0.0
1991,10,tmx,CRU-CY4.08,CRU-CY4.10,27.8,27.8,0.0
1991,11,tmx,CRU-CY4.08,CRU-CY4.10,23.2,23.3,0.10000000000000142
1991,12,tmx,CRU-CY4.08,CRU-CY4.10,15.5,15.5,0.0
1992,1,tmx,CRU-CY4.08,CRU-CY4.10,13.7,13.7,0.0
1992,2,tmx,CRU-CY4.08,CRU-CY4.10,13.5,13.5,0.0
1992,3,tmx,CRU-CY4.08,CRU-CY4.10,17.7,17.7,0.0
1992,4,tmx,CRU-CY4.08,CRU-CY4.10,23.0,22.9,-0.10000000000000142
1992,5,tmx,CRU-CY4.08,CRU-CY4.10,26.1,26.0,-0.10000000000000142
1992,6,tmx,CRU-CY4.08,CRU-CY4.10,29.3,29.3,0.0
1992,7,tmx,CRU-CY4.08,CRU-CY4.10,30.3,30.3,0.0
1992,8,tmx,CRU-CY4.08,CRU-CY4.10,31.8,31.7,-0.10000000000000142
1992,9,tmx,CRU-CY4.08,CRU-CY4.10,29.7,29.6,-0.09999999999999787
1992,10,tmx,CRU-CY4.08,CRU-CY4.10,28.7,28.7,0.0
1992,11,tmx,CRU-CY4.08,CRU-CY4.10,22.5,22.5,0.0
1992,12,tmx,CRU-CY4.08,CRU-CY4.10,15.6,15.6,0.0
1993,1,tmx,CRU-CY4.08,CRU-CY4.10,15.0,15.0,0.0
1993,2,tmx,CRU-CY4.08,CRU-CY4.10,15.0,15.0,0.0
1993,3,tmx,CRU-CY4.08,CRU-CY4.10,19.5,19.5,0.0
1993,4,tmx,CRU-CY4.08,CRU-CY4.10,24.3,24.2,-0.10000000000000142
1993,5,tmx,CRU-CY4.08,CRU-CY4.10,25.6,25.6,0.0
1993,6,tmx,CRU-CY4.08,CRU-CY4.10,30.3,30.3,0.0
1993,7,tmx,CRU-CY4.08,CRU-CY4.10,31.3,31.4,0.09999999999999787
1993,8,tmx,CRU-CY4.08,CRU-CY4.10,32.3,32.2,-0.09999999999999432
1993,9,tmx,CRU-CY4.08,CRU-CY4.10,30.3,30.2,-0.10000000000000142
1993,10,tmx,CRU-CY4.08,CRU-CY4.10,29.1,29.1,0.0
1993,11,tmx,CRU-CY4.08,CRU-CY4.10,22.3,22.4,0.09999999999999787
1993,12,tmx,CRU-CY4.08,CRU-CY4.10,19.2,19.2,0.0
1994,1,tmx,CRU-CY4.08,CRU-CY4.10,18.1,18.2,0.09999999999999787
1994,2,tmx,CRU-CY4.08,CRU-CY4.10,17.3,17.3,0.0
1994,3,tmx,CRU-CY4.08,CRU-CY4.10,19.2,19.2,0.0
1994,4,tmx,CRU-CY4.08,CRU-CY4.10,26.4,26.4,0.0
1994,5,tmx,CRU-CY4.08,CRU-CY4.10,28.3,28.3,0.0
1994,6,tmx,CRU-CY4.08,CRU-CY4.10,29.7,29.6,-0.09999999999999787
1994,7,tmx,CRU-CY4.08,CRU-CY4.10,30.8,30.9,0.09999999999999787
1994,8,tmx,CRU-CY4.08,CRU-CY4.10,31.8,31.8,0.0
1994,9,tmx,CRU-CY4.08,CRU-CY4.10,31.9,31.9,0.0
1994,10,tmx,CRU-CY4.08,CRU-CY4.10,30.1,30.2,0.09999999999999787
1994,11,tmx,CRU-CY4.08,CRU-CY4.10,21.2,21.2,0.0
1994,12,tmx,CRU-CY4.08,CRU-CY4.10,16.0,15.9,-0.09999999999999964
1995,1,tmx,CRU-CY4.08,CRU-CY4.10,17.0,17.0,0.0
1995,2,tmx,CRU-CY4.08,CRU-CY4.10,17.6,17.6,0.0
1995,3,tmx,CRU-CY4.08,CRU-CY4.10,20.4,20.3,-0.09999999999999787
1995,4,tmx,CRU-CY4.08,CRU-CY4.10,23.2,23.2,0.0
1995,5,tmx,CRU-CY4.08,CRU-CY4.10,27.9,27.9,0.0
1995,6,tmx,CRU-CY4.08,CRU-CY4.10,31.6,31.6,0.0
1995,7,tmx,CRU-CY4.08,CRU-CY4.10,31.5,31.6,0.10000000000000142
1995,8,tmx,CRU-CY4.08,CRU-CY4.10,32.0,32.0,0.0
1995,9,tmx,CRU-CY4.08,CRU-CY4.10,31.0,31.1,0.10000000000000142
1995,10,tmx,CRU-CY4.08,CRU-CY4.10,27.2,27.2,0.0
1995,11,tmx,CRU-CY4.08,CRU-CY4.10,21.4,21.4,0.0
1995,12,tmx,CRU-CY4.08,CRU-CY4.10,18.0,18.0,0.0
1996,1,tmx,CRU-CY4.08,CRU-CY4.10,16.9,16.8,-0.09999999999999787
1996,2,tmx,CRU-CY4.08,CRU-CY4.10,18.6,18.5,-0.10000000000000142
1996,3,tmx,CRU-CY4.08,CRU-CY4.10,19.1,19.1,0.0
1996,4,tmx,CRU-CY4.08,CRU-CY4.10,23.4,23.3,-0.09999999999999787
1996,5,tmx,CRU-CY4.08,CRU-CY4.10,29.1,29.1,0.0
1996,6,tmx,CRU-CY4.08,CRU-CY4.10,30.1,30.0,-0.10000000000000142
1996,7,tmx,CRU-CY4.08,CRU-CY4.10,32.4,32.3,-0.10000000000000142
1996,8,tmx,CRU-CY4.08,CRU-CY4.10,32.3,32.3,0.0
1996,9,tmx,CRU-CY4.08,CRU-CY4.10,31.0,31.0,0.0
1996,10,tmx,CRU-CY4.08,CRU-CY4.10,26.6,26.6,0.0
1996,11,tmx,CRU-CY4.08,CRU-CY4.10,23.7,23.7,0.0
1996,12,tmx,CRU-CY4.08,CRU-CY4.10,20.0,19.9,-0.10000000000000142
1997,1,tmx,CRU-CY4.08,CRU-CY4.10,17.7,17.7,0.0
1997,2,tmx,CRU-CY4.08,CRU-CY4.10,15.2,15.2,0.0
1997,3,tmx,CRU-CY4.08,CRU-CY4.10,17.5,17.5,0.0
1997,4,tmx,CRU-CY4.08,CRU-CY4.10,22.2,22.2,0.0
1997,5,tmx,CRU-CY4.08,CRU-CY4.10,28.4,28.4,0.0
1997,6,tmx,CRU-CY4.08,CRU-CY4.10,30.4,30.4,0.0
1997,7,tmx,CRU-CY4.08,CRU-CY4.10,32.0,31.9,-0.10000000000000142
1997,8,tmx,CRU-CY4.08,CRU-CY4.10,30.2,30.2,0.0
1997,9,tmx,CRU-CY4.08,CRU-CY4.10,29.7,29.6,-0.09999999999999787
1997,10,tmx,CRU-CY4.08,CRU-CY4.10,27.6,27.5,-0.10000000000000142
1997,11,tmx,CRU-CY4.08,CRU-CY4.10,23.2,23.3,0.10000000000000142
1997,12,tmx,CRU-CY4.08,CRU-CY4.10,18.5,18.5,0.0
1998,1,tmx,CRU-CY4.08,CRU-CY4.10,16.4,16.4,0.0
1998,2,tmx,CRU-CY4.08,CRU-CY4.10,17.9,17.9,0.0
1998,3,tmx,CRU-CY4.08,CRU-CY4.10,18.6,18.7,0.09999999999999787
1998,4,tmx,CRU-CY4.08,CRU-CY4.10,25.6,25.6,0.0
1998,5,tmx,CRU-CY4.08,CRU-CY4.10,27.7,27.7,0.0
1998,6,tmx,CRU-CY4.08,CRU-CY4.10,30.2,30.2,0.0
1998,7,tmx,CRU-CY4.08,CRU-CY4.10,32.6,32.7,0.10000000000000142
1998,8,tmx,CRU-CY4.08,CRU-CY4.10,33.8,33.9,0.10000000000000142
1998,9,tmx,CRU-CY4.08,CRU-CY4.10,31.4,31.4,0.0
1998,10,tmx,CRU-CY4.08,CRU-CY4.10,28.7,28.8,0.10000000000000142
1998,11,tmx,CRU-CY4.08,CRU-CY4.10,25.2,25.3,0.10000000000000142
1998,12,tmx,CRU-CY4.08,CRU-CY4.10,19.7,19.7,0.0
1999,1,tmx,CRU-CY4.08,CRU-CY4.10,17.6,17.7,0.09999999999999787
1999,2,tmx,CRU-CY4.08,CRU-CY4.10,18.3,18.4,0.09999999999999787
1999,3,tmx,CRU-CY4.08,CRU-CY4.10,20.6,20.7,0.09999999999999787
1999,4,tmx,CRU-CY4.08,CRU-CY4.10,24.3,24.3,0.0
1999,5,tmx,CRU-CY4.08,CRU-CY4.10,28.8,28.9,0.09999999999999787
1999,6,tmx,CRU-CY4.08,CRU-CY4.10,29.9,30.0,0.10000000000000142
1999,7,tmx,CRU-CY4.08,CRU-CY4.10,31.7,31.8,0.10000000000000142
1999,8,tmx,CRU-CY4.08,CRU-CY4.10,32.8,32.8,0.0
1999,9,tmx,CRU-CY4.08,CRU-CY4.10,30.8,30.8,0.0
1999,10,tmx,CRU-CY4.08,CRU-CY4.10,27.9,27.9,0.0
1999,11,tmx,CRU-CY4.08,CRU-CY4.10,23.8,23.9,0.09999999999999787
1999,12,tmx,CRU-CY4.08,CRU-CY4.10,19.8,19.9,0.09999999999999787
2000,1,tmx,CRU-CY4.08,CRU-CY4.10,16.1,16.1,0.0
2000,2,tmx,CRU-CY4.08,CRU-CY4.10,17.0,16.9,-0.10000000000000142
2000,3,tmx,CRU-CY4.08,CRU-CY4.10,18.9,18.8,-0.09999999999999787
2000,4,tmx,CRU-CY4.08,CRU-CY4.10,25.9,25.9,0.0
2000,5,tmx,CRU-CY4.08,CRU-CY4.10,27.8,27.9,0.09999999999999787
2000,6,tmx,CRU-CY4.08,CRU-CY4.10,31.1,31.0,-0.10000000000000142
2000,7,tmx,CRU-CY4.08,CRU-CY4.10,33.6,33.5,-0.10000000000000142
2000,8,tmx,CRU-CY4.08,CRU-CY4.10,32.6,32.5,-0.10000000000000142
2000,9,tmx,CRU-CY4.08,CRU-CY4.10,30.6,30.5,-0.10000000000000142
2000,10,tmx,CRU-CY4.08,CRU-CY4.10,26.3,26.4,0.09999999999999787
2000,11,tmx,CRU-CY4.08,CRU-CY4.10,23.2,23.2,0.0
2000,12,tmx,CRU-CY4.08,CRU-CY4.10,18.7,18.7,0.0
2001,1,tmx,CRU-CY4.08,CRU-CY4.10,17.7,17.7,0.0
2001,2,tmx,CRU-CY4.08,CRU-CY4.10,17.9,17.9,0.0
2001,3,tmx,CRU-CY4.08,CRU-CY4.10,23.0,23.0,0.0
2001,4,tmx,CRU-CY4.08,CRU-CY4.10,25.3,25.3,0.0
2001,5,tmx,CRU-CY4.08,CRU-CY4.10,27.6,27.6,0.0
2001,6,tmx,CRU-CY4.08,CRU-CY4.10,30.5,30.5,0.0
2001,7,tmx,CRU-CY4.08,CRU-CY4.10,32.3,32.3,0.0
2001,8,tmx,CRU-CY4.08,CRU-CY4.10,32.6,32.7,0.10000000000000142
2001,9,tmx,CRU-CY4.08,CRU-CY4.10,30.9,30.9,0.0
2001,10,tmx,CRU-CY4.08,CRU-CY4.10,27.7,27.6,-0.09999999999999787
2001,11,tmx,CRU-CY4.08,CRU-CY4.10,22.7,22.6,-0.09999999999999787
2001,12,tmx,CRU-CY4.08,CRU-CY4.10,18.4,18.4,0.0
2002,1,tmx,CRU-CY4.08,CRU-CY4.10,15.5,15.5,0.0
2002,2,tmx,CRU-CY4.08,CRU-CY4.10,19.8,19.8,0.0
2002,3,tmx,CRU-CY4.08,CRU-CY4.10,21.6,21.5,-0.10000000000000142
2002,4,tmx,CRU-CY4.08,CRU-CY4.10,23.4,23.4,0.0
2002,5,tmx,CRU-CY4.08,CRU-CY4.10,27.1,27.0,-0.10000000000000142
2002,6,tmx,CRU-CY4.08,CRU-CY4.10,30.1,30.2,0.09999999999999787
2002,7,tmx,CRU-CY4.08,CRU-CY4.10,32.9,32.9,0.0
2002,8,tmx,CRU-CY4.08,CRU-CY4.10,32.1,32.1,0.0
2002,9,tmx,CRU-CY4.08,CRU-CY4.10,30.7,30.8,0.10000000000000142
2002,10,tmx,CRU-CY4.08,CRU-CY4.10,28.2,28.1,-0.09999999999999787
2002,11,tmx,CRU-CY4.08,CRU-CY4.10,24.3,24.4,0.09999999999999787
2002,12,tmx,CRU-CY4.08,CRU-CY4.10,18.4,18.3,-0.09999999999999787
2003,1,tmx,CRU-CY4.08,CRU-CY4.10,18.4,18.4,0.0
2003,2,tmx,CRU-CY4.08,CRU-CY4.10,16.4,16.5,0.10000000000000142
2003,3,tmx,CRU-CY4.08,CRU-CY4.10,17.9,17.8,-0.09999999999999787
2003,4,tmx,CRU-CY4.08,CRU-CY4.10,24.1,24.1,0.0
2003,5,tmx,CRU-CY4.08,CRU-CY4.10,29.7,29.8,0.10000000000000142
2003,6,tmx,CRU-CY4.08,CRU-CY4.10,30.7,30.6,-0.09999999999999787
2003,7,tmx,CRU-CY4.08,CRU-CY4.10,31.8,31.9,0.09999999999999787
2003,8,tmx,CRU-CY4.08,CRU-CY4.10,32.8,32.8,0.0
2003,9,tmx,CRU-CY4.08,CRU-CY4.10,30.1,30.0,-0.10000000000000142
2003,10,tmx,CRU-CY4.08,CRU-CY4.10,28.3,28.3,0.0
2003,11,tmx,CRU-CY4.08,CRU-CY4.10,23.8,23.8,0.0
2003,12,tmx,CRU-CY4.08,CRU-CY4.10,18.5,18.5,0.0
2004,1,tmx,CRU-CY4.08,CRU-CY4.10,16.8,16.9,0.09999999999999787
2004,2,tmx,CRU-CY4.08,CRU-CY4.10,17.9,17.9,0.0
2004,3,tmx,CRU-CY4.08,CRU-CY4.10,21.6,21.6,0.0
2004,4,tmx,CRU-CY4.08,CRU-CY4.10,24.4,24.4,0.0
2004,5,tmx,CRU-CY4.08,CRU-CY4.10,27.7,27.7,0.0
2004,6,tmx,CRU-CY4.08,CRU-CY4.10,29.9,29.9,0.0
2004,7,tmx,CRU-CY4.08,CRU-CY4.10,32.6,32.5,-0.10000000000000142
2004,8,tmx,CRU-CY4.08,CRU-CY4.10,31.5,31.6,0.10000000000000142
2004,9,tmx,CRU-CY4.08,CRU-CY4.10,30.6,30.6,0.0
2004,10,tmx,CRU-CY4.08,CRU-CY4.10,28.8,28.8,0.0
2004,11,tmx,CRU-CY4.08,CRU-CY4.10,23.3,23.4,0.09999999999999787
2004,12,tmx,CRU-CY4.08,CRU-CY4.10,17.7,17.7,0.0
2005,1,tmx,CRU-CY4.08,CRU-CY4.10,17.5,17.5,0.0
2005,2,tmx,CRU-CY4.08,CRU-CY4.10,17.4,17.4,0.0
2005,3,tmx,CRU-CY4.08,CRU-CY4.10,20.7,20.7,0.0
2005,4,tmx,CRU-CY4.08,CRU-CY4.10,24.7,24.7,0.0
2005,5,tmx,CRU-CY4.08,CRU-CY4.10,27.0,27.0,0.0
2005,6,tmx,CRU-CY4.08,CRU-CY4.10,29.6,29.6,0.0
2005,7,tmx,CRU-CY4.08,CRU-CY4.10,32.1,32.1,0.0
2005,8,tmx,CRU-CY4.08,CRU-CY4.10,32.1,32.1,0.0
2005,9,tmx,CRU-CY4.08,CRU-CY4.10,30.5,30.5,0.0
2005,10,tmx,CRU-CY4.08,CRU-CY4.10,26.8,26.8,0.0
2005,11,tmx,CRU-CY4.08,CRU-CY4.10,22.0,22.0,0.0
2005,12,tmx,CRU-CY4.08,CRU-CY4.10,20.4,20.4,0.0
2006,1,tmx,CRU-CY4.08,CRU-CY4.10,16.7,16.7,0.0
2006,2,tmx,CRU-CY4.08,CRU-CY4.10,18.6,18.6,0.0
2006,3,tmx,CRU-CY4.08,CRU-CY4.10,21.2,21.2,0.0
2006,4,tmx,CRU-CY4.08,CRU-CY4.10,24.3,24.3,0.0
2006,5,tmx,CRU-CY4.08,CRU-CY4.10,27.2,27.2,0.0
2006,6,tmx,CRU-CY4.08,CRU-CY4.10,30.9,30.9,0.0
2006,7,tmx,CRU-CY4.08,CRU-CY4.10,31.1,31.1,0.0
2006,8,tmx,CRU-CY4.08,CRU-CY4.10,32.8,32.9,0.10000000000000142
2006,9,tmx,CRU-CY4.08,CRU-CY4.10,30.8,31.0,0.1999999999999993
2006,10,tmx,CRU-CY4.08,CRU-CY4.10,27.4,27.5,0.10000000000000142
2006,11,tmx,CRU-CY4.08,CRU-CY4.10,21.6,21.8,0.1999999999999993
2006,12,tmx,CRU-CY4.08,CRU-CY4.10,18.1,18.2,0.09999999999999787
2007,1,tmx,CRU-CY4.08,CRU-CY4.10,17.0,16.9,-0.10000000000000142
2007,2,tmx,CRU-CY4.08,CRU-CY4.10,18.0,18.0,0.0
2007,3,tmx,CRU-CY4.08,CRU-CY4.10,20.1,20.1,0.0
2007,4,tmx,CRU-CY4.08,CRU-CY4.10,23.0,23.1,0.10000000000000142
2007,5,tmx,CRU-CY4.08,CRU-CY4.10,28.8,28.8,0.0
2007,6,tmx,CRU-CY4.08,CRU-CY4.10,31.1,31.1,0.0
2007,7,tmx,CRU-CY4.08,CRU-CY4.10,32.5,32.6,0.10000000000000142
2007,8,tmx,CRU-CY4.08,CRU-CY4.10,32.2,32.3,0.09999999999999432
2007,9,tmx,CRU-CY4.08,CRU-CY4.10,30.5,30.7,0.1999999999999993
2007,10,tmx,CRU-CY4.08,CRU-CY4.10,28.9,29.0,0.10000000000000142
2007,11,tmx,CRU-CY4.08,CRU-CY4.10,23.7,23.6,-0.09999999999999787
2007,12,tmx,CRU-CY4.08,CRU-CY4.10,18.6,18.5,-0.10000000000000142
2008,1,tmx,CRU-CY4.08,CRU-CY4.10,14.5,14.6,0.09999999999999964
2008,2,tmx,CRU-CY4.08,CRU-CY4.10,17.4,17.3,-0.09999999999999787
2008,3,tmx,CRU-CY4.08,CRU-CY4.10,24.0,24.0,0.0
2008,4,tmx,CRU-CY4.08,CRU-CY4.10,26.7,26.7,0.0
2008,5,tmx,CRU-CY4.08,CRU-CY4.10,27.3,27.3,0.0
2008,6,tmx,CRU-CY4.08,CRU-CY4.10,31.7,31.8,0.10000000000000142
2008,7,tmx,CRU-CY4.08,CRU-CY4.10,32.5,32.5,0.0
2008,8,tmx,CRU-CY4.08,CRU-CY4.10,33.0,33.0,0.0
2008,9,tmx,CRU-CY4.08,CRU-CY4.10,31.2,31.2,0.0
2008,10,tmx,CRU-CY4.08,CRU-CY4.10,27.3,27.4,0.09999999999999787
2008,11,tmx,CRU-CY4.08,CRU-CY4.10,24.0,24.0,0.0
2008,12,tmx,CRU-CY4.08,CRU-CY4.10,19.6,19.6,0.0
2009,1,tmx,CRU-CY4.08,CRU-CY4.10,17.3,17.3,0.0
2009,2,tmx,CRU-CY4.08,CRU-CY4.10,18.5,18.5,0.0
2009,3,tmx,CRU-CY4.08,CRU-CY4.10,19.5,19.5,0.0
2009,4,tmx,CRU-CY4.08,CRU-CY4.10,24.7,24.7,0.0
2009,5,tmx,CRU-CY4.08,CRU-CY4.10,27.3,27.4,0.09999999999999787
2009,6,tmx,CRU-CY4.08,CRU-CY4.10,31.5,31.6,0.10000000000000142
2009,7,tmx,CRU-CY4.08,CRU-CY4.10,32.1,32.0,-0.10000000000000142
2009,8,tmx,CRU-CY4.08,CRU-CY4.10,32.3,32.3,0.0
2009,9,tmx,CRU-CY4.08,CRU-CY4.10,29.9,29.9,0.0
2009,10,tmx,CRU-CY4.08,CRU-CY4.10,29.5,29.6,0.10000000000000142
2009,11,tmx,CRU-CY4.08,CRU-CY4.10,22.8,22.8,0.0
2009,12,tmx,CRU-CY4.08,CRU-CY4.10,20.2,20.1,-0.09999999999999787
2010,1,tmx,CRU-CY4.08,CRU-CY4.10,19.6,19.6,0.0
2010,2,tmx,CRU-CY4.08,CRU-CY4.10,20.2,20.3,0.10000000000000142
2010,3,tmx,CRU-CY4.08,CRU-CY4.10,23.1,23.3,0.1999999999999993
2010,4,tmx,CRU-CY4.08,CRU-CY4.10,26.1,26.1,0.0
2010,5,tmx,CRU-CY4.08,CRU-CY4.10,28.8,28.8,0.0
2010,6,tmx,CRU-CY4.08,CRU-CY4.10,31.2,31.3,0.10000000000000142
2010,7,tmx,CRU-CY4.08,CRU-CY4.10,32.7,32.8,0.09999999999999432
2010,8,tmx,CRU-CY4.08,CRU-CY4.10,34.5,34.5,0.0
2010,9,tmx,CRU-CY4.08,CRU-CY4.10,32.3,32.3,0.0
2010,10,tmx,CRU-CY4.08,CRU-CY4.10,30.2,30.2,0.0
2010,11,tmx,CRU-CY4.08,CRU-CY4.10,26.8,26.8,0.0
2010,12,tmx,CRU-CY4.08,CRU-CY4.10,20.8,20.8,0.0
2011,1,tmx,CRU-CY4.08,CRU-CY4.10,17.9,18.0,0.10000000000000142
2011,2,tmx,CRU-CY4.08,CRU-CY4.10,18.4,18.5,0.10000000000000142
2011,3,tmx,CRU-CY4.08,CRU-CY4.10,20.4,20.4,0.0
2011,4,tmx,CRU-CY4.08,CRU-CY4.10,24.0,23.9,-0.10000000000000142
2011,5,tmx,CRU-CY4.08,CRU-CY4.10,26.9,27.0,0.10000000000000142
2011,6,tmx,CRU-CY4.08,CRU-CY4.10,29.8,29.8,0.0
2011,7,tmx,CRU-CY4.08,CRU-CY4.10,33.0,32.9,-0.10000000000000142
2011,8,tmx,CRU-CY4.08,CRU-CY4.10,32.3,32.4,0.10000000000000142
2011,9,tmx,CRU-CY4.08,CRU-CY4.10,30.8,30.8,0.0
2011,10,tmx,CRU-CY4.08,CRU-CY4.10,27.1,27.3,0.1999999999999993
2011,11,tmx,CRU-CY4.08,CRU-CY4.10,20.1,19.9,-0.20000000000000284
2011,12,tmx,CRU-CY4.08,CRU-CY4.10,18.1,18.2,0.09999999999999787
2012,1,tmx,CRU-CY4.08,CRU-CY4.10,15.6,15.7,0.09999999999999964
2012,2,tmx,CRU-CY4.08,CRU-CY4.10,16.7,16.8,0.10000000000000142
2012,3,tmx,CRU-CY4.08,CRU-CY4.10,18.7,18.7,0.0
2012,4,tmx,CRU-CY4.08,CRU-CY4.10,26.2,26.2,0.0
2012,5,tmx,CRU-CY4.08,CRU-CY4.10,28.3,28.4,0.09999999999999787
2012,6,tmx,CRU-CY4.08,CRU-CY4.10,32.0,32.0,0.0
2012,7,tmx,CRU-CY4.08,CRU-CY4.10,33.5,33.6,0.10000000000000142
2012,8,tmx,CRU-CY4.08,CRU-CY4.10,32.7,32.9,0.19999999999999574
2012,9,tmx,CRU-CY4.08,CRU-CY4.10,31.6,31.7,0.09999999999999787
2012,10,tmx,CRU-CY4.08,CRU-CY4.10,29.2,29.3,0.10000000000000142
2012,11,tmx,CRU-CY4.08,CRU-CY4.10,24.5,24.5,0.0
2012,12,tmx,CRU-CY4.08,CRU-CY4.10,19.3,19.2,-0.10000000000000142
2013,1,tmx,CRU-CY4.08,CRU-CY4.10,17.5,17.5,0.0
2013,2,tmx,CRU-CY4.08,CRU-CY4.10,19.6,19.6,0.0
2013,3,tmx,CRU-CY4.08,CRU-CY4.10,22.9,23.0,0.10000000000000142
2013,4,tmx,CRU-CY4.08,CRU-CY4.10,24.5,24.5,0.0
2013,5,tmx,CRU-CY4.08,CRU-CY4.10,29.1,29.1,0.0
2013,6,tmx,CRU-CY4.08,CRU-CY4.10,30.5,30.4,-0.10000000000000142
2013,7,tmx,CRU-CY4.08,CRU-CY4.10,31.3,31.3,0.0
2013,8,tmx,CRU-CY4.08,CRU-CY4.10,32.1,32.2,0.10000000000000142
2013,9,tmx,CRU-CY4.08,CRU-CY4.10,30.0,30.0,0.0
2013,10,tmx,CRU-CY4.08,CRU-CY4.10,26.6,26.6,0.0
2013,11,tmx,CRU-CY4.08,CRU-CY4.10,24.9,24.9,0.0
2013,12,tmx,CRU-CY4.08,CRU-CY4.10,17.1,17.3,0.1999999999999993
2014,1,tmx,CRU-CY4.08,CRU-CY4.10,18.0,18.1,0.10000000000000142
2014,2,tmx,CRU-CY4.08,CRU-CY4.10,19.5,19.5,0.0
2014,3,tmx,CRU-CY4.08,CRU-CY4.10,21.7,21.9,0.1999999999999993
2014,4,tmx,CRU-CY4.08,CRU-CY4.10,25.9,26.0,0.10000000000000142
2014,5,tmx,CRU-CY4.08,CRU-CY4.10,27.8,28.0,0.1999999999999993
2014,6,tmx,CRU-CY4.08,CRU-CY4.10,30.2,30.2,0.0
2014,7,tmx,CRU-CY4.08,CRU-CY4.10,31.6,31.7,0.09999999999999787
2014,8,tmx,CRU-CY4.08,CRU-CY4.10,32.6,32.7,0.10000000000000142
2014,9,tmx,CRU-CY4.08,CRU-CY4.10,30.1,30.2,0.09999999999999787
2014,10,tmx,CRU-CY4.08,CRU-CY4.10,27.2,27.3,0.10000000000000142
2014,11,tmx,CRU-CY4.08,CRU-CY4.10,22.6,22.6,0.0
2014,12,tmx,CRU-CY4.08,CRU-CY4.10,20.1,20.1,0.0
2015,1,tmx,CRU-CY4.08,CRU-CY4.10,16.4,16.5,0.10000000000000142
2015,2,tmx,CRU-CY4.08,CRU-CY4.10,17.7,17.8,0.10000000000000142
2015,3,tmx,CRU-CY4.08,CRU-CY4.10,21.9,21.9,0.0
2015,4,tmx,CRU-CY4.08,CRU-CY4.10,23.5,23.6,0.10000000000000142
2015,5,tmx,CRU-CY4.08,CRU-CY4.10,28.4,28.6,0.20000000000000284
2015,6,tmx,CRU-CY4.08,CRU-CY4.10,28.8,29.2,0.3999999999999986
2015,7,tmx,CRU-CY4.08,CRU-CY4.10,32.0,32.3,0.29999999999999716
2015,8,tmx,CRU-CY4.08,CRU-CY4.10,32.4,32.6,0.20000000000000284
2015,9,tmx,CRU-CY4.08,CRU-CY4.10,32.3,32.6,0.30000000000000426
2015,10,tmx,CRU-CY4.08,CRU-CY4.10,28.7,29.0,0.3000000000000007
2015,11,tmx,CRU-CY4.08,CRU-CY4.10,23.6,23.9,0.29999999999999716
2015,12,tmx,CRU-CY4.08,CRU-CY4.10,17.6,18.1,0.5
2016,1,tmx,CRU-CY4.08,CRU-CY4.10,16.1,16.2,0.09999999999999787
2016,2,tmx,CRU-CY4.08,CRU-CY4.10,20.5,20.4,-0.10000000000000142
2016,3,tmx,CRU-CY4.08,CRU-CY4.10,22.0,22.2,0.1999999999999993
2016,4,tmx,CRU-CY4.08,CRU-CY4.10,27.4,27.4,0.0
2016,5,tmx,CRU-CY4.08,CRU-CY4.10,27.9,28.1,0.20000000000000284
2016,6,tmx,CRU-CY4.08,CRU-CY4.10,32.2,32.3,0.09999999999999432
2016,7,tmx,CRU-CY4.08,CRU-CY4.10,32.4,32.6,0.20000000000000284
2016,8,tmx,CRU-CY4.08,CRU-CY4.10,32.8,33.0,0.20000000000000284
2016,9,tmx,CRU-CY4.08,CRU-CY4.10,30.4,30.6,0.20000000000000284
2016,10,tmx,CRU-CY4.08,CRU-CY4.10,28.9,29.2,0.3000000000000007
2016,11,tmx,CRU-CY4.08,CRU-CY4.10,23.7,24.0,0.3000000000000007
2016,12,tmx,CRU-CY4.08,CRU-CY4.10,16.2,16.4,0.1999999999999993
2017,1,tmx,CRU-CY4.08,CRU-CY4.10,15.5,15.7,0.1999999999999993
2017,2,tmx,CRU-CY4.08,CRU-CY4.10,17.1,17.1,0.0
2017,3,tmx,CRU-CY4.08,CRU-CY4.10,20.9,21.0,0.10000000000000142
2017,4,tmx,CRU-CY4.08,CRU-CY4.10,24.7,24.9,0.1999999999999993
2017,5,tmx,CRU-CY4.08,CRU-CY4.10,28.1,28.2,0.09999999999999787
2017,6,tmx,CRU-CY4.08,CRU-CY4.10,30.9,31.1,0.20000000000000284
2017,7,tmx,CRU-CY4.08,CRU-CY4.10,33.1,33.4,0.29999999999999716
2017,8,tmx,CRU-CY4.08,CRU-CY4.10,32.5,32.8,0.29999999999999716
2017,9,tmx,CRU-CY4.08,CRU-CY4.10,31.5,31.7,0.1999999999999993
2017,10,tmx,CRU-CY4.08,CRU-CY4.10,27.3,27.5,0.1999999999999993
2017,11,tmx,CRU-CY4.08,CRU-CY4.10,23.1,23.3,0.1999999999999993
2017,12,tmx,CRU-CY4.08,CRU-CY4.10,20.8,21.0,0.1999999999999993
2018,1,tmx,CRU-CY4.08,CRU-CY4.10,17.2,17.3,0.10000000000000142
2018,2,tmx,CRU-CY4.08,CRU-CY4.10,20.2,20.3,0.10000000000000142
2018,3,tmx,CRU-CY4.08,CRU-CY4.10,24.0,24.2,0.1999999999999993
2018,4,tmx,CRU-CY4.08,CRU-CY4.10,25.9,26.0,0.10000000000000142
2018,5,tmx,CRU-CY4.08,CRU-CY4.10,28.8,29.2,0.3999999999999986
2018,6,tmx,CRU-CY4.08,CRU-CY4.10,30.7,30.8,0.10000000000000142
2018,7,tmx,CRU-CY4.08,CRU-CY4.10,32.2,32.4,0.19999999999999574
2018,8,tmx,CRU-CY4.08,CRU-CY4.10,32.2,32.4,0.19999999999999574
2018,9,tmx,CRU-CY4.08,CRU-CY4.10,31.3,31.5,0.1999999999999993
2018,10,tmx,CRU-CY4.08,CRU-CY4.10,28.2,28.4,0.1999999999999993
2018,11,tmx,CRU-CY4.08,CRU-CY4.10,22.9,23.1,0.20000000000000284
2018,12,tmx,CRU-CY4.08,CRU-CY4.10,18.3,18.2,-0.10000000000000142
2019,1,tmx,CRU-CY4.08,CRU-CY4.10,16.2,16.4,0.1999999999999993
2019,2,tmx,CRU-CY4.08,CRU-CY4.10,17.7,17.8,0.10000000000000142
2019,3,tmx,CRU-CY4.08,CRU-CY4.10,19.2,19.4,0.1999999999999993
2019,4,tmx,CRU-CY4.08,CRU-CY4.10,22.9,23.0,0.10000000000000142
2019,5,tmx,CRU-CY4.08,CRU-CY4.10,29.8,29.7,-0.10000000000000142
2019,6,tmx,CRU-CY4.08,CRU-CY4.10,31.4,31.5,0.10000000000000142
2019,7,tmx,CRU-CY4.08,CRU-CY4.10,32.2,32.3,0.09999999999999432
2019,8,tmx,CRU-CY4.08,CRU-CY4.10,32.2,32.4,0.19999999999999574
2019,9,tmx,CRU-CY4.08,CRU-CY4.10,30.7,30.8,0.10000000000000142
2019,10,tmx,CRU-CY4.08,CRU-CY4.10,29.0,29.3,0.3000000000000007
2019,11,tmx,CRU-CY4.08,CRU-CY4.10,25.0,25.3,0.3000000000000007
2019,12,tmx,CRU-CY4.08,CRU-CY4.10,19.1,19.1,0.0
2020,1,tmx,CRU-CY4.08,CRU-CY4.10,16.1,16.1,0.0
2020,2,tmx,CRU-CY4.08,CRU-CY4.10,17.8,17.8,0.0
2020,3,tmx,CRU-CY4.08,CRU-CY4.10,20.7,20.9,0.1999999999999993
2020,4,tmx,CRU-CY4.08,CRU-CY4.10,23.5,23.8,0.3000000000000007
2020,5,tmx,CRU-CY4.08,CRU-CY4.10,28.1,28.0,-0.10000000000000142
2020,6,tmx,CRU-CY4.08,CRU-CY4.10,29.3,29.5,0.1999999999999993
2020,7,tmx,CRU-CY4.08,CRU-CY4.10,32.5,32.6,0.10000000000000142
2020,8,tmx,CRU-CY4.08,CRU-CY4.10,32.6,32.6,0.0
2020,9,tmx,CRU-CY4.08,CRU-CY4.10,32.6,32.8,0.19999999999999574
2020,10,tmx,CRU-CY4.08,CRU-CY4.10,30.4,30.7,0.3000000000000007
2020,11,tmx,CRU-CY4.08,CRU-CY4.10,23.3,23.3,0.0
2020,12,tmx,CRU-CY4.08,CRU-CY4.10,19.9,20.1,0.20000000000000284
2021,1,tmx,CRU-CY4.08,CRU-CY4.10,18.8,18.9,0.09999999999999787
2021,2,tmx,CRU-CY4.08,CRU-CY4.10,19.7,19.3,-0.3999999999999986
2021,3,tmx,CRU-CY4.08,CRU-CY4.10,20.5,20.7,0.1999999999999993
2021,4,tmx,CRU-CY4.08,CRU-CY4.10,25.6,25.6,0.0
2021,5,tmx,CRU-CY4.08,CRU-CY4.10,30.1,30.1,0.0
2021,6,tmx,CRU-CY4.08,CRU-CY4.10,29.8,30.0,0.1999999999999993
2021,7,tmx,CRU-CY4.08,CRU-CY4.10,32.7,32.8,0.09999999999999432
2021,8,tmx,CRU-CY4.08,CRU-CY4.10,33.0,33.2,0.20000000000000284
2021,9,tmx,CRU-CY4.08,CRU-CY4.10,30.4,30.5,0.10000000000000142
2021,10,tmx,CRU-CY4.08,CRU-CY4.10,27.9,28.2,0.3000000000000007
2021,11,tmx,CRU-CY4.08,CRU-CY4.10,24.8,25.0,0.1999999999999993
2021,12,tmx,CRU-CY4.08,CRU-CY4.10,18.7,18.9,0.1999999999999993
2022,1,tmx,CRU-CY4.08,CRU-CY4.10,15.1,15.3,0.20000000000000107
2022,2,tmx,CRU-CY4.08,CRU-CY4.10,17.6,17.6,0.0
2022,3,tmx,CRU-CY4.08,CRU-CY4.10,17.0,17.0,0.0
2022,4,tmx,CRU-CY4.08,CRU-CY4.10,26.7,26.7,0.0
2022,5,tmx,CRU-CY4.08,CRU-CY4.10,27.5,27.6,0.10000000000000142
2022,6,tmx,CRU-CY4.08,CRU-CY4.10,30.6,30.6,0.0
2022,7,tmx,CRU-CY4.08,CRU-CY4.10,31.7,31.8,0.10000000000000142
2022,8,tmx,CRU-CY4.08,CRU-CY4.10,32.7,33.0,0.29999999999999716
2022,9,tmx,CRU-CY4.08,CRU-CY4.10,31.4,31.5,0.10000000000000142
2022,10,tmx,CRU-CY4.08,CRU-CY4.10,27.9,28.1,0.20000000000000284
2022,11,tmx,CRU-CY4.08,CRU-CY4.10,23.6,23.7,0.09999999999999787
2022,12,tmx,CRU-CY4.08,CRU-CY4.10,20.4,20.6,0.20000000000000284
2023,1,tmx,CRU-CY4.08,CRU-CY4.10,18.5,18.5,0.0
2023,2,tmx,CRU-CY4.08,CRU-CY4.10,17.2,17.3,0.10000000000000142
2023,3,tmx,CRU-CY4.08,CRU-CY4.10,21.5,21.6,0.10000000000000142
2023,4,tmx,CRU-CY4.08,CRU-CY4.10,24.3,24.5,0.1999999999999993
2023,5,tmx,CRU-CY4.08,CRU-CY4.10,27.2,27.4,0.1999999999999993
2023,6,tmx,CRU-CY4.08,CRU-CY4.10,30.0,30.3,0.3000000000000007
2023,7,tmx,CRU-CY4.08,CRU-CY4.10,33.3,33.3,0.0
2023,8,tmx,CRU-CY4.08,CRU-CY4.10,33.4,33.8,0.3999999999999986
2023,9,tmx,CRU-CY4.08,CRU-CY4.10,32.1,32.2,0.10000000000000142
2023,10,tmx,CRU-CY4.08,CRU-CY4.10,28.8,29.1,0.3000000000000007
2023,11,tmx,CRU-CY4.08,CRU-CY4.10,25.4,25.6,0.20000000000000284
2023,12,tmx,CRU-CY4.08,CRU-CY4.10,21.2,21.3,0.10000000000000142
1901,1,pet,CRU-CY4.08,CRU-CY4.10,1.9,1.8,-0.09999999999999987
1901,2,pet,CRU-CY4.08,CRU-CY4.10,2.8,2.7,-0.09999999999999964
1901,3,pet,CRU-CY4.08,CRU-CY4.10,3.4,3.3,-0.10000000000000009
1901,4,pet,CRU-CY4.08,CRU-CY4.10,4.7,4.6,-0.10000000000000053
1901,5,pet,CRU-CY4.08,CRU-CY4.10,5.2,5.1,-0.10000000000000053
1901,6,pet,CRU-CY4.08,CRU-CY4.10,6.7,6.5,-0.20000000000000018
1901,7,pet,CRU-CY4.08,CRU-CY4.10,6.4,6.4,0.0
1901,8,pet,CRU-CY4.08,CRU-CY4.10,5.9,5.8,-0.10000000000000053
1901,9,pet,CRU-CY4.08,CRU-CY4.10,4.9,4.8,-0.10000000000000053
1901,10,pet,CRU-CY4.08,CRU-CY4.10,3.7,3.6,-0.10000000000000009
1901,11,pet,CRU-CY4.08,CRU-CY4.10,2.5,2.5,0.0
1901,12,pet,CRU-CY4.08,CRU-CY4.10,1.9,1.9,0.0
1902,1,pet,CRU-CY4.08,CRU-CY4.10,1.8,1.8,0.0
1902,2,pet,CRU-CY4.08,CRU-CY4.10,2.5,2.5,0.0
1902,3,pet,CRU-CY4.08,CRU-CY4.10,3.2,3.1,-0.10000000000000009
1902,4,pet,CRU-CY4.08,CRU-CY4.10,4.2,4.2,0.0
1902,5,pet,CRU-CY4.08,CRU-CY4.10,5.2,5.2,0.0
1902,6,pet,CRU-CY4.08,CRU-CY4.10,5.9,5.9,0.0
1902,7,pet,CRU-CY4.08,CRU-CY4.10,6.0,6.0,0.0
1902,8,pet,CRU-CY4.08,CRU-CY4.10,5.6,5.6,0.0
1902,9,pet,CRU-CY4.08,CRU-CY4.10,4.8,4.8,0.0
1902,10,pet,CRU-CY4.08,CRU-CY4.10,3.5,3.5,0.0
1902,11,pet,CRU-CY4.08,CRU-CY4.10,2.4,2.4,0.0
1902,12,pet,CRU-CY4.08,CRU-CY4.10,1.7,1.7,0.0
1903,1,pet,CRU-CY4.08,CRU-CY4.10,1.7,1.7,0.0
1903,2,pet,CRU-CY4.08,CRU-CY4.10,2.2,2.2,0.0
1903,3,pet,CRU-CY4.08,CRU-CY4.10,3.1,3.1,0.0
1903,4,pet,CRU-CY4.08,CRU-CY4.10,4.2,4.2,0.0
1903,5,pet,CRU-CY4.08,CRU-CY4.10,5.2,5.2,0.0
1903,6,pet,CRU-CY4.08,CRU-CY4.10,6.0,6.0,0.0
1903,7,pet,CRU-CY4.08,CRU-CY4.10,5.9,5.9,0.0
1903,8,pet,CRU-CY4.08,CRU-CY4.10,5.6,5.6,0.0
1903,9,pet,CRU-CY4.08,CRU-CY4.10,4.5,4.5,0.0
1903,10,pet,CRU-CY4.08,CRU-CY4.10,3.3,3.3,0.0
1903,11,pet,CRU-CY4.08,CRU-CY4.10,2.3,2.3,0.0
1903,12,pet,CRU-CY4.08,CRU-CY4.10,1.7,1.7,0.0
1904,1,pet,CRU-CY4.08,CRU-CY4.10,1.7,1.7,0.0
1904,2,pet,CRU-CY4.08,CRU-CY4.10,2.4,2.3,-0.10000000000000009
1904,3,pet,CRU-CY4.08,CRU-CY4.10,3.1,3.1,0.0
1904,4,pet,CRU-CY4.08,CRU-CY4.10,4.1,4.0,-0.09999999999999964
1904,5,pet,CRU-CY4.08,CRU-CY4.10,5.1,5.1,0.0
1904,6,pet,CRU-CY4.08,CRU-CY4.10,6.0,6.0,0.0
1904,7,pet,CRU-CY4.08,CRU-CY4.10,6.0,6.0,0.0
1904,8,pet,CRU-CY4.08,CRU-CY4.10,5.6,5.6,0.0
1904,9,pet,CRU-CY4.08,CRU-CY4.10,4.6,4.6,0.0
1904,10,pet,CRU-CY4.08,CRU-CY4.10,3.6,3.6,0.0
1904,11,pet,CRU-CY4.08,CRU-CY4.10,2.3,2.3,0.0
1904,12,pet,CRU-CY4.08,CRU-CY4.10,1.7,1.7,0.0
1905,1,pet,CRU-CY4.08,CRU-CY4.10,1.7,1.7,0.0
1905,2,pet,CRU-CY4.08,CRU-CY4.10,2.1,2.1,0.0
1905,3,pet,CRU-CY4.08,CRU-CY4.10,3.0,3.0,0.0
1905,4,pet,CRU-CY4.08,CRU-CY4.10,4.2,4.1,-0.10000000000000053
1905,5,pet,CRU-CY4.08,CRU-CY4.10,5.3,5.3,0.0
1905,6,pet,CRU-CY4.08,CRU-CY4.10,6.1,6.1,0.0
1905,7,pet,CRU-CY4.08,CRU-CY4.10,6.3,6.3,0.0
1905,8,pet,CRU-CY4.08,CRU-CY4.10,5.7,5.7,0.0
1905,9,pet,CRU-CY4.08,CRU-CY4.10,4.7,4.7,0.0
1905,10,pet,CRU-CY4.08,CRU-CY4.10,3.6,3.6,0.0
1905,11,pet,CRU-CY4.08,CRU-CY4.10,2.6,2.6,0.0
1905,12,pet,CRU-CY4.08,CRU-CY4.10,1.7,1.7,0.0
1906,1,pet,CRU-CY4.08,CRU-CY4.10,1.8,1.8,0.0
1906,2,pet,CRU-CY4.08,CRU-CY4.10,2.3,2.3,0.0
1906,3,pet,CRU-CY4.08,CRU-CY4.10,3.2,3.1,-0.10000000000000009
1906,4,pet,CRU-CY4.08,CRU-CY4.10,4.3,4.3,0.0
1906,5,pet,CRU-CY4.08,CRU-CY4.10,5.2,5.2,0.0
1906,6,pet,CRU-CY4.08,CRU-CY4.10,6.2,6.2,0.0
1906,7,pet,CRU-CY4.08,CRU-CY4.10,6.2,6.2,0.0
1906,8,pet,CRU-CY4.08,CRU-CY4.10,5.7,5.7,0.0
1906,9,pet,CRU-CY4.08,CRU-CY4.10,4.6,4.6,0.0
1906,10,pet,CRU-CY4.08,CRU-CY4.10,3.5,3.5,0.0
1906,11,pet,CRU-CY4.08,CRU-CY4.10,2.5,2.5,0.0
1906,12,pet,CRU-CY4.08,CRU-CY4.10,1.9,1.9,0.0
1907,1,pet,CRU-CY4.08,CRU-CY4.10,1.8,1.8,0.0
1907,2,pet,CRU-CY4.08,CRU-CY4.10,2.3,2.3,0.0
1907,3,pet,CRU-CY4.08,CRU-CY4.10,2.9,2.9,0.0
1907,4,pet,CRU-CY4.08,CRU-CY4.10,4.1,4.1,0.0
1907,5,pet,CRU-CY4.08,CRU-CY4.10,5.2,5.2,0.0
1907,6,pet,CRU-CY4.08,CRU-CY4.10,6.1,6.1,0.0
1907,7,pet,CRU-CY4.08,CRU-CY4.10,6.2,6.2,0.0
1907,8,pet,CRU-CY4.08,CRU-CY4.10,5.7,5.7,0.0
1907,9,pet,CRU-CY4.08,CRU-CY4.10,4.6,4.6,0.0
1907,10,pet,CRU-CY4.08,CRU-CY4.10,3.4,3.4,0.0
1907,11,pet,CRU-CY4.08,CRU-CY4.10,2.4,2.4,0.0
1907,12,pet,CRU-CY4.08,CRU-CY4.10,1.8,1.8,0.0
1908,1,pet,CRU-CY4.08,CRU-CY4.10,1.8,1.8,0.0
1908,2,pet,CRU-CY4.08,CRU-CY4.10,2.4,2.4,0.0
1908,3,pet,CRU-CY4.08,CRU-CY4.10,3.2,3.1,-0.10000000000000009
1908,4,pet,CRU-CY4.08,CRU-CY4.10,4.3,4.3,0.0
1908,5,pet,CRU-CY4.08,CRU-CY4.10,5.4,5.4,0.0
1908,6,pet,CRU-CY4.08,CRU-CY4.10,6.2,6.2,0.0
1908,7,pet,CRU-CY4.08,CRU-CY4.10,6.2,6.2,0.0
1908,8,pet,CRU-CY4.08,CRU-CY4.10,5.7,5.7,0.0
1908,9,pet,CRU-CY4.08,CRU-CY4.10,4.6,4.6,0.0
1908,10,pet,CRU-CY4.08,CRU-CY4.10,3.5,3.5,0.0
1908,11,pet,CRU-CY4.08,CRU-CY4.10,2.4,2.4,0.0
1908,12,pet,CRU-CY4.08,CRU-CY4.10,1.7,1.7,0.0
1909,1,pet,CRU-CY4.08,CRU-CY4.10,1.8,1.8,0.0
1909,2,pet,CRU-CY4.08,CRU-CY4.10,2.3,2.3,0.0
1909,3,pet,CRU-CY4.08,CRU-CY4.10,3.3,3.3,0.0
1909,4,pet,CRU-CY4.08,CRU-CY4.10,4.1,4.1,0.0
1909,5,pet,CRU-CY4.08,CRU-CY4.10,5.6,5.6,0.0
1909,6,pet,CRU-CY4.08,CRU-CY4.10,6.3,6.3,0.0
1909,7,pet,CRU-CY4.08,CRU-CY4.10,6.3,6.3,0.0
1909,8,pet,CRU-CY4.08,CRU-CY4.10,5.8,5.8,0.0
1909,9,pet,CRU-CY4.08,CRU-CY4.10,4.7,4.7,0.0
1909,10,pet,CRU-CY4.08,CRU-CY4.10,3.5,3.5,0.0
1909,11,pet,CRU-CY4.08,CRU-CY4.10,2.5,2.5,0.0
1909,12,pet,CRU-CY4.08,CRU-CY4.10,1.9,1.9,0.0
1910,1,pet,CRU-CY4.08,CRU-CY4.10,1.8,1.8,0.0
1910,2,pet,CRU-CY4.08,CRU-CY4.10,2.4,2.4,0.0
1910,3,pet,CRU-CY4.08,CRU-CY4.10,2.9,2.8,-0.10000000000000009
1910,4,pet,CRU-CY4.08,CRU-CY4.10,4.4,4.4,0.0
1910,5,pet,CRU-CY4.08,CRU-CY4.10,5.3,5.3,0.0
1910,6,pet,CRU-CY4.08,CRU-CY4.10,6.1,6.1,0.0
1910,7,pet,CRU-CY4.08,CRU-CY4.10,6.3,6.3,0.0
1910,8,pet,CRU-CY4.08,CRU-CY4.10,5.9,5.9,0.0
1910,9,pet,CRU-CY4.08,CRU-CY4.10,4.7,4.7,0.0
1910,10,pet,CRU-CY4.08,CRU-CY4.10,3.4,3.4,0.0
1910,11,pet,CRU-CY4.08,CRU-CY4.10,2.4,2.4,0.0
1910,12,pet,CRU-CY4.08,CRU-CY4.10,1.7,1.7,0.0
1911,1,pet,CRU-CY4.08,CRU-CY4.10,1.8,1.8,0.0
1911,2,pet,CRU-CY4.08,CRU-CY4.10,2.2,2.2,0.0
1911,3,pet,CRU-CY4.08,CRU-CY4.10,3.1,3.1,0.0
1911,4,pet,CRU-CY4.08,CRU-CY4.10,4.2,4.2,0.0
1911,5,pet,CRU-CY4.08,CRU-CY4.10,5.3,5.3,0.0
1911,6,pet,CRU-CY4.08,CRU-CY4.10,6.2,6.2,0.0
1911,7,pet,CRU-CY4.08,CRU-CY4.10,6.2,6.2,0.0
1911,8,pet,CRU-CY4.08,CRU-CY4.10,5.8,5.8,0.0
1911,9,pet,CRU-CY4.08,CRU-CY4.10,4.6,4.6,0.0
1911,10,pet,CRU-CY4.08,CRU-CY4.10,3.5,3.5,0.0
1911,11,pet,CRU-CY4.08,CRU-CY4.10,2.5,2.5,0.0
1911,12,pet,CRU-CY4.08,CRU-CY4.10,1.8,1.8,0.0
1912,1,pet,CRU-CY4.08,CRU-CY4.10,1.8,1.8,0.0
1912,2,pet,CRU-CY4.08,CRU-CY4.10,2.4,2.4,0.0
1912,3,pet,CRU-CY4.08,CRU-CY4.10,3.1,3.1,0.0
1912,4,pet,CRU-CY4.08,CRU-CY4.10,4.2,4.2,0.0
1912,5,pet,CRU-CY4.08,CRU-CY4.10,5.1,5.1,0.0
1912,6,pet,CRU-CY4.08,CRU-CY4.10,6.1,6.1,0.0
1912,7,pet,CRU-CY4.08,CRU-CY4.10,6.2,6.2,0.0
1912,8,pet,CRU-CY4.08,CRU-CY4.10,5.6,5.6,0.0
1912,9,pet,CRU-CY4.08,CRU-CY4.10,4.7,4.7,0.0
1912,10,pet,CRU-CY4.08,CRU-CY4.10,3.5,3.5,0.0
1912,11,pet,CRU-CY4.08,CRU-CY4.10,2.4,2.4,0.0
1912,12,pet,CRU-CY4.08,CRU-CY4.10,1.7,1.7,0.0
1913,1,pet,CRU-CY4.08,CRU-CY4.10,1.8,1.8,0.0
1913,2,pet,CRU-CY4.08,CRU-CY4.10,2.3,2.3,0.0
1913,3,pet,CRU-CY4.08,CRU-CY4.10,3.0,3.0,0.0
1913,4,pet,CRU-CY4.08,CRU-CY4.10,4.3,4.3,0.0
1913,5,pet,CRU-CY4.08,CRU-CY4.10,5.2,5.2,0.0
1913,6,pet,CRU-CY4.08,CRU-CY4.10,6.0,6.0,0.0
1913,7,pet,CRU-CY4.08,CRU-CY4.10,6.2,6.2,0.0
1913,8,pet,CRU-CY4.08,CRU-CY4.10,5.7,5.7,0.0
1913,9,pet,CRU-CY4.08,CRU-CY4.10,4.7,4.7,0.0
1913,10,pet,CRU-CY4.08,CRU-CY4.10,3.5,3.5,0.0
1913,11,pet,CRU-CY4.08,CRU-CY4.10,2.4,2.4,0.0
1913,12,pet,CRU-CY4.08,CRU-CY4.10,1.7,1.7,0.0
1914,1,pet,CRU-CY4.08,CRU-CY4.10,1.8,1.8,0.0
1914,2,pet,CRU-CY4.08,CRU-CY4.10,2.3,2.3,0.0
1914,3,pet,CRU-CY4.08,CRU-CY4.10,3.3,3.3,0.0
1914,4,pet,CRU-CY4.08,CRU-CY4.10,4.0,4.0,0.0
1914,5,pet,CRU-CY4.08,CRU-CY4.10,5.3,5.3,0.0
1914,6,pet,CRU-CY4.08,CRU-CY4.10,6.2,6.2,0.0
1914,7,pet,CRU-CY4.08,CRU-CY4.10,6.2,6.2,0.0
1914,8,pet,CRU-CY4.08,CRU-CY4.10,5.8,5.8,0.0
1914,9,pet,CRU-CY4.08,CRU-CY4.10,4.7,4.7,0.0
1914,10,pet,CRU-CY4.08,CRU-CY4.10,3.5,3.5,0.0
1914,11,pet,CRU-CY4.08,CRU-CY4.10,2.5,2.5,0.0
1914,12,pet,CRU-CY4.08,CRU-CY4.10,1.8,1.8,0.0
1915,1,pet,CRU-CY4.08,CRU-CY4.10,2.0,2.0,0.0
1915,2,pet,CRU-CY4.08,CRU-CY4.10,2.5,2.5,0.0
1915,3,pet,CRU-CY4.08,CRU-CY4.10,3.2,3.2,0.0
1915,4,pet,CRU-CY4.08,CRU-CY4.10,4.3,4.3,0.0
1915,5,pet,CRU-CY4.08,CRU-CY4.10,5.3,5.3,0.0
1915,6,pet,CRU-CY4.08,CRU-CY4.10,6.5,6.5,0.0
1915,7,pet,CRU-CY4.08,CRU-CY4.10,6.4,6.4,0.0
1915,8,pet,CRU-CY4.08,CRU-CY4.10,5.8,5.8,0.0
1915,9,pet,CRU-CY4.08,CRU-CY4.10,4.7,4.7,0.0
1915,10,pet,CRU-CY4.08,CRU-CY4.10,3.6,3.6,0.0
1915,11,pet,CRU-CY4.08,CRU-CY4.10,2.6,2.6,0.0
1915,12,pet,CRU-CY4.08,CRU-CY4.10,1.9,1.9,0.0
1916,1,pet,CRU-CY4.08,CRU-CY4.10,1.8,1.8,0.0
1916,2,pet,CRU-CY4.08,CRU-CY4.10,2.4,2.4,0.0
1916,3,pet,CRU-CY4.08,CRU-CY4.10,3.4,3.4,0.0
1916,4,pet,CRU-CY4.08,CRU-CY4.10,4.4,4.4,0.0
1916,5,pet,CRU-CY4.08,CRU-CY4.10,5.5,5.4,-0.09999999999999964
1916,6,pet,CRU-CY4.08,CRU-CY4.10,6.7,6.7,0.0
1916,7,pet,CRU-CY4.08,CRU-CY4.10,6.9,6.9,0.0
1916,8,pet,CRU-CY4.08,CRU-CY4.10,6.0,6.0,0.0
1916,9,pet,CRU-CY4.08,CRU-CY4.10,4.9,4.8,-0.10000000000000053
1916,10,pet,CRU-CY4.08,CRU-CY4.10,3.6,3.5,-0.10000000000000009
1916,11,pet,CRU-CY4.08,CRU-CY4.10,2.8,2.7,-0.09999999999999964
1916,12,pet,CRU-CY4.08,CRU-CY4.10,2.1,2.0,-0.10000000000000009
1917,1,pet,CRU-CY4.08,CRU-CY4.10,2.0,2.0,0.0
1917,2,pet,CRU-CY4.08,CRU-CY4.10,2.6,2.6,0.0
1917,3,pet,CRU-CY4.08,CRU-CY4.10,3.7,3.6,-0.10000000000000009
1917,4,pet,CRU-CY4.08,CRU-CY4.10,4.6,4.5,-0.09999999999999964
1917,5,pet,CRU-CY4.08,CRU-CY4.10,5.7,5.5,-0.20000000000000018
1917,6,pet,CRU-CY4.08,CRU-CY4.10,6.8,6.6,-0.20000000000000018
1917,7,pet,CRU-CY4.08,CRU-CY4.10,6.2,6.2,0.0
1917,8,pet,CRU-CY4.08,CRU-CY4.10,6.3,6.2,-0.09999999999999964
1917,9,pet,CRU-CY4.08,CRU-CY4.10,5.1,4.9,-0.1999999999999993
1917,10,pet,CRU-CY4.08,CRU-CY4.10,3.7,3.6,-0.10000000000000009
1917,11,pet,CRU-CY4.08,CRU-CY4.10,2.7,2.7,0.0
1917,12,pet,CRU-CY4.08,CRU-CY4.10,1.8,1.8,0.0
1918,1,pet,CRU-CY4.08,CRU-CY4.10,1.8,1.8,0.0
1918,2,pet,CRU-CY4.08,CRU-CY4.10,2.3,2.3,0.0
1918,3,pet,CRU-CY4.08,CRU-CY4.10,3.1,3.1,0.0
1918,4,pet,CRU-CY4.08,CRU-CY4.10,4.3,4.3,0.0
1918,5,pet,CRU-CY4.08,CRU-CY4.10,5.3,5.3,0.0
1918,6,pet,CRU-CY4.08,CRU-CY4.10,6.2,6.2,0.0
1918,7,pet,CRU-CY4.08,CRU-CY4.10,6.4,6.4,0.0
1918,8,pet,CRU-CY4.08,CRU-CY4.10,5.7,5.7,0.0
1918,9,pet,CRU-CY4.08,CRU-CY4.10,4.8,4.8,0.0
1918,10,pet,CRU-CY4.08,CRU-CY4.10,3.7,3.7,0.0
1918,11,pet,CRU-CY4.08,CRU-CY4.10,2.6,2.6,0.0
1918,12,pet,CRU-CY4.08,CRU-CY4.10,1.8,1.8,0.0
1919,1,pet,CRU-CY4.08,CRU-CY4.10,2.0,2.0,0.0
1919,2,pet,CRU-CY4.08,CRU-CY4.10,2.5,2.5,0.0
1919,3,pet,CRU-CY4.08,CRU-CY4.10,3.4,3.4,0.0
1919,4,pet,CRU-CY4.08,CRU-CY4.10,4.3,4.3,0.0
1919,5,pet,CRU-CY4.08,CRU-CY4.10,5.1,5.1,0.0
1919,6,pet,CRU-CY4.08,CRU-CY4.10,6.0,6.0,0.0
1919,7,pet,CRU-CY4.08,CRU-CY4.10,6.3,6.3,0.0
1919,8,pet,CRU-CY4.08,CRU-CY4.10,5.6,5.6,0.0
1919,9,pet,CRU-CY4.08,CRU-CY4.10,4.7,4.7,0.0
1919,10,pet,CRU-CY4.08,CRU-CY4.10,3.7,3.7,0.0
1919,11,pet,CRU-CY4.08,CRU-CY4.10,2.6,2.6,0.0
1919,12,pet,CRU-CY4.08,CRU-CY4.10,1.8,1.8,0.0
1920,1,pet,CRU-CY4.08,CRU-CY4.10,1.8,1.8,0.0
1920,2,pet,CRU-CY4.08,CRU-CY4.10,2.1,2.1,0.0
1920,3,pet,CRU-CY4.08,CRU-CY4.10,3.1,3.1,0.0
1920,4,pet,CRU-CY4.08,CRU-CY4.10,4.4,4.4,0.0
1920,5,pet,CRU-CY4.08,CRU-CY4.10,5.2,5.2,0.0
1920,6,pet,CRU-CY4.08,CRU-CY4.10,6.2,6.2,0.0
1920,7,pet,CRU-CY4.08,CRU-CY4.10,6.2,6.3,0.09999999999999964
1920,8,pet,CRU-CY4.08,CRU-CY4.10,5.9,5.9,0.0
1920,9,pet,CRU-CY4.08,CRU-CY4.10,4.6,4.6,0.0
1920,10,pet,CRU-CY4.08,CRU-CY4.10,3.5,3.5,0.0
1920,11,pet,CRU-CY4.08,CRU-CY4.10,2.5,2.5,0.0
1920,12,pet,CRU-CY4.08,CRU-CY4.10,1.8,1.8,0.0
1921,1,pet,CRU-CY4.08,CRU-CY4.10,1.9,1.9,0.0
1921,2,pet,CRU-CY4.08,CRU-CY4.10,2.3,2.3,0.0
1921,3,pet,CRU-CY4.08,CRU-CY4.10,3.0,3.0,0.0
1921,4,pet,CRU-CY4.08,CRU-CY4.10,4.4,4.4,0.0
1921,5,pet,CRU-CY4.08,CRU-CY4.10,5.3,5.2,-0.09999999999999964
1921,6,pet,CRU-CY4.08,CRU-CY4.10,6.2,6.2,0.0
1921,7,pet,CRU-CY4.08,CRU-CY4.10,6.4,6.4,0.0
1921,8,pet,CRU-CY4.08,CRU-CY4.10,5.9,5.9,0.0
1921,9,pet,CRU-CY4.08,CRU-CY4.10,4.6,4.6,0.0
1921,10,pet,CRU-CY4.08,CRU-CY4.10,3.5,3.5,0.0
1921,11,pet,CRU-CY4.08,CRU-CY4.10,2.5,2.5,0.0
1921,12,pet,CRU-CY4.08,CRU-CY4.10,1.8,1.8,0.0
1922,1,pet,CRU-CY4.08,CRU-CY4.10,1.9,1.9,0.0
1922,2,pet,CRU-CY4.08,CRU-CY4.10,2.4,2.4,0.0
1922,3,pet,CRU-CY4.08,CRU-CY4.10,3.2,3.2,0.0
1922,4,pet,CRU-CY4.08,CRU-CY4.10,4.4,4.4,0.0
1922,5,pet,CRU-CY4.08,CRU-CY4.10,5.3,5.2,-0.09999999999999964
1922,6,pet,CRU-CY4.08,CRU-CY4.10,6.2,6.2,0.0
1922,7,pet,CRU-CY4.08,CRU-CY4.10,6.3,6.3,0.0
1922,8,pet,CRU-CY4.08,CRU-CY4.10,5.8,5.8,0.0
1922,9,pet,CRU-CY4.08,CRU-CY4.10,4.8,4.8,0.0
1922,10,pet,CRU-CY4.08,CRU-CY4.10,3.6,3.7,0.10000000000000009
1922,11,pet,CRU-CY4.08,CRU-CY4.10,2.6,2.6,0.0
1922,12,pet,CRU-CY4.08,CRU-CY4.10,1.7,1.7,0.0
1923,1,pet,CRU-CY4.08,CRU-CY4.10,1.9,1.9,0.0
1923,2,pet,CRU-CY4.08,CRU-CY4.10,2.4,2.5,0.10000000000000009
1923,3,pet,CRU-CY4.08,CRU-CY4.10,3.6,3.6,0.0
1923,4,pet,CRU-CY4.08,CRU-CY4.10,4.6,4.5,-0.09999999999999964
1923,5,pet,CRU-CY4.08,CRU-CY4.10,6.0,6.0,0.0
1923,6,pet,CRU-CY4.08,CRU-CY4.10,7.0,7.0,0.0
1923,7,pet,CRU-CY4.08,CRU-CY4.10,6.4,6.4,0.0
1923,8,pet,CRU-CY4.08,CRU-CY4.10,6.0,6.0,0.0
1923,9,pet,CRU-CY4.08,CRU-CY4.10,5.1,5.0,-0.09999999999999964
1923,10,pet,CRU-CY4.08,CRU-CY4.10,3.7,3.7,0.0
1923,11,pet,CRU-CY4.08,CRU-CY4.10,2.7,2.7,0.0
1923,12,pet,CRU-CY4.08,CRU-CY4.10,1.8,1.9,0.09999999999999987
1924,1,pet,CRU-CY4.08,CRU-CY4.10,1.8,1.8,0.0
1924,2,pet,CRU-CY4.08,CRU-CY4.10,2.5,2.6,0.10000000000000009
1924,3,pet,CRU-CY4.08,CRU-CY4.10,3.5,3.5,0.0
1924,4,pet,CRU-CY4.08,CRU-CY4.10,4.9,4.9,0.0
1924,5,pet,CRU-CY4.08,CRU-CY4.10,5.6,5.6,0.0
1924,6,pet,CRU-CY4.08,CRU-CY4.10,7.0,6.9,-0.09999999999999964
1924,7,pet,CRU-CY4.08,CRU-CY4.10,6.8,6.8,0.0
1924,8,pet,CRU-CY4.08,CRU-CY4.10,6.1,6.1,0.0
1924,9,pet,CRU-CY4.08,CRU-CY4.10,5.1,5.1,0.0
1924,10,pet,CRU-CY4.08,CRU-CY4.10,3.7,3.7,0.0
1924,11,pet,CRU-CY4.08,CRU-CY4.10,2.5,2.5,0.0
1924,12,pet,CRU-CY4.08,CRU-CY4.10,1.9,1.9,0.0
1925,1,pet,CRU-CY4.08,CRU-CY4.10,1.9,1.9,0.0
1925,2,pet,CRU-CY4.08,CRU-CY4.10,2.6,2.6,0.0
1925,3,pet,CRU-CY4.08,CRU-CY4.10,3.9,3.7,-0.19999999999999973
1925,4,pet,CRU-CY4.08,CRU-CY4.10,4.4,4.3,-0.10000000000000053
1925,5,pet,CRU-CY4.08,CRU-CY4.10,6.1,5.8,-0.2999999999999998
1925,6,pet,CRU-CY4.08,CRU-CY4.10,6.8,6.7,-0.09999999999999964
1925,7,pet,CRU-CY4.08,CRU-CY4.10,6.8,6.7,-0.09999999999999964
1925,8,pet,CRU-CY4.08,CRU-CY4.10,6.2,6.1,-0.10000000000000053
1925,9,pet,CRU-CY4.08,CRU-CY4.10,5.5,5.3,-0.20000000000000018
1925,10,pet,CRU-CY4.08,CRU-CY4.10,4.1,4.0,-0.09999999999999964
1925,11,pet,CRU-CY4.08,CRU-CY4.10,2.8,2.8,0.0
1925,12,pet,CRU-CY4.08,CRU-CY4.10,2.0,2.0,0.0
1926,1,pet,CRU-CY4.08,CRU-CY4.10,1.9,1.9,0.0
1926,2,pet,CRU-CY4.08,CRU-CY4.10,2.4,2.4,0.0
1926,3,pet,CRU-CY4.08,CRU-CY4.10,3.3,3.2,-0.09999999999999964
1926,4,pet,CRU-CY4.08,CRU-CY4.10,4.8,4.7,-0.09999999999999964
1926,5,pet,CRU-CY4.08,CRU-CY4.10,6.1,5.9,-0.1999999999999993
1926,6,pet,CRU-CY4.08,CRU-CY4.10,7.2,6.9,-0.2999999999999998
1926,7,pet,CRU-CY4.08,CRU-CY4.10,6.5,6.4,-0.09999999999999964
1926,8,pet,CRU-CY4.08,CRU-CY4.10,5.9,5.8,-0.10000000000000053
1926,9,pet,CRU-CY4.08,CRU-CY4.10,5.1,4.9,-0.1999999999999993
1926,10,pet,CRU-CY4.08,CRU-CY4.10,4.0,3.9,-0.10000000000000009
1926,11,pet,CRU-CY4.08,CRU-CY4.10,2.8,2.8,0.0
1926,12,pet,CRU-CY4.08,CRU-CY4.10,2.0,2.0,0.0
1927,1,pet,CRU-CY4.08,CRU-CY4.10,2.0,2.0,0.0
1927,2,pet,CRU-CY4.08,CRU-CY4.10,2.4,2.4,0.0
1927,3,pet,CRU-CY4.08,CRU-CY4.10,3.9,3.7,-0.19999999999999973
1927,4,pet,CRU-CY4.08,CRU-CY4.10,4.7,4.5,-0.20000000000000018
1927,5,pet,CRU-CY4.08,CRU-CY4.10,6.5,6.2,-0.2999999999999998
1927,6,pet,CRU-CY4.08,CRU-CY4.10,7.1,6.8,-0.2999999999999998
1927,7,pet,CRU-CY4.08,CRU-CY4.10,6.3,6.3,0.0
1927,8,pet,CRU-CY4.08,CRU-CY4.10,5.8,5.8,0.0
1927,9,pet,CRU-CY4.08,CRU-CY4.10,4.9,4.9,0.0
1927,10,pet,CRU-CY4.08,CRU-CY4.10,4.3,4.2,-0.09999999999999964
1927,11,pet,CRU-CY4.08,CRU-CY4.10,2.8,2.8,0.0
1927,12,pet,CRU-CY4.08,CRU-CY4.10,2.1,2.1,0.0
1928,1,pet,CRU-CY4.08,CRU-CY4.10,2.0,2.0,0.0
1928,2,pet,CRU-CY4.08,CRU-CY4.10,2.2,2.3,0.09999999999999964
1928,3,pet,CRU-CY4.08,CRU-CY4.10,3.4,3.4,0.0
1928,4,pet,CRU-CY4.08,CRU-CY4.10,5.3,5.2,-0.09999999999999964
1928,5,pet,CRU-CY4.08,CRU-CY4.10,6.4,6.4,0.0
1928,6,pet,CRU-CY4.08,CRU-CY4.10,7.0,7.0,0.0
1928,7,pet,CRU-CY4.08,CRU-CY4.10,6.9,6.8,-0.10000000000000053
1928,8,pet,CRU-CY4.08,CRU-CY4.10,6.4,6.4,0.0
1928,9,pet,CRU-CY4.08,CRU-CY4.10,5.2,5.2,0.0
1928,10,pet,CRU-CY4.08,CRU-CY4.10,3.8,3.8,0.0
1928,11,pet,CRU-CY4.08,CRU-CY4.10,2.7,2.7,0.0
1928,12,pet,CRU-CY4.08,CRU-CY4.10,1.9,2.0,0.10000000000000009
1929,1,pet,CRU-CY4.08,CRU-CY4.10,1.8,1.8,0.0
1929,2,pet,CRU-CY4.08,CRU-CY4.10,2.3,2.3,0.0
1929,3,pet,CRU-CY4.08,CRU-CY4.10,3.1,3.1,0.0
1929,4,pet,CRU-CY4.08,CRU-CY4.10,4.8,4.8,0.0
1929,5,pet,CRU-CY4.08,CRU-CY4.10,6.4,6.4,0.0
1929,6,pet,CRU-CY4.08,CRU-CY4.10,6.8,6.8,0.0
1929,7,pet,CRU-CY4.08,CRU-CY4.10,6.5,6.5,0.0
1929,8,pet,CRU-CY4.08,CRU-CY4.10,6.2,6.2,0.0
1929,9,pet,CRU-CY4.08,CRU-CY4.10,5.2,5.2,0.0
1929,10,pet,CRU-CY4.08,CRU-CY4.10,3.9,3.8,-0.10000000000000009
1929,11,pet,CRU-CY4.08,CRU-CY4.10,2.8,2.8,0.0
1929,12,pet,CRU-CY4.08,CRU-CY4.10,1.9,1.9,0.0
1930,1,pet,CRU-CY4.08,CRU-CY4.10,2.0,2.0,0.0
1930,2,pet,CRU-CY4.08,CRU-CY4.10,2.6,2.5,-0.10000000000000009
1930,3,pet,CRU-CY4.08,CRU-CY4.10,3.9,3.7,-0.19999999999999973
1930,4,pet,CRU-CY4.08,CRU-CY4.10,5.0,4.7,-0.2999999999999998
1930,5,pet,CRU-CY4.08,CRU-CY4.10,6.1,5.8,-0.2999999999999998
1930,6,pet,CRU-CY4.08,CRU-CY4.10,6.9,6.6,-0.3000000000000007
1930,7,pet,CRU-CY4.08,CRU-CY4.10,6.7,6.6,-0.10000000000000053
1930,8,pet,CRU-CY4.08,CRU-CY4.10,6.4,6.3,-0.10000000000000053
1930,9,pet,CRU-CY4.08,CRU-CY4.10,5.4,5.1,-0.3000000000000007
1930,10,pet,CRU-CY4.08,CRU-CY4.10,4.0,3.9,-0.10000000000000009
1930,11,pet,CRU-CY4.08,CRU-CY4.10,2.8,2.7,-0.09999999999999964
1930,12,pet,CRU-CY4.08,CRU-CY4.10,2.1,2.1,0.0
1931,1,pet,CRU-CY4.08,CRU-CY4.10,1.8,1.8,0.0
1931,2,pet,CRU-CY4.08,CRU-CY4.10,2.6,2.6,0.0
1931,3,pet,CRU-CY4.08,CRU-CY4.10,3.7,3.5,-0.20000000000000018
1931,4,pet,CRU-CY4.08,CRU-CY4.10,4.9,4.7,-0.20000000000000018
1931,5,pet,CRU-CY4.08,CRU-CY4.10,6.0,5.7,-0.2999999999999998
1931,6,pet,CRU-CY4.08,CRU-CY4.10,6.7,6.4,-0.2999999999999998
1931,7,pet,CRU-CY4.08,CRU-CY4.10,6.7,6.5,-0.20000000000000018
1931,8,pet,CRU-CY4.08,CRU-CY4.10,6.3,6.3,0.0
1931,9,pet,CRU-CY4.08,CRU-CY4.10,5.4,5.2,-0.20000000000000018
1931,10,pet,CRU-CY4.08,CRU-CY4.10,4.1,3.9,-0.19999999999999973
1931,11,pet,CRU-CY4.08,CRU-CY4.10,2.6,2.6,0.0
1931,12,pet,CRU-CY4.08,CRU-CY4.10,1.9,1.9,0.0
1932,1,pet,CRU-CY4.08,CRU-CY4.10,1.9,1.9,0.0
1932,2,pet,CRU-CY4.08,CRU-CY4.10,2.5,2.5,0.0
1932,3,pet,CRU-CY4.08,CRU-CY4.10,3.6,3.5,-0.10000000000000009
1932,4,pet,CRU-CY4.08,CRU-CY4.10,4.8,4.6,-0.20000000000000018
1932,5,pet,CRU-CY4.08,CRU-CY4.10,5.9,5.7,-0.20000000000000018
1932,6,pet,CRU-CY4.08,CRU-CY4.10,7.0,6.8,-0.20000000000000018
1932,7,pet,CRU-CY4.08,CRU-CY4.10,6.7,6.6,-0.10000000000000053
1932,8,pet,CRU-CY4.08,CRU-CY4.10,6.3,6.2,-0.09999999999999964
1932,9,pet,CRU-CY4.08,CRU-CY4.10,4.8,4.8,0.0
1932,10,pet,CRU-CY4.08,CRU-CY4.10,3.9,3.9,0.0
1932,11,pet,CRU-CY4.08,CRU-CY4.10,2.7,2.6,-0.10000000000000009
1932,12,pet,CRU-CY4.08,CRU-CY4.10,2.0,2.0,0.0
1933,1,pet,CRU-CY4.08,CRU-CY4.10,1.9,1.8,-0.09999999999999987
1933,2,pet,CRU-CY4.08,CRU-CY4.10,2.4,2.4,0.0
1933,3,pet,CRU-CY4.08,CRU-CY4.10,3.0,3.0,0.0
1933,4,pet,CRU-CY4.08,CRU-CY4.10,3.9,3.9,0.0
1933,5,pet,CRU-CY4.08,CRU-CY4.10,5.2,5.2,0.0
1933,6,pet,CRU-CY4.08,CRU-CY4.10,6.8,6.4,-0.39999999999999947
1933,7,pet,CRU-CY4.08,CRU-CY4.10,6.4,6.3,-0.10000000000000053
1933,8,pet,CRU-CY4.08,CRU-CY4.10,6.0,5.9,-0.09999999999999964
1933,9,pet,CRU-CY4.08,CRU-CY4.10,4.8,4.6,-0.20000000000000018
1933,10,pet,CRU-CY4.08,CRU-CY4.10,3.8,3.7,-0.09999999999999964
1933,11,pet,CRU-CY4.08,CRU-CY4.10,2.8,2.8,0.0
1933,12,pet,CRU-CY4.08,CRU-CY4.10,1.7,1.7,0.0
1934,1,pet,CRU-CY4.08,CRU-CY4.10,2.0,1.9,-0.10000000000000009
1934,2,pet,CRU-CY4.08,CRU-CY4.10,2.4,2.4,0.0
1934,3,pet,CRU-CY4.08,CRU-CY4.10,3.8,3.7,-0.09999999999999964
1934,4,pet,CRU-CY4.08,CRU-CY4.10,5.1,4.9,-0.1999999999999993
1934,5,pet,CRU-CY4.08,CRU-CY4.10,5.9,5.6,-0.3000000000000007
1934,6,pet,CRU-CY4.08,CRU-CY4.10,6.3,6.3,0.0
1934,7,pet,CRU-CY4.08,CRU-CY4.10,6.6,6.5,-0.09999999999999964
1934,8,pet,CRU-CY4.08,CRU-CY4.10,6.1,6.0,-0.09999999999999964
1934,9,pet,CRU-CY4.08,CRU-CY4.10,5.0,4.8,-0.20000000000000018
1934,10,pet,CRU-CY4.08,CRU-CY4.10,3.9,3.8,-0.10000000000000009
1934,11,pet,CRU-CY4.08,CRU-CY4.10,2.6,2.6,0.0
1934,12,pet,CRU-CY4.08,CRU-CY4.10,1.9,1.9,0.0
1935,1,pet,CRU-CY4.08,CRU-CY4.10,1.9,1.9,0.0
1935,2,pet,CRU-CY4.08,CRU-CY4.10,2.5,2.4,-0.10000000000000009
1935,3,pet,CRU-CY4.08,CRU-CY4.10,3.6,3.5,-0.10000000000000009
1935,4,pet,CRU-CY4.08,CRU-CY4.10,4.9,4.7,-0.20000000000000018
1935,5,pet,CRU-CY4.08,CRU-CY4.10,6.4,6.2,-0.20000000000000018
1935,6,pet,CRU-CY4.08,CRU-CY4.10,7.0,6.9,-0.09999999999999964
1935,7,pet,CRU-CY4.08,CRU-CY4.10,6.6,6.5,-0.09999999999999964
1935,8,pet,CRU-CY4.08,CRU-CY4.10,6.3,6.2,-0.09999999999999964
1935,9,pet,CRU-CY4.08,CRU-CY4.10,5.0,4.9,-0.09999999999999964
1935,10,pet,CRU-CY4.08,CRU-CY4.10,3.8,3.7,-0.09999999999999964
1935,11,pet,CRU-CY4.08,CRU-CY4.10,2.4,2.3,-0.10000000000000009
1935,12,pet,CRU-CY4.08,CRU-CY4.10,1.9,2.0,0.10000000000000009
1936,1,pet,CRU-CY4.08,CRU-CY4.10,2.0,2.0,0.0
1936,2,pet,CRU-CY4.08,CRU-CY4.10,2.6,2.6,0.0
1936,3,pet,CRU-CY4.08,CRU-CY4.10,3.6,3.6,0.0
1936,4,pet,CRU-CY4.08,CRU-CY4.10,4.9,4.8,-0.10000000000000053
1936,5,pet,CRU-CY4.08,CRU-CY4.10,5.6,5.6,0.0
1936,6,pet,CRU-CY4.08,CRU-CY4.10,6.2,6.1,-0.10000000000000053
1936,7,pet,CRU-CY4.08,CRU-CY4.10,6.4,6.3,-0.10000000000000053
1936,8,pet,CRU-CY4.08,CRU-CY4.10,6.0,6.0,0.0
1936,9,pet,CRU-CY4.08,CRU-CY4.10,4.8,4.8,0.0
1936,10,pet,CRU-CY4.08,CRU-CY4.10,4.0,4.0,0.0
1936,11,pet,CRU-CY4.08,CRU-CY4.10,2.6,2.6,0.0
1936,12,pet,CRU-CY4.08,CRU-CY4.10,1.8,1.8,0.0
1937,1,pet,CRU-CY4.08,CRU-CY4.10,1.8,1.8,0.0
1937,2,pet,CRU-CY4.08,CRU-CY4.10,2.5,2.6,0.10000000000000009
1937,3,pet,CRU-CY4.08,CRU-CY4.10,3.8,3.7,-0.09999999999999964
1937,4,pet,CRU-CY4.08,CRU-CY4.10,4.8,4.7,-0.09999999999999964
1937,5,pet,CRU-CY4.08,CRU-CY4.10,5.6,5.5,-0.09999999999999964
1937,6,pet,CRU-CY4.08,CRU-CY4.10,6.5,6.4,-0.09999999999999964
1937,7,pet,CRU-CY4.08,CRU-CY4.10,6.5,6.4,-0.09999999999999964
1937,8,pet,CRU-CY4.08,CRU-CY4.10,5.9,5.9,0.0
1937,9,pet,CRU-CY4.08,CRU-CY4.10,5.3,5.3,0.0
1937,10,pet,CRU-CY4.08,CRU-CY4.10,3.8,3.8,0.0
1937,11,pet,CRU-CY4.08,CRU-CY4.10,2.5,2.5,0.0
1937,12,pet,CRU-CY4.08,CRU-CY4.10,2.0,2.0,0.0
1938,1,pet,CRU-CY4.08,CRU-CY4.10,1.8,1.8,0.0
1938,2,pet,CRU-CY4.08,CRU-CY4.10,2.3,2.3,0.0
1938,3,pet,CRU-CY4.08,CRU-CY4.10,3.0,3.0,0.0
1938,4,pet,CRU-CY4.08,CRU-CY4.10,4.6,4.6,0.0
1938,5,pet,CRU-CY4.08,CRU-CY4.10,5.5,5.5,0.0
1938,6,pet,CRU-CY4.08,CRU-CY4.10,6.6,6.5,-0.09999999999999964
1938,7,pet,CRU-CY4.08,CRU-CY4.10,6.7,6.6,-0.10000000000000053
1938,8,pet,CRU-CY4.08,CRU-CY4.10,6.3,6.2,-0.09999999999999964
1938,9,pet,CRU-CY4.08,CRU-CY4.10,4.9,4.9,0.0
1938,10,pet,CRU-CY4.08,CRU-CY4.10,3.8,3.8,0.0
1938,11,pet,CRU-CY4.08,CRU-CY4.10,2.4,2.4,0.0
1938,12,pet,CRU-CY4.08,CRU-CY4.10,1.9,1.9,0.0
1939,1,pet,CRU-CY4.08,CRU-CY4.10,2.0,2.0,0.0
1939,2,pet,CRU-CY4.08,CRU-CY4.10,2.3,2.3,0.0
1939,3,pet,CRU-CY4.08,CRU-CY4.10,3.0,3.0,0.0
1939,4,pet,CRU-CY4.08,CRU-CY4.10,4.6,4.6,0.0
1939,5,pet,CRU-CY4.08,CRU-CY4.10,6.1,6.1,0.0
1939,6,pet,CRU-CY4.08,CRU-CY4.10,6.3,6.2,-0.09999999999999964
1939,7,pet,CRU-CY4.08,CRU-CY4.10,6.5,6.4,-0.09999999999999964
1939,8,pet,CRU-CY4.08,CRU-CY4.10,5.9,5.8,-0.10000000000000053
1939,9,pet,CRU-CY4.08,CRU-CY4.10,5.1,5.0,-0.09999999999999964
1939,10,pet,CRU-CY4.08,CRU-CY4.10,4.0,3.9,-0.10000000000000009
1939,11,pet,CRU-CY4.08,CRU-CY4.10,2.5,2.5,0.0
1939,12,pet,CRU-CY4.08,CRU-CY4.10,1.9,1.9,0.0
1940,1,pet,CRU-CY4.08,CRU-CY4.10,1.8,1.8,0.0
1940,2,pet,CRU-CY4.08,CRU-CY4.10,2.5,2.5,0.0
1940,3,pet,CRU-CY4.08,CRU-CY4.10,3.1,3.1,0.0
1940,4,pet,CRU-CY4.08,CRU-CY4.10,4.5,4.4,-0.09999999999999964
1940,5,pet,CRU-CY4.08,CRU-CY4.10,5.6,5.6,0.0
1940,6,pet,CRU-CY4.08,CRU-CY4.10,6.4,6.3,-0.10000000000000053
1940,7,pet,CRU-CY4.08,CRU-CY4.10,6.4,6.3,-0.10000000000000053
1940,8,pet,CRU-CY4.08,CRU-CY4.10,5.8,5.9,0.10000000000000053
1940,9,pet,CRU-CY4.08,CRU-CY4.10,4.7,4.7,0.0
1940,10,pet,CRU-CY4.08,CRU-CY4.10,3.6,3.6,0.0
1940,11,pet,CRU-CY4.08,CRU-CY4.10,2.5,2.5,0.0
1940,12,pet,CRU-CY4.08,CRU-CY4.10,1.8,1.8,0.0
1941,1,pet,CRU-CY4.08,CRU-CY4.10,1.8,1.8,0.0
1941,2,pet,CRU-CY4.08,CRU-CY4.10,2.5,2.5,0.0
1941,3,pet,CRU-CY4.08,CRU-CY4.10,3.1,3.1,0.0
1941,4,pet,CRU-CY4.08,CRU-CY4.10,4.4,4.4,0.0
1941,5,pet,CRU-CY4.08,CRU-CY4.10,5.8,5.8,0.0
1941,6,pet,CRU-CY4.08,CRU-CY4.10,6.3,6.3,0.0
1941,7,pet,CRU-CY4.08,CRU-CY4.10,6.3,6.3,0.0
1941,8,pet,CRU-CY4.08,CRU-CY4.10,5.8,5.8,0.0
1941,9,pet,CRU-CY4.08,CRU-CY4.10,4.6,4.6,0.0
1941,10,pet,CRU-CY4.08,CRU-CY4.10,3.3,3.3,0.0
1941,11,pet,CRU-CY4.08,CRU-CY4.10,2.4,2.4,0.0
1941,12,pet,CRU-CY4.08,CRU-CY4.10,1.6,1.6,0.0
1942,1,pet,CRU-CY4.08,CRU-CY4.10,1.7,1.7,0.0
1942,2,pet,CRU-CY4.08,CRU-CY4.10,2.4,2.4,0.0
1942,3,pet,CRU-CY4.08,CRU-CY4.10,3.1,3.1,0.0
1942,4,pet,CRU-CY4.08,CRU-CY4.10,4.4,4.4,0.0
1942,5,pet,CRU-CY4.08,CRU-CY4.10,5.5,5.5,0.0
1942,6,pet,CRU-CY4.08,CRU-CY4.10,6.6,6.6,0.0
1942,7,pet,CRU-CY4.08,CRU-CY4.10,6.3,6.3,0.0
1942,8,pet,CRU-CY4.08,CRU-CY4.10,5.7,5.7,0.0
1942,9,pet,CRU-CY4.08,CRU-CY4.10,4.6,4.6,0.0
1942,10,pet,CRU-CY4.08,CRU-CY4.10,3.4,3.4,0.0
1942,11,pet,CRU-CY4.08,CRU-CY4.10,2.4,2.4,0.0
1942,12,pet,CRU-CY4.08,CRU-CY4.10,1.7,1.7,0.0
1943,1,pet,CRU-CY4.08,CRU-CY4.10,1.7,1.7,0.0
1943,2,pet,CRU-CY4.08,CRU-CY4.10,2.2,2.2,0.0
1943,3,pet,CRU-CY4.08,CRU-CY4.10,2.8,2.8,0.0
1943,4,pet,CRU-CY4.08,CRU-CY4.10,3.9,3.9,0.0
1943,5,pet,CRU-CY4.08,CRU-CY4.10,5.1,5.1,0.0
1943,6,pet,CRU-CY4.08,CRU-CY4.10,6.0,6.0,0.0
1943,7,pet,CRU-CY4.08,CRU-CY4.10,6.3,6.3,0.0
1943,8,pet,CRU-CY4.08,CRU-CY4.10,5.8,5.8,0.0
1943,9,pet,CRU-CY4.08,CRU-CY4.10,5.1,5.0,-0.09999999999999964
1943,10,pet,CRU-CY4.08,CRU-CY4.10,4.0,4.0,0.0
1943,11,pet,CRU-CY4.08,CRU-CY4.10,2.9,2.9,0.0
1943,12,pet,CRU-CY4.08,CRU-CY4.10,2.0,2.0,0.0
1944,1,pet,CRU-CY4.08,CRU-CY4.10,1.8,1.8,0.0
1944,2,pet,CRU-CY4.08,CRU-CY4.10,2.5,2.4,-0.10000000000000009
1944,3,pet,CRU-CY4.08,CRU-CY4.10,3.4,3.4,0.0
1944,4,pet,CRU-CY4.08,CRU-CY4.10,4.6,4.6,0.0
1944,5,pet,CRU-CY4.08,CRU-CY4.10,5.2,5.2,0.0
1944,6,pet,CRU-CY4.08,CRU-CY4.10,6.7,6.7,0.0
1944,7,pet,CRU-CY4.08,CRU-CY4.10,6.3,6.3,0.0
1944,8,pet,CRU-CY4.08,CRU-CY4.10,5.9,5.9,0.0
1944,9,pet,CRU-CY4.08,CRU-CY4.10,5.0,4.9,-0.09999999999999964
1944,10,pet,CRU-CY4.08,CRU-CY4.10,3.8,3.8,0.0
1944,11,pet,CRU-CY4.08,CRU-CY4.10,2.4,2.4,0.0
1944,12,pet,CRU-CY4.08,CRU-CY4.10,1.8,1.8,0.0
1945,1,pet,CRU-CY4.08,CRU-CY4.10,1.9,1.8,-0.09999999999999987
1945,2,pet,CRU-CY4.08,CRU-CY4.10,2.2,2.2,0.0
1945,3,pet,CRU-CY4.08,CRU-CY4.10,3.0,3.0,0.0
1945,4,pet,CRU-CY4.08,CRU-CY4.10,4.3,4.3,0.0
1945,5,pet,CRU-CY4.08,CRU-CY4.10,5.8,5.8,0.0
1945,6,pet,CRU-CY4.08,CRU-CY4.10,6.3,6.3,0.0
1945,7,pet,CRU-CY4.08,CRU-CY4.10,6.5,6.5,0.0
1945,8,pet,CRU-CY4.08,CRU-CY4.10,6.2,6.2,0.0
1945,9,pet,CRU-CY4.08,CRU-CY4.10,5.0,5.0,0.0
1945,10,pet,CRU-CY4.08,CRU-CY4.10,3.6,3.6,0.0
1945,11,pet,CRU-CY4.08,CRU-CY4.10,2.6,2.6,0.0
1945,12,pet,CRU-CY4.08,CRU-CY4.10,1.8,1.8,0.0
1946,1,pet,CRU-CY4.08,CRU-CY4.10,1.9,2.0,0.10000000000000009
1946,2,pet,CRU-CY4.08,CRU-CY4.10,2.3,2.3,0.0
1946,3,pet,CRU-CY4.08,CRU-CY4.10,3.2,3.2,0.0
1946,4,pet,CRU-CY4.08,CRU-CY4.10,4.6,4.6,0.0
1946,5,pet,CRU-CY4.08,CRU-CY4.10,5.5,5.5,0.0
1946,6,pet,CRU-CY4.08,CRU-CY4.10,6.4,6.3,-0.10000000000000053
1946,7,pet,CRU-CY4.08,CRU-CY4.10,6.4,6.4,0.0
1946,8,pet,CRU-CY4.08,CRU-CY4.10,6.0,6.0,0.0
1946,9,pet,CRU-CY4.08,CRU-CY4.10,5.1,5.1,0.0
1946,10,pet,CRU-CY4.08,CRU-CY4.10,3.6,3.6,0.0
1946,11,pet,CRU-CY4.08,CRU-CY4.10,2.9,2.8,-0.10000000000000009
1946,12,pet,CRU-CY4.08,CRU-CY4.10,1.8,1.8,0.0
1947,1,pet,CRU-CY4.08,CRU-CY4.10,1.8,1.7,-0.10000000000000009
1947,2,pet,CRU-CY4.08,CRU-CY4.10,2.5,2.5,0.0
1947,3,pet,CRU-CY4.08,CRU-CY4.10,3.6,3.6,0.0
1947,4,pet,CRU-CY4.08,CRU-CY4.10,4.6,4.6,0.0
1947,5,pet,CRU-CY4.08,CRU-CY4.10,5.7,5.7,0.0
1947,6,pet,CRU-CY4.08,CRU-CY4.10,6.4,6.4,0.0
1947,7,pet,CRU-CY4.08,CRU-CY4.10,6.5,6.4,-0.09999999999999964
1947,8,pet,CRU-CY4.08,CRU-CY4.10,6.0,6.0,0.0
1947,9,pet,CRU-CY4.08,CRU-CY4.10,4.9,4.9,0.0
1947,10,pet,CRU-CY4.08,CRU-CY4.10,3.7,3.7,0.0
1947,11,pet,CRU-CY4.08,CRU-CY4.10,2.6,2.6,0.0
1947,12,pet,CRU-CY4.08,CRU-CY4.10,1.9,1.9,0.0
1948,1,pet,CRU-CY4.08,CRU-CY4.10,2.0,2.0,0.0
1948,2,pet,CRU-CY4.08,CRU-CY4.10,2.3,2.3,0.0
1948,3,pet,CRU-CY4.08,CRU-CY4.10,2.9,2.9,0.0
1948,4,pet,CRU-CY4.08,CRU-CY4.10,4.1,4.1,0.0
1948,5,pet,CRU-CY4.08,CRU-CY4.10,5.4,5.4,0.0
1948,6,pet,CRU-CY4.08,CRU-CY4.10,6.3,6.3,0.0
1948,7,pet,CRU-CY4.08,CRU-CY4.10,6.5,6.5,0.0
1948,8,pet,CRU-CY4.08,CRU-CY4.10,5.9,5.9,0.0
1948,9,pet,CRU-CY4.08,CRU-CY4.10,4.6,4.6,0.0
1948,10,pet,CRU-CY4.08,CRU-CY4.10,3.4,3.4,0.0
1948,11,pet,CRU-CY4.08,CRU-CY4.10,2.4,2.4,0.0
1948,12,pet,CRU-CY4.08,CRU-CY4.10,1.6,1.6,0.0
1949,1,pet,CRU-CY4.08,CRU-CY4.10,1.8,1.8,0.0
1949,2,pet,CRU-CY4.08,CRU-CY4.10,2.2,2.2,0.0
1949,3,pet,CRU-CY4.08,CRU-CY4.10,2.9,2.9,0.0
1949,4,pet,CRU-CY4.08,CRU-CY4.10,3.9,3.9,0.0
1949,5,pet,CRU-CY4.08,CRU-CY4.10,5.6,5.6,0.0
1949,6,pet,CRU-CY4.08,CRU-CY4.10,6.4,6.3,-0.10000000000000053
1949,7,pet,CRU-CY4.08,CRU-CY4.10,6.0,6.1,0.09999999999999964
1949,8,pet,CRU-CY4.08,CRU-CY4.10,5.6,5.6,0.0
1949,9,pet,CRU-CY4.08,CRU-CY4.10,4.4,4.4,0.0
1949,10,pet,CRU-CY4.08,CRU-CY4.10,3.6,3.6,0.0
1949,11,pet,CRU-CY4.08,CRU-CY4.10,2.6,2.6,0.0
1949,12,pet,CRU-CY4.08,CRU-CY4.10,1.8,1.8,0.0
1950,1,pet,CRU-CY4.08,CRU-CY4.10,1.7,1.7,0.0
1950,2,pet,CRU-CY4.08,CRU-CY4.10,2.3,2.3,0.0
1950,3,pet,CRU-CY4.08,CRU-CY4.10,3.1,3.1,0.0
1950,4,pet,CRU-CY4.08,CRU-CY4.10,4.5,4.6,0.09999999999999964
1950,5,pet,CRU-CY4.08,CRU-CY4.10,5.0,5.0,0.0
1950,6,pet,CRU-CY4.08,CRU-CY4.10,6.1,6.1,0.0
1950,7,pet,CRU-CY4.08,CRU-CY4.10,6.3,6.3,0.0
1950,8,pet,CRU-CY4.08,CRU-CY4.10,5.9,5.9,0.0
1950,9,pet,CRU-CY4.08,CRU-CY4.10,4.8,4.7,-0.09999999999999964
1950,10,pet,CRU-CY4.08,CRU-CY4.10,3.4,3.4,0.0
1950,11,pet,CRU-CY4.08,CRU-CY4.10,2.6,2.5,-0.10000000000000009
1950,12,pet,CRU-CY4.08,CRU-CY4.10,2.0,2.0,0.0
1951,1,pet,CRU-CY4.08,CRU-CY4.10,2.0,2.0,0.0
1951,2,pet,CRU-CY4.08,CRU-CY4.10,2.5,2.5,0.0
1951,3,pet,CRU-CY4.08,CRU-CY4.10,3.5,3.5,0.0
1951,4,pet,CRU-CY4.08,CRU-CY4.10,4.5,4.5,0.0
1951,5,pet,CRU-CY4.08,CRU-CY4.10,5.4,5.4,0.0
1951,6,pet,CRU-CY4.08,CRU-CY4.10,6.3,6.4,0.10000000000000053
1951,7,pet,CRU-CY4.08,CRU-CY4.10,6.4,6.4,0.0
1951,8,pet,CRU-CY4.08,CRU-CY4.10,5.9,5.9,0.0
1951,9,pet,CRU-CY4.08,CRU-CY4.10,4.9,4.9,0.0
1951,10,pet,CRU-CY4.08,CRU-CY4.10,3.5,3.5,0.0
1951,11,pet,CRU-CY4.08,CRU-CY4.10,2.5,2.5,0.0
1951,12,pet,CRU-CY4.08,CRU-CY4.10,1.6,1.7,0.09999999999999987
1952,1,pet,CRU-CY4.08,CRU-CY4.10,2.0,2.0,0.0
1952,2,pet,CRU-CY4.08,CRU-CY4.10,2.4,2.4,0.0
1952,3,pet,CRU-CY4.08,CRU-CY4.10,3.2,3.2,0.0
1952,4,pet,CRU-CY4.08,CRU-CY4.10,4.4,4.4,0.0
1952,5,pet,CRU-CY4.08,CRU-CY4.10,5.4,5.4,0.0
1952,6,pet,CRU-CY4.08,CRU-CY4.10,6.5,6.5,0.0
1952,7,pet,CRU-CY4.08,CRU-CY4.10,6.2,6.2,0.0
1952,8,pet,CRU-CY4.08,CRU-CY4.10,6.0,6.0,0.0
1952,9,pet,CRU-CY4.08,CRU-CY4.10,5.2,5.2,0.0
1952,10,pet,CRU-CY4.08,CRU-CY4.10,3.8,3.8,0.0
1952,11,pet,CRU-CY4.08,CRU-CY4.10,2.5,2.5,0.0
1952,12,pet,CRU-CY4.08,CRU-CY4.10,2.1,2.1,0.0
1953,1,pet,CRU-CY4.08,CRU-CY4.10,1.9,1.9,0.0
1953,2,pet,CRU-CY4.08,CRU-CY4.10,2.5,2.5,0.0
1953,3,pet,CRU-CY4.08,CRU-CY4.10,2.9,2.9,0.0
1953,4,pet,CRU-CY4.08,CRU-CY4.10,4.3,4.3,0.0
1953,5,pet,CRU-CY4.08,CRU-CY4.10,5.4,5.4,0.0
1953,6,pet,CRU-CY4.08,CRU-CY4.10,6.3,6.3,0.0
1953,7,pet,CRU-CY4.08,CRU-CY4.10,6.5,6.5,0.0
1953,8,pet,CRU-CY4.08,CRU-CY4.10,5.8,5.8,0.0
1953,9,pet,CRU-CY4.08,CRU-CY4.10,4.7,4.7,0.0
1953,10,pet,CRU-CY4.08,CRU-CY4.10,3.6,3.6,0.0
1953,11,pet,CRU-CY4.08,CRU-CY4.10,2.3,2.3,0.0
1953,12,pet,CRU-CY4.08,CRU-CY4.10,1.8,1.8,0.0
1954,1,pet,CRU-CY4.08,CRU-CY4.10,1.9,1.8,-0.09999999999999987
1954,2,pet,CRU-CY4.08,CRU-CY4.10,2.4,2.4,0.0
1954,3,pet,CRU-CY4.08,CRU-CY4.10,3.3,3.3,0.0
1954,4,pet,CRU-CY4.08,CRU-CY4.10,4.0,4.0,0.0
1954,5,pet,CRU-CY4.08,CRU-CY4.10,5.5,5.5,0.0
1954,6,pet,CRU-CY4.08,CRU-CY4.10,6.3,6.3,0.0
1954,7,pet,CRU-CY4.08,CRU-CY4.10,6.5,6.5,0.0
1954,8,pet,CRU-CY4.08,CRU-CY4.10,6.0,6.0,0.0
1954,9,pet,CRU-CY4.08,CRU-CY4.10,4.8,4.8,0.0
1954,10,pet,CRU-CY4.08,CRU-CY4.10,3.6,3.6,0.0
1954,11,pet,CRU-CY4.08,CRU-CY4.10,2.5,2.5,0.0
1954,12,pet,CRU-CY4.08,CRU-CY4.10,1.7,1.7,0.0
1955,1,pet,CRU-CY4.08,CRU-CY4.10,2.0,2.0,0.0
1955,2,pet,CRU-CY4.08,CRU-CY4.10,2.7,2.7,0.0
1955,3,pet,CRU-CY4.08,CRU-CY4.10,3.2,3.2,0.0
1955,4,pet,CRU-CY4.08,CRU-CY4.10,4.3,4.3,0.0
1955,5,pet,CRU-CY4.08,CRU-CY4.10,5.4,5.4,0.0
1955,6,pet,CRU-CY4.08,CRU-CY4.10,6.7,6.7,0.0
1955,7,pet,CRU-CY4.08,CRU-CY4.10,6.3,6.3,0.0
1955,8,pet,CRU-CY4.08,CRU-CY4.10,5.7,5.7,0.0
1955,9,pet,CRU-CY4.08,CRU-CY4.10,4.8,4.8,0.0
1955,10,pet,CRU-CY4.08,CRU-CY4.10,3.8,3.8,0.0
1955,11,pet,CRU-CY4.08,CRU-CY4.10,2.5,2.4,-0.10000000000000009
1955,12,pet,CRU-CY4.08,CRU-CY4.10,1.9,1.8,-0.09999999999999987
1956,1,pet,CRU-CY4.08,CRU-CY4.10,1.9,1.9,0.0
1956,2,pet,CRU-CY4.08,CRU-CY4.10,2.5,2.5,0.0
1956,3,pet,CRU-CY4.08,CRU-CY4.10,2.9,2.9,0.0
1956,4,pet,CRU-CY4.08,CRU-CY4.10,4.3,4.3,0.0
1956,5,pet,CRU-CY4.08,CRU-CY4.10,5.2,5.2,0.0
1956,6,pet,CRU-CY4.08,CRU-CY4.10,6.4,6.4,0.0
1956,7,pet,CRU-CY4.08,CRU-CY4.10,6.5,6.5,0.0
1956,8,pet,CRU-CY4.08,CRU-CY4.10,6.2,6.2,0.0
1956,9,pet,CRU-CY4.08,CRU-CY4.10,4.8,4.8,0.0
1956,10,pet,CRU-CY4.08,CRU-CY4.10,3.6,3.5,-0.10000000000000009
1956,11,pet,CRU-CY4.08,CRU-CY4.10,2.7,2.7,0.0
1956,12,pet,CRU-CY4.08,CRU-CY4.10,1.8,1.8,0.0
1957,1,pet,CRU-CY4.08,CRU-CY4.10,1.7,1.7,0.0
1957,2,pet,CRU-CY4.08,CRU-CY4.10,2.4,2.3,-0.10000000000000009
1957,3,pet,CRU-CY4.08,CRU-CY4.10,3.2,3.2,0.0
1957,4,pet,CRU-CY4.08,CRU-CY4.10,4.2,4.2,0.0
1957,5,pet,CRU-CY4.08,CRU-CY4.10,5.2,5.2,0.0
1957,6,pet,CRU-CY4.08,CRU-CY4.10,6.3,6.3,0.0
1957,7,pet,CRU-CY4.08,CRU-CY4.10,6.4,6.4,0.0
1957,8,pet,CRU-CY4.08,CRU-CY4.10,6.1,6.1,0.0
1957,9,pet,CRU-CY4.08,CRU-CY4.10,4.9,4.9,0.0
1957,10,pet,CRU-CY4.08,CRU-CY4.10,3.8,3.8,0.0
1957,11,pet,CRU-CY4.08,CRU-CY4.10,2.6,2.6,0.0
1957,12,pet,CRU-CY4.08,CRU-CY4.10,1.9,1.9,0.0
1958,1,pet,CRU-CY4.08,CRU-CY4.10,1.9,1.9,0.0
1958,2,pet,CRU-CY4.08,CRU-CY4.10,2.5,2.5,0.0
1958,3,pet,CRU-CY4.08,CRU-CY4.10,3.4,3.4,0.0
1958,4,pet,CRU-CY4.08,CRU-CY4.10,4.9,4.8,-0.10000000000000053
1958,5,pet,CRU-CY4.08,CRU-CY4.10,5.5,5.4,-0.09999999999999964
1958,6,pet,CRU-CY4.08,CRU-CY4.10,6.4,6.3,-0.10000000000000053
1958,7,pet,CRU-CY4.08,CRU-CY4.10,6.4,6.4,0.0
1958,8,pet,CRU-CY4.08,CRU-CY4.10,6.2,6.2,0.0
1958,9,pet,CRU-CY4.08,CRU-CY4.10,4.7,4.7,0.0
1958,10,pet,CRU-CY4.08,CRU-CY4.10,3.6,3.5,-0.10000000000000009
1958,11,pet,CRU-CY4.08,CRU-CY4.10,2.6,2.6,0.0
1958,12,pet,CRU-CY4.08,CRU-CY4.10,2.0,2.0,0.0
1959,1,pet,CRU-CY4.08,CRU-CY4.10,2.0,1.9,-0.10000000000000009
1959,2,pet,CRU-CY4.08,CRU-CY4.10,1.9,1.9,0.0
1959,3,pet,CRU-CY4.08,CRU-CY4.10,3.1,3.0,-0.10000000000000009
1959,4,pet,CRU-CY4.08,CRU-CY4.10,4.6,4.5,-0.09999999999999964
1959,5,pet,CRU-CY4.08,CRU-CY4.10,5.7,5.6,-0.10000000000000053
1959,6,pet,CRU-CY4.08,CRU-CY4.10,6.6,6.5,-0.09999999999999964
1959,7,pet,CRU-CY4.08,CRU-CY4.10,6.0,6.0,0.0
1959,8,pet,CRU-CY4.08,CRU-CY4.10,5.8,5.8,0.0
1959,9,pet,CRU-CY4.08,CRU-CY4.10,4.6,4.6,0.0
1959,10,pet,CRU-CY4.08,CRU-CY4.10,3.4,3.4,0.0
1959,11,pet,CRU-CY4.08,CRU-CY4.10,2.6,2.6,0.0
1959,12,pet,CRU-CY4.08,CRU-CY4.10,1.9,1.9,0.0
1960,1,pet,CRU-CY4.08,CRU-CY4.10,2.0,2.0,0.0
1960,2,pet,CRU-CY4.08,CRU-CY4.10,2.6,2.6,0.0
1960,3,pet,CRU-CY4.08,CRU-CY4.10,3.5,3.4,-0.10000000000000009
1960,4,pet,CRU-CY4.08,CRU-CY4.10,4.5,4.4,-0.09999999999999964
1960,5,pet,CRU-CY4.08,CRU-CY4.10,6.0,5.9,-0.09999999999999964
1960,6,pet,CRU-CY4.08,CRU-CY4.10,6.3,6.3,0.0
1960,7,pet,CRU-CY4.08,CRU-CY4.10,6.3,6.3,0.0
1960,8,pet,CRU-CY4.08,CRU-CY4.10,5.8,5.8,0.0
1960,9,pet,CRU-CY4.08,CRU-CY4.10,4.7,4.7,0.0
1960,10,pet,CRU-CY4.08,CRU-CY4.10,3.8,3.9,0.10000000000000009
1960,11,pet,CRU-CY4.08,CRU-CY4.10,2.6,2.6,0.0
1960,12,pet,CRU-CY4.08,CRU-CY4.10,2.2,2.2,0.0
1961,1,pet,CRU-CY4.08,CRU-CY4.10,1.9,1.9,0.0
1961,2,pet,CRU-CY4.08,CRU-CY4.10,2.1,2.1,0.0
1961,3,pet,CRU-CY4.08,CRU-CY4.10,3.0,3.0,0.0
1961,4,pet,CRU-CY4.08,CRU-CY4.10,4.3,4.3,0.0
1961,5,pet,CRU-CY4.08,CRU-CY4.10,5.4,5.4,0.0
1961,6,pet,CRU-CY4.08,CRU-CY4.10,6.4,6.5,0.09999999999999964
1961,7,pet,CRU-CY4.08,CRU-CY4.10,6.3,6.3,0.0
1961,8,pet,CRU-CY4.08,CRU-CY4.10,5.8,5.8,0.0
1961,9,pet,CRU-CY4.08,CRU-CY4.10,4.4,4.4,0.0
1961,10,pet,CRU-CY4.08,CRU-CY4.10,3.4,3.4,0.0
1961,11,pet,CRU-CY4.08,CRU-CY4.10,2.4,2.4,0.0
1961,12,pet,CRU-CY4.08,CRU-CY4.10,1.7,1.8,0.10000000000000009
1962,1,pet,CRU-CY4.08,CRU-CY4.10,2.0,2.0,0.0
1962,2,pet,CRU-CY4.08,CRU-CY4.10,2.3,2.3,0.0
1962,3,pet,CRU-CY4.08,CRU-CY4.10,3.6,3.6,0.0
1962,4,pet,CRU-CY4.08,CRU-CY4.10,4.2,4.2,0.0
1962,5,pet,CRU-CY4.08,CRU-CY4.10,5.4,5.5,0.09999999999999964
1962,6,pet,CRU-CY4.08,CRU-CY4.10,6.6,6.7,0.10000000000000053
1962,7,pet,CRU-CY4.08,CRU-CY4.10,6.3,6.4,0.10000000000000053
1962,8,pet,CRU-CY4.08,CRU-CY4.10,6.0,6.1,0.09999999999999964
1962,9,pet,CRU-CY4.08,CRU-CY4.10,5.0,5.0,0.0
1962,10,pet,CRU-CY4.08,CRU-CY4.10,3.6,3.7,0.10000000000000009
1962,11,pet,CRU-CY4.08,CRU-CY4.10,2.9,2.9,0.0
1962,12,pet,CRU-CY4.08,CRU-CY4.10,1.9,1.9,0.0
1963,1,pet,CRU-CY4.08,CRU-CY4.10,2.1,2.1,0.0
1963,2,pet,CRU-CY4.08,CRU-CY4.10,2.6,2.6,0.0
1963,3,pet,CRU-CY4.08,CRU-CY4.10,3.1,3.1,0.0
1963,4,pet,CRU-CY4.08,CRU-CY4.10,4.3,4.3,0.0
1963,5,pet,CRU-CY4.08,CRU-CY4.10,5.0,5.0,0.0
1963,6,pet,CRU-CY4.08,CRU-CY4.10,6.4,6.4,0.0
1963,7,pet,CRU-CY4.08,CRU-CY4.10,6.4,6.4,0.0
1963,8,pet,CRU-CY4.08,CRU-CY4.10,6.1,6.0,-0.09999999999999964
1963,9,pet,CRU-CY4.08,CRU-CY4.10,5.0,4.9,-0.09999999999999964
1963,10,pet,CRU-CY4.08,CRU-CY4.10,3.7,3.7,0.0
1963,11,pet,CRU-CY4.08,CRU-CY4.10,2.6,2.7,0.10000000000000009
1963,12,pet,CRU-CY4.08,CRU-CY4.10,1.8,1.8,0.0
1964,1,pet,CRU-CY4.08,CRU-CY4.10,1.8,1.8,0.0
1964,2,pet,CRU-CY4.08,CRU-CY4.10,2.2,2.2,0.0
1964,3,pet,CRU-CY4.08,CRU-CY4.10,3.3,3.3,0.0
1964,4,pet,CRU-CY4.08,CRU-CY4.10,4.2,4.2,0.0
1964,5,pet,CRU-CY4.08,CRU-CY4.10,5.0,5.1,0.09999999999999964
1964,6,pet,CRU-CY4.08,CRU-CY4.10,6.1,6.1,0.0
1964,7,pet,CRU-CY4.08,CRU-CY4.10,6.1,6.2,0.10000000000000053
1964,8,pet,CRU-CY4.08,CRU-CY4.10,5.7,5.7,0.0
1964,9,pet,CRU-CY4.08,CRU-CY4.10,4.7,4.7,0.0
1964,10,pet,CRU-CY4.08,CRU-CY4.10,3.7,3.8,0.09999999999999964
1964,11,pet,CRU-CY4.08,CRU-CY4.10,2.5,2.5,0.0
1964,12,pet,CRU-CY4.08,CRU-CY4.10,1.9,1.9,0.0
1965,1,pet,CRU-CY4.08,CRU-CY4.10,1.8,1.8,0.0
1965,2,pet,CRU-CY4.08,CRU-CY4.10,2.4,2.4,0.0
1965,3,pet,CRU-CY4.08,CRU-CY4.10,3.5,3.5,0.0
1965,4,pet,CRU-CY4.08,CRU-CY4.10,4.0,4.1,0.09999999999999964
1965,5,pet,CRU-CY4.08,CRU-CY4.10,5.3,5.3,0.0
1965,6,pet,CRU-CY4.08,CRU-CY4.10,6.8,6.7,-0.09999999999999964
1965,7,pet,CRU-CY4.08,CRU-CY4.10,6.4,6.4,0.0
1965,8,pet,CRU-CY4.08,CRU-CY4.10,6.0,6.0,0.0
1965,9,pet,CRU-CY4.08,CRU-CY4.10,4.9,5.0,0.09999999999999964
1965,10,pet,CRU-CY4.08,CRU-CY4.10,3.3,3.3,0.0
1965,11,pet,CRU-CY4.08,CRU-CY4.10,2.5,2.5,0.0
1965,12,pet,CRU-CY4.08,CRU-CY4.10,1.9,1.9,0.0
1966,1,pet,CRU-CY4.08,CRU-CY4.10,1.9,1.9,0.0
1966,2,pet,CRU-CY4.08,CRU-CY4.10,2.3,2.4,0.10000000000000009
1966,3,pet,CRU-CY4.08,CRU-CY4.10,3.2,3.3,0.09999999999999964
1966,4,pet,CRU-CY4.08,CRU-CY4.10,4.5,4.6,0.09999999999999964
1966,5,pet,CRU-CY4.08,CRU-CY4.10,5.4,5.6,0.1999999999999993
1966,6,pet,CRU-CY4.08,CRU-CY4.10,6.7,6.7,0.0
1966,7,pet,CRU-CY4.08,CRU-CY4.10,6.4,6.4,0.0
1966,8,pet,CRU-CY4.08,CRU-CY4.10,5.8,5.9,0.10000000000000053
1966,9,pet,CRU-CY4.08,CRU-CY4.10,4.7,4.7,0.0
1966,10,pet,CRU-CY4.08,CRU-CY4.10,3.6,3.7,0.10000000000000009
1966,11,pet,CRU-CY4.08,CRU-CY4.10,2.8,2.8,0.0
1966,12,pet,CRU-CY4.08,CRU-CY4.10,1.9,1.9,0.0
1967,1,pet,CRU-CY4.08,CRU-CY4.10,1.7,1.7,0.0
1967,2,pet,CRU-CY4.08,CRU-CY4.10,2.3,2.3,0.0
1967,3,pet,CRU-CY4.08,CRU-CY4.10,2.7,2.7,0.0
1967,4,pet,CRU-CY4.08,CRU-CY4.10,4.2,4.2,0.0
1967,5,pet,CRU-CY4.08,CRU-CY4.10,5.0,4.9,-0.09999999999999964
1967,6,pet,CRU-CY4.08,CRU-CY4.10,6.2,6.2,0.0
1967,7,pet,CRU-CY4.08,CRU-CY4.10,6.3,6.2,-0.09999999999999964
1967,8,pet,CRU-CY4.08,CRU-CY4.10,5.8,5.8,0.0
1967,9,pet,CRU-CY4.08,CRU-CY4.10,4.6,4.6,0.0
1967,10,pet,CRU-CY4.08,CRU-CY4.10,3.4,3.4,0.0
1967,11,pet,CRU-CY4.08,CRU-CY4.10,2.3,2.3,0.0
1967,12,pet,CRU-CY4.08,CRU-CY4.10,1.9,1.9,0.0
1968,1,pet,CRU-CY4.08,CRU-CY4.10,1.7,1.7,0.0
1968,2,pet,CRU-CY4.08,CRU-CY4.10,2.3,2.3,0.0
1968,3,pet,CRU-CY4.08,CRU-CY4.10,3.0,3.0,0.0
1968,4,pet,CRU-CY4.08,CRU-CY4.10,4.4,4.4,0.0
1968,5,pet,CRU-CY4.08,CRU-CY4.10,5.5,5.5,0.0
1968,6,pet,CRU-CY4.08,CRU-CY4.10,6.4,6.4,0.0
1968,7,pet,CRU-CY4.08,CRU-CY4.10,6.6,6.6,0.0
1968,8,pet,CRU-CY4.08,CRU-CY4.10,5.8,5.8,0.0
1968,9,pet,CRU-CY4.08,CRU-CY4.10,4.7,4.7,0.0
1968,10,pet,CRU-CY4.08,CRU-CY4.10,3.3,3.3,0.0
1968,11,pet,CRU-CY4.08,CRU-CY4.10,2.4,2.4,0.0
1968,12,pet,CRU-CY4.08,CRU-CY4.10,1.8,1.8,0.0
1969,1,pet,CRU-CY4.08,CRU-CY4.10,1.6,1.6,0.0
1969,2,pet,CRU-CY4.08,CRU-CY4.10,2.6,2.6,0.0
1969,3,pet,CRU-CY4.08,CRU-CY4.10,3.4,3.4,0.0
1969,4,pet,CRU-CY4.08,CRU-CY4.10,4.0,3.9,-0.10000000000000009
1969,5,pet,CRU-CY4.08,CRU-CY4.10,5.3,5.3,0.0
1969,6,pet,CRU-CY4.08,CRU-CY4.10,6.5,6.5,0.0
1969,7,pet,CRU-CY4.08,CRU-CY4.10,6.1,6.1,0.0
1969,8,pet,CRU-CY4.08,CRU-CY4.10,5.8,5.8,0.0
1969,9,pet,CRU-CY4.08,CRU-CY4.10,5.0,5.0,0.0
1969,10,pet,CRU-CY4.08,CRU-CY4.10,3.4,3.4,0.0
1969,11,pet,CRU-CY4.08,CRU-CY4.10,2.6,2.6,0.0
1969,12,pet,CRU-CY4.08,CRU-CY4.10,1.9,1.9,0.0
1970,1,pet,CRU-CY4.08,CRU-CY4.10,1.9,1.9,0.0
1970,2,pet,CRU-CY4.08,CRU-CY4.10,2.4,2.4,0.0
1970,3,pet,CRU-CY4.08,CRU-CY4.10,3.3,3.3,0.0
1970,4,pet,CRU-CY4.08,CRU-CY4.10,4.6,4.6,0.0
1970,5,pet,CRU-CY4.08,CRU-CY4.10,5.3,5.4,0.10000000000000053
1970,6,pet,CRU-CY4.08,CRU-CY4.10,6.1,6.1,0.0
1970,7,pet,CRU-CY4.08,CRU-CY4.10,6.0,6.1,0.09999999999999964
1970,8,pet,CRU-CY4.08,CRU-CY4.10,5.7,5.7,0.0
1970,9,pet,CRU-CY4.08,CRU-CY4.10,4.7,4.7,0.0
1970,10,pet,CRU-CY4.08,CRU-CY4.10,3.3,3.3,0.0
1970,11,pet,CRU-CY4.08,CRU-CY4.10,2.4,2.4,0.0
1970,12,pet,CRU-CY4.08,CRU-CY4.10,1.6,1.6,0.0
1971,1,pet,CRU-CY4.08,CRU-CY4.10,2.1,2.1,0.0
1971,2,pet,CRU-CY4.08,CRU-CY4.10,2.4,2.4,0.0
1971,3,pet,CRU-CY4.08,CRU-CY4.10,3.3,3.3,0.0
1971,4,pet,CRU-CY4.08,CRU-CY4.10,3.8,3.8,0.0
1971,5,pet,CRU-CY4.08,CRU-CY4.10,5.5,5.6,0.09999999999999964
1971,6,pet,CRU-CY4.08,CRU-CY4.10,6.2,6.3,0.09999999999999964
1971,7,pet,CRU-CY4.08,CRU-CY4.10,6.1,6.1,0.0
1971,8,pet,CRU-CY4.08,CRU-CY4.10,5.7,5.7,0.0
1971,9,pet,CRU-CY4.08,CRU-CY4.10,4.8,4.8,0.0
1971,10,pet,CRU-CY4.08,CRU-CY4.10,3.5,3.5,0.0
1971,11,pet,CRU-CY4.08,CRU-CY4.10,2.4,2.4,0.0
1971,12,pet,CRU-CY4.08,CRU-CY4.10,1.6,1.6,0.0
1972,1,pet,CRU-CY4.08,CRU-CY4.10,1.8,1.9,0.09999999999999987
1972,2,pet,CRU-CY4.08,CRU-CY4.10,2.3,2.3,0.0
1972,3,pet,CRU-CY4.08,CRU-CY4.10,3.1,3.1,0.0
1972,4,pet,CRU-CY4.08,CRU-CY4.10,4.4,4.4,0.0
1972,5,pet,CRU-CY4.08,CRU-CY4.10,5.1,5.1,0.0
1972,6,pet,CRU-CY4.08,CRU-CY4.10,6.2,6.1,-0.10000000000000053
1972,7,pet,CRU-CY4.08,CRU-CY4.10,6.1,6.1,0.0
1972,8,pet,CRU-CY4.08,CRU-CY4.10,5.7,5.7,0.0
1972,9,pet,CRU-CY4.08,CRU-CY4.10,4.9,4.9,0.0
1972,10,pet,CRU-CY4.08,CRU-CY4.10,3.6,3.6,0.0
1972,11,pet,CRU-CY4.08,CRU-CY4.10,2.5,2.4,-0.10000000000000009
1972,12,pet,CRU-CY4.08,CRU-CY4.10,1.8,1.8,0.0
1973,1,pet,CRU-CY4.08,CRU-CY4.10,1.9,1.9,0.0
1973,2,pet,CRU-CY4.08,CRU-CY4.10,2.6,2.6,0.0
1973,3,pet,CRU-CY4.08,CRU-CY4.10,3.2,3.2,0.0
1973,4,pet,CRU-CY4.08,CRU-CY4.10,4.2,4.2,0.0
1973,5,pet,CRU-CY4.08,CRU-CY4.10,5.5,5.5,0.0
1973,6,pet,CRU-CY4.08,CRU-CY4.10,6.3,6.2,-0.09999999999999964
1973,7,pet,CRU-CY4.08,CRU-CY4.10,6.5,6.5,0.0
1973,8,pet,CRU-CY4.08,CRU-CY4.10,5.7,5.7,0.0
1973,9,pet,CRU-CY4.08,CRU-CY4.10,4.8,4.8,0.0
1973,10,pet,CRU-CY4.08,CRU-CY4.10,3.6,3.7,0.10000000000000009
1973,11,pet,CRU-CY4.08,CRU-CY4.10,2.3,2.2,-0.09999999999999964
1973,12,pet,CRU-CY4.08,CRU-CY4.10,1.9,1.9,0.0
1974,1,pet,CRU-CY4.08,CRU-CY4.10,1.6,1.6,0.0
1974,2,pet,CRU-CY4.08,CRU-CY4.10,2.4,2.4,0.0
1974,3,pet,CRU-CY4.08,CRU-CY4.10,3.1,3.1,0.0
1974,4,pet,CRU-CY4.08,CRU-CY4.10,4.2,4.2,0.0
1974,5,pet,CRU-CY4.08,CRU-CY4.10,5.2,5.3,0.09999999999999964
1974,6,pet,CRU-CY4.08,CRU-CY4.10,6.4,6.5,0.09999999999999964
1974,7,pet,CRU-CY4.08,CRU-CY4.10,6.5,6.5,0.0
1974,8,pet,CRU-CY4.08,CRU-CY4.10,5.6,5.6,0.0
1974,9,pet,CRU-CY4.08,CRU-CY4.10,4.7,4.7,0.0
1974,10,pet,CRU-CY4.08,CRU-CY4.10,3.7,3.7,0.0
1974,11,pet,CRU-CY4.08,CRU-CY4.10,2.5,2.5,0.0
1974,12,pet,CRU-CY4.08,CRU-CY4.10,1.6,1.6,0.0
1975,1,pet,CRU-CY4.08,CRU-CY4.10,1.8,1.8,0.0
1975,2,pet,CRU-CY4.08,CRU-CY4.10,2.2,2.2,0.0
1975,3,pet,CRU-CY4.08,CRU-CY4.10,3.3,3.3,0.0
1975,4,pet,CRU-CY4.08,CRU-CY4.10,4.6,4.6,0.0
1975,5,pet,CRU-CY4.08,CRU-CY4.10,5.2,5.2,0.0
1975,6,pet,CRU-CY4.08,CRU-CY4.10,6.2,6.2,0.0
1975,7,pet,CRU-CY4.08,CRU-CY4.10,6.4,6.4,0.0
1975,8,pet,CRU-CY4.08,CRU-CY4.10,5.5,5.6,0.09999999999999964
1975,9,pet,CRU-CY4.08,CRU-CY4.10,4.6,4.6,0.0
1975,10,pet,CRU-CY4.08,CRU-CY4.10,3.5,3.5,0.0
1975,11,pet,CRU-CY4.08,CRU-CY4.10,2.4,2.4,0.0
1975,12,pet,CRU-CY4.08,CRU-CY4.10,1.8,1.8,0.0
1976,1,pet,CRU-CY4.08,CRU-CY4.10,1.8,1.8,0.0
1976,2,pet,CRU-CY4.08,CRU-CY4.10,2.2,2.1,-0.10000000000000009
1976,3,pet,CRU-CY4.08,CRU-CY4.10,3.1,3.1,0.0
1976,4,pet,CRU-CY4.08,CRU-CY4.10,4.0,4.0,0.0
1976,5,pet,CRU-CY4.08,CRU-CY4.10,5.2,5.2,0.0
1976,6,pet,CRU-CY4.08,CRU-CY4.10,6.2,6.2,0.0
1976,7,pet,CRU-CY4.08,CRU-CY4.10,6.1,6.1,0.0
1976,8,pet,CRU-CY4.08,CRU-CY4.10,5.5,5.5,0.0
1976,9,pet,CRU-CY4.08,CRU-CY4.10,4.6,4.7,0.10000000000000053
1976,10,pet,CRU-CY4.08,CRU-CY4.10,3.5,3.4,-0.10000000000000009
1976,11,pet,CRU-CY4.08,CRU-CY4.10,2.5,2.5,0.0
1976,12,pet,CRU-CY4.08,CRU-CY4.10,1.9,1.9,0.0
1977,1,pet,CRU-CY4.08,CRU-CY4.10,1.8,1.7,-0.10000000000000009
1977,2,pet,CRU-CY4.08,CRU-CY4.10,2.6,2.7,0.10000000000000009
1977,3,pet,CRU-CY4.08,CRU-CY4.10,3.1,3.1,0.0
1977,4,pet,CRU-CY4.08,CRU-CY4.10,4.1,4.0,-0.09999999999999964
1977,5,pet,CRU-CY4.08,CRU-CY4.10,5.4,5.4,0.0
1977,6,pet,CRU-CY4.08,CRU-CY4.10,6.3,6.3,0.0
1977,7,pet,CRU-CY4.08,CRU-CY4.10,6.5,6.5,0.0
1977,8,pet,CRU-CY4.08,CRU-CY4.10,6.0,5.9,-0.09999999999999964
1977,9,pet,CRU-CY4.08,CRU-CY4.10,4.6,4.7,0.10000000000000053
1977,10,pet,CRU-CY4.08,CRU-CY4.10,3.3,3.3,0.0
1977,11,pet,CRU-CY4.08,CRU-CY4.10,2.5,2.6,0.10000000000000009
1977,12,pet,CRU-CY4.08,CRU-CY4.10,1.6,1.6,0.0
1978,1,pet,CRU-CY4.08,CRU-CY4.10,1.8,1.8,0.0
1978,2,pet,CRU-CY4.08,CRU-CY4.10,2.5,2.5,0.0
1978,3,pet,CRU-CY4.08,CRU-CY4.10,3.2,3.2,0.0
1978,4,pet,CRU-CY4.08,CRU-CY4.10,4.3,4.3,0.0
1978,5,pet,CRU-CY4.08,CRU-CY4.10,5.7,5.8,0.09999999999999964
1978,6,pet,CRU-CY4.08,CRU-CY4.10,6.3,6.3,0.0
1978,7,pet,CRU-CY4.08,CRU-CY4.10,6.7,6.7,0.0
1978,8,pet,CRU-CY4.08,CRU-CY4.10,5.6,5.6,0.0
1978,9,pet,CRU-CY4.08,CRU-CY4.10,4.6,4.5,-0.09999999999999964
1978,10,pet,CRU-CY4.08,CRU-CY4.10,3.6,3.6,0.0
1978,11,pet,CRU-CY4.08,CRU-CY4.10,2.3,2.3,0.0
1978,12,pet,CRU-CY4.08,CRU-CY4.10,1.8,1.8,0.0
1979,1,pet,CRU-CY4.08,CRU-CY4.10,1.8,1.7,-0.10000000000000009
1979,2,pet,CRU-CY4.08,CRU-CY4.10,2.6,2.6,0.0
1979,3,pet,CRU-CY4.08,CRU-CY4.10,3.4,3.4,0.0
1979,4,pet,CRU-CY4.08,CRU-CY4.10,4.5,4.5,0.0
1979,5,pet,CRU-CY4.08,CRU-CY4.10,5.2,5.2,0.0
1979,6,pet,CRU-CY4.08,CRU-CY4.10,6.5,6.5,0.0
1979,7,pet,CRU-CY4.08,CRU-CY4.10,6.4,6.4,0.0
1979,8,pet,CRU-CY4.08,CRU-CY4.10,5.7,5.7,0.0
1979,9,pet,CRU-CY4.08,CRU-CY4.10,4.8,4.7,-0.09999999999999964
1979,10,pet,CRU-CY4.08,CRU-CY4.10,3.4,3.4,0.0
1979,11,pet,CRU-CY4.08,CRU-CY4.10,2.6,2.6,0.0
1979,12,pet,CRU-CY4.08,CRU-CY4.10,1.6,1.6,0.0
1980,1,pet,CRU-CY4.08,CRU-CY4.10,1.8,1.8,0.0
1980,2,pet,CRU-CY4.08,CRU-CY4.10,2.2,2.2,0.0
1980,3,pet,CRU-CY4.08,CRU-CY4.10,3.0,3.0,0.0
1980,4,pet,CRU-CY4.08,CRU-CY4.10,4.3,4.3,0.0
1980,5,pet,CRU-CY4.08,CRU-CY4.10,5.5,5.5,0.0
1980,6,pet,CRU-CY4.08,CRU-CY4.10,6.5,6.5,0.0
1980,7,pet,CRU-CY4.08,CRU-CY4.10,6.4,6.4,0.0
1980,8,pet,CRU-CY4.08,CRU-CY4.10,5.8,5.8,0.0
1980,9,pet,CRU-CY4.08,CRU-CY4.10,4.6,4.6,0.0
1980,10,pet,CRU-CY4.08,CRU-CY4.10,3.5,3.6,0.10000000000000009
1980,11,pet,CRU-CY4.08,CRU-CY4.10,2.6,2.6,0.0
1980,12,pet,CRU-CY4.08,CRU-CY4.10,1.8,1.8,0.0
1981,1,pet,CRU-CY4.08,CRU-CY4.10,1.7,1.6,-0.09999999999999987
1981,2,pet,CRU-CY4.08,CRU-CY4.10,2.2,2.2,0.0
1981,3,pet,CRU-CY4.08,CRU-CY4.10,3.2,3.2,0.0
1981,4,pet,CRU-CY4.08,CRU-CY4.10,4.4,4.4,0.0
1981,5,pet,CRU-CY4.08,CRU-CY4.10,5.2,5.1,-0.10000000000000053
1981,6,pet,CRU-CY4.08,CRU-CY4.10,6.4,6.3,-0.10000000000000053
1981,7,pet,CRU-CY4.08,CRU-CY4.10,6.3,6.3,0.0
1981,8,pet,CRU-CY4.08,CRU-CY4.10,5.8,5.8,0.0
1981,9,pet,CRU-CY4.08,CRU-CY4.10,4.9,4.9,0.0
1981,10,pet,CRU-CY4.08,CRU-CY4.10,3.7,3.7,0.0
1981,11,pet,CRU-CY4.08,CRU-CY4.10,2.3,2.3,0.0
1981,12,pet,CRU-CY4.08,CRU-CY4.10,1.9,1.9,0.0
1982,1,pet,CRU-CY4.08,CRU-CY4.10,1.9,1.9,0.0
1982,2,pet,CRU-CY4.08,CRU-CY4.10,2.1,2.1,0.0
1982,3,pet,CRU-CY4.08,CRU-CY4.10,2.9,2.9,0.0
1982,4,pet,CRU-CY4.08,CRU-CY4.10,4.3,4.3,0.0
1982,5,pet,CRU-CY4.08,CRU-CY4.10,5.0,5.0,0.0
1982,6,pet,CRU-CY4.08,CRU-CY4.10,6.3,6.3,0.0
1982,7,pet,CRU-CY4.08,CRU-CY4.10,6.2,6.2,0.0
1982,8,pet,CRU-CY4.08,CRU-CY4.10,5.7,5.7,0.0
1982,9,pet,CRU-CY4.08,CRU-CY4.10,4.7,4.7,0.0
1982,10,pet,CRU-CY4.08,CRU-CY4.10,3.5,3.5,0.0
1982,11,pet,CRU-CY4.08,CRU-CY4.10,2.2,2.2,0.0
1982,12,pet,CRU-CY4.08,CRU-CY4.10,1.7,1.7,0.0
1983,1,pet,CRU-CY4.08,CRU-CY4.10,1.6,1.5,-0.10000000000000009
1983,2,pet,CRU-CY4.08,CRU-CY4.10,2.1,2.1,0.0
1983,3,pet,CRU-CY4.08,CRU-CY4.10,2.9,2.9,0.0
1983,4,pet,CRU-CY4.08,CRU-CY4.10,4.1,4.1,0.0
1983,5,pet,CRU-CY4.08,CRU-CY4.10,5.2,5.2,0.0
1983,6,pet,CRU-CY4.08,CRU-CY4.10,6.2,6.2,0.0
1983,7,pet,CRU-CY4.08,CRU-CY4.10,6.3,6.3,0.0
1983,8,pet,CRU-CY4.08,CRU-CY4.10,5.7,5.7,0.0
1983,9,pet,CRU-CY4.08,CRU-CY4.10,4.7,4.7,0.0
1983,10,pet,CRU-CY4.08,CRU-CY4.10,3.4,3.4,0.0
1983,11,pet,CRU-CY4.08,CRU-CY4.10,2.5,2.5,0.0
1983,12,pet,CRU-CY4.08,CRU-CY4.10,1.9,1.9,0.0
1984,1,pet,CRU-CY4.08,CRU-CY4.10,1.8,1.8,0.0
1984,2,pet,CRU-CY4.08,CRU-CY4.10,2.6,2.6,0.0
1984,3,pet,CRU-CY4.08,CRU-CY4.10,3.1,3.1,0.0
1984,4,pet,CRU-CY4.08,CRU-CY4.10,4.2,4.1,-0.10000000000000053
1984,5,pet,CRU-CY4.08,CRU-CY4.10,5.7,5.7,0.0
1984,6,pet,CRU-CY4.08,CRU-CY4.10,6.2,6.2,0.0
1984,7,pet,CRU-CY4.08,CRU-CY4.10,6.3,6.3,0.0
1984,8,pet,CRU-CY4.08,CRU-CY4.10,5.5,5.5,0.0
1984,9,pet,CRU-CY4.08,CRU-CY4.10,4.8,4.9,0.10000000000000053
1984,10,pet,CRU-CY4.08,CRU-CY4.10,3.7,3.7,0.0
1984,11,pet,CRU-CY4.08,CRU-CY4.10,2.4,2.3,-0.10000000000000009
1984,12,pet,CRU-CY4.08,CRU-CY4.10,1.8,1.7,-0.10000000000000009
1985,1,pet,CRU-CY4.08,CRU-CY4.10,2.0,1.9,-0.10000000000000009
1985,2,pet,CRU-CY4.08,CRU-CY4.10,2.2,2.2,0.0
1985,3,pet,CRU-CY4.08,CRU-CY4.10,3.3,3.3,0.0
1985,4,pet,CRU-CY4.08,CRU-CY4.10,4.2,4.2,0.0
1985,5,pet,CRU-CY4.08,CRU-CY4.10,5.4,5.3,-0.10000000000000053
1985,6,pet,CRU-CY4.08,CRU-CY4.10,6.4,6.4,0.0
1985,7,pet,CRU-CY4.08,CRU-CY4.10,6.3,6.3,0.0
1985,8,pet,CRU-CY4.08,CRU-CY4.10,6.0,6.0,0.0
1985,9,pet,CRU-CY4.08,CRU-CY4.10,4.7,4.7,0.0
1985,10,pet,CRU-CY4.08,CRU-CY4.10,3.4,3.3,-0.10000000000000009
1985,11,pet,CRU-CY4.08,CRU-CY4.10,2.5,2.5,0.0
1985,12,pet,CRU-CY4.08,CRU-CY4.10,1.9,1.8,-0.09999999999999987
1986,1,pet,CRU-CY4.08,CRU-CY4.10,1.9,1.9,0.0
1986,2,pet,CRU-CY4.08,CRU-CY4.10,2.5,2.5,0.0
1986,3,pet,CRU-CY4.08,CRU-CY4.10,3.4,3.4,0.0
1986,4,pet,CRU-CY4.08,CRU-CY4.10,4.5,4.5,0.0
1986,5,pet,CRU-CY4.08,CRU-CY4.10,4.8,4.7,-0.09999999999999964
1986,6,pet,CRU-CY4.08,CRU-CY4.10,6.3,6.3,0.0
1986,7,pet,CRU-CY4.08,CRU-CY4.10,6.4,6.5,0.09999999999999964
1986,8,pet,CRU-CY4.08,CRU-CY4.10,5.8,5.8,0.0
1986,9,pet,CRU-CY4.08,CRU-CY4.10,5.0,5.0,0.0
1986,10,pet,CRU-CY4.08,CRU-CY4.10,3.5,3.5,0.0
1986,11,pet,CRU-CY4.08,CRU-CY4.10,2.1,2.1,0.0
1986,12,pet,CRU-CY4.08,CRU-CY4.10,1.7,1.7,0.0
1987,1,pet,CRU-CY4.08,CRU-CY4.10,1.9,1.9,0.0
1987,2,pet,CRU-CY4.08,CRU-CY4.10,2.6,2.6,0.0
1987,3,pet,CRU-CY4.08,CRU-CY4.10,2.7,2.7,0.0
1987,4,pet,CRU-CY4.08,CRU-CY4.10,4.2,4.2,0.0
1987,5,pet,CRU-CY4.08,CRU-CY4.10,5.4,5.5,0.09999999999999964
1987,6,pet,CRU-CY4.08,CRU-CY4.10,6.2,6.2,0.0
1987,7,pet,CRU-CY4.08,CRU-CY4.10,6.6,6.7,0.10000000000000053
1987,8,pet,CRU-CY4.08,CRU-CY4.10,5.9,5.8,-0.10000000000000053
1987,9,pet,CRU-CY4.08,CRU-CY4.10,4.9,4.9,0.0
1987,10,pet,CRU-CY4.08,CRU-CY4.10,3.3,3.3,0.0
1987,11,pet,CRU-CY4.08,CRU-CY4.10,2.5,2.5,0.0
1987,12,pet,CRU-CY4.08,CRU-CY4.10,1.7,1.7,0.0
1988,1,pet,CRU-CY4.08,CRU-CY4.10,1.8,1.8,0.0
1988,2,pet,CRU-CY4.08,CRU-CY4.10,2.2,2.2,0.0
1988,3,pet,CRU-CY4.08,CRU-CY4.10,3.0,3.0,0.0
1988,4,pet,CRU-CY4.08,CRU-CY4.10,4.4,4.4,0.0
1988,5,pet,CRU-CY4.08,CRU-CY4.10,5.7,5.7,0.0
1988,6,pet,CRU-CY4.08,CRU-CY4.10,6.4,6.3,-0.10000000000000053
1988,7,pet,CRU-CY4.08,CRU-CY4.10,6.7,6.6,-0.10000000000000053
1988,8,pet,CRU-CY4.08,CRU-CY4.10,5.9,5.9,0.0
1988,9,pet,CRU-CY4.08,CRU-CY4.10,5.0,5.0,0.0
1988,10,pet,CRU-CY4.08,CRU-CY4.10,3.3,3.3,0.0
1988,11,pet,CRU-CY4.08,CRU-CY4.10,2.3,2.3,0.0
1988,12,pet,CRU-CY4.08,CRU-CY4.10,1.7,1.7,0.0
1989,1,pet,CRU-CY4.08,CRU-CY4.10,1.7,1.7,0.0
1989,2,pet,CRU-CY4.08,CRU-CY4.10,2.3,2.3,0.0
1989,3,pet,CRU-CY4.08,CRU-CY4.10,3.2,3.2,0.0
1989,4,pet,CRU-CY4.08,CRU-CY4.10,5.0,5.1,0.09999999999999964
1989,5,pet,CRU-CY4.08,CRU-CY4.10,5.7,5.7,0.0
1989,6,pet,CRU-CY4.08,CRU-CY4.10,6.3,6.3,0.0
1989,7,pet,CRU-CY4.08,CRU-CY4.10,6.4,6.5,0.09999999999999964
1989,8,pet,CRU-CY4.08,CRU-CY4.10,5.9,5.9,0.0
1989,9,pet,CRU-CY4.08,CRU-CY4.10,4.9,4.8,-0.10000000000000053
1989,10,pet,CRU-CY4.08,CRU-CY4.10,3.4,3.4,0.0
1989,11,pet,CRU-CY4.08,CRU-CY4.10,2.5,2.5,0.0
1989,12,pet,CRU-CY4.08,CRU-CY4.10,1.9,1.9,0.0
1990,1,pet,CRU-CY4.08,CRU-CY4.10,1.8,1.8,0.0
1990,2,pet,CRU-CY4.08,CRU-CY4.10,2.2,2.2,0.0
1990,3,pet,CRU-CY4.08,CRU-CY4.10,3.3,3.3,0.0
1990,4,pet,CRU-CY4.08,CRU-CY4.10,4.3,4.3,0.0
1990,5,pet,CRU-CY4.08,CRU-CY4.10,5.2,5.2,0.0
1990,6,pet,CRU-CY4.08,CRU-CY4.10,6.4,6.4,0.0
1990,7,pet,CRU-CY4.08,CRU-CY4.10,6.4,6.4,0.0
1990,8,pet,CRU-CY4.08,CRU-CY4.10,5.8,5.8,0.0
1990,9,pet,CRU-CY4.08,CRU-CY4.10,4.7,4.7,0.0
1990,10,pet,CRU-CY4.08,CRU-CY4.10,3.6,3.6,0.0
1990,11,pet,CRU-CY4.08,CRU-CY4.10,2.7,2.7,0.0
1990,12,pet,CRU-CY4.08,CRU-CY4.10,2.1,2.1,0.0
1991,1,pet,CRU-CY4.08,CRU-CY4.10,1.9,1.9,0.0
1991,2,pet,CRU-CY4.08,CRU-CY4.10,2.4,2.4,0.0
1991,3,pet,CRU-CY4.08,CRU-CY4.10,3.3,3.2,-0.09999999999999964
1991,4,pet,CRU-CY4.08,CRU-CY4.10,4.6,4.6,0.0
1991,5,pet,CRU-CY4.08,CRU-CY4.10,5.2,5.2,0.0
1991,6,pet,CRU-CY4.08,CRU-CY4.10,6.4,6.4,0.0
1991,7,pet,CRU-CY4.08,CRU-CY4.10,6.2,6.2,0.0
1991,8,pet,CRU-CY4.08,CRU-CY4.10,5.6,5.6,0.0
1991,9,pet,CRU-CY4.08,CRU-CY4.10,4.7,4.6,-0.10000000000000053
1991,10,pet,CRU-CY4.08,CRU-CY4.10,3.5,3.5,0.0
1991,11,pet,CRU-CY4.08,CRU-CY4.10,2.5,2.5,0.0
1991,12,pet,CRU-CY4.08,CRU-CY4.10,1.6,1.6,0.0
1992,1,pet,CRU-CY4.08,CRU-CY4.10,1.6,1.6,0.0
1992,2,pet,CRU-CY4.08,CRU-CY4.10,1.9,1.9,0.0
1992,3,pet,CRU-CY4.08,CRU-CY4.10,3.0,2.9,-0.10000000000000009
1992,4,pet,CRU-CY4.08,CRU-CY4.10,4.2,4.2,0.0
1992,5,pet,CRU-CY4.08,CRU-CY4.10,5.0,5.0,0.0
1992,6,pet,CRU-CY4.08,CRU-CY4.10,6.2,6.2,0.0
1992,7,pet,CRU-CY4.08,CRU-CY4.10,6.2,6.2,0.0
1992,8,pet,CRU-CY4.08,CRU-CY4.10,5.9,5.9,0.0
1992,9,pet,CRU-CY4.08,CRU-CY4.10,4.8,4.8,0.0
1992,10,pet,CRU-CY4.08,CRU-CY4.10,3.8,3.8,0.0
1992,11,pet,CRU-CY4.08,CRU-CY4.10,2.4,2.4,0.0
1992,12,pet,CRU-CY4.08,CRU-CY4.10,1.6,1.6,0.0
1993,1,pet,CRU-CY4.08,CRU-CY4.10,1.7,1.7,0.0
1993,2,pet,CRU-CY4.08,CRU-CY4.10,2.1,2.1,0.0
1993,3,pet,CRU-CY4.08,CRU-CY4.10,3.2,3.2,0.0
1993,4,pet,CRU-CY4.08,CRU-CY4.10,4.5,4.5,0.0
1993,5,pet,CRU-CY4.08,CRU-CY4.10,5.0,5.0,0.0
1993,6,pet,CRU-CY4.08,CRU-CY4.10,6.4,6.4,0.0
1993,7,pet,CRU-CY4.08,CRU-CY4.10,6.4,6.4,0.0
1993,8,pet,CRU-CY4.08,CRU-CY4.10,6.0,5.9,-0.09999999999999964
1993,9,pet,CRU-CY4.08,CRU-CY4.10,4.9,4.9,0.0
1993,10,pet,CRU-CY4.08,CRU-CY4.10,3.8,3.8,0.0
1993,11,pet,CRU-CY4.08,CRU-CY4.10,2.5,2.5,0.0
1993,12,pet,CRU-CY4.08,CRU-CY4.10,2.0,2.0,0.0
1994,1,pet,CRU-CY4.08,CRU-CY4.10,1.9,1.9,0.0
1994,2,pet,CRU-CY4.08,CRU-CY4.10,2.4,2.4,0.0
1994,3,pet,CRU-CY4.08,CRU-CY4.10,3.0,3.0,0.0
1994,4,pet,CRU-CY4.08,CRU-CY4.10,4.9,4.9,0.0
1994,5,pet,CRU-CY4.08,CRU-CY4.10,5.6,5.6,0.0
1994,6,pet,CRU-CY4.08,CRU-CY4.10,6.3,6.3,0.0
1994,7,pet,CRU-CY4.08,CRU-CY4.10,6.3,6.3,0.0
1994,8,pet,CRU-CY4.08,CRU-CY4.10,5.9,5.9,0.0
1994,9,pet,CRU-CY4.08,CRU-CY4.10,5.1,5.1,0.0
1994,10,pet,CRU-CY4.08,CRU-CY4.10,3.8,3.8,0.0
1994,11,pet,CRU-CY4.08,CRU-CY4.10,2.3,2.2,-0.09999999999999964
1994,12,pet,CRU-CY4.08,CRU-CY4.10,1.7,1.7,0.0
1995,1,pet,CRU-CY4.08,CRU-CY4.10,1.9,1.9,0.0
1995,2,pet,CRU-CY4.08,CRU-CY4.10,2.4,2.4,0.0
1995,3,pet,CRU-CY4.08,CRU-CY4.10,3.3,3.3,0.0
1995,4,pet,CRU-CY4.08,CRU-CY4.10,4.4,4.4,0.0
1995,5,pet,CRU-CY4.08,CRU-CY4.10,5.5,5.5,0.0
1995,6,pet,CRU-CY4.08,CRU-CY4.10,6.7,6.7,0.0
1995,7,pet,CRU-CY4.08,CRU-CY4.10,6.4,6.4,0.0
1995,8,pet,CRU-CY4.08,CRU-CY4.10,5.9,6.0,0.09999999999999964
1995,9,pet,CRU-CY4.08,CRU-CY4.10,4.9,4.9,0.0
1995,10,pet,CRU-CY4.08,CRU-CY4.10,3.5,3.5,0.0
1995,11,pet,CRU-CY4.08,CRU-CY4.10,2.4,2.4,0.0
1995,12,pet,CRU-CY4.08,CRU-CY4.10,1.8,1.8,0.0
1996,1,pet,CRU-CY4.08,CRU-CY4.10,1.8,1.8,0.0
1996,2,pet,CRU-CY4.08,CRU-CY4.10,2.5,2.5,0.0
1996,3,pet,CRU-CY4.08,CRU-CY4.10,2.9,2.9,0.0
1996,4,pet,CRU-CY4.08,CRU-CY4.10,4.4,4.4,0.0
1996,5,pet,CRU-CY4.08,CRU-CY4.10,5.6,5.6,0.0
1996,6,pet,CRU-CY4.08,CRU-CY4.10,6.5,6.5,0.0
1996,7,pet,CRU-CY4.08,CRU-CY4.10,6.4,6.4,0.0
1996,8,pet,CRU-CY4.08,CRU-CY4.10,6.0,6.0,0.0
1996,9,pet,CRU-CY4.08,CRU-CY4.10,4.9,4.9,0.0
1996,10,pet,CRU-CY4.08,CRU-CY4.10,3.5,3.5,0.0
1996,11,pet,CRU-CY4.08,CRU-CY4.10,2.5,2.6,0.10000000000000009
1996,12,pet,CRU-CY4.08,CRU-CY4.10,1.9,1.9,0.0
1997,1,pet,CRU-CY4.08,CRU-CY4.10,2.0,2.0,0.0
1997,2,pet,CRU-CY4.08,CRU-CY4.10,2.2,2.2,0.0
1997,3,pet,CRU-CY4.08,CRU-CY4.10,2.9,2.9,0.0
1997,4,pet,CRU-CY4.08,CRU-CY4.10,4.0,4.0,0.0
1997,5,pet,CRU-CY4.08,CRU-CY4.10,5.7,5.7,0.0
1997,6,pet,CRU-CY4.08,CRU-CY4.10,6.4,6.4,0.0
1997,7,pet,CRU-CY4.08,CRU-CY4.10,6.6,6.6,0.0
1997,8,pet,CRU-CY4.08,CRU-CY4.10,5.7,5.7,0.0
1997,9,pet,CRU-CY4.08,CRU-CY4.10,4.8,4.8,0.0
1997,10,pet,CRU-CY4.08,CRU-CY4.10,3.5,3.5,0.0
1997,11,pet,CRU-CY4.08,CRU-CY4.10,2.5,2.5,0.0
1997,12,pet,CRU-CY4.08,CRU-CY4.10,1.8,1.8,0.0
1998,1,pet,CRU-CY4.08,CRU-CY4.10,1.8,1.8,0.0
1998,2,pet,CRU-CY4.08,CRU-CY4.10,2.5,2.5,0.0
1998,3,pet,CRU-CY4.08,CRU-CY4.10,2.9,2.9,0.0
1998,4,pet,CRU-CY4.08,CRU-CY4.10,4.7,4.7,0.0
1998,5,pet,CRU-CY4.08,CRU-CY4.10,5.2,5.2,0.0
1998,6,pet,CRU-CY4.08,CRU-CY4.10,6.4,6.4,0.0
1998,7,pet,CRU-CY4.08,CRU-CY4.10,6.6,6.6,0.0
1998,8,pet,CRU-CY4.08,CRU-CY4.10,6.3,6.2,-0.09999999999999964
1998,9,pet,CRU-CY4.08,CRU-CY4.10,5.0,5.0,0.0
1998,10,pet,CRU-CY4.08,CRU-CY4.10,3.7,3.8,0.09999999999999964
1998,11,pet,CRU-CY4.08,CRU-CY4.10,2.7,2.7,0.0
1998,12,pet,CRU-CY4.08,CRU-CY4.10,1.9,1.9,0.0
1999,1,pet,CRU-CY4.08,CRU-CY4.10,1.9,1.9,0.0
1999,2,pet,CRU-CY4.08,CRU-CY4.10,2.4,2.4,0.0
1999,3,pet,CRU-CY4.08,CRU-CY4.10,3.3,3.3,0.0
1999,4,pet,CRU-CY4.08,CRU-CY4.10,4.5,4.5,0.0
1999,5,pet,CRU-CY4.08,CRU-CY4.10,5.6,5.6,0.0
1999,6,pet,CRU-CY4.08,CRU-CY4.10,6.3,6.3,0.0
1999,7,pet,CRU-CY4.08,CRU-CY4.10,6.5,6.5,0.0
1999,8,pet,CRU-CY4.08,CRU-CY4.10,6.0,6.0,0.0
1999,9,pet,CRU-CY4.08,CRU-CY4.10,4.9,4.9,0.0
1999,10,pet,CRU-CY4.08,CRU-CY4.10,3.6,3.6,0.0
1999,11,pet,CRU-CY4.08,CRU-CY4.10,2.6,2.6,0.0
1999,12,pet,CRU-CY4.08,CRU-CY4.10,2.0,2.0,0.0
2000,1,pet,CRU-CY4.08,CRU-CY4.10,1.8,1.8,0.0
2000,2,pet,CRU-CY4.08,CRU-CY4.10,2.4,2.4,0.0
2000,3,pet,CRU-CY4.08,CRU-CY4.10,3.1,3.1,0.0
2000,4,pet,CRU-CY4.08,CRU-CY4.10,4.6,4.6,0.0
2000,5,pet,CRU-CY4.08,CRU-CY4.10,5.5,5.5,0.0
2000,6,pet,CRU-CY4.08,CRU-CY4.10,6.6,6.6,0.0
2000,7,pet,CRU-CY4.08,CRU-CY4.10,6.5,6.5,0.0
2000,8,pet,CRU-CY4.08,CRU-CY4.10,6.0,6.0,0.0
2000,9,pet,CRU-CY4.08,CRU-CY4.10,4.8,4.8,0.0
2000,10,pet,CRU-CY4.08,CRU-CY4.10,3.4,3.4,0.0
2000,11,pet,CRU-CY4.08,CRU-CY4.10,2.5,2.5,0.0
2000,12,pet,CRU-CY4.08,CRU-CY4.10,1.9,1.9,0.0
2001,1,pet,CRU-CY4.08,CRU-CY4.10,1.9,1.9,0.0
2001,2,pet,CRU-CY4.08,CRU-CY4.10,2.4,2.4,0.0
2001,3,pet,CRU-CY4.08,CRU-CY4.10,3.6,3.6,0.0
2001,4,pet,CRU-CY4.08,CRU-CY4.10,4.5,4.5,0.0
2001,5,pet,CRU-CY4.08,CRU-CY4.10,5.3,5.3,0.0
2001,6,pet,CRU-CY4.08,CRU-CY4.10,6.5,6.4,-0.09999999999999964
2001,7,pet,CRU-CY4.08,CRU-CY4.10,6.5,6.5,0.0
2001,8,pet,CRU-CY4.08,CRU-CY4.10,6.0,6.0,0.0
2001,9,pet,CRU-CY4.08,CRU-CY4.10,4.9,4.9,0.0
2001,10,pet,CRU-CY4.08,CRU-CY4.10,3.6,3.6,0.0
2001,11,pet,CRU-CY4.08,CRU-CY4.10,2.4,2.4,0.0
2001,12,pet,CRU-CY4.08,CRU-CY4.10,1.8,1.8,0.0
2002,1,pet,CRU-CY4.08,CRU-CY4.10,1.7,1.7,0.0
2002,2,pet,CRU-CY4.08,CRU-CY4.10,2.6,2.7,0.10000000000000009
2002,3,pet,CRU-CY4.08,CRU-CY4.10,3.4,3.4,0.0
2002,4,pet,CRU-CY4.08,CRU-CY4.10,4.1,4.1,0.0
2002,5,pet,CRU-CY4.08,CRU-CY4.10,5.4,5.4,0.0
2002,6,pet,CRU-CY4.08,CRU-CY4.10,6.3,6.3,0.0
2002,7,pet,CRU-CY4.08,CRU-CY4.10,6.7,6.7,0.0
2002,8,pet,CRU-CY4.08,CRU-CY4.10,6.0,6.0,0.0
2002,9,pet,CRU-CY4.08,CRU-CY4.10,4.8,4.8,0.0
2002,10,pet,CRU-CY4.08,CRU-CY4.10,3.4,3.5,0.10000000000000009
2002,11,pet,CRU-CY4.08,CRU-CY4.10,2.6,2.6,0.0
2002,12,pet,CRU-CY4.08,CRU-CY4.10,1.8,1.8,0.0
2003,1,pet,CRU-CY4.08,CRU-CY4.10,1.9,1.9,0.0
2003,2,pet,CRU-CY4.08,CRU-CY4.10,2.2,2.2,0.0
2003,3,pet,CRU-CY4.08,CRU-CY4.10,2.8,2.8,0.0
2003,4,pet,CRU-CY4.08,CRU-CY4.10,4.3,4.3,0.0
2003,5,pet,CRU-CY4.08,CRU-CY4.10,5.7,5.7,0.0
2003,6,pet,CRU-CY4.08,CRU-CY4.10,6.5,6.5,0.0
2003,7,pet,CRU-CY4.08,CRU-CY4.10,6.5,6.5,0.0
2003,8,pet,CRU-CY4.08,CRU-CY4.10,6.1,6.1,0.0
2003,9,pet,CRU-CY4.08,CRU-CY4.10,4.8,4.8,0.0
2003,10,pet,CRU-CY4.08,CRU-CY4.10,3.6,3.6,0.0
2003,11,pet,CRU-CY4.08,CRU-CY4.10,2.5,2.5,0.0
2003,12,pet,CRU-CY4.08,CRU-CY4.10,1.8,1.8,0.0
2004,1,pet,CRU-CY4.08,CRU-CY4.10,1.8,1.8,0.0
2004,2,pet,CRU-CY4.08,CRU-CY4.10,2.4,2.4,0.0
2004,3,pet,CRU-CY4.08,CRU-CY4.10,3.3,3.3,0.0
2004,4,pet,CRU-CY4.08,CRU-CY4.10,4.4,4.4,0.0
2004,5,pet,CRU-CY4.08,CRU-CY4.10,5.3,5.3,0.0
2004,6,pet,CRU-CY4.08,CRU-CY4.10,6.5,6.4,-0.09999999999999964
2004,7,pet,CRU-CY4.08,CRU-CY4.10,6.6,6.6,0.0
2004,8,pet,CRU-CY4.08,CRU-CY4.10,5.9,5.9,0.0
2004,9,pet,CRU-CY4.08,CRU-CY4.10,4.9,4.8,-0.10000000000000053
2004,10,pet,CRU-CY4.08,CRU-CY4.10,3.6,3.6,0.0
2004,11,pet,CRU-CY4.08,CRU-CY4.10,2.5,2.5,0.0
2004,12,pet,CRU-CY4.08,CRU-CY4.10,1.8,1.8,0.0
2005,1,pet,CRU-CY4.08,CRU-CY4.10,1.9,1.9,0.0
2005,2,pet,CRU-CY4.08,CRU-CY4.10,2.3,2.3,0.0
2005,3,pet,CRU-CY4.08,CRU-CY4.10,3.3,3.3,0.0
2005,4,pet,CRU-CY4.08,CRU-CY4.10,4.5,4.5,0.0
2005,5,pet,CRU-CY4.08,CRU-CY4.10,5.3,5.3,0.0
2005,6,pet,CRU-CY4.08,CRU-CY4.10,6.4,6.3,-0.10000000000000053
2005,7,pet,CRU-CY4.08,CRU-CY4.10,6.5,6.5,0.0
2005,8,pet,CRU-CY4.08,CRU-CY4.10,6.0,6.0,0.0
2005,9,pet,CRU-CY4.08,CRU-CY4.10,4.9,4.9,0.0
2005,10,pet,CRU-CY4.08,CRU-CY4.10,3.5,3.5,0.0
2005,11,pet,CRU-CY4.08,CRU-CY4.10,2.4,2.4,0.0
2005,12,pet,CRU-CY4.08,CRU-CY4.10,2.1,2.0,-0.10000000000000009
2006,1,pet,CRU-CY4.08,CRU-CY4.10,1.8,1.8,0.0
2006,2,pet,CRU-CY4.08,CRU-CY4.10,2.4,2.4,0.0
2006,3,pet,CRU-CY4.08,CRU-CY4.10,3.4,3.3,-0.10000000000000009
2006,4,pet,CRU-CY4.08,CRU-CY4.10,4.4,4.4,0.0
2006,5,pet,CRU-CY4.08,CRU-CY4.10,5.3,5.3,0.0
2006,6,pet,CRU-CY4.08,CRU-CY4.10,6.5,6.5,0.0
2006,7,pet,CRU-CY4.08,CRU-CY4.10,6.3,6.4,0.10000000000000053
2006,8,pet,CRU-CY4.08,CRU-CY4.10,6.1,6.1,0.0
2006,9,pet,CRU-CY4.08,CRU-CY4.10,4.9,5.0,0.09999999999999964
2006,10,pet,CRU-CY4.08,CRU-CY4.10,3.5,3.5,0.0
2006,11,pet,CRU-CY4.08,CRU-CY4.10,2.4,2.4,0.0
2006,12,pet,CRU-CY4.08,CRU-CY4.10,1.9,1.9,0.0
2007,1,pet,CRU-CY4.08,CRU-CY4.10,1.9,1.9,0.0
2007,2,pet,CRU-CY4.08,CRU-CY4.10,2.4,2.4,0.0
2007,3,pet,CRU-CY4.08,CRU-CY4.10,3.2,3.1,-0.10000000000000009
2007,4,pet,CRU-CY4.08,CRU-CY4.10,4.2,4.2,0.0
2007,5,pet,CRU-CY4.08,CRU-CY4.10,5.4,5.4,0.0
2007,6,pet,CRU-CY4.08,CRU-CY4.10,6.6,6.6,0.0
2007,7,pet,CRU-CY4.08,CRU-CY4.10,6.6,6.6,0.0
2007,8,pet,CRU-CY4.08,CRU-CY4.10,6.0,6.0,0.0
2007,9,pet,CRU-CY4.08,CRU-CY4.10,4.8,4.8,0.0
2007,10,pet,CRU-CY4.08,CRU-CY4.10,3.7,3.7,0.0
2007,11,pet,CRU-CY4.08,CRU-CY4.10,2.6,2.5,-0.10000000000000009
2007,12,pet,CRU-CY4.08,CRU-CY4.10,1.9,1.9,0.0
2008,1,pet,CRU-CY4.08,CRU-CY4.10,1.7,1.7,0.0
2008,2,pet,CRU-CY4.08,CRU-CY4.10,2.4,2.4,0.0
2008,3,pet,CRU-CY4.08,CRU-CY4.10,3.8,3.8,0.0
2008,4,pet,CRU-CY4.08,CRU-CY4.10,4.8,4.7,-0.09999999999999964
2008,5,pet,CRU-CY4.08,CRU-CY4.10,5.4,5.4,0.0
2008,6,pet,CRU-CY4.08,CRU-CY4.10,6.7,6.7,0.0
2008,7,pet,CRU-CY4.08,CRU-CY4.10,6.7,6.7,0.0
2008,8,pet,CRU-CY4.08,CRU-CY4.10,6.1,6.1,0.0
2008,9,pet,CRU-CY4.08,CRU-CY4.10,5.0,4.9,-0.09999999999999964
2008,10,pet,CRU-CY4.08,CRU-CY4.10,3.5,3.5,0.0
2008,11,pet,CRU-CY4.08,CRU-CY4.10,2.6,2.6,0.0
2008,12,pet,CRU-CY4.08,CRU-CY4.10,2.0,2.0,0.0
2009,1,pet,CRU-CY4.08,CRU-CY4.10,1.9,1.9,0.0
2009,2,pet,CRU-CY4.08,CRU-CY4.10,2.4,2.4,0.0
2009,3,pet,CRU-CY4.08,CRU-CY4.10,3.0,3.0,0.0
2009,4,pet,CRU-CY4.08,CRU-CY4.10,4.5,4.5,0.0
2009,5,pet,CRU-CY4.08,CRU-CY4.10,5.2,5.2,0.0
2009,6,pet,CRU-CY4.08,CRU-CY4.10,6.6,6.6,0.0
2009,7,pet,CRU-CY4.08,CRU-CY4.10,6.6,6.6,0.0
2009,8,pet,CRU-CY4.08,CRU-CY4.10,6.0,6.0,0.0
2009,9,pet,CRU-CY4.08,CRU-CY4.10,4.8,4.7,-0.09999999999999964
2009,10,pet,CRU-CY4.08,CRU-CY4.10,3.8,3.8,0.0
2009,11,pet,CRU-CY4.08,CRU-CY4.10,2.5,2.5,0.0
2009,12,pet,CRU-CY4.08,CRU-CY4.10,2.0,2.0,0.0
2010,1,pet,CRU-CY4.08,CRU-CY4.10,2.1,2.1,0.0
2010,2,pet,CRU-CY4.08,CRU-CY4.10,2.6,2.6,0.0
2010,3,pet,CRU-CY4.08,CRU-CY4.10,3.5,3.5,0.0
2010,4,pet,CRU-CY4.08,CRU-CY4.10,4.8,4.8,0.0
2010,5,pet,CRU-CY4.08,CRU-CY4.10,5.4,5.4,0.0
2010,6,pet,CRU-CY4.08,CRU-CY4.10,6.7,6.7,0.0
2010,7,pet,CRU-CY4.08,CRU-CY4.10,6.6,6.6,0.0
2010,8,pet,CRU-CY4.08,CRU-CY4.10,6.4,6.4,0.0
2010,9,pet,CRU-CY4.08,CRU-CY4.10,5.2,5.2,0.0
2010,10,pet,CRU-CY4.08,CRU-CY4.10,3.9,3.9,0.0
2010,11,pet,CRU-CY4.08,CRU-CY4.10,2.9,2.9,0.0
2010,12,pet,CRU-CY4.08,CRU-CY4.10,2.1,2.1,0.0
2011,1,pet,CRU-CY4.08,CRU-CY4.10,1.9,1.9,0.0
2011,2,pet,CRU-CY4.08,CRU-CY4.10,2.4,2.4,0.0
2011,3,pet,CRU-CY4.08,CRU-CY4.10,3.3,3.3,0.0
2011,4,pet,CRU-CY4.08,CRU-CY4.10,4.3,4.3,0.0
2011,5,pet,CRU-CY4.08,CRU-CY4.10,5.1,5.1,0.0
2011,6,pet,CRU-CY4.08,CRU-CY4.10,6.4,6.4,0.0
2011,7,pet,CRU-CY4.08,CRU-CY4.10,6.6,6.6,0.0
2011,8,pet,CRU-CY4.08,CRU-CY4.10,6.0,5.9,-0.09999999999999964
2011,9,pet,CRU-CY4.08,CRU-CY4.10,4.9,4.9,0.0
2011,10,pet,CRU-CY4.08,CRU-CY4.10,3.5,3.5,0.0
2011,11,pet,CRU-CY4.08,CRU-CY4.10,2.2,2.2,0.0
2011,12,pet,CRU-CY4.08,CRU-CY4.10,1.8,1.8,0.0
2012,1,pet,CRU-CY4.08,CRU-CY4.10,1.7,1.7,0.0
2012,2,pet,CRU-CY4.08,CRU-CY4.10,2.3,2.3,0.0
2012,3,pet,CRU-CY4.08,CRU-CY4.10,2.9,2.9,0.0
2012,4,pet,CRU-CY4.08,CRU-CY4.10,4.8,4.8,0.0
2012,5,pet,CRU-CY4.08,CRU-CY4.10,5.4,5.4,0.0
2012,6,pet,CRU-CY4.08,CRU-CY4.10,6.7,6.7,0.0
2012,7,pet,CRU-CY4.08,CRU-CY4.10,6.8,6.8,0.0
2012,8,pet,CRU-CY4.08,CRU-CY4.10,6.2,6.2,0.0
2012,9,pet,CRU-CY4.08,CRU-CY4.10,5.1,5.1,0.0
2012,10,pet,CRU-CY4.08,CRU-CY4.10,3.6,3.6,0.0
2012,11,pet,CRU-CY4.08,CRU-CY4.10,2.5,2.5,0.0
2012,12,pet,CRU-CY4.08,CRU-CY4.10,1.9,1.9,0.0
2013,1,pet,CRU-CY4.08,CRU-CY4.10,1.9,1.9,0.0
2013,2,pet,CRU-CY4.08,CRU-CY4.10,2.6,2.6,0.0
2013,3,pet,CRU-CY4.08,CRU-CY4.10,3.6,3.6,0.0
2013,4,pet,CRU-CY4.08,CRU-CY4.10,4.6,4.6,0.0
2013,5,pet,CRU-CY4.08,CRU-CY4.10,5.7,5.6,-0.10000000000000053
2013,6,pet,CRU-CY4.08,CRU-CY4.10,6.4,6.4,0.0
2013,7,pet,CRU-CY4.08,CRU-CY4.10,6.3,6.3,0.0
2013,8,pet,CRU-CY4.08,CRU-CY4.10,6.0,6.0,0.0
2013,9,pet,CRU-CY4.08,CRU-CY4.10,4.8,4.8,0.0
2013,10,pet,CRU-CY4.08,CRU-CY4.10,3.5,3.5,0.0
2013,11,pet,CRU-CY4.08,CRU-CY4.10,2.6,2.6,0.0
2013,12,pet,CRU-CY4.08,CRU-CY4.10,1.7,1.7,0.0
2014,1,pet,CRU-CY4.08,CRU-CY4.10,1.9,2.0,0.10000000000000009
2014,2,pet,CRU-CY4.08,CRU-CY4.10,2.7,2.7,0.0
2014,3,pet,CRU-CY4.08,CRU-CY4.10,3.3,3.4,0.10000000000000009
2014,4,pet,CRU-CY4.08,CRU-CY4.10,4.8,4.8,0.0
2014,5,pet,CRU-CY4.08,CRU-CY4.10,5.3,5.3,0.0
2014,6,pet,CRU-CY4.08,CRU-CY4.10,6.4,6.4,0.0
2014,7,pet,CRU-CY4.08,CRU-CY4.10,6.5,6.5,0.0
2014,8,pet,CRU-CY4.08,CRU-CY4.10,6.0,6.1,0.09999999999999964
2014,9,pet,CRU-CY4.08,CRU-CY4.10,4.8,4.8,0.0
2014,10,pet,CRU-CY4.08,CRU-CY4.10,3.4,3.5,0.10000000000000009
2014,11,pet,CRU-CY4.08,CRU-CY4.10,2.4,2.4,0.0
2014,12,pet,CRU-CY4.08,CRU-CY4.10,2.0,2.0,0.0
2015,1,pet,CRU-CY4.08,CRU-CY4.10,1.8,1.8,0.0
2015,2,pet,CRU-CY4.08,CRU-CY4.10,2.3,2.4,0.10000000000000009
2015,3,pet,CRU-CY4.08,CRU-CY4.10,3.5,3.4,-0.10000000000000009
2015,4,pet,CRU-CY4.08,CRU-CY4.10,4.4,4.4,0.0
2015,5,pet,CRU-CY4.08,CRU-CY4.10,5.5,5.5,0.0
2015,6,pet,CRU-CY4.08,CRU-CY4.10,6.1,6.1,0.0
2015,7,pet,CRU-CY4.08,CRU-CY4.10,6.5,6.5,0.0
2015,8,pet,CRU-CY4.08,CRU-CY4.10,6.1,6.2,0.10000000000000053
2015,9,pet,CRU-CY4.08,CRU-CY4.10,5.1,5.1,0.0
2015,10,pet,CRU-CY4.08,CRU-CY4.10,3.5,3.5,0.0
2015,11,pet,CRU-CY4.08,CRU-CY4.10,2.5,2.5,0.0
2015,12,pet,CRU-CY4.08,CRU-CY4.10,1.8,1.8,0.0
2016,1,pet,CRU-CY4.08,CRU-CY4.10,1.8,1.8,0.0
2016,2,pet,CRU-CY4.08,CRU-CY4.10,2.8,2.7,-0.09999999999999964
2016,3,pet,CRU-CY4.08,CRU-CY4.10,3.4,3.4,0.0
2016,4,pet,CRU-CY4.08,CRU-CY4.10,5.0,5.0,0.0
2016,5,pet,CRU-CY4.08,CRU-CY4.10,5.4,5.5,0.09999999999999964
2016,6,pet,CRU-CY4.08,CRU-CY4.10,6.8,6.8,0.0
2016,7,pet,CRU-CY4.08,CRU-CY4.10,6.6,6.6,0.0
2016,8,pet,CRU-CY4.08,CRU-CY4.10,6.2,6.1,-0.10000000000000053
2016,9,pet,CRU-CY4.08,CRU-CY4.10,4.9,4.9,0.0
2016,10,pet,CRU-CY4.08,CRU-CY4.10,3.7,3.8,0.09999999999999964
2016,11,pet,CRU-CY4.08,CRU-CY4.10,2.5,2.5,0.0
2016,12,pet,CRU-CY4.08,CRU-CY4.10,1.6,1.6,0.0
2017,1,pet,CRU-CY4.08,CRU-CY4.10,1.7,1.7,0.0
2017,2,pet,CRU-CY4.08,CRU-CY4.10,2.4,2.4,0.0
2017,3,pet,CRU-CY4.08,CRU-CY4.10,3.3,3.2,-0.09999999999999964
2017,4,pet,CRU-CY4.08,CRU-CY4.10,4.3,4.3,0.0
2017,5,pet,CRU-CY4.08,CRU-CY4.10,5.5,5.5,0.0
2017,6,pet,CRU-CY4.08,CRU-CY4.10,6.6,6.6,0.0
2017,7,pet,CRU-CY4.08,CRU-CY4.10,6.6,6.6,0.0
2017,8,pet,CRU-CY4.08,CRU-CY4.10,6.0,6.0,0.0
2017,9,pet,CRU-CY4.08,CRU-CY4.10,5.0,5.0,0.0
2017,10,pet,CRU-CY4.08,CRU-CY4.10,3.5,3.5,0.0
2017,11,pet,CRU-CY4.08,CRU-CY4.10,2.4,2.5,0.10000000000000009
2017,12,pet,CRU-CY4.08,CRU-CY4.10,2.0,2.0,0.0
2018,1,pet,CRU-CY4.08,CRU-CY4.10,1.8,1.8,0.0
2018,2,pet,CRU-CY4.08,CRU-CY4.10,2.6,2.6,0.0
2018,3,pet,CRU-CY4.08,CRU-CY4.10,3.8,3.8,0.0
2018,4,pet,CRU-CY4.08,CRU-CY4.10,4.6,4.6,0.0
2018,5,pet,CRU-CY4.08,CRU-CY4.10,5.5,5.6,0.09999999999999964
2018,6,pet,CRU-CY4.08,CRU-CY4.10,6.5,6.5,0.0
2018,7,pet,CRU-CY4.08,CRU-CY4.10,6.5,6.6,0.09999999999999964
2018,8,pet,CRU-CY4.08,CRU-CY4.10,6.0,6.0,0.0
2018,9,pet,CRU-CY4.08,CRU-CY4.10,5.0,5.0,0.0
2018,10,pet,CRU-CY4.08,CRU-CY4.10,3.6,3.6,0.0
2018,11,pet,CRU-CY4.08,CRU-CY4.10,2.4,2.4,0.0
2018,12,pet,CRU-CY4.08,CRU-CY4.10,1.8,1.8,0.0
2019,1,pet,CRU-CY4.08,CRU-CY4.10,1.8,1.8,0.0
2019,2,pet,CRU-CY4.08,CRU-CY4.10,2.3,2.3,0.0
2019,3,pet,CRU-CY4.08,CRU-CY4.10,3.0,3.0,0.0
2019,4,pet,CRU-CY4.08,CRU-CY4.10,4.1,4.1,0.0
2019,5,pet,CRU-CY4.08,CRU-CY4.10,5.7,5.7,0.0
2019,6,pet,CRU-CY4.08,CRU-CY4.10,6.6,6.6,0.0
2019,7,pet,CRU-CY4.08,CRU-CY4.10,6.6,6.6,0.0
2019,8,pet,CRU-CY4.08,CRU-CY4.10,5.9,6.0,0.09999999999999964
2019,9,pet,CRU-CY4.08,CRU-CY4.10,4.9,4.9,0.0
2019,10,pet,CRU-CY4.08,CRU-CY4.10,3.7,3.7,0.0
2019,11,pet,CRU-CY4.08,CRU-CY4.10,2.6,2.6,0.0
2019,12,pet,CRU-CY4.08,CRU-CY4.10,1.9,1.9,0.0
2020,1,pet,CRU-CY4.08,CRU-CY4.10,1.8,1.7,-0.10000000000000009
2020,2,pet,CRU-CY4.08,CRU-CY4.10,2.4,2.4,0.0
2020,3,pet,CRU-CY4.08,CRU-CY4.10,3.2,3.2,0.0
2020,4,pet,CRU-CY4.08,CRU-CY4.10,4.3,4.3,0.0
2020,5,pet,CRU-CY4.08,CRU-CY4.10,5.5,5.5,0.0
2020,6,pet,CRU-CY4.08,CRU-CY4.10,6.2,6.2,0.0
2020,7,pet,CRU-CY4.08,CRU-CY4.10,6.5,6.6,0.09999999999999964
2020,8,pet,CRU-CY4.08,CRU-CY4.10,6.0,6.1,0.09999999999999964
2020,9,pet,CRU-CY4.08,CRU-CY4.10,5.3,5.4,0.10000000000000053
2020,10,pet,CRU-CY4.08,CRU-CY4.10,4.0,4.1,0.09999999999999964
2020,11,pet,CRU-CY4.08,CRU-CY4.10,2.4,2.4,0.0
2020,12,pet,CRU-CY4.08,CRU-CY4.10,1.9,2.0,0.10000000000000009
2021,1,pet,CRU-CY4.08,CRU-CY4.10,2.0,2.0,0.0
2021,2,pet,CRU-CY4.08,CRU-CY4.10,2.6,2.6,0.0
2021,3,pet,CRU-CY4.08,CRU-CY4.10,3.2,3.2,0.0
2021,4,pet,CRU-CY4.08,CRU-CY4.10,4.6,4.6,0.0
2021,5,pet,CRU-CY4.08,CRU-CY4.10,5.9,6.0,0.09999999999999964
2021,6,pet,CRU-CY4.08,CRU-CY4.10,6.3,6.4,0.10000000000000053
2021,7,pet,CRU-CY4.08,CRU-CY4.10,6.8,6.7,-0.09999999999999964
2021,8,pet,CRU-CY4.08,CRU-CY4.10,6.2,6.1,-0.10000000000000053
2021,9,pet,CRU-CY4.08,CRU-CY4.10,4.8,4.8,0.0
2021,10,pet,CRU-CY4.08,CRU-CY4.10,3.6,3.6,0.0
2021,11,pet,CRU-CY4.08,CRU-CY4.10,2.6,2.6,0.0
2021,12,pet,CRU-CY4.08,CRU-CY4.10,1.8,1.8,0.0
2022,1,pet,CRU-CY4.08,CRU-CY4.10,1.7,1.7,0.0
2022,2,pet,CRU-CY4.08,CRU-CY4.10,2.3,2.4,0.10000000000000009
2022,3,pet,CRU-CY4.08,CRU-CY4.10,2.8,2.8,0.0
2022,4,pet,CRU-CY4.08,CRU-CY4.10,4.7,4.7,0.0
2022,5,pet,CRU-CY4.08,CRU-CY4.10,5.3,5.3,0.0
2022,6,pet,CRU-CY4.08,CRU-CY4.10,6.3,6.4,0.10000000000000053
2022,7,pet,CRU-CY4.08,CRU-CY4.10,6.4,6.5,0.09999999999999964
2022,8,pet,CRU-CY4.08,CRU-CY4.10,6.1,6.1,0.0
2022,9,pet,CRU-CY4.08,CRU-CY4.10,5.0,5.0,0.0
2022,10,pet,CRU-CY4.08,CRU-CY4.10,3.6,3.6,0.0
2022,11,pet,CRU-CY4.08,CRU-CY4.10,2.5,2.5,0.0
2022,12,pet,CRU-CY4.08,CRU-CY4.10,2.0,2.0,0.0
2023,1,pet,CRU-CY4.08,CRU-CY4.10,2.0,2.0,0.0
2023,2,pet,CRU-CY4.08,CRU-CY4.10,2.4,2.4,0.0
2023,3,pet,CRU-CY4.08,CRU-CY4.10,3.4,3.4,0.0
2023,4,pet,CRU-CY4.08,CRU-CY4.10,4.3,4.3,0.0
2023,5,pet,CRU-CY4.08,CRU-CY4.10,5.2,5.2,0.0
2023,6,pet,CRU-CY4.08,CRU-CY4.10,6.2,6.3,0.09999999999999964
2023,7,pet,CRU-CY4.08,CRU-CY4.10,6.7,6.7,0.0
2023,8,pet,CRU-CY4.08,CRU-CY4.10,6.2,6.3,0.09999999999999964
2023,9,pet,CRU-CY4.08,CRU-CY4.10,5.1,5.1,0.0
2023,10,pet,CRU-CY4.08,CRU-CY4.10,3.7,3.7,0.0
2023,11,pet,CRU-CY4.08,CRU-CY4.10,2.6,2.7,0.10000000000000009
2023,12,pet,CRU-CY4.08,CRU-CY4.10,2.1,2.1,0.0
1901,1,wet,CRU-CY4.08,CRU-CY4.10,13.8,13.8,0.0
1901,2,wet,CRU-CY4.08,CRU-CY4.10,1.8,1.8,0.0
1901,3,wet,CRU-CY4.08,CRU-CY4.10,3.6,3.6,0.0
1901,4,wet,CRU-CY4.08,CRU-CY4.10,1.7,1.7,0.0
1901,5,wet,CRU-CY4.08,CRU-CY4.10,3.2,3.2,0.0
1901,6,wet,CRU-CY4.08,CRU-CY4.10,0.0,0.0,0.0
1901,7,wet,CRU-CY4.08,CRU-CY4.10,0.0,0.0,0.0
1901,8,wet,CRU-CY4.08,CRU-CY4.10,0.0,0.0,0.0
1901,9,wet,CRU-CY4.08,CRU-CY4.10,0.1,0.1,0.0
1901,10,wet,CRU-CY4.08,CRU-CY4.10,1.5,1.5,0.0
1901,11,wet,CRU-CY4.08,CRU-CY4.10,4.7,4.7,0.0
1901,12,wet,CRU-CY4.08,CRU-CY4.10,10.2,10.2,0.0
1902,1,wet,CRU-CY4.08,CRU-CY4.10,14.1,14.1,0.0
1902,2,wet,CRU-CY4.08,CRU-CY4.10,7.6,7.6,0.0
1902,3,wet,CRU-CY4.08,CRU-CY4.10,6.7,6.7,0.0
1902,4,wet,CRU-CY4.08,CRU-CY4.10,4.5,4.5,0.0
1902,5,wet,CRU-CY4.08,CRU-CY4.10,0.5,0.5,0.0
1902,6,wet,CRU-CY4.08,CRU-CY4.10,0.0,0.0,0.0
1902,7,wet,CRU-CY4.08,CRU-CY4.10,0.0,0.0,0.0
1902,8,wet,CRU-CY4.08,CRU-CY4.10,0.0,0.0,0.0
1902,9,wet,CRU-CY4.08,CRU-CY4.10,0.0,0.0,0.0
1902,10,wet,CRU-CY4.08,CRU-CY4.10,2.5,2.5,0.0
1902,11,wet,CRU-CY4.08,CRU-CY4.10,9.3,9.3,0.0
1902,12,wet,CRU-CY4.08,CRU-CY4.10,9.6,9.6,0.0
1903,1,wet,CRU-CY4.08,CRU-CY4.10,10.9,10.9,0.0
1903,2,wet,CRU-CY4.08,CRU-CY4.10,10.4,10.4,0.0
1903,3,wet,CRU-CY4.08,CRU-CY4.10,8.4,8.4,0.0
1903,4,wet,CRU-CY4.08,CRU-CY4.10,1.4,1.4,0.0
1903,5,wet,CRU-CY4.08,CRU-CY4.10,0.3,0.3,0.0
1903,6,wet,CRU-CY4.08,CRU-CY4.10,0.3,0.3,0.0
1903,7,wet,CRU-CY4.08,CRU-CY4.10,0.0,0.0,0.0
1903,8,wet,CRU-CY4.08,CRU-CY4.10,0.0,0.0,0.0
1903,9,wet,CRU-CY4.08,CRU-CY4.10,0.0,0.0,0.0
1903,10,wet,CRU-CY4.08,CRU-CY4.10,1.4,1.4,0.0
1903,11,wet,CRU-CY4.08,CRU-CY4.10,4.9,4.9,0.0
1903,12,wet,CRU-CY4.08,CRU-CY4.10,8.4,8.4,0.0
1904,1,wet,CRU-CY4.08,CRU-CY4.10,13.8,13.8,0.0
1904,2,wet,CRU-CY4.08,CRU-CY4.10,9.4,9.4,0.0
1904,3,wet,CRU-CY4.08,CRU-CY4.10,6.8,6.8,0.0
1904,4,wet,CRU-CY4.08,CRU-CY4.10,4.8,4.8,0.0
1904,5,wet,CRU-CY4.08,CRU-CY4.10,1.2,1.2,0.0
1904,6,wet,CRU-CY4.08,CRU-CY4.10,0.3,0.3,0.0
1904,7,wet,CRU-CY4.08,CRU-CY4.10,0.0,0.0,0.0
1904,8,wet,CRU-CY4.08,CRU-CY4.10,0.0,0.0,0.0
1904,9,wet,CRU-CY4.08,CRU-CY4.10,0.1,0.1,0.0
1904,10,wet,CRU-CY4.08,CRU-CY4.10,3.3,3.3,0.0
1904,11,wet,CRU-CY4.08,CRU-CY4.10,8.7,8.7,0.0
1904,12,wet,CRU-CY4.08,CRU-CY4.10,15.4,15.4,0.0
1905,1,wet,CRU-CY4.08,CRU-CY4.10,11.1,11.1,0.0
1905,2,wet,CRU-CY4.08,CRU-CY4.10,11.1,11.1,0.0
1905,3,wet,CRU-CY4.08,CRU-CY4.10,10.7,10.7,0.0
1905,4,wet,CRU-CY4.08,CRU-CY4.10,4.1,4.1,0.0
1905,5,wet,CRU-CY4.08,CRU-CY4.10,0.7,0.7,0.0
1905,6,wet,CRU-CY4.08,CRU-CY4.10,0.3,0.3,0.0
1905,7,wet,CRU-CY4.08,CRU-CY4.10,0.0,0.0,0.0
1905,8,wet,CRU-CY4.08,CRU-CY4.10,0.0,0.0,0.0
1905,9,wet,CRU-CY4.08,CRU-CY4.10,0.1,0.1,0.0
1905,10,wet,CRU-CY4.08,CRU-CY4.10,3.0,3.0,0.0
1905,11,wet,CRU-CY4.08,CRU-CY4.10,2.2,2.2,0.0
1905,12,wet,CRU-CY4.08,CRU-CY4.10,14.0,14.0,0.0
1906,1,wet,CRU-CY4.08,CRU-CY4.10,12.0,12.0,0.0
1906,2,wet,CRU-CY4.08,CRU-CY4.10,10.5,10.5,0.0
1906,3,wet,CRU-CY4.08,CRU-CY4.10,7.4,7.4,0.0
1906,4,wet,CRU-CY4.08,CRU-CY4.10,3.8,3.8,0.0
1906,5,wet,CRU-CY4.08,CRU-CY4.10,3.5,3.5,0.0
1906,6,wet,CRU-CY4.08,CRU-CY4.10,0.5,0.5,0.0
1906,7,wet,CRU-CY4.08,CRU-CY4.10,0.0,0.0,0.0
1906,8,wet,CRU-CY4.08,CRU-CY4.10,0.0,0.0,0.0
1906,9,wet,CRU-CY4.08,CRU-CY4.10,0.0,0.0,0.0
1906,10,wet,CRU-CY4.08,CRU-CY4.10,2.2,2.2,0.0
1906,11,wet,CRU-CY4.08,CRU-CY4.10,4.8,4.8,0.0
1906,12,wet,CRU-CY4.08,CRU-CY4.10,5.8,5.8,0.0
1907,1,wet,CRU-CY4.08,CRU-CY4.10,17.3,17.3,0.0
1907,2,wet,CRU-CY4.08,CRU-CY4.10,12.1,12.1,0.0
1907,3,wet,CRU-CY4.08,CRU-CY4.10,8.7,8.7,0.0
1907,4,wet,CRU-CY4.08,CRU-CY4.10,2.5,2.5,0.0
1907,5,wet,CRU-CY4.08,CRU-CY4.10,0.3,0.3,0.0
1907,6,wet,CRU-CY4.08,CRU-CY4.10,0.1,0.1,0.0
1907,7,wet,CRU-CY4.08,CRU-CY4.10,0.0,0.0,0.0
1907,8,wet,CRU-CY4.08,CRU-CY4.10,0.0,0.0,0.0
1907,9,wet,CRU-CY4.08,CRU-CY4.10,0.2,0.2,0.0
1907,10,wet,CRU-CY4.08,CRU-CY4.10,2.2,2.2,0.0
1907,11,wet,CRU-CY4.08,CRU-CY4.10,6.6,6.6,0.0
1907,12,wet,CRU-CY4.08,CRU-CY4.10,8.4,8.4,0.0
1908,1,wet,CRU-CY4.08,CRU-CY4.10,13.9,13.9,0.0
1908,2,wet,CRU-CY4.08,CRU-CY4.10,12.4,12.4,0.0
1908,3,wet,CRU-CY4.08,CRU-CY4.10,10.5,10.5,0.0
1908,4,wet,CRU-CY4.08,CRU-CY4.10,4.4,4.4,0.0
1908,5,wet,CRU-CY4.08,CRU-CY4.10,0.9,0.9,0.0
1908,6,wet,CRU-CY4.08,CRU-CY4.10,0.4,0.4,0.0
1908,7,wet,CRU-CY4.08,CRU-CY4.10,0.0,0.0,0.0
1908,8,wet,CRU-CY4.08,CRU-CY4.10,0.0,0.0,0.0
1908,9,wet,CRU-CY4.08,CRU-CY4.10,0.0,0.0,0.0
1908,10,wet,CRU-CY4.08,CRU-CY4.10,0.4,0.4,0.0
1908,11,wet,CRU-CY4.08,CRU-CY4.10,6.5,6.5,0.0
1908,12,wet,CRU-CY4.08,CRU-CY4.10,9.3,9.3,0.0
1909,1,wet,CRU-CY4.08,CRU-CY4.10,11.0,11.0,0.0
1909,2,wet,CRU-CY4.08,CRU-CY4.10,6.8,6.8,0.0
1909,3,wet,CRU-CY4.08,CRU-CY4.10,5.1,5.1,0.0
1909,4,wet,CRU-CY4.08,CRU-CY4.10,6.5,6.5,0.0
1909,5,wet,CRU-CY4.08,CRU-CY4.10,1.8,1.8,0.0
1909,6,wet,CRU-CY4.08,CRU-CY4.10,0.1,0.1,0.0
1909,7,wet,CRU-CY4.08,CRU-CY4.10,0.0,0.0,0.0
1909,8,wet,CRU-CY4.08,CRU-CY4.10,0.0,0.0,0.0
1909,9,wet,CRU-CY4.08,CRU-CY4.10,0.4,0.4,0.0
1909,10,wet,CRU-CY4.08,CRU-CY4.10,4.2,4.2,0.0
1909,11,wet,CRU-CY4.08,CRU-CY4.10,5.7,5.7,0.0
1909,12,wet,CRU-CY4.08,CRU-CY4.10,7.2,7.2,0.0
1910,1,wet,CRU-CY4.08,CRU-CY4.10,10.7,10.7,0.0
1910,2,wet,CRU-CY4.08,CRU-CY4.10,6.1,6.1,0.0
1910,3,wet,CRU-CY4.08,CRU-CY4.10,10.3,10.3,0.0
1910,4,wet,CRU-CY4.08,CRU-CY4.10,4.0,4.0,0.0
1910,5,wet,CRU-CY4.08,CRU-CY4.10,1.7,1.7,0.0
1910,6,wet,CRU-CY4.08,CRU-CY4.10,0.2,0.2,0.0
1910,7,wet,CRU-CY4.08,CRU-CY4.10,0.0,0.0,0.0
1910,8,wet,CRU-CY4.08,CRU-CY4.10,0.0,0.0,0.0
1910,9,wet,CRU-CY4.08,CRU-CY4.10,0.3,0.3,0.0
1910,10,wet,CRU-CY4.08,CRU-CY4.10,2.5,2.5,0.0
1910,11,wet,CRU-CY4.08,CRU-CY4.10,5.1,5.1,0.0
1910,12,wet,CRU-CY4.08,CRU-CY4.10,7.5,7.5,0.0
1911,1,wet,CRU-CY4.08,CRU-CY4.10,14.7,14.7,0.0
1911,2,wet,CRU-CY4.08,CRU-CY4.10,14.2,14.2,0.0
1911,3,wet,CRU-CY4.08,CRU-CY4.10,8.0,8.0,0.0
1911,4,wet,CRU-CY4.08,CRU-CY4.10,5.3,5.3,0.0
1911,5,wet,CRU-CY4.08,CRU-CY4.10,1.1,1.1,0.0
1911,6,wet,CRU-CY4.08,CRU-CY4.10,0.0,0.0,0.0
1911,7,wet,CRU-CY4.08,CRU-CY4.10,0.0,0.0,0.0
1911,8,wet,CRU-CY4.08,CRU-CY4.10,0.0,0.0,0.0
1911,9,wet,CRU-CY4.08,CRU-CY4.10,0.3,0.3,0.0
1911,10,wet,CRU-CY4.08,CRU-CY4.10,3.2,3.2,0.0
1911,11,wet,CRU-CY4.08,CRU-CY4.10,6.6,6.6,0.0
1911,12,wet,CRU-CY4.08,CRU-CY4.10,14.3,14.3,0.0
1912,1,wet,CRU-CY4.08,CRU-CY4.10,14.2,14.2,0.0
1912,2,wet,CRU-CY4.08,CRU-CY4.10,10.2,10.2,0.0
1912,3,wet,CRU-CY4.08,CRU-CY4.10,7.3,7.3,0.0
1912,4,wet,CRU-CY4.08,CRU-CY4.10,2.9,2.9,0.0
1912,5,wet,CRU-CY4.08,CRU-CY4.10,2.3,2.3,0.0
1912,6,wet,CRU-CY4.08,CRU-CY4.10,0.0,0.0,0.0
1912,7,wet,CRU-CY4.08,CRU-CY4.10,0.0,0.0,0.0
1912,8,wet,CRU-CY4.08,CRU-CY4.10,0.0,0.0,0.0
1912,9,wet,CRU-CY4.08,CRU-CY4.10,0.2,0.2,0.0
1912,10,wet,CRU-CY4.08,CRU-CY4.10,4.1,4.1,0.0
1912,11,wet,CRU-CY4.08,CRU-CY4.10,5.1,5.1,0.0
1912,12,wet,CRU-CY4.08,CRU-CY4.10,12.6,12.6,0.0
1913,1,wet,CRU-CY4.08,CRU-CY4.10,11.3,11.3,0.0
1913,2,wet,CRU-CY4.08,CRU-CY4.10,12.7,12.7,0.0
1913,3,wet,CRU-CY4.08,CRU-CY4.10,6.2,6.2,0.0
1913,4,wet,CRU-CY4.08,CRU-CY4.10,3.0,3.0,0.0
1913,5,wet,CRU-CY4.08,CRU-CY4.10,1.1,1.1,0.0
1913,6,wet,CRU-CY4.08,CRU-CY4.10,0.2,0.2,0.0
1913,7,wet,CRU-CY4.08,CRU-CY4.10,0.0,0.0,0.0
1913,8,wet,CRU-CY4.08,CRU-CY4.10,0.0,0.0,0.0
1913,9,wet,CRU-CY4.08,CRU-CY4.10,0.1,0.1,0.0
1913,10,wet,CRU-CY4.08,CRU-CY4.10,4.5,4.5,0.0
1913,11,wet,CRU-CY4.08,CRU-CY4.10,5.4,5.4,0.0
1913,12,wet,CRU-CY4.08,CRU-CY4.10,11.0,11.0,0.0
1914,1,wet,CRU-CY4.08,CRU-CY4.10,8.4,8.4,0.0
1914,2,wet,CRU-CY4.08,CRU-CY4.10,6.8,6.8,0.0
1914,3,wet,CRU-CY4.08,CRU-CY4.10,6.5,6.5,0.0
1914,4,wet,CRU-CY4.08,CRU-CY4.10,5.9,5.9,0.0
1914,5,wet,CRU-CY4.08,CRU-CY4.10,1.7,1.7,0.0
1914,6,wet,CRU-CY4.08,CRU-CY4.10,0.3,0.3,0.0
1914,7,wet,CRU-CY4.08,CRU-CY4.10,0.0,0.0,0.0
1914,8,wet,CRU-CY4.08,CRU-CY4.10,0.0,0.0,0.0
1914,9,wet,CRU-CY4.08,CRU-CY4.10,0.0,0.0,0.0
1914,10,wet,CRU-CY4.08,CRU-CY4.10,1.8,1.8,0.0
1914,11,wet,CRU-CY4.08,CRU-CY4.10,10.1,10.1,0.0
1914,12,wet,CRU-CY4.08,CRU-CY4.10,10.2,10.2,0.0
1915,1,wet,CRU-CY4.08,CRU-CY4.10,6.5,6.5,0.0
1915,2,wet,CRU-CY4.08,CRU-CY4.10,8.2,8.2,0.0
1915,3,wet,CRU-CY4.08,CRU-CY4.10,8.6,8.6,0.0
1915,4,wet,CRU-CY4.08,CRU-CY4.10,4.4,4.4,0.0
1915,5,wet,CRU-CY4.08,CRU-CY4.10,0.5,0.5,0.0
1915,6,wet,CRU-CY4.08,CRU-CY4.10,0.1,0.1,0.0
1915,7,wet,CRU-CY4.08,CRU-CY4.10,0.0,0.0,0.0
1915,8,wet,CRU-CY4.08,CRU-CY4.10,0.0,0.0,0.0
1915,9,wet,CRU-CY4.08,CRU-CY4.10,0.1,0.1,0.0
1915,10,wet,CRU-CY4.08,CRU-CY4.10,1.0,1.0,0.0
1915,11,wet,CRU-CY4.08,CRU-CY4.10,4.8,4.8,0.0
1915,12,wet,CRU-CY4.08,CRU-CY4.10,5.8,5.8,0.0
1916,1,wet,CRU-CY4.08,CRU-CY4.10,15.0,15.0,0.0
1916,2,wet,CRU-CY4.08,CRU-CY4.10,12.1,12.1,0.0
1916,3,wet,CRU-CY4.08,CRU-CY4.10,10.0,10.0,0.0
1916,4,wet,CRU-CY4.08,CRU-CY4.10,4.7,4.7,0.0
1916,5,wet,CRU-CY4.08,CRU-CY4.10,0.1,0.1,0.0
1916,6,wet,CRU-CY4.08,CRU-CY4.10,0.0,0.0,0.0
1916,7,wet,CRU-CY4.08,CRU-CY4.10,0.0,0.0,0.0
1916,8,wet,CRU-CY4.08,CRU-CY4.10,0.0,0.0,0.0
1916,9,wet,CRU-CY4.08,CRU-CY4.10,0.2,0.2,0.0
1916,10,wet,CRU-CY4.08,CRU-CY4.10,0.5,0.5,0.0
1916,11,wet,CRU-CY4.08,CRU-CY4.10,4.5,4.5,0.0
1916,12,wet,CRU-CY4.08,CRU-CY4.10,12.0,12.0,0.0
1917,1,wet,CRU-CY4.08,CRU-CY4.10,16.7,16.7,0.0
1917,2,wet,CRU-CY4.08,CRU-CY4.10,11.9,11.9,0.0
1917,3,wet,CRU-CY4.08,CRU-CY4.10,5.7,5.7,0.0
1917,4,wet,CRU-CY4.08,CRU-CY4.10,1.2,1.2,0.0
1917,5,wet,CRU-CY4.08,CRU-CY4.10,0.7,0.7,0.0
1917,6,wet,CRU-CY4.08,CRU-CY4.10,0.0,0.0,0.0
1917,7,wet,CRU-CY4.08,CRU-CY4.10,0.0,0.0,0.0
1917,8,wet,CRU-CY4.08,CRU-CY4.10,0.0,0.0,0.0
1917,9,wet,CRU-CY4.08,CRU-CY4.10,0.3,0.3,0.0
1917,10,wet,CRU-CY4.08,CRU-CY4.10,2.2,2.2,0.0
1917,11,wet,CRU-CY4.08,CRU-CY4.10,5.3,5.3,0.0
1917,12,wet,CRU-CY4.08,CRU-CY4.10,12.2,12.2,0.0
1918,1,wet,CRU-CY4.08,CRU-CY4.10,11.7,11.7,0.0
1918,2,wet,CRU-CY4.08,CRU-CY4.10,12.5,12.5,0.0
1918,3,wet,CRU-CY4.08,CRU-CY4.10,10.7,10.7,0.0
1918,4,wet,CRU-CY4.08,CRU-CY4.10,3.2,3.2,0.0
1918,5,wet,CRU-CY4.08,CRU-CY4.10,3.0,3.0,0.0
1918,6,wet,CRU-CY4.08,CRU-CY4.10,0.1,0.1,0.0
1918,7,wet,CRU-CY4.08,CRU-CY4.10,0.0,0.0,0.0
1918,8,wet,CRU-CY4.08,CRU-CY4.10,0.0,0.0,0.0
1918,9,wet,CRU-CY4.08,CRU-CY4.10,0.3,0.3,0.0
1918,10,wet,CRU-CY4.08,CRU-CY4.10,6.7,6.7,0.0
1918,11,wet,CRU-CY4.08,CRU-CY4.10,6.0,6.0,0.0
1918,12,wet,CRU-CY4.08,CRU-CY4.10,12.1,12.1,0.0
1919,1,wet,CRU-CY4.08,CRU-CY4.10,12.0,12.0,0.0
1919,2,wet,CRU-CY4.08,CRU-CY4.10,10.4,10.4,0.0
1919,3,wet,CRU-CY4.08,CRU-CY4.10,5.8,5.8,0.0
1919,4,wet,CRU-CY4.08,CRU-CY4.10,3.3,3.3,0.0
1919,5,wet,CRU-CY4.08,CRU-CY4.10,1.0,1.0,0.0
1919,6,wet,CRU-CY4.08,CRU-CY4.10,0.1,0.1,0.0
1919,7,wet,CRU-CY4.08,CRU-CY4.10,0.0,0.0,0.0
1919,8,wet,CRU-CY4.08,CRU-CY4.10,0.0,0.0,0.0
1919,9,wet,CRU-CY4.08,CRU-CY4.10,0.0,0.0,0.0
1919,10,wet,CRU-CY4.08,CRU-CY4.10,1.1,1.1,0.0
1919,11,wet,CRU-CY4.08,CRU-CY4.10,5.0,5.0,0.0
1919,12,wet,CRU-CY4.08,CRU-CY4.10,13.0,13.0,0.0
1920,1,wet,CRU-CY4.08,CRU-CY4.10,11.5,11.5,0.0
1920,2,wet,CRU-CY4.08,CRU-CY4.10,15.1,15.1,0.0
1920,3,wet,CRU-CY4.08,CRU-CY4.10,9.3,9.3,0.0
1920,4,wet,CRU-CY4.08,CRU-CY4.10,3.9,3.9,0.0
1920,5,wet,CRU-CY4.08,CRU-CY4.10,1.5,1.5,0.0
1920,6,wet,CRU-CY4.08,CRU-CY4.10,0.1,0.1,0.0
1920,7,wet,CRU-CY4.08,CRU-CY4.10,0.0,0.0,0.0
1920,8,wet,CRU-CY4.08,CRU-CY4.10,0.0,0.0,0.0
1920,9,wet,CRU-CY4.08,CRU-CY4.10,0.1,0.1,0.0
1920,10,wet,CRU-CY4.08,CRU-CY4.10,1.4,1.4,0.0
1920,11,wet,CRU-CY4.08,CRU-CY4.10,6.4,6.4,0.0
1920,12,wet,CRU-CY4.08,CRU-CY4.10,10.0,10.0,0.0
1921,1,wet,CRU-CY4.08,CRU-CY4.10,12.6,12.6,0.0
1921,2,wet,CRU-CY4.08,CRU-CY4.10,12.6,12.6,0.0
1921,3,wet,CRU-CY4.08,CRU-CY4.10,7.6,7.6,0.0
1921,4,wet,CRU-CY4.08,CRU-CY4.10,2.2,2.2,0.0
1921,5,wet,CRU-CY4.08,CRU-CY4.10,1.6,1.6,0.0
1921,6,wet,CRU-CY4.08,CRU-CY4.10,0.6,0.6,0.0
1921,7,wet,CRU-CY4.08,CRU-CY4.10,0.0,0.0,0.0
1921,8,wet,CRU-CY4.08,CRU-CY4.10,0.0,0.0,0.0
1921,9,wet,CRU-CY4.08,CRU-CY4.10,0.1,0.1,0.0
1921,10,wet,CRU-CY4.08,CRU-CY4.10,0.7,0.7,0.0
1921,11,wet,CRU-CY4.08,CRU-CY4.10,4.7,4.7,0.0
1921,12,wet,CRU-CY4.08,CRU-CY4.10,13.0,13.0,0.0
1922,1,wet,CRU-CY4.08,CRU-CY4.10,12.4,12.4,0.0
1922,2,wet,CRU-CY4.08,CRU-CY4.10,12.7,12.7,0.0
1922,3,wet,CRU-CY4.08,CRU-CY4.10,6.5,6.6,0.09999999999999964
1922,4,wet,CRU-CY4.08,CRU-CY4.10,1.7,1.7,0.0
1922,5,wet,CRU-CY4.08,CRU-CY4.10,0.6,0.6,0.0
1922,6,wet,CRU-CY4.08,CRU-CY4.10,0.0,0.0,0.0
1922,7,wet,CRU-CY4.08,CRU-CY4.10,0.0,0.0,0.0
1922,8,wet,CRU-CY4.08,CRU-CY4.10,0.0,0.0,0.0
1922,9,wet,CRU-CY4.08,CRU-CY4.10,0.0,0.0,0.0
1922,10,wet,CRU-CY4.08,CRU-CY4.10,0.5,0.5,0.0
1922,11,wet,CRU-CY4.08,CRU-CY4.10,4.1,4.1,0.0
1922,12,wet,CRU-CY4.08,CRU-CY4.10,10.7,10.7,0.0
1923,1,wet,CRU-CY4.08,CRU-CY4.10,10.3,10.3,0.0
1923,2,wet,CRU-CY4.08,CRU-CY4.10,11.6,11.6,0.0
1923,3,wet,CRU-CY4.08,CRU-CY4.10,5.0,5.0,0.0
1923,4,wet,CRU-CY4.08,CRU-CY4.10,3.1,3.1,0.0
1923,5,wet,CRU-CY4.08,CRU-CY4.10,1.6,1.6,0.0
1923,6,wet,CRU-CY4.08,CRU-CY4.10,0.1,0.1,0.0
1923,7,wet,CRU-CY4.08,CRU-CY4.10,0.0,0.0,0.0
1923,8,wet,CRU-CY4.08,CRU-CY4.10,0.0,0.0,0.0
1923,9,wet,CRU-CY4.08,CRU-CY4.10,0.2,0.2,0.0
1923,10,wet,CRU-CY4.08,CRU-CY4.10,4.9,4.9,0.0
1923,11,wet,CRU-CY4.08,CRU-CY4.10,3.0,3.0,0.0
1923,12,wet,CRU-CY4.08,CRU-CY4.10,9.4,9.4,0.0
1924,1,wet,CRU-CY4.08,CRU-CY4.10,11.5,11.5,0.0
1924,2,wet,CRU-CY4.08,CRU-CY4.10,12.8,12.8,0.0
1924,3,wet,CRU-CY4.08,CRU-CY4.10,8.0,8.0,0.0
1924,4,wet,CRU-CY4.08,CRU-CY4.10,0.5,0.5,0.0
1924,5,wet,CRU-CY4.08,CRU-CY4.10,1.1,1.1,0.0
1924,6,wet,CRU-CY4.08,CRU-CY4.10,0.6,0.6,0.0
1924,7,wet,CRU-CY4.08,CRU-CY4.10,0.0,0.0,0.0
1924,8,wet,CRU-CY4.08,CRU-CY4.10,0.0,0.0,0.0
1924,9,wet,CRU-CY4.08,CRU-CY4.10,0.0,0.0,0.0
1924,10,wet,CRU-CY4.08,CRU-CY4.10,4.2,4.2,0.0
1924,11,wet,CRU-CY4.08,CRU-CY4.10,8.1,8.1,0.0
1924,12,wet,CRU-CY4.08,CRU-CY4.10,11.1,11.1,0.0
1925,1,wet,CRU-CY4.08,CRU-CY4.10,9.5,9.5,0.0
1925,2,wet,CRU-CY4.08,CRU-CY4.10,6.8,6.8,0.0
1925,3,wet,CRU-CY4.08,CRU-CY4.10,4.2,4.2,0.0
1925,4,wet,CRU-CY4.08,CRU-CY4.10,4.6,4.6,0.0
1925,5,wet,CRU-CY4.08,CRU-CY4.10,0.2,0.2,0.0
1925,6,wet,CRU-CY4.08,CRU-CY4.10,0.3,0.3,0.0
1925,7,wet,CRU-CY4.08,CRU-CY4.10,0.0,0.0,0.0
1925,8,wet,CRU-CY4.08,CRU-CY4.10,0.0,0.0,0.0
1925,9,wet,CRU-CY4.08,CRU-CY4.10,0.1,0.1,0.0
1925,10,wet,CRU-CY4.08,CRU-CY4.10,1.5,1.5,0.0
1925,11,wet,CRU-CY4.08,CRU-CY4.10,6.9,6.9,0.0
1925,12,wet,CRU-CY4.08,CRU-CY4.10,8.2,8.2,0.0
1926,1,wet,CRU-CY4.08,CRU-CY4.10,12.4,12.4,0.0
1926,2,wet,CRU-CY4.08,CRU-CY4.10,11.6,11.6,0.0
1926,3,wet,CRU-CY4.08,CRU-CY4.10,10.3,10.3,0.0
1926,4,wet,CRU-CY4.08,CRU-CY4.10,3.3,3.3,0.0
1926,5,wet,CRU-CY4.08,CRU-CY4.10,0.7,0.7,0.0
1926,6,wet,CRU-CY4.08,CRU-CY4.10,0.0,0.0,0.0
1926,7,wet,CRU-CY4.08,CRU-CY4.10,0.0,0.0,0.0
1926,8,wet,CRU-CY4.08,CRU-CY4.10,0.0,0.0,0.0
1926,9,wet,CRU-CY4.08,CRU-CY4.10,0.0,0.0,0.0
1926,10,wet,CRU-CY4.08,CRU-CY4.10,0.9,0.9,0.0
1926,11,wet,CRU-CY4.08,CRU-CY4.10,4.0,4.0,0.0
1926,12,wet,CRU-CY4.08,CRU-CY4.10,8.4,8.4,0.0
1927,1,wet,CRU-CY4.08,CRU-CY4.10,7.8,7.8,0.0
1927,2,wet,CRU-CY4.08,CRU-CY4.10,15.3,15.3,0.0
1927,3,wet,CRU-CY4.08,CRU-CY4.10,4.0,4.0,0.0
1927,4,wet,CRU-CY4.08,CRU-CY4.10,4.8,4.8,0.0
1927,5,wet,CRU-CY4.08,CRU-CY4.10,1.0,1.0,0.0
1927,6,wet,CRU-CY4.08,CRU-CY4.10,0.0,0.0,0.0
1927,7,wet,CRU-CY4.08,CRU-CY4.10,0.0,0.0,0.0
1927,8,wet,CRU-CY4.08,CRU-CY4.10,0.0,0.0,0.0
1927,9,wet,CRU-CY4.08,CRU-CY4.10,0.0,0.0,0.0
1927,10,wet,CRU-CY4.08,CRU-CY4.10,3.4,3.4,0.0
1927,11,wet,CRU-CY4.08,CRU-CY4.10,5.7,5.7,0.0
1927,12,wet,CRU-CY4.08,CRU-CY4.10,7.2,7.2,0.0
1928,1,wet,CRU-CY4.08,CRU-CY4.10,9.5,9.5,0.0
1928,2,wet,CRU-CY4.08,CRU-CY4.10,14.5,14.5,0.0
1928,3,wet,CRU-CY4.08,CRU-CY4.10,3.4,3.4,0.0
1928,4,wet,CRU-CY4.08,CRU-CY4.10,0.6,0.6,0.0
1928,5,wet,CRU-CY4.08,CRU-CY4.10,0.3,0.3,0.0
1928,6,wet,CRU-CY4.08,CRU-CY4.10,0.0,0.0,0.0
1928,7,wet,CRU-CY4.08,CRU-CY4.10,0.0,0.0,0.0
1928,8,wet,CRU-CY4.08,CRU-CY4.10,0.0,0.0,0.0
1928,9,wet,CRU-CY4.08,CRU-CY4.10,0.0,0.0,0.0
1928,10,wet,CRU-CY4.08,CRU-CY4.10,1.2,1.2,0.0
1928,11,wet,CRU-CY4.08,CRU-CY4.10,5.7,5.7,0.0
1928,12,wet,CRU-CY4.08,CRU-CY4.10,10.6,10.6,0.0
1929,1,wet,CRU-CY4.08,CRU-CY4.10,11.5,11.5,0.0
1929,2,wet,CRU-CY4.08,CRU-CY4.10,9.8,9.8,0.0
1929,3,wet,CRU-CY4.08,CRU-CY4.10,4.7,4.7,0.0
1929,4,wet,CRU-CY4.08,CRU-CY4.10,5.2,5.2,0.0
1929,5,wet,CRU-CY4.08,CRU-CY4.10,0.6,0.6,0.0
1929,6,wet,CRU-CY4.08,CRU-CY4.10,0.4,0.4,0.0
1929,7,wet,CRU-CY4.08,CRU-CY4.10,0.0,0.0,0.0
1929,8,wet,CRU-CY4.08,CRU-CY4.10,0.0,0.0,0.0
1929,9,wet,CRU-CY4.08,CRU-CY4.10,0.1,0.1,0.0
1929,10,wet,CRU-CY4.08,CRU-CY4.10,0.9,0.9,0.0
1929,11,wet,CRU-CY4.08,CRU-CY4.10,8.2,8.2,0.0
1929,12,wet,CRU-CY4.08,CRU-CY4.10,11.3,11.3,0.0
1930,1,wet,CRU-CY4.08,CRU-CY4.10,13.0,13.0,0.0
1930,2,wet,CRU-CY4.08,CRU-CY4.10,9.9,9.9,0.0
1930,3,wet,CRU-CY4.08,CRU-CY4.10,3.9,3.9,0.0
1930,4,wet,CRU-CY4.08,CRU-CY4.10,3.8,3.8,0.0
1930,5,wet,CRU-CY4.08,CRU-CY4.10,0.3,0.3,0.0
1930,6,wet,CRU-CY4.08,CRU-CY4.10,0.0,0.0,0.0
1930,7,wet,CRU-CY4.08,CRU-CY4.10,0.0,0.0,0.0
1930,8,wet,CRU-CY4.08,CRU-CY4.10,0.0,0.0,0.0
1930,9,wet,CRU-CY4.08,CRU-CY4.10,0.2,0.2,0.0
1930,10,wet,CRU-CY4.08,CRU-CY4.10,0.8,0.8,0.0
1930,11,wet,CRU-CY4.08,CRU-CY4.10,5.2,5.2,0.0
1930,12,wet,CRU-CY4.08,CRU-CY4.10,9.8,9.8,0.0
1931,1,wet,CRU-CY4.08,CRU-CY4.10,12.1,12.1,0.0
1931,2,wet,CRU-CY4.08,CRU-CY4.10,11.8,11.8,0.0
1931,3,wet,CRU-CY4.08,CRU-CY4.10,6.6,6.6,0.0
1931,4,wet,CRU-CY4.08,CRU-CY4.10,3.3,3.3,0.0
1931,5,wet,CRU-CY4.08,CRU-CY4.10,0.5,0.5,0.0
1931,6,wet,CRU-CY4.08,CRU-CY4.10,0.5,0.5,0.0
1931,7,wet,CRU-CY4.08,CRU-CY4.10,0.0,0.0,0.0
1931,8,wet,CRU-CY4.08,CRU-CY4.10,0.0,0.0,0.0
1931,9,wet,CRU-CY4.08,CRU-CY4.10,0.1,0.1,0.0
1931,10,wet,CRU-CY4.08,CRU-CY4.10,2.0,2.0,0.0
1931,11,wet,CRU-CY4.08,CRU-CY4.10,4.3,4.3,0.0
1931,12,wet,CRU-CY4.08,CRU-CY4.10,11.9,11.9,0.0
1932,1,wet,CRU-CY4.08,CRU-CY4.10,11.4,11.4,0.0
1932,2,wet,CRU-CY4.08,CRU-CY4.10,11.0,11.0,0.0
1932,3,wet,CRU-CY4.08,CRU-CY4.10,3.9,3.9,0.0
1932,4,wet,CRU-CY4.08,CRU-CY4.10,2.4,2.4,0.0
1932,5,wet,CRU-CY4.08,CRU-CY4.10,0.4,0.4,0.0
1932,6,wet,CRU-CY4.08,CRU-CY4.10,0.0,0.0,0.0
1932,7,wet,CRU-CY4.08,CRU-CY4.10,0.0,0.0,0.0
1932,8,wet,CRU-CY4.08,CRU-CY4.10,0.0,0.0,0.0
1932,9,wet,CRU-CY4.08,CRU-CY4.10,0.0,0.0,0.0
1932,10,wet,CRU-CY4.08,CRU-CY4.10,1.8,1.8,0.0
1932,11,wet,CRU-CY4.08,CRU-CY4.10,4.6,4.6,0.0
1932,12,wet,CRU-CY4.08,CRU-CY4.10,3.9,3.9,0.0
1933,1,wet,CRU-CY4.08,CRU-CY4.10,10.0,10.0,0.0
1933,2,wet,CRU-CY4.08,CRU-CY4.10,8.5,8.5,0.0
1933,3,wet,CRU-CY4.08,CRU-CY4.10,5.9,5.9,0.0
1933,4,wet,CRU-CY4.08,CRU-CY4.10,3.5,3.5,0.0
1933,5,wet,CRU-CY4.08,CRU-CY4.10,0.5,0.5,0.0
1933,6,wet,CRU-CY4.08,CRU-CY4.10,0.1,0.1,0.0
1933,7,wet,CRU-CY4.08,CRU-CY4.10,0.0,0.0,0.0
1933,8,wet,CRU-CY4.08,CRU-CY4.10,0.0,0.0,0.0
1933,9,wet,CRU-CY4.08,CRU-CY4.10,0.1,0.1,0.0
1933,10,wet,CRU-CY4.08,CRU-CY4.10,1.2,1.2,0.0
1933,11,wet,CRU-CY4.08,CRU-CY4.10,3.1,3.1,0.0
1933,12,wet,CRU-CY4.08,CRU-CY4.10,7.4,7.4,0.0
1934,1,wet,CRU-CY4.08,CRU-CY4.10,13.3,13.3,0.0
1934,2,wet,CRU-CY4.08,CRU-CY4.10,11.7,11.7,0.0
1934,3,wet,CRU-CY4.08,CRU-CY4.10,3.9,3.9,0.0
1934,4,wet,CRU-CY4.08,CRU-CY4.10,3.0,3.0,0.0
1934,5,wet,CRU-CY4.08,CRU-CY4.10,0.7,0.7,0.0
1934,6,wet,CRU-CY4.08,CRU-CY4.10,0.1,0.1,0.0
1934,7,wet,CRU-CY4.08,CRU-CY4.10,0.0,0.0,0.0
1934,8,wet,CRU-CY4.08,CRU-CY4.10,0.0,0.0,0.0
1934,9,wet,CRU-CY4.08,CRU-CY4.10,0.0,0.0,0.0
1934,10,wet,CRU-CY4.08,CRU-CY4.10,1.6,1.6,0.0
1934,11,wet,CRU-CY4.08,CRU-CY4.10,1.8,1.8,0.0
1934,12,wet,CRU-CY4.08,CRU-CY4.10,11.3,11.3,0.0
1935,1,wet,CRU-CY4.08,CRU-CY4.10,11.3,11.3,0.0
1935,2,wet,CRU-CY4.08,CRU-CY4.10,14.3,14.3,0.0
1935,3,wet,CRU-CY4.08,CRU-CY4.10,4.0,4.0,0.0
1935,4,wet,CRU-CY4.08,CRU-CY4.10,2.7,2.7,0.0
1935,5,wet,CRU-CY4.08,CRU-CY4.10,0.7,0.7,0.0
1935,6,wet,CRU-CY4.08,CRU-CY4.10,0.0,0.0,0.0
1935,7,wet,CRU-CY4.08,CRU-CY4.10,0.0,0.0,0.0
1935,8,wet,CRU-CY4.08,CRU-CY4.10,0.0,0.0,0.0
1935,9,wet,CRU-CY4.08,CRU-CY4.10,0.1,0.1,0.0
1935,10,wet,CRU-CY4.08,CRU-CY4.10,4.3,4.3,0.0
1935,11,wet,CRU-CY4.08,CRU-CY4.10,6.2,6.2,0.0
1935,12,wet,CRU-CY4.08,CRU-CY4.10,5.6,5.6,0.0
1936,1,wet,CRU-CY4.08,CRU-CY4.10,7.2,7.2,0.0
1936,2,wet,CRU-CY4.08,CRU-CY4.10,10.5,10.5,0.0
1936,3,wet,CRU-CY4.08,CRU-CY4.10,5.4,5.4,0.0
1936,4,wet,CRU-CY4.08,CRU-CY4.10,2.0,2.0,0.0
1936,5,wet,CRU-CY4.08,CRU-CY4.10,0.9,0.9,0.0
1936,6,wet,CRU-CY4.08,CRU-CY4.10,0.0,0.0,0.0
1936,7,wet,CRU-CY4.08,CRU-CY4.10,0.0,0.0,0.0
1936,8,wet,CRU-CY4.08,CRU-CY4.10,0.0,0.0,0.0
1936,9,wet,CRU-CY4.08,CRU-CY4.10,0.0,0.0,0.0
1936,10,wet,CRU-CY4.08,CRU-CY4.10,1.2,1.2,0.0
1936,11,wet,CRU-CY4.08,CRU-CY4.10,8.5,8.5,0.0
1936,12,wet,CRU-CY4.08,CRU-CY4.10,12.3,12.3,0.0
1937,1,wet,CRU-CY4.08,CRU-CY4.10,13.5,13.5,0.0
1937,2,wet,CRU-CY4.08,CRU-CY4.10,7.2,7.2,0.0
1937,3,wet,CRU-CY4.08,CRU-CY4.10,2.9,2.9,0.0
1937,4,wet,CRU-CY4.08,CRU-CY4.10,3.8,3.8,0.0
1937,5,wet,CRU-CY4.08,CRU-CY4.10,1.2,1.2,0.0
1937,6,wet,CRU-CY4.08,CRU-CY4.10,0.2,0.2,0.0
1937,7,wet,CRU-CY4.08,CRU-CY4.10,0.0,0.0,0.0
1937,8,wet,CRU-CY4.08,CRU-CY4.10,0.0,0.0,0.0
1937,9,wet,CRU-CY4.08,CRU-CY4.10,0.0,0.0,0.0
1937,10,wet,CRU-CY4.08,CRU-CY4.10,4.7,4.7,0.0
1937,11,wet,CRU-CY4.08,CRU-CY4.10,7.7,7.7,0.0
1937,12,wet,CRU-CY4.08,CRU-CY4.10,4.6,4.6,0.0
1938,1,wet,CRU-CY4.08,CRU-CY4.10,14.9,14.9,0.0
1938,2,wet,CRU-CY4.08,CRU-CY4.10,12.6,12.6,0.0
1938,3,wet,CRU-CY4.08,CRU-CY4.10,8.7,8.7,0.0
1938,4,wet,CRU-CY4.08,CRU-CY4.10,2.2,2.2,0.0
1938,5,wet,CRU-CY4.08,CRU-CY4.10,2.4,2.4,0.0
1938,6,wet,CRU-CY4.08,CRU-CY4.10,0.0,0.0,0.0
1938,7,wet,CRU-CY4.08,CRU-CY4.10,0.0,0.0,0.0
1938,8,wet,CRU-CY4.08,CRU-CY4.10,0.0,0.0,0.0
1938,9,wet,CRU-CY4.08,CRU-CY4.10,0.0,0.0,0.0
1938,10,wet,CRU-CY4.08,CRU-CY4.10,0.8,0.8,0.0
1938,11,wet,CRU-CY4.08,CRU-CY4.10,9.9,9.9,0.0
1938,12,wet,CRU-CY4.08,CRU-CY4.10,10.2,10.2,0.0
1939,1,wet,CRU-CY4.08,CRU-CY4.10,8.3,8.3,0.0
1939,2,wet,CRU-CY4.08,CRU-CY4.10,13.4,13.4,0.0
1939,3,wet,CRU-CY4.08,CRU-CY4.10,10.1,10.1,0.0
1939,4,wet,CRU-CY4.08,CRU-CY4.10,3.1,3.1,0.0
1939,5,wet,CRU-CY4.08,CRU-CY4.10,0.3,0.3,0.0
1939,6,wet,CRU-CY4.08,CRU-CY4.10,0.3,0.3,0.0
1939,7,wet,CRU-CY4.08,CRU-CY4.10,0.0,0.0,0.0
1939,8,wet,CRU-CY4.08,CRU-CY4.10,0.0,0.0,0.0
1939,9,wet,CRU-CY4.08,CRU-CY4.10,0.0,0.0,0.0
1939,10,wet,CRU-CY4.08,CRU-CY4.10,2.0,2.0,0.0
1939,11,wet,CRU-CY4.08,CRU-CY4.10,9.7,9.7,0.0
1939,12,wet,CRU-CY4.08,CRU-CY4.10,8.2,8.2,0.0
1940,1,wet,CRU-CY4.08,CRU-CY4.10,13.2,13.2,0.0
1940,2,wet,CRU-CY4.08,CRU-CY4.10,6.8,6.8,0.0
1940,3,wet,CRU-CY4.08,CRU-CY4.10,7.6,7.6,0.0
1940,4,wet,CRU-CY4.08,CRU-CY4.10,4.2,4.2,0.0
1940,5,wet,CRU-CY4.08,CRU-CY4.10,0.5,0.5,0.0
1940,6,wet,CRU-CY4.08,CRU-CY4.10,0.1,0.1,0.0
1940,7,wet,CRU-CY4.08,CRU-CY4.10,0.0,0.0,0.0
1940,8,wet,CRU-CY4.08,CRU-CY4.10,0.0,0.0,0.0
1940,9,wet,CRU-CY4.08,CRU-CY4.10,0.0,0.0,0.0
1940,10,wet,CRU-CY4.08,CRU-CY4.10,3.7,3.7,0.0
1940,11,wet,CRU-CY4.08,CRU-CY4.10,5.8,5.8,0.0
1940,12,wet,CRU-CY4.08,CRU-CY4.10,9.7,9.7,0.0
1941,1,wet,CRU-CY4.08,CRU-CY4.10,8.5,8.5,0.0
1941,2,wet,CRU-CY4.08,CRU-CY4.10,8.7,8.7,0.0
1941,3,wet,CRU-CY4.08,CRU-CY4.10,9.8,9.8,0.0
1941,4,wet,CRU-CY4.08,CRU-CY4.10,1.9,1.9,0.0
1941,5,wet,CRU-CY4.08,CRU-CY4.10,0.2,0.2,0.0
1941,6,wet,CRU-CY4.08,CRU-CY4.10,0.0,0.0,0.0
1941,7,wet,CRU-CY4.08,CRU-CY4.10,0.0,0.0,0.0
1941,8,wet,CRU-CY4.08,CRU-CY4.10,0.0,0.0,0.0
1941,9,wet,CRU-CY4.08,CRU-CY4.10,0.0,0.0,0.0
1941,10,wet,CRU-CY4.08,CRU-CY4.10,1.7,1.7,0.0
1941,11,wet,CRU-CY4.08,CRU-CY4.10,4.6,4.6,0.0
1941,12,wet,CRU-CY4.08,CRU-CY4.10,14.0,14.0,0.0
1942,1,wet,CRU-CY4.08,CRU-CY4.10,11.2,11.2,0.0
1942,2,wet,CRU-CY4.08,CRU-CY4.10,10.7,10.7,0.0
1942,3,wet,CRU-CY4.08,CRU-CY4.10,10.9,10.9,0.0
1942,4,wet,CRU-CY4.08,CRU-CY4.10,1.2,1.2,0.0
1942,5,wet,CRU-CY4.08,CRU-CY4.10,0.4,0.4,0.0
1942,6,wet,CRU-CY4.08,CRU-CY4.10,0.1,0.1,0.0
1942,7,wet,CRU-CY4.08,CRU-CY4.10,0.0,0.0,0.0
1942,8,wet,CRU-CY4.08,CRU-CY4.10,0.0,0.0,0.0
1942,9,wet,CRU-CY4.08,CRU-CY4.10,0.0,0.0,0.0
1942,10,wet,CRU-CY4.08,CRU-CY4.10,5.7,5.7,0.0
1942,11,wet,CRU-CY4.08,CRU-CY4.10,6.8,6.8,0.0
1942,12,wet,CRU-CY4.08,CRU-CY4.10,7.5,7.5,0.0
1943,1,wet,CRU-CY4.08,CRU-CY4.10,11.4,11.4,0.0
1943,2,wet,CRU-CY4.08,CRU-CY4.10,11.1,11.1,0.0
1943,3,wet,CRU-CY4.08,CRU-CY4.10,11.6,11.6,0.0
1943,4,wet,CRU-CY4.08,CRU-CY4.10,4.6,4.6,0.0
1943,5,wet,CRU-CY4.08,CRU-CY4.10,1.1,1.1,0.0
1943,6,wet,CRU-CY4.08,CRU-CY4.10,0.0,0.0,0.0
1943,7,wet,CRU-CY4.08,CRU-CY4.10,0.0,0.0,0.0
1943,8,wet,CRU-CY4.08,CRU-CY4.10,0.0,0.0,0.0
1943,9,wet,CRU-CY4.08,CRU-CY4.10,0.0,0.0,0.0
1943,10,wet,CRU-CY4.08,CRU-CY4.10,2.9,2.9,0.0
1943,11,wet,CRU-CY4.08,CRU-CY4.10,1.4,1.4,0.0
1943,12,wet,CRU-CY4.08,CRU-CY4.10,8.3,8.3,0.0
1944,1,wet,CRU-CY4.08,CRU-CY4.10,15.9,15.9,0.0
1944,2,wet,CRU-CY4.08,CRU-CY4.10,8.4,8.4,0.0
1944,3,wet,CRU-CY4.08,CRU-CY4.10,8.1,8.1,0.0
1944,4,wet,CRU-CY4.08,CRU-CY4.10,2.7,2.7,0.0
1944,5,wet,CRU-CY4.08,CRU-CY4.10,2.0,2.0,0.0
1944,6,wet,CRU-CY4.08,CRU-CY4.10,0.0,0.0,0.0
1944,7,wet,CRU-CY4.08,CRU-CY4.10,0.0,0.0,0.0
1944,8,wet,CRU-CY4.08,CRU-CY4.10,0.0,0.0,0.0
1944,9,wet,CRU-CY4.08,CRU-CY4.10,0.0,0.0,0.0
1944,10,wet,CRU-CY4.08,CRU-CY4.10,0.9,0.9,0.0
1944,11,wet,CRU-CY4.08,CRU-CY4.10,11.9,11.9,0.0
1944,12,wet,CRU-CY4.08,CRU-CY4.10,14.3,14.3,0.0
1945,1,wet,CRU-CY4.08,CRU-CY4.10,12.8,12.8,0.0
1945,2,wet,CRU-CY4.08,CRU-CY4.10,11.9,11.9,0.0
1945,3,wet,CRU-CY4.08,CRU-CY4.10,7.1,7.1,0.0
1945,4,wet,CRU-CY4.08,CRU-CY4.10,2.2,2.2,0.0
1945,5,wet,CRU-CY4.08,CRU-CY4.10,2.7,2.7,0.0
1945,6,wet,CRU-CY4.08,CRU-CY4.10,0.1,0.1,0.0
1945,7,wet,CRU-CY4.08,CRU-CY4.10,0.0,0.0,0.0
1945,8,wet,CRU-CY4.08,CRU-CY4.10,0.0,0.0,0.0
1945,9,wet,CRU-CY4.08,CRU-CY4.10,0.0,0.0,0.0
1945,10,wet,CRU-CY4.08,CRU-CY4.10,0.5,0.5,0.0
1945,11,wet,CRU-CY4.08,CRU-CY4.10,6.5,6.5,0.0
1945,12,wet,CRU-CY4.08,CRU-CY4.10,10.7,10.7,0.0
1946,1,wet,CRU-CY4.08,CRU-CY4.10,8.3,8.3,0.0
1946,2,wet,CRU-CY4.08,CRU-CY4.10,12.6,12.6,0.0
1946,3,wet,CRU-CY4.08,CRU-CY4.10,7.3,7.3,0.0
1946,4,wet,CRU-CY4.08,CRU-CY4.10,1.0,1.0,0.0
1946,5,wet,CRU-CY4.08,CRU-CY4.10,3.2,3.2,0.0
1946,6,wet,CRU-CY4.08,CRU-CY4.10,0.0,0.0,0.0
1946,7,wet,CRU-CY4.08,CRU-CY4.10,0.0,0.0,0.0
1946,8,wet,CRU-CY4.08,CRU-CY4.10,0.0,0.0,0.0
1946,9,wet,CRU-CY4.08,CRU-CY4.10,0.0,0.0,0.0
1946,10,wet,CRU-CY4.08,CRU-CY4.10,1.4,1.4,0.0
1946,11,wet,CRU-CY4.08,CRU-CY4.10,1.8,1.8,0.0
1946,12,wet,CRU-CY4.08,CRU-CY4.10,7.6,7.6,0.0
1947,1,wet,CRU-CY4.08,CRU-CY4.10,12.6,12.6,0.0
1947,2,wet,CRU-CY4.08,CRU-CY4.10,5.5,5.5,0.0
1947,3,wet,CRU-CY4.08,CRU-CY4.10,7.0,7.0,0.0
1947,4,wet,CRU-CY4.08,CRU-CY4.10,2.7,2.7,0.0
1947,5,wet,CRU-CY4.08,CRU-CY4.10,1.2,1.2,0.0
1947,6,wet,CRU-CY4.08,CRU-CY4.10,0.1,0.1,0.0
1947,7,wet,CRU-CY4.08,CRU-CY4.10,0.0,0.0,0.0
1947,8,wet,CRU-CY4.08,CRU-CY4.10,0.0,0.0,0.0
1947,9,wet,CRU-CY4.08,CRU-CY4.10,0.1,0.1,0.0
1947,10,wet,CRU-CY4.08,CRU-CY4.10,1.0,1.0,0.0
1947,11,wet,CRU-CY4.08,CRU-CY4.10,6.8,6.8,0.0
1947,12,wet,CRU-CY4.08,CRU-CY4.10,6.5,6.5,0.0
1948,1,wet,CRU-CY4.08,CRU-CY4.10,10.7,10.7,0.0
1948,2,wet,CRU-CY4.08,CRU-CY4.10,12.0,12.0,0.0
1948,3,wet,CRU-CY4.08,CRU-CY4.10,10.4,10.4,0.0
1948,4,wet,CRU-CY4.08,CRU-CY4.10,3.8,3.8,0.0
1948,5,wet,CRU-CY4.08,CRU-CY4.10,1.0,1.0,0.0
1948,6,wet,CRU-CY4.08,CRU-CY4.10,0.0,0.0,0.0
1948,7,wet,CRU-CY4.08,CRU-CY4.10,0.0,0.0,0.0
1948,8,wet,CRU-CY4.08,CRU-CY4.10,0.0,0.0,0.0
1948,9,wet,CRU-CY4.08,CRU-CY4.10,0.0,0.0,0.0
1948,10,wet,CRU-CY4.08,CRU-CY4.10,1.0,1.0,0.0
1948,11,wet,CRU-CY4.08,CRU-CY4.10,5.7,5.7,0.0
1948,12,wet,CRU-CY4.08,CRU-CY4.10,10.2,10.2,0.0
1949,1,wet,CRU-CY4.08,CRU-CY4.10,11.3,11.3,0.0
1949,2,wet,CRU-CY4.08,CRU-CY4.10,12.7,12.7,0.0
1949,3,wet,CRU-CY4.08,CRU-CY4.10,9.0,9.0,0.0
1949,4,wet,CRU-CY4.08,CRU-CY4.10,5.2,5.2,0.0
1949,5,wet,CRU-CY4.08,CRU-CY4.10,0.9,0.9,0.0
1949,6,wet,CRU-CY4.08,CRU-CY4.10,0.0,0.0,0.0
1949,7,wet,CRU-CY4.08,CRU-CY4.10,0.0,0.0,0.0
1949,8,wet,CRU-CY4.08,CRU-CY4.10,0.0,0.0,0.0
1949,9,wet,CRU-CY4.08,CRU-CY4.10,0.1,0.1,0.0
1949,10,wet,CRU-CY4.08,CRU-CY4.10,0.3,0.3,0.0
1949,11,wet,CRU-CY4.08,CRU-CY4.10,2.5,2.5,0.0
1949,12,wet,CRU-CY4.08,CRU-CY4.10,13.8,13.8,0.0
1950,1,wet,CRU-CY4.08,CRU-CY4.10,12.7,12.7,0.0
1950,2,wet,CRU-CY4.08,CRU-CY4.10,11.2,11.2,0.0
1950,3,wet,CRU-CY4.08,CRU-CY4.10,7.5,7.5,0.0
1950,4,wet,CRU-CY4.08,CRU-CY4.10,2.9,2.9,0.0
1950,5,wet,CRU-CY4.08,CRU-CY4.10,2.5,2.5,0.0
1950,6,wet,CRU-CY4.08,CRU-CY4.10,0.2,0.2,0.0
1950,7,wet,CRU-CY4.08,CRU-CY4.10,0.0,0.0,0.0
1950,8,wet,CRU-CY4.08,CRU-CY4.10,0.0,0.0,0.0
1950,9,wet,CRU-CY4.08,CRU-CY4.10,0.0,0.0,0.0
1950,10,wet,CRU-CY4.08,CRU-CY4.10,3.0,3.0,0.0
1950,11,wet,CRU-CY4.08,CRU-CY4.10,4.5,4.5,0.0
1950,12,wet,CRU-CY4.08,CRU-CY4.10,7.0,7.0,0.0
1951,1,wet,CRU-CY4.08,CRU-CY4.10,9.4,9.4,0.0
1951,2,wet,CRU-CY4.08,CRU-CY4.10,10.8,10.8,0.0
1951,3,wet,CRU-CY4.08,CRU-CY4.10,5.3,5.3,0.0
1951,4,wet,CRU-CY4.08,CRU-CY4.10,2.5,2.5,0.0
1951,5,wet,CRU-CY4.08,CRU-CY4.10,0.1,0.1,0.0
1951,6,wet,CRU-CY4.08,CRU-CY4.10,0.0,0.0,0.0
1951,7,wet,CRU-CY4.08,CRU-CY4.10,0.0,0.0,0.0
1951,8,wet,CRU-CY4.08,CRU-CY4.10,0.0,0.0,0.0
1951,9,wet,CRU-CY4.08,CRU-CY4.10,0.1,0.1,0.0
1951,10,wet,CRU-CY4.08,CRU-CY4.10,2.1,2.1,0.0
1951,11,wet,CRU-CY4.08,CRU-CY4.10,4.9,4.9,0.0
1951,12,wet,CRU-CY4.08,CRU-CY4.10,14.9,14.9,0.0
1952,1,wet,CRU-CY4.08,CRU-CY4.10,10.9,10.9,0.0
1952,2,wet,CRU-CY4.08,CRU-CY4.10,12.9,12.9,0.0
1952,3,wet,CRU-CY4.08,CRU-CY4.10,7.2,7.2,0.0
1952,4,wet,CRU-CY4.08,CRU-CY4.10,1.8,1.8,0.0
1952,5,wet,CRU-CY4.08,CRU-CY4.10,0.2,0.2,0.0
1952,6,wet,CRU-CY4.08,CRU-CY4.10,0.0,0.0,0.0
1952,7,wet,CRU-CY4.08,CRU-CY4.10,0.0,0.0,0.0
1952,8,wet,CRU-CY4.08,CRU-CY4.10,0.0,0.0,0.0
1952,9,wet,CRU-CY4.08,CRU-CY4.10,0.0,0.0,0.0
1952,10,wet,CRU-CY4.08,CRU-CY4.10,2.6,2.6,0.0
1952,11,wet,CRU-CY4.08,CRU-CY4.10,4.4,4.4,0.0
1952,12,wet,CRU-CY4.08,CRU-CY4.10,7.2,7.2,0.0
1953,1,wet,CRU-CY4.08,CRU-CY4.10,10.4,10.4,0.0
1953,2,wet,CRU-CY4.08,CRU-CY4.10,13.2,13.2,0.0
1953,3,wet,CRU-CY4.08,CRU-CY4.10,11.5,11.5,0.0
1953,4,wet,CRU-CY4.08,CRU-CY4.10,2.9,2.9,0.0
1953,5,wet,CRU-CY4.08,CRU-CY4.10,0.3,0.3,0.0
1953,6,wet,CRU-CY4.08,CRU-CY4.10,0.0,0.0,0.0
1953,7,wet,CRU-CY4.08,CRU-CY4.10,0.0,0.0,0.0
1953,8,wet,CRU-CY4.08,CRU-CY4.10,0.0,0.0,0.0
1953,9,wet,CRU-CY4.08,CRU-CY4.10,0.0,0.0,0.0
1953,10,wet,CRU-CY4.08,CRU-CY4.10,0.6,0.6,0.0
1953,11,wet,CRU-CY4.08,CRU-CY4.10,8.2,8.2,0.0
1953,12,wet,CRU-CY4.08,CRU-CY4.10,11.6,11.6,0.0
1954,1,wet,CRU-CY4.08,CRU-CY4.10,8.5,8.5,0.0
1954,2,wet,CRU-CY4.08,CRU-CY4.10,13.8,13.8,0.0
1954,3,wet,CRU-CY4.08,CRU-CY4.10,6.4,6.4,0.0
1954,4,wet,CRU-CY4.08,CRU-CY4.10,4.4,4.4,0.0
1954,5,wet,CRU-CY4.08,CRU-CY4.10,0.2,0.2,0.0
1954,6,wet,CRU-CY4.08,CRU-CY4.10,0.0,0.0,0.0
1954,7,wet,CRU-CY4.08,CRU-CY4.10,0.0,0.0,0.0
1954,8,wet,CRU-CY4.08,CRU-CY4.10,0.0,0.0,0.0
1954,9,wet,CRU-CY4.08,CRU-CY4.10,0.1,0.1,0.0
1954,10,wet,CRU-CY4.08,CRU-CY4.10,1.3,1.3,0.0
1954,11,wet,CRU-CY4.08,CRU-CY4.10,8.0,8.0,0.0
1954,12,wet,CRU-CY4.08,CRU-CY4.10,13.8,13.8,0.0
1955,1,wet,CRU-CY4.08,CRU-CY4.10,4.8,4.8,0.0
1955,2,wet,CRU-CY4.08,CRU-CY4.10,5.9,5.9,0.0
1955,3,wet,CRU-CY4.08,CRU-CY4.10,6.7,6.7,0.0
1955,4,wet,CRU-CY4.08,CRU-CY4.10,2.6,2.6,0.0
1955,5,wet,CRU-CY4.08,CRU-CY4.10,1.0,1.0,0.0
1955,6,wet,CRU-CY4.08,CRU-CY4.10,0.0,0.0,0.0
1955,7,wet,CRU-CY4.08,CRU-CY4.10,0.0,0.0,0.0
1955,8,wet,CRU-CY4.08,CRU-CY4.10,0.0,0.0,0.0
1955,9,wet,CRU-CY4.08,CRU-CY4.10,0.0,0.0,0.0
1955,10,wet,CRU-CY4.08,CRU-CY4.10,1.7,1.7,0.0
1955,11,wet,CRU-CY4.08,CRU-CY4.10,8.7,8.7,0.0
1955,12,wet,CRU-CY4.08,CRU-CY4.10,11.7,11.7,0.0
1956,1,wet,CRU-CY4.08,CRU-CY4.10,11.8,11.8,0.0
1956,2,wet,CRU-CY4.08,CRU-CY4.10,7.6,7.6,0.0
1956,3,wet,CRU-CY4.08,CRU-CY4.10,8.6,8.6,0.0
1956,4,wet,CRU-CY4.08,CRU-CY4.10,2.3,2.3,0.0
1956,5,wet,CRU-CY4.08,CRU-CY4.10,1.4,1.4,0.0
1956,6,wet,CRU-CY4.08,CRU-CY4.10,0.0,0.0,0.0
1956,7,wet,CRU-CY4.08,CRU-CY4.10,0.0,0.0,0.0
1956,8,wet,CRU-CY4.08,CRU-CY4.10,0.0,0.0,0.0
1956,9,wet,CRU-CY4.08,CRU-CY4.10,0.0,0.0,0.0
1956,10,wet,CRU-CY4.08,CRU-CY4.10,0.6,0.6,0.0
1956,11,wet,CRU-CY4.08,CRU-CY4.10,3.4,3.4,0.0
1956,12,wet,CRU-CY4.08,CRU-CY4.10,10.4,10.4,0.0
1957,1,wet,CRU-CY4.08,CRU-CY4.10,11.8,11.8,0.0
1957,2,wet,CRU-CY4.08,CRU-CY4.10,10.5,10.5,0.0
1957,3,wet,CRU-CY4.08,CRU-CY4.10,9.9,9.9,0.0
1957,4,wet,CRU-CY4.08,CRU-CY4.10,3.5,3.5,0.0
1957,5,wet,CRU-CY4.08,CRU-CY4.10,2.7,2.7,0.0
1957,6,wet,CRU-CY4.08,CRU-CY4.10,0.1,0.1,0.0
1957,7,wet,CRU-CY4.08,CRU-CY4.10,0.0,0.0,0.0
1957,8,wet,CRU-CY4.08,CRU-CY4.10,0.0,0.0,0.0
1957,9,wet,CRU-CY4.08,CRU-CY4.10,0.1,0.1,0.0
1957,10,wet,CRU-CY4.08,CRU-CY4.10,2.2,2.2,0.0
1957,11,wet,CRU-CY4.08,CRU-CY4.10,6.4,6.4,0.0
1957,12,wet,CRU-CY4.08,CRU-CY4.10,9.8,9.8,0.0
1958,1,wet,CRU-CY4.08,CRU-CY4.10,12.5,12.5,0.0
1958,2,wet,CRU-CY4.08,CRU-CY4.10,5.0,5.0,0.0
1958,3,wet,CRU-CY4.08,CRU-CY4.10,2.7,2.7,0.0
1958,4,wet,CRU-CY4.08,CRU-CY4.10,1.7,1.7,0.0
1958,5,wet,CRU-CY4.08,CRU-CY4.10,0.7,0.7,0.0
1958,6,wet,CRU-CY4.08,CRU-CY4.10,0.0,0.0,0.0
1958,7,wet,CRU-CY4.08,CRU-CY4.10,0.0,0.0,0.0
1958,8,wet,CRU-CY4.08,CRU-CY4.10,0.0,0.0,0.0
1958,9,wet,CRU-CY4.08,CRU-CY4.10,0.4,0.4,0.0
1958,10,wet,CRU-CY4.08,CRU-CY4.10,1.9,1.9,0.0
1958,11,wet,CRU-CY4.08,CRU-CY4.10,1.6,1.6,0.0
1958,12,wet,CRU-CY4.08,CRU-CY4.10,4.8,4.8,0.0
1959,1,wet,CRU-CY4.08,CRU-CY4.10,8.7,8.7,0.0
1959,2,wet,CRU-CY4.08,CRU-CY4.10,13.4,13.4,0.0
1959,3,wet,CRU-CY4.08,CRU-CY4.10,6.8,6.8,0.0
1959,4,wet,CRU-CY4.08,CRU-CY4.10,1.8,1.8,0.0
1959,5,wet,CRU-CY4.08,CRU-CY4.10,1.1,1.1,0.0
1959,6,wet,CRU-CY4.08,CRU-CY4.10,0.1,0.1,0.0
1959,7,wet,CRU-CY4.08,CRU-CY4.10,0.0,0.0,0.0
1959,8,wet,CRU-CY4.08,CRU-CY4.10,0.0,0.0,0.0
1959,9,wet,CRU-CY4.08,CRU-CY4.10,0.2,0.2,0.0
1959,10,wet,CRU-CY4.08,CRU-CY4.10,1.2,1.2,0.0
1959,11,wet,CRU-CY4.08,CRU-CY4.10,4.3,4.3,0.0
1959,12,wet,CRU-CY4.08,CRU-CY4.10,6.0,6.0,0.0
1960,1,wet,CRU-CY4.08,CRU-CY4.10,9.0,9.0,0.0
1960,2,wet,CRU-CY4.08,CRU-CY4.10,4.1,4.1,0.0
1960,3,wet,CRU-CY4.08,CRU-CY4.10,7.3,7.3,0.0
1960,4,wet,CRU-CY4.08,CRU-CY4.10,2.4,2.4,0.0
1960,5,wet,CRU-CY4.08,CRU-CY4.10,0.6,0.6,0.0
1960,6,wet,CRU-CY4.08,CRU-CY4.10,0.0,0.0,0.0
1960,7,wet,CRU-CY4.08,CRU-CY4.10,0.0,0.0,0.0
1960,8,wet,CRU-CY4.08,CRU-CY4.10,0.0,0.0,0.0
1960,9,wet,CRU-CY4.08,CRU-CY4.10,0.0,0.0,0.0
1960,10,wet,CRU-CY4.08,CRU-CY4.10,0.2,0.2,0.0
1960,11,wet,CRU-CY4.08,CRU-CY4.10,7.3,7.3,0.0
1960,12,wet,CRU-CY4.08,CRU-CY4.10,5.7,5.7,0.0
1961,1,wet,CRU-CY4.08,CRU-CY4.10,11.8,11.8,0.0
1961,2,wet,CRU-CY4.08,CRU-CY4.10,11.9,11.9,0.0
1961,3,wet,CRU-CY4.08,CRU-CY4.10,4.7,4.7,0.0
1961,4,wet,CRU-CY4.08,CRU-CY4.10,2.5,2.5,0.0
1961,5,wet,CRU-CY4.08,CRU-CY4.10,2.2,2.2,0.0
1961,6,wet,CRU-CY4.08,CRU-CY4.10,0.0,0.0,0.0
1961,7,wet,CRU-CY4.08,CRU-CY4.10,0.0,0.0,0.0
1961,8,wet,CRU-CY4.08,CRU-CY4.10,0.0,0.0,0.0
1961,9,wet,CRU-CY4.08,CRU-CY4.10,0.1,0.1,0.0
1961,10,wet,CRU-CY4.08,CRU-CY4.10,3.4,3.4,0.0
1961,11,wet,CRU-CY4.08,CRU-CY4.10,5.3,5.3,0.0
1961,12,wet,CRU-CY4.08,CRU-CY4.10,13.4,13.4,0.0
1962,1,wet,CRU-CY4.08,CRU-CY4.10,10.6,10.6,0.0
1962,2,wet,CRU-CY4.08,CRU-CY4.10,8.7,8.7,0.0
1962,3,wet,CRU-CY4.08,CRU-CY4.10,2.1,2.1,0.0
1962,4,wet,CRU-CY4.08,CRU-CY4.10,2.8,2.8,0.0
1962,5,wet,CRU-CY4.08,CRU-CY4.10,1.1,1.1,0.0
1962,6,wet,CRU-CY4.08,CRU-CY4.10,0.0,0.0,0.0
1962,7,wet,CRU-CY4.08,CRU-CY4.10,0.0,0.0,0.0
1962,8,wet,CRU-CY4.08,CRU-CY4.10,0.0,0.0,0.0
1962,9,wet,CRU-CY4.08,CRU-CY4.10,0.0,0.0,0.0
1962,10,wet,CRU-CY4.08,CRU-CY4.10,2.1,2.1,0.0
1962,11,wet,CRU-CY4.08,CRU-CY4.10,0.7,0.7,0.0
1962,12,wet,CRU-CY4.08,CRU-CY4.10,8.3,8.3,0.0
1963,1,wet,CRU-CY4.08,CRU-CY4.10,7.8,7.8,0.0
1963,2,wet,CRU-CY4.08,CRU-CY4.10,10.4,10.4,0.0
1963,3,wet,CRU-CY4.08,CRU-CY4.10,6.8,6.8,0.0
1963,4,wet,CRU-CY4.08,CRU-CY4.10,3.9,3.9,0.0
1963,5,wet,CRU-CY4.08,CRU-CY4.10,2.3,2.3,0.0
1963,6,wet,CRU-CY4.08,CRU-CY4.10,0.2,0.2,0.0
1963,7,wet,CRU-CY4.08,CRU-CY4.10,0.0,0.0,0.0
1963,8,wet,CRU-CY4.08,CRU-CY4.10,0.0,0.0,0.0
1963,9,wet,CRU-CY4.08,CRU-CY4.10,0.0,0.0,0.0
1963,10,wet,CRU-CY4.08,CRU-CY4.10,4.1,4.1,0.0
1963,11,wet,CRU-CY4.08,CRU-CY4.10,5.6,5.6,0.0
1963,12,wet,CRU-CY4.08,CRU-CY4.10,13.0,13.0,0.0
1964,1,wet,CRU-CY4.08,CRU-CY4.10,11.0,11.0,0.0
1964,2,wet,CRU-CY4.08,CRU-CY4.10,13.3,13.3,0.0
1964,3,wet,CRU-CY4.08,CRU-CY4.10,7.0,7.0,0.0
1964,4,wet,CRU-CY4.08,CRU-CY4.10,3.2,3.2,0.0
1964,5,wet,CRU-CY4.08,CRU-CY4.10,1.0,1.0,0.0
1964,6,wet,CRU-CY4.08,CRU-CY4.10,0.0,0.0,0.0
1964,7,wet,CRU-CY4.08,CRU-CY4.10,0.0,0.0,0.0
1964,8,wet,CRU-CY4.08,CRU-CY4.10,0.0,0.0,0.0
1964,9,wet,CRU-CY4.08,CRU-CY4.10,0.0,0.0,0.0
1964,10,wet,CRU-CY4.08,CRU-CY4.10,0.4,0.4,0.0
1964,11,wet,CRU-CY4.08,CRU-CY4.10,8.5,8.5,0.0
1964,12,wet,CRU-CY4.08,CRU-CY4.10,10.6,10.6,0.0
1965,1,wet,CRU-CY4.08,CRU-CY4.10,16.3,16.3,0.0
1965,2,wet,CRU-CY4.08,CRU-CY4.10,7.9,7.9,0.0
1965,3,wet,CRU-CY4.08,CRU-CY4.10,7.4,7.4,0.0
1965,4,wet,CRU-CY4.08,CRU-CY4.10,4.4,4.4,0.0
1965,5,wet,CRU-CY4.08,CRU-CY4.10,0.2,0.2,0.0
1965,6,wet,CRU-CY4.08,CRU-CY4.10,0.1,0.1,0.0
1965,7,wet,CRU-CY4.08,CRU-CY4.10,0.0,0.0,0.0
1965,8,wet,CRU-CY4.08,CRU-CY4.10,0.0,0.0,0.0
1965,9,wet,CRU-CY4.08,CRU-CY4.10,0.0,0.0,0.0
1965,10,wet,CRU-CY4.08,CRU-CY4.10,4.7,4.7,0.0
1965,11,wet,CRU-CY4.08,CRU-CY4.10,4.5,4.5,0.0
1965,12,wet,CRU-CY4.08,CRU-CY4.10,7.2,7.2,0.0
1966,1,wet,CRU-CY4.08,CRU-CY4.10,10.3,10.3,0.0
1966,2,wet,CRU-CY4.08,CRU-CY4.10,9.6,9.6,0.0
1966,3,wet,CRU-CY4.08,CRU-CY4.10,9.1,9.1,0.0
1966,4,wet,CRU-CY4.08,CRU-CY4.10,0.4,0.4,0.0
1966,5,wet,CRU-CY4.08,CRU-CY4.10,0.5,0.5,0.0
1966,6,wet,CRU-CY4.08,CRU-CY4.10,0.0,0.0,0.0
1966,7,wet,CRU-CY4.08,CRU-CY4.10,0.0,0.0,0.0
1966,8,wet,CRU-CY4.08,CRU-CY4.10,0.0,0.0,0.0
1966,9,wet,CRU-CY4.08,CRU-CY4.10,0.1,0.1,0.0
1966,10,wet,CRU-CY4.08,CRU-CY4.10,4.5,4.5,0.0
1966,11,wet,CRU-CY4.08,CRU-CY4.10,5.3,5.3,0.0
1966,12,wet,CRU-CY4.08,CRU-CY4.10,12.2,12.2,0.0
1967,1,wet,CRU-CY4.08,CRU-CY4.10,12.4,12.4,0.0
1967,2,wet,CRU-CY4.08,CRU-CY4.10,9.8,9.8,0.0
1967,3,wet,CRU-CY4.08,CRU-CY4.10,10.7,10.7,0.0
1967,4,wet,CRU-CY4.08,CRU-CY4.10,1.5,1.5,0.0
1967,5,wet,CRU-CY4.08,CRU-CY4.10,2.4,2.4,0.0
1967,6,wet,CRU-CY4.08,CRU-CY4.10,0.0,0.0,0.0
1967,7,wet,CRU-CY4.08,CRU-CY4.10,0.0,0.0,0.0
1967,8,wet,CRU-CY4.08,CRU-CY4.10,0.0,0.0,0.0
1967,9,wet,CRU-CY4.08,CRU-CY4.10,0.2,0.2,0.0
1967,10,wet,CRU-CY4.08,CRU-CY4.10,3.8,3.8,0.0
1967,11,wet,CRU-CY4.08,CRU-CY4.10,7.5,7.5,0.0
1967,12,wet,CRU-CY4.08,CRU-CY4.10,9.1,9.1,0.0
1968,1,wet,CRU-CY4.08,CRU-CY4.10,13.3,13.3,0.0
1968,2,wet,CRU-CY4.08,CRU-CY4.10,8.2,8.2,0.0
1968,3,wet,CRU-CY4.08,CRU-CY4.10,5.1,5.1,0.0
1968,4,wet,CRU-CY4.08,CRU-CY4.10,4.0,4.0,0.0
1968,5,wet,CRU-CY4.08,CRU-CY4.10,1.9,1.9,0.0
1968,6,wet,CRU-CY4.08,CRU-CY4.10,0.0,0.0,0.0
1968,7,wet,CRU-CY4.08,CRU-CY4.10,0.0,0.0,0.0
1968,8,wet,CRU-CY4.08,CRU-CY4.10,0.0,0.0,0.0
1968,9,wet,CRU-CY4.08,CRU-CY4.10,0.1,0.1,0.0
1968,10,wet,CRU-CY4.08,CRU-CY4.10,3.5,3.5,0.0
1968,11,wet,CRU-CY4.08,CRU-CY4.10,7.2,7.2,0.0
1968,12,wet,CRU-CY4.08,CRU-CY4.10,11.7,11.7,0.0
1969,1,wet,CRU-CY4.08,CRU-CY4.10,14.2,14.2,0.0
1969,2,wet,CRU-CY4.08,CRU-CY4.10,5.2,5.2,0.0
1969,3,wet,CRU-CY4.08,CRU-CY4.10,11.1,11.1,0.0
1969,4,wet,CRU-CY4.08,CRU-CY4.10,3.4,3.4,0.0
1969,5,wet,CRU-CY4.08,CRU-CY4.10,1.2,1.2,0.0
1969,6,wet,CRU-CY4.08,CRU-CY4.10,0.0,0.0,0.0
1969,7,wet,CRU-CY4.08,CRU-CY4.10,0.0,0.0,0.0
1969,8,wet,CRU-CY4.08,CRU-CY4.10,0.0,0.0,0.0
1969,9,wet,CRU-CY4.08,CRU-CY4.10,0.0,0.0,0.0
1969,10,wet,CRU-CY4.08,CRU-CY4.10,4.1,4.1,0.0
1969,11,wet,CRU-CY4.08,CRU-CY4.10,6.0,6.0,0.0
1969,12,wet,CRU-CY4.08,CRU-CY4.10,6.7,6.7,0.0
1970,1,wet,CRU-CY4.08,CRU-CY4.10,11.3,11.3,0.0
1970,2,wet,CRU-CY4.08,CRU-CY4.10,6.8,6.8,0.0
1970,3,wet,CRU-CY4.08,CRU-CY4.10,8.9,8.9,0.0
1970,4,wet,CRU-CY4.08,CRU-CY4.10,3.1,3.1,0.0
1970,5,wet,CRU-CY4.08,CRU-CY4.10,0.9,0.9,0.0
1970,6,wet,CRU-CY4.08,CRU-CY4.10,0.0,0.0,0.0
1970,7,wet,CRU-CY4.08,CRU-CY4.10,0.0,0.0,0.0
1970,8,wet,CRU-CY4.08,CRU-CY4.10,0.0,0.0,0.0
1970,9,wet,CRU-CY4.08,CRU-CY4.10,0.2,0.2,0.0
1970,10,wet,CRU-CY4.08,CRU-CY4.10,2.4,2.4,0.0
1970,11,wet,CRU-CY4.08,CRU-CY4.10,5.4,5.4,0.0
1970,12,wet,CRU-CY4.08,CRU-CY4.10,9.4,9.4,0.0
1971,1,wet,CRU-CY4.08,CRU-CY4.10,10.6,10.6,0.0
1971,2,wet,CRU-CY4.08,CRU-CY4.10,10.4,10.4,0.0
1971,3,wet,CRU-CY4.08,CRU-CY4.10,7.3,7.3,0.0
1971,4,wet,CRU-CY4.08,CRU-CY4.10,8.0,8.0,0.0
1971,5,wet,CRU-CY4.08,CRU-CY4.10,0.4,0.4,0.0
1971,6,wet,CRU-CY4.08,CRU-CY4.10,0.1,0.1,0.0
1971,7,wet,CRU-CY4.08,CRU-CY4.10,0.0,0.0,0.0
1971,8,wet,CRU-CY4.08,CRU-CY4.10,0.0,0.0,0.0
1971,9,wet,CRU-CY4.08,CRU-CY4.10,0.0,0.0,0.0
1971,10,wet,CRU-CY4.08,CRU-CY4.10,1.5,1.5,0.0
1971,11,wet,CRU-CY4.08,CRU-CY4.10,5.4,5.4,0.0
1971,12,wet,CRU-CY4.08,CRU-CY4.10,14.2,14.2,0.0
1972,1,wet,CRU-CY4.08,CRU-CY4.10,8.3,8.3,0.0
1972,2,wet,CRU-CY4.08,CRU-CY4.10,11.1,11.1,0.0
1972,3,wet,CRU-CY4.08,CRU-CY4.10,9.3,9.3,0.0
1972,4,wet,CRU-CY4.08,CRU-CY4.10,4.1,4.1,0.0
1972,5,wet,CRU-CY4.08,CRU-CY4.10,1.4,1.4,0.0
1972,6,wet,CRU-CY4.08,CRU-CY4.10,0.3,0.3,0.0
1972,7,wet,CRU-CY4.08,CRU-CY4.10,0.0,0.0,0.0
1972,8,wet,CRU-CY4.08,CRU-CY4.10,0.0,0.0,0.0
1972,9,wet,CRU-CY4.08,CRU-CY4.10,0.1,0.1,0.0
1972,10,wet,CRU-CY4.08,CRU-CY4.10,1.9,1.9,0.0
1972,11,wet,CRU-CY4.08,CRU-CY4.10,6.9,6.9,0.0
1972,12,wet,CRU-CY4.08,CRU-CY4.10,6.6,6.6,0.0
1973,1,wet,CRU-CY4.08,CRU-CY4.10,11.5,11.5,0.0
1973,2,wet,CRU-CY4.08,CRU-CY4.10,5.2,5.2,0.0
1973,3,wet,CRU-CY4.08,CRU-CY4.10,6.8,6.8,0.0
1973,4,wet,CRU-CY4.08,CRU-CY4.10,2.3,2.3,0.0
1973,5,wet,CRU-CY4.08,CRU-CY4.10,1.4,1.4,0.0
1973,6,wet,CRU-CY4.08,CRU-CY4.10,0.3,0.3,0.0
1973,7,wet,CRU-CY4.08,CRU-CY4.10,0.0,0.0,0.0
1973,8,wet,CRU-CY4.08,CRU-CY4.10,0.0,0.0,0.0
1973,9,wet,CRU-CY4.08,CRU-CY4.10,0.0,0.0,0.0
1973,10,wet,CRU-CY4.08,CRU-CY4.10,2.1,2.1,0.0
1973,11,wet,CRU-CY4.08,CRU-CY4.10,7.3,7.3,0.0
1973,12,wet,CRU-CY4.08,CRU-CY4.10,6.0,6.0,0.0
1974,1,wet,CRU-CY4.08,CRU-CY4.10,17.9,17.9,0.0
1974,2,wet,CRU-CY4.08,CRU-CY4.10,12.3,12.3,0.0
1974,3,wet,CRU-CY4.08,CRU-CY4.10,7.7,7.7,0.0
1974,4,wet,CRU-CY4.08,CRU-CY4.10,4.2,4.2,0.0
1974,5,wet,CRU-CY4.08,CRU-CY4.10,0.0,0.0,0.0
1974,6,wet,CRU-CY4.08,CRU-CY4.10,0.0,0.0,0.0
1974,7,wet,CRU-CY4.08,CRU-CY4.10,0.0,0.0,0.0
1974,8,wet,CRU-CY4.08,CRU-CY4.10,0.0,0.0,0.0
1974,9,wet,CRU-CY4.08,CRU-CY4.10,0.0,0.0,0.0
1974,10,wet,CRU-CY4.08,CRU-CY4.10,0.6,0.6,0.0
1974,11,wet,CRU-CY4.08,CRU-CY4.10,6.3,6.3,0.0
1974,12,wet,CRU-CY4.08,CRU-CY4.10,11.1,11.1,0.0
1975,1,wet,CRU-CY4.08,CRU-CY4.10,8.2,8.2,0.0
1975,2,wet,CRU-CY4.08,CRU-CY4.10,15.1,15.1,0.0
1975,3,wet,CRU-CY4.08,CRU-CY4.10,5.6,5.6,0.0
1975,4,wet,CRU-CY4.08,CRU-CY4.10,2.1,2.1,0.0
1975,5,wet,CRU-CY4.08,CRU-CY4.10,0.4,0.4,0.0
1975,6,wet,CRU-CY4.08,CRU-CY4.10,0.0,0.0,0.0
1975,7,wet,CRU-CY4.08,CRU-CY4.10,0.0,0.0,0.0
1975,8,wet,CRU-CY4.08,CRU-CY4.10,0.0,0.0,0.0
1975,9,wet,CRU-CY4.08,CRU-CY4.10,0.1,0.1,0.0
1975,10,wet,CRU-CY4.08,CRU-CY4.10,1.3,1.3,0.0
1975,11,wet,CRU-CY4.08,CRU-CY4.10,5.3,5.3,0.0
1975,12,wet,CRU-CY4.08,CRU-CY4.10,10.9,10.9,0.0
1976,1,wet,CRU-CY4.08,CRU-CY4.10,7.1,7.1,0.0
1976,2,wet,CRU-CY4.08,CRU-CY4.10,10.9,10.9,0.0
1976,3,wet,CRU-CY4.08,CRU-CY4.10,9.2,9.2,0.0
1976,4,wet,CRU-CY4.08,CRU-CY4.10,3.5,3.5,0.0
1976,5,wet,CRU-CY4.08,CRU-CY4.10,2.2,2.2,0.0
1976,6,wet,CRU-CY4.08,CRU-CY4.10,0.0,0.0,0.0
1976,7,wet,CRU-CY4.08,CRU-CY4.10,0.0,0.0,0.0
1976,8,wet,CRU-CY4.08,CRU-CY4.10,0.0,0.0,0.0
1976,9,wet,CRU-CY4.08,CRU-CY4.10,0.1,0.1,0.0
1976,10,wet,CRU-CY4.08,CRU-CY4.10,3.3,3.3,0.0
1976,11,wet,CRU-CY4.08,CRU-CY4.10,5.5,5.5,0.0
1976,12,wet,CRU-CY4.08,CRU-CY4.10,6.0,6.0,0.0
1977,1,wet,CRU-CY4.08,CRU-CY4.10,11.5,11.5,0.0
1977,2,wet,CRU-CY4.08,CRU-CY4.10,7.2,7.2,0.0
1977,3,wet,CRU-CY4.08,CRU-CY4.10,7.7,7.7,0.0
1977,4,wet,CRU-CY4.08,CRU-CY4.10,6.1,6.1,0.0
1977,5,wet,CRU-CY4.08,CRU-CY4.10,1.4,1.4,0.0
1977,6,wet,CRU-CY4.08,CRU-CY4.10,0.1,0.1,0.0
1977,7,wet,CRU-CY4.08,CRU-CY4.10,0.0,0.0,0.0
1977,8,wet,CRU-CY4.08,CRU-CY4.10,0.0,0.0,0.0
1977,9,wet,CRU-CY4.08,CRU-CY4.10,0.1,0.1,0.0
1977,10,wet,CRU-CY4.08,CRU-CY4.10,4.3,4.3,0.0
1977,11,wet,CRU-CY4.08,CRU-CY4.10,3.7,3.7,0.0
1977,12,wet,CRU-CY4.08,CRU-CY4.10,12.6,12.6,0.0
1978,1,wet,CRU-CY4.08,CRU-CY4.10,9.6,9.6,0.0
1978,2,wet,CRU-CY4.08,CRU-CY4.10,8.9,8.9,0.0
1978,3,wet,CRU-CY4.08,CRU-CY4.10,7.8,7.8,0.0
1978,4,wet,CRU-CY4.08,CRU-CY4.10,2.2,2.2,0.0
1978,5,wet,CRU-CY4.08,CRU-CY4.10,0.2,0.2,0.0
1978,6,wet,CRU-CY4.08,CRU-CY4.10,0.3,0.3,0.0
1978,7,wet,CRU-CY4.08,CRU-CY4.10,0.0,0.0,0.0
1978,8,wet,CRU-CY4.08,CRU-CY4.10,0.0,0.0,0.0
1978,9,wet,CRU-CY4.08,CRU-CY4.10,0.1,0.1,0.0
1978,10,wet,CRU-CY4.08,CRU-CY4.10,3.4,3.4,0.0
1978,11,wet,CRU-CY4.08,CRU-CY4.10,2.7,2.7,0.0
1978,12,wet,CRU-CY4.08,CRU-CY4.10,10.4,10.4,0.0
1979,1,wet,CRU-CY4.08,CRU-CY4.10,9.4,9.4,0.0
1979,2,wet,CRU-CY4.08,CRU-CY4.10,7.6,7.6,0.0
1979,3,wet,CRU-CY4.08,CRU-CY4.10,7.3,7.3,0.0
1979,4,wet,CRU-CY4.08,CRU-CY4.10,1.8,1.8,0.0
1979,5,wet,CRU-CY4.08,CRU-CY4.10,1.0,1.0,0.0
1979,6,wet,CRU-CY4.08,CRU-CY4.10,0.1,0.1,0.0
1979,7,wet,CRU-CY4.08,CRU-CY4.10,0.0,0.0,0.0
1979,8,wet,CRU-CY4.08,CRU-CY4.10,0.0,0.0,0.0
1979,9,wet,CRU-CY4.08,CRU-CY4.10,0.0,0.0,0.0
1979,10,wet,CRU-CY4.08,CRU-CY4.10,4.8,4.8,0.0
1979,11,wet,CRU-CY4.08,CRU-CY4.10,7.6,7.6,0.0
1979,12,wet,CRU-CY4.08,CRU-CY4.10,12.4,12.4,0.0
1980,1,wet,CRU-CY4.08,CRU-CY4.10,10.9,10.9,0.0
1980,2,wet,CRU-CY4.08,CRU-CY4.10,13.6,13.6,0.0
1980,3,wet,CRU-CY4.08,CRU-CY4.10,8.9,8.9,0.0
1980,4,wet,CRU-CY4.08,CRU-CY4.10,3.3,3.3,0.0
1980,5,wet,CRU-CY4.08,CRU-CY4.10,0.4,0.4,0.0
1980,6,wet,CRU-CY4.08,CRU-CY4.10,0.0,0.0,0.0
1980,7,wet,CRU-CY4.08,CRU-CY4.10,0.0,0.0,0.0
1980,8,wet,CRU-CY4.08,CRU-CY4.10,0.0,0.0,0.0
1980,9,wet,CRU-CY4.08,CRU-CY4.10,0.0,0.0,0.0
1980,10,wet,CRU-CY4.08,CRU-CY4.10,2.7,2.7,0.0
1980,11,wet,CRU-CY4.08,CRU-CY4.10,2.3,2.3,0.0
1980,12,wet,CRU-CY4.08,CRU-CY4.10,15.0,15.0,0.0
1981,1,wet,CRU-CY4.08,CRU-CY4.10,11.5,11.5,0.0
1981,2,wet,CRU-CY4.08,CRU-CY4.10,9.4,9.4,0.0
1981,3,wet,CRU-CY4.08,CRU-CY4.10,6.9,6.9,0.0
1981,4,wet,CRU-CY4.08,CRU-CY4.10,4.1,4.1,0.0
1981,5,wet,CRU-CY4.08,CRU-CY4.10,0.6,0.6,0.0
1981,6,wet,CRU-CY4.08,CRU-CY4.10,0.2,0.2,0.0
1981,7,wet,CRU-CY4.08,CRU-CY4.10,0.0,0.0,0.0
1981,8,wet,CRU-CY4.08,CRU-CY4.10,0.0,0.0,0.0
1981,9,wet,CRU-CY4.08,CRU-CY4.10,0.0,0.0,0.0
1981,10,wet,CRU-CY4.08,CRU-CY4.10,0.8,0.8,0.0
1981,11,wet,CRU-CY4.08,CRU-CY4.10,5.9,5.9,0.0
1981,12,wet,CRU-CY4.08,CRU-CY4.10,3.9,3.9,0.0
1982,1,wet,CRU-CY4.08,CRU-CY4.10,11.3,11.3,0.0
1982,2,wet,CRU-CY4.08,CRU-CY4.10,12.4,12.4,0.0
1982,3,wet,CRU-CY4.08,CRU-CY4.10,8.8,8.8,0.0
1982,4,wet,CRU-CY4.08,CRU-CY4.10,3.0,3.0,0.0
1982,5,wet,CRU-CY4.08,CRU-CY4.10,1.8,1.8,0.0
1982,6,wet,CRU-CY4.08,CRU-CY4.10,0.1,0.1,0.0
1982,7,wet,CRU-CY4.08,CRU-CY4.10,0.0,0.0,0.0
1982,8,wet,CRU-CY4.08,CRU-CY4.10,0.0,0.0,0.0
1982,9,wet,CRU-CY4.08,CRU-CY4.10,0.0,0.0,0.0
1982,10,wet,CRU-CY4.08,CRU-CY4.10,2.3,2.3,0.0
1982,11,wet,CRU-CY4.08,CRU-CY4.10,8.3,8.3,0.0
1982,12,wet,CRU-CY4.08,CRU-CY4.10,9.1,9.1,0.0
1983,1,wet,CRU-CY4.08,CRU-CY4.10,12.6,12.6,0.0
1983,2,wet,CRU-CY4.08,CRU-CY4.10,12.8,12.8,0.0
1983,3,wet,CRU-CY4.08,CRU-CY4.10,9.8,9.8,0.0
1983,4,wet,CRU-CY4.08,CRU-CY4.10,2.9,2.9,0.0
1983,5,wet,CRU-CY4.08,CRU-CY4.10,1.3,1.3,0.0
1983,6,wet,CRU-CY4.08,CRU-CY4.10,0.3,0.3,0.0
1983,7,wet,CRU-CY4.08,CRU-CY4.10,0.0,0.0,0.0
1983,8,wet,CRU-CY4.08,CRU-CY4.10,0.0,0.0,0.0
1983,9,wet,CRU-CY4.08,CRU-CY4.10,0.0,0.0,0.0
1983,10,wet,CRU-CY4.08,CRU-CY4.10,1.2,1.2,0.0
1983,11,wet,CRU-CY4.08,CRU-CY4.10,5.0,5.0,0.0
1983,12,wet,CRU-CY4.08,CRU-CY4.10,6.5,6.5,0.0
1984,1,wet,CRU-CY4.08,CRU-CY4.10,10.5,10.5,0.0
1984,2,wet,CRU-CY4.08,CRU-CY4.10,6.3,6.3,0.0
1984,3,wet,CRU-CY4.08,CRU-CY4.10,9.6,9.6,0.0
1984,4,wet,CRU-CY4.08,CRU-CY4.10,3.6,3.6,0.0
1984,5,wet,CRU-CY4.08,CRU-CY4.10,0.0,0.0,0.0
1984,6,wet,CRU-CY4.08,CRU-CY4.10,0.1,0.1,0.0
1984,7,wet,CRU-CY4.08,CRU-CY4.10,0.0,0.0,0.0
1984,8,wet,CRU-CY4.08,CRU-CY4.10,0.0,0.0,0.0
1984,9,wet,CRU-CY4.08,CRU-CY4.10,0.0,0.0,0.0
1984,10,wet,CRU-CY4.08,CRU-CY4.10,3.2,3.2,0.0
1984,11,wet,CRU-CY4.08,CRU-CY4.10,5.2,5.2,0.0
1984,12,wet,CRU-CY4.08,CRU-CY4.10,8.3,8.3,0.0
1985,1,wet,CRU-CY4.08,CRU-CY4.10,7.4,7.4,0.0
1985,2,wet,CRU-CY4.08,CRU-CY4.10,13.2,13.2,0.0
1985,3,wet,CRU-CY4.08,CRU-CY4.10,6.9,6.9,0.0
1985,4,wet,CRU-CY4.08,CRU-CY4.10,3.3,3.3,0.0
1985,5,wet,CRU-CY4.08,CRU-CY4.10,1.1,1.1,0.0
1985,6,wet,CRU-CY4.08,CRU-CY4.10,0.0,0.0,0.0
1985,7,wet,CRU-CY4.08,CRU-CY4.10,0.0,0.0,0.0
1985,8,wet,CRU-CY4.08,CRU-CY4.10,0.0,0.0,0.0
1985,9,wet,CRU-CY4.08,CRU-CY4.10,0.1,0.1,0.0
1985,10,wet,CRU-CY4.08,CRU-CY4.10,3.6,3.6,0.0
1985,11,wet,CRU-CY4.08,CRU-CY4.10,3.4,3.4,0.0
1985,12,wet,CRU-CY4.08,CRU-CY4.10,10.0,10.0,0.0
1986,1,wet,CRU-CY4.08,CRU-CY4.10,8.1,8.1,0.0
1986,2,wet,CRU-CY4.08,CRU-CY4.10,10.5,10.5,0.0
1986,3,wet,CRU-CY4.08,CRU-CY4.10,3.8,3.8,0.0
1986,4,wet,CRU-CY4.08,CRU-CY4.10,3.9,3.9,0.0
1986,5,wet,CRU-CY4.08,CRU-CY4.10,2.4,2.4,0.0
1986,6,wet,CRU-CY4.08,CRU-CY4.10,0.2,0.2,0.0
1986,7,wet,CRU-CY4.08,CRU-CY4.10,0.0,0.0,0.0
1986,8,wet,CRU-CY4.08,CRU-CY4.10,0.0,0.0,0.0
1986,9,wet,CRU-CY4.08,CRU-CY4.10,0.2,0.2,0.0
1986,10,wet,CRU-CY4.08,CRU-CY4.10,4.0,4.0,0.0
1986,11,wet,CRU-CY4.08,CRU-CY4.10,11.4,11.4,0.0
1986,12,wet,CRU-CY4.08,CRU-CY4.10,9.3,9.3,0.0
1987,1,wet,CRU-CY4.08,CRU-CY4.10,8.1,8.1,0.0
1987,2,wet,CRU-CY4.08,CRU-CY4.10,8.5,8.5,0.0
1987,3,wet,CRU-CY4.08,CRU-CY4.10,11.3,11.3,0.0
1987,4,wet,CRU-CY4.08,CRU-CY4.10,1.2,1.2,0.0
1987,5,wet,CRU-CY4.08,CRU-CY4.10,0.2,0.2,0.0
1987,6,wet,CRU-CY4.08,CRU-CY4.10,0.0,0.0,0.0
1987,7,wet,CRU-CY4.08,CRU-CY4.10,0.0,0.0,0.0
1987,8,wet,CRU-CY4.08,CRU-CY4.10,0.0,0.0,0.0
1987,9,wet,CRU-CY4.08,CRU-CY4.10,0.0,0.0,0.0
1987,10,wet,CRU-CY4.08,CRU-CY4.10,5.5,5.5,0.0
1987,11,wet,CRU-CY4.08,CRU-CY4.10,3.0,3.0,0.0
1987,12,wet,CRU-CY4.08,CRU-CY4.10,13.2,13.2,0.0
1988,1,wet,CRU-CY4.08,CRU-CY4.10,13.3,13.3,0.0
1988,2,wet,CRU-CY4.08,CRU-CY4.10,13.1,13.1,0.0
1988,3,wet,CRU-CY4.08,CRU-CY4.10,9.5,9.5,0.0
1988,4,wet,CRU-CY4.08,CRU-CY4.10,3.1,3.1,0.0
1988,5,wet,CRU-CY4.08,CRU-CY4.10,0.3,0.3,0.0
1988,6,wet,CRU-CY4.08,CRU-CY4.10,0.1,0.1,0.0
1988,7,wet,CRU-CY4.08,CRU-CY4.10,0.0,0.0,0.0
1988,8,wet,CRU-CY4.08,CRU-CY4.10,0.0,0.0,0.0
1988,9,wet,CRU-CY4.08,CRU-CY4.10,0.0,0.0,0.0
1988,10,wet,CRU-CY4.08,CRU-CY4.10,3.8,3.8,0.0
1988,11,wet,CRU-CY4.08,CRU-CY4.10,4.9,4.9,0.0
1988,12,wet,CRU-CY4.08,CRU-CY4.10,13.7,13.7,0.0
1989,1,wet,CRU-CY4.08,CRU-CY4.10,10.9,10.9,0.0
1989,2,wet,CRU-CY4.08,CRU-CY4.10,8.1,8.1,0.0
1989,3,wet,CRU-CY4.08,CRU-CY4.10,7.8,7.8,0.0
1989,4,wet,CRU-CY4.08,CRU-CY4.10,0.3,0.3,0.0
1989,5,wet,CRU-CY4.08,CRU-CY4.10,0.2,0.2,0.0
1989,6,wet,CRU-CY4.08,CRU-CY4.10,0.0,0.0,0.0
1989,7,wet,CRU-CY4.08,CRU-CY4.10,0.0,0.0,0.0
1989,8,wet,CRU-CY4.08,CRU-CY4.10,0.0,0.0,0.0
1989,9,wet,CRU-CY4.08,CRU-CY4.10,0.0,0.0,0.0
1989,10,wet,CRU-CY4.08,CRU-CY4.10,2.2,2.2,0.0
1989,11,wet,CRU-CY4.08,CRU-CY4.10,5.8,5.8,0.0
1989,12,wet,CRU-CY4.08,CRU-CY4.10,7.0,7.0,0.0
1990,1,wet,CRU-CY4.08,CRU-CY4.10,10.9,10.9,0.0
1990,2,wet,CRU-CY4.08,CRU-CY4.10,9.5,9.5,0.0
1990,3,wet,CRU-CY4.08,CRU-CY4.10,9.0,9.0,0.0
1990,4,wet,CRU-CY4.08,CRU-CY4.10,4.1,4.1,0.0
1990,5,wet,CRU-CY4.08,CRU-CY4.10,1.0,1.0,0.0
1990,6,wet,CRU-CY4.08,CRU-CY4.10,0.0,0.0,0.0
1990,7,wet,CRU-CY4.08,CRU-CY4.10,0.0,0.0,0.0
1990,8,wet,CRU-CY4.08,CRU-CY4.10,0.0,0.0,0.0
1990,9,wet,CRU-CY4.08,CRU-CY4.10,0.0,0.0,0.0
1990,10,wet,CRU-CY4.08,CRU-CY4.10,3.2,3.2,0.0
1990,11,wet,CRU-CY4.08,CRU-CY4.10,3.1,3.1,0.0
1990,12,wet,CRU-CY4.08,CRU-CY4.10,3.7,3.7,0.0
1991,1,wet,CRU-CY4.08,CRU-CY4.10,13.4,13.4,0.0
1991,2,wet,CRU-CY4.08,CRU-CY4.10,9.4,9.4,0.0
1991,3,wet,CRU-CY4.08,CRU-CY4.10,11.5,11.5,0.0
1991,4,wet,CRU-CY4.08,CRU-CY4.10,2.6,2.6,0.0
1991,5,wet,CRU-CY4.08,CRU-CY4.10,1.2,1.2,0.0
1991,6,wet,CRU-CY4.08,CRU-CY4.10,0.0,0.0,0.0
1991,7,wet,CRU-CY4.08,CRU-CY4.10,0.0,0.0,0.0
1991,8,wet,CRU-CY4.08,CRU-CY4.10,0.0,0.0,0.0
1991,9,wet,CRU-CY4.08,CRU-CY4.10,0.0,0.0,0.0
1991,10,wet,CRU-CY4.08,CRU-CY4.10,3.1,3.1,0.0
1991,11,wet,CRU-CY4.08,CRU-CY4.10,7.0,7.0,0.0
1991,12,wet,CRU-CY4.08,CRU-CY4.10,15.2,15.2,0.0
1992,1,wet,CRU-CY4.08,CRU-CY4.10,13.6,13.6,0.0
1992,2,wet,CRU-CY4.08,CRU-CY4.10,14.4,14.4,0.0
1992,3,wet,CRU-CY4.08,CRU-CY4.10,5.8,5.8,0.0
1992,4,wet,CRU-CY4.08,CRU-CY4.10,1.1,1.1,0.0
1992,5,wet,CRU-CY4.08,CRU-CY4.10,2.2,2.2,0.0
1992,6,wet,CRU-CY4.08,CRU-CY4.10,0.5,0.5,0.0
1992,7,wet,CRU-CY4.08,CRU-CY4.10,0.0,0.0,0.0
1992,8,wet,CRU-CY4.08,CRU-CY4.10,0.0,0.0,0.0
1992,9,wet,CRU-CY4.08,CRU-CY4.10,0.1,0.1,0.0
1992,10,wet,CRU-CY4.08,CRU-CY4.10,0.1,0.1,0.0
1992,11,wet,CRU-CY4.08,CRU-CY4.10,5.6,5.6,0.0
1992,12,wet,CRU-CY4.08,CRU-CY4.10,15.0,15.0,0.0
1993,1,wet,CRU-CY4.08,CRU-CY4.10,9.9,9.9,0.0
1993,2,wet,CRU-CY4.08,CRU-CY4.10,10.7,10.7,0.0
1993,3,wet,CRU-CY4.08,CRU-CY4.10,6.1,6.1,0.0
1993,4,wet,CRU-CY4.08,CRU-CY4.10,0.9,0.9,0.0
1993,5,wet,CRU-CY4.08,CRU-CY4.10,2.1,2.1,0.0
1993,6,wet,CRU-CY4.08,CRU-CY4.10,0.1,0.1,0.0
1993,7,wet,CRU-CY4.08,CRU-CY4.10,0.0,0.0,0.0
1993,8,wet,CRU-CY4.08,CRU-CY4.10,0.0,0.0,0.0
1993,9,wet,CRU-CY4.08,CRU-CY4.10,0.0,0.0,0.0
1993,10,wet,CRU-CY4.08,CRU-CY4.10,3.2,3.2,0.0
1993,11,wet,CRU-CY4.08,CRU-CY4.10,4.7,4.7,0.0
1993,12,wet,CRU-CY4.08,CRU-CY4.10,7.0,7.0,0.0
1994,1,wet,CRU-CY4.08,CRU-CY4.10,13.8,13.8,0.0
1994,2,wet,CRU-CY4.08,CRU-CY4.10,10.3,10.3,0.0
1994,3,wet,CRU-CY4.08,CRU-CY4.10,8.7,8.7,0.0
1994,4,wet,CRU-CY4.08,CRU-CY4.10,1.9,1.9,0.0
1994,5,wet,CRU-CY4.08,CRU-CY4.10,1.1,1.1,0.0
1994,6,wet,CRU-CY4.08,CRU-CY4.10,0.0,0.0,0.0
1994,7,wet,CRU-CY4.08,CRU-CY4.10,0.0,0.0,0.0
1994,8,wet,CRU-CY4.08,CRU-CY4.10,0.0,0.0,0.0
1994,9,wet,CRU-CY4.08,CRU-CY4.10,0.2,0.2,0.0
1994,10,wet,CRU-CY4.08,CRU-CY4.10,3.8,3.8,0.0
1994,11,wet,CRU-CY4.08,CRU-CY4.10,12.0,12.0,0.0
1994,12,wet,CRU-CY4.08,CRU-CY4.10,11.2,11.2,0.0
1995,1,wet,CRU-CY4.08,CRU-CY4.10,4.4,4.4,0.0
1995,2,wet,CRU-CY4.08,CRU-CY4.10,10.4,10.4,0.0
1995,3,wet,CRU-CY4.08,CRU-CY4.10,5.3,5.3,0.0
1995,4,wet,CRU-CY4.08,CRU-CY4.10,3.5,3.5,0.0
1995,5,wet,CRU-CY4.08,CRU-CY4.10,0.6,0.6,0.0
1995,6,wet,CRU-CY4.08,CRU-CY4.10,0.0,0.0,0.0
1995,7,wet,CRU-CY4.08,CRU-CY4.10,0.0,0.0,0.0
1995,8,wet,CRU-CY4.08,CRU-CY4.10,0.0,0.0,0.0
1995,9,wet,CRU-CY4.08,CRU-CY4.10,0.0,0.0,0.0
1995,10,wet,CRU-CY4.08,CRU-CY4.10,0.5,0.5,0.0
1995,11,wet,CRU-CY4.08,CRU-CY4.10,6.8,6.8,0.0
1995,12,wet,CRU-CY4.08,CRU-CY4.10,7.5,7.5,0.0
1996,1,wet,CRU-CY4.08,CRU-CY4.10,14.2,14.2,0.0
1996,2,wet,CRU-CY4.08,CRU-CY4.10,8.9,8.9,0.0
1996,3,wet,CRU-CY4.08,CRU-CY4.10,10.2,10.2,0.0
1996,4,wet,CRU-CY4.08,CRU-CY4.10,2.8,2.8,0.0
1996,5,wet,CRU-CY4.08,CRU-CY4.10,0.1,0.1,0.0
1996,6,wet,CRU-CY4.08,CRU-CY4.10,0.0,0.0,0.0
1996,7,wet,CRU-CY4.08,CRU-CY4.10,0.0,0.0,0.0
1996,8,wet,CRU-CY4.08,CRU-CY4.10,0.0,0.0,0.0
1996,9,wet,CRU-CY4.08,CRU-CY4.10,0.1,0.1,0.0
1996,10,wet,CRU-CY4.08,CRU-CY4.10,3.2,3.2,0.0
1996,11,wet,CRU-CY4.08,CRU-CY4.10,4.3,4.3,0.0
1996,12,wet,CRU-CY4.08,CRU-CY4.10,7.5,7.5,0.0
1997,1,wet,CRU-CY4.08,CRU-CY4.10,12.1,12.1,0.0
1997,2,wet,CRU-CY4.08,CRU-CY4.10,11.3,11.3,0.0
1997,3,wet,CRU-CY4.08,CRU-CY4.10,10.1,10.1,0.0
1997,4,wet,CRU-CY4.08,CRU-CY4.10,2.2,2.2,0.0
1997,5,wet,CRU-CY4.08,CRU-CY4.10,1.9,1.9,0.0
1997,6,wet,CRU-CY4.08,CRU-CY4.10,0.0,0.0,0.0
1997,7,wet,CRU-CY4.08,CRU-CY4.10,0.0,0.0,0.0
1997,8,wet,CRU-CY4.08,CRU-CY4.10,0.0,0.0,0.0
1997,9,wet,CRU-CY4.08,CRU-CY4.10,0.4,0.4,0.0
1997,10,wet,CRU-CY4.08,CRU-CY4.10,4.4,4.4,0.0
1997,11,wet,CRU-CY4.08,CRU-CY4.10,6.2,6.2,0.0
1997,12,wet,CRU-CY4.08,CRU-CY4.10,10.0,10.0,0.0
1998,1,wet,CRU-CY4.08,CRU-CY4.10,12.3,12.3,0.0
1998,2,wet,CRU-CY4.08,CRU-CY4.10,9.1,9.1,0.0
1998,3,wet,CRU-CY4.08,CRU-CY4.10,10.1,10.1,0.0
1998,4,wet,CRU-CY4.08,CRU-CY4.10,1.7,1.7,0.0
1998,5,wet,CRU-CY4.08,CRU-CY4.10,2.0,2.0,0.0
1998,6,wet,CRU-CY4.08,CRU-CY4.10,0.0,0.0,0.0
1998,7,wet,CRU-CY4.08,CRU-CY4.10,0.0,0.0,0.0
1998,8,wet,CRU-CY4.08,CRU-CY4.10,0.0,0.0,0.0
1998,9,wet,CRU-CY4.08,CRU-CY4.10,0.2,0.2,0.0
1998,10,wet,CRU-CY4.08,CRU-CY4.10,0.9,0.9,0.0
1998,11,wet,CRU-CY4.08,CRU-CY4.10,2.0,2.0,0.0
1998,12,wet,CRU-CY4.08,CRU-CY4.10,5.6,5.6,0.0
1999,1,wet,CRU-CY4.08,CRU-CY4.10,8.8,8.8,0.0
1999,2,wet,CRU-CY4.08,CRU-CY4.10,10.2,10.2,0.0
1999,3,wet,CRU-CY4.08,CRU-CY4.10,4.4,4.4,0.0
1999,4,wet,CRU-CY4.08,CRU-CY4.10,2.6,2.6,0.0
1999,5,wet,CRU-CY4.08,CRU-CY4.10,0.0,0.0,0.0
1999,6,wet,CRU-CY4.08,CRU-CY4.10,0.0,0.0,0.0
1999,7,wet,CRU-CY4.08,CRU-CY4.10,0.0,0.0,0.0
1999,8,wet,CRU-CY4.08,CRU-CY4.10,0.0,0.0,0.0
1999,9,wet,CRU-CY4.08,CRU-CY4.10,0.1,0.1,0.0
1999,10,wet,CRU-CY4.08,CRU-CY4.10,1.7,1.7,0.0
1999,11,wet,CRU-CY4.08,CRU-CY4.10,2.4,2.4,0.0
1999,12,wet,CRU-CY4.08,CRU-CY4.10,4.3,4.3,0.0
2000,1,wet,CRU-CY4.08,CRU-CY4.10,14.2,14.2,0.0
2000,2,wet,CRU-CY4.08,CRU-CY4.10,7.0,7.0,0.0
2000,3,wet,CRU-CY4.08,CRU-CY4.10,6.8,6.8,0.0
2000,4,wet,CRU-CY4.08,CRU-CY4.10,1.2,1.2,0.0
2000,5,wet,CRU-CY4.08,CRU-CY4.10,0.1,0.1,0.0
2000,6,wet,CRU-CY4.08,CRU-CY4.10,0.0,0.0,0.0
2000,7,wet,CRU-CY4.08,CRU-CY4.10,0.0,0.0,0.0
2000,8,wet,CRU-CY4.08,CRU-CY4.10,0.0,0.0,0.0
2000,9,wet,CRU-CY4.08,CRU-CY4.10,0.1,0.1,0.0
2000,10,wet,CRU-CY4.08,CRU-CY4.10,5.1,5.3,0.20000000000000018
2000,11,wet,CRU-CY4.08,CRU-CY4.10,4.8,4.8,0.0
2000,12,wet,CRU-CY4.08,CRU-CY4.10,10.0,10.0,0.0
2001,1,wet,CRU-CY4.08,CRU-CY4.10,9.3,9.3,0.0
2001,2,wet,CRU-CY4.08,CRU-CY4.10,11.0,11.0,0.0
2001,3,wet,CRU-CY4.08,CRU-CY4.10,5.2,5.2,0.0
2001,4,wet,CRU-CY4.08,CRU-CY4.10,3.4,3.4,0.0
2001,5,wet,CRU-CY4.08,CRU-CY4.10,2.2,2.1,-0.10000000000000009
2001,6,wet,CRU-CY4.08,CRU-CY4.10,0.0,0.0,0.0
2001,7,wet,CRU-CY4.08,CRU-CY4.10,0.0,0.0,0.0
2001,8,wet,CRU-CY4.08,CRU-CY4.10,0.0,0.0,0.0
2001,9,wet,CRU-CY4.08,CRU-CY4.10,0.0,0.0,0.0
2001,10,wet,CRU-CY4.08,CRU-CY4.10,2.5,2.5,0.0
2001,11,wet,CRU-CY4.08,CRU-CY4.10,5.5,5.5,0.0
2001,12,wet,CRU-CY4.08,CRU-CY4.10,10.0,10.0,0.0
2002,1,wet,CRU-CY4.08,CRU-CY4.10,13.9,13.9,0.0
2002,2,wet,CRU-CY4.08,CRU-CY4.10,9.4,9.4,0.0
2002,3,wet,CRU-CY4.08,CRU-CY4.10,6.5,6.5,0.0
2002,4,wet,CRU-CY4.08,CRU-CY4.10,3.7,3.7,0.0
2002,5,wet,CRU-CY4.08,CRU-CY4.10,1.3,1.3,0.0
2002,6,wet,CRU-CY4.08,CRU-CY4.10,0.0,0.0,0.0
2002,7,wet,CRU-CY4.08,CRU-CY4.10,0.0,0.0,0.0
2002,8,wet,CRU-CY4.08,CRU-CY4.10,0.0,0.0,0.0
2002,9,wet,CRU-CY4.08,CRU-CY4.10,0.1,0.1,0.0
2002,10,wet,CRU-CY4.08,CRU-CY4.10,3.4,3.4,0.0
2002,11,wet,CRU-CY4.08,CRU-CY4.10,6.2,6.2,0.0
2002,12,wet,CRU-CY4.08,CRU-CY4.10,11.4,11.4,0.0
2003,1,wet,CRU-CY4.08,CRU-CY4.10,10.1,10.1,0.0
2003,2,wet,CRU-CY4.08,CRU-CY4.10,11.9,11.9,0.0
2003,3,wet,CRU-CY4.08,CRU-CY4.10,9.9,9.9,0.0
2003,4,wet,CRU-CY4.08,CRU-CY4.10,2.8,2.8,0.0
2003,5,wet,CRU-CY4.08,CRU-CY4.10,0.3,0.3,0.0
2003,6,wet,CRU-CY4.08,CRU-CY4.10,0.1,0.1,0.0
2003,7,wet,CRU-CY4.08,CRU-CY4.10,0.0,0.0,0.0
2003,8,wet,CRU-CY4.08,CRU-CY4.10,0.0,0.0,0.0
2003,9,wet,CRU-CY4.08,CRU-CY4.10,0.1,0.1,0.0
2003,10,wet,CRU-CY4.08,CRU-CY4.10,0.8,0.8,0.0
2003,11,wet,CRU-CY4.08,CRU-CY4.10,3.1,3.1,0.0
2003,12,wet,CRU-CY4.08,CRU-CY4.10,12.3,12.3,0.0
2004,1,wet,CRU-CY4.08,CRU-CY4.10,13.6,13.6,0.0
2004,2,wet,CRU-CY4.08,CRU-CY4.10,11.4,11.4,0.0
2004,3,wet,CRU-CY4.08,CRU-CY4.10,3.6,3.6,0.0
2004,4,wet,CRU-CY4.08,CRU-CY4.10,1.1,1.1,0.0
2004,5,wet,CRU-CY4.08,CRU-CY4.10,0.6,0.6,0.0
2004,6,wet,CRU-CY4.08,CRU-CY4.10,0.0,0.0,0.0
2004,7,wet,CRU-CY4.08,CRU-CY4.10,0.0,0.0,0.0
2004,8,wet,CRU-CY4.08,CRU-CY4.10,0.0,0.0,0.0
2004,9,wet,CRU-CY4.08,CRU-CY4.10,0.0,0.0,0.0
2004,10,wet,CRU-CY4.08,CRU-CY4.10,0.7,0.7,0.0
2004,11,wet,CRU-CY4.08,CRU-CY4.10,4.7,4.7,0.0
2004,12,wet,CRU-CY4.08,CRU-CY4.10,9.3,9.3,0.0
2005,1,wet,CRU-CY4.08,CRU-CY4.10,10.5,10.5,0.0
2005,2,wet,CRU-CY4.08,CRU-CY4.10,8.8,8.8,0.0
2005,3,wet,CRU-CY4.08,CRU-CY4.10,7.3,7.3,0.0
2005,4,wet,CRU-CY4.08,CRU-CY4.10,2.7,2.7,0.0
2005,5,wet,CRU-CY4.08,CRU-CY4.10,0.5,0.5,0.0
2005,6,wet,CRU-CY4.08,CRU-CY4.10,0.1,0.1,0.0
2005,7,wet,CRU-CY4.08,CRU-CY4.10,0.0,0.0,0.0
2005,8,wet,CRU-CY4.08,CRU-CY4.10,0.0,0.0,0.0
2005,9,wet,CRU-CY4.08,CRU-CY4.10,0.1,0.1,0.0
2005,10,wet,CRU-CY4.08,CRU-CY4.10,1.8,1.8,0.0
2005,11,wet,CRU-CY4.08,CRU-CY4.10,4.0,4.0,0.0
2005,12,wet,CRU-CY4.08,CRU-CY4.10,6.5,6.5,0.0
2006,1,wet,CRU-CY4.08,CRU-CY4.10,11.1,11.1,0.0
2006,2,wet,CRU-CY4.08,CRU-CY4.10,9.7,9.7,0.0
2006,3,wet,CRU-CY4.08,CRU-CY4.10,2.9,2.9,0.0
2006,4,wet,CRU-CY4.08,CRU-CY4.10,5.8,5.8,0.0
2006,5,wet,CRU-CY4.08,CRU-CY4.10,0.1,0.1,0.0
2006,6,wet,CRU-CY4.08,CRU-CY4.10,0.0,0.0,0.0
2006,7,wet,CRU-CY4.08,CRU-CY4.10,0.0,0.0,0.0
2006,8,wet,CRU-CY4.08,CRU-CY4.10,0.0,0.0,0.0
2006,9,wet,CRU-CY4.08,CRU-CY4.10,0.1,0.1,0.0
2006,10,wet,CRU-CY4.08,CRU-CY4.10,3.9,3.9,0.0
2006,11,wet,CRU-CY4.08,CRU-CY4.10,3.1,3.1,0.0
2006,12,wet,CRU-CY4.08,CRU-CY4.10,8.5,8.9,0.40000000000000036
2007,1,wet,CRU-CY4.08,CRU-CY4.10,10.4,10.4,0.0
2007,2,wet,CRU-CY4.08,CRU-CY4.10,12.5,12.5,0.0
2007,3,wet,CRU-CY4.08,CRU-CY4.10,6.8,6.8,0.0
2007,4,wet,CRU-CY4.08,CRU-CY4.10,3.1,3.1,0.0
2007,5,wet,CRU-CY4.08,CRU-CY4.10,1.8,1.8,0.0
2007,6,wet,CRU-CY4.08,CRU-CY4.10,0.0,0.0,0.0
2007,7,wet,CRU-CY4.08,CRU-CY4.10,0.0,0.0,0.0
2007,8,wet,CRU-CY4.08,CRU-CY4.10,0.0,0.0,0.0
2007,9,wet,CRU-CY4.08,CRU-CY4.10,0.0,0.0,0.0
2007,10,wet,CRU-CY4.08,CRU-CY4.10,0.7,0.7,0.0
2007,11,wet,CRU-CY4.08,CRU-CY4.10,4.8,4.8,0.0
2007,12,wet,CRU-CY4.08,CRU-CY4.10,6.2,6.2,0.0
2008,1,wet,CRU-CY4.08,CRU-CY4.10,13.6,13.4,-0.1999999999999993
2008,2,wet,CRU-CY4.08,CRU-CY4.10,8.5,8.5,0.0
2008,3,wet,CRU-CY4.08,CRU-CY4.10,1.5,1.5,0.0
2008,4,wet,CRU-CY4.08,CRU-CY4.10,0.4,0.4,0.0
2008,5,wet,CRU-CY4.08,CRU-CY4.10,1.0,1.0,0.0
2008,6,wet,CRU-CY4.08,CRU-CY4.10,0.0,0.0,0.0
2008,7,wet,CRU-CY4.08,CRU-CY4.10,0.0,0.0,0.0
2008,8,wet,CRU-CY4.08,CRU-CY4.10,0.0,0.0,0.0
2008,9,wet,CRU-CY4.08,CRU-CY4.10,0.4,0.4,0.0
2008,10,wet,CRU-CY4.08,CRU-CY4.10,4.0,4.0,0.0
2008,11,wet,CRU-CY4.08,CRU-CY4.10,2.6,2.6,0.0
2008,12,wet,CRU-CY4.08,CRU-CY4.10,6.5,6.5,0.0
2009,1,wet,CRU-CY4.08,CRU-CY4.10,4.5,4.5,0.0
2009,2,wet,CRU-CY4.08,CRU-CY4.10,10.8,10.8,0.0
2009,3,wet,CRU-CY4.08,CRU-CY4.10,6.4,6.4,0.0
2009,4,wet,CRU-CY4.08,CRU-CY4.10,1.0,1.0,0.0
2009,5,wet,CRU-CY4.08,CRU-CY4.10,0.3,0.3,0.0
2009,6,wet,CRU-CY4.08,CRU-CY4.10,0.0,0.0,0.0
2009,7,wet,CRU-CY4.08,CRU-CY4.10,0.0,0.0,0.0
2009,8,wet,CRU-CY4.08,CRU-CY4.10,0.0,0.0,0.0
2009,9,wet,CRU-CY4.08,CRU-CY4.10,0.1,0.1,0.0
2009,10,wet,CRU-CY4.08,CRU-CY4.10,3.0,3.0,0.0
2009,11,wet,CRU-CY4.08,CRU-CY4.10,4.8,4.8,0.0
2009,12,wet,CRU-CY4.08,CRU-CY4.10,9.4,9.4,0.0
2010,1,wet,CRU-CY4.08,CRU-CY4.10,11.7,11.7,0.0
2010,2,wet,CRU-CY4.08,CRU-CY4.10,13.4,13.4,0.0
2010,3,wet,CRU-CY4.08,CRU-CY4.10,4.8,4.8,0.0
2010,4,wet,CRU-CY4.08,CRU-CY4.10,0.8,0.8,0.0
2010,5,wet,CRU-CY4.08,CRU-CY4.10,0.7,0.7,0.0
2010,6,wet,CRU-CY4.08,CRU-CY4.10,0.1,0.1,0.0
2010,7,wet,CRU-CY4.08,CRU-CY4.10,0.0,0.0,0.0
2010,8,wet,CRU-CY4.08,CRU-CY4.10,0.0,0.0,0.0
2010,9,wet,CRU-CY4.08,CRU-CY4.10,0.0,0.0,0.0
2010,10,wet,CRU-CY4.08,CRU-CY4.10,2.1,1.9,-0.20000000000000018
2010,11,wet,CRU-CY4.08,CRU-CY4.10,0.8,0.8,0.0
2010,12,wet,CRU-CY4.08,CRU-CY4.10,10.1,9.7,-0.40000000000000036
2011,1,wet,CRU-CY4.08,CRU-CY4.10,10.6,10.6,0.0
2011,2,wet,CRU-CY4.08,CRU-CY4.10,10.7,10.7,0.0
2011,3,wet,CRU-CY4.08,CRU-CY4.10,6.4,6.4,0.0
2011,4,wet,CRU-CY4.08,CRU-CY4.10,5.3,5.3,0.0
2011,5,wet,CRU-CY4.08,CRU-CY4.10,1.4,1.4,0.0
2011,6,wet,CRU-CY4.08,CRU-CY4.10,0.1,0.1,0.0
2011,7,wet,CRU-CY4.08,CRU-CY4.10,0.0,0.0,0.0
2011,8,wet,CRU-CY4.08,CRU-CY4.10,0.0,0.0,0.0
2011,9,wet,CRU-CY4.08,CRU-CY4.10,0.3,0.3,0.0
2011,10,wet,CRU-CY4.08,CRU-CY4.10,1.0,1.0,0.0
2011,11,wet,CRU-CY4.08,CRU-CY4.10,6.0,6.0,0.0
2011,12,wet,CRU-CY4.08,CRU-CY4.10,5.2,5.2,0.0
2012,1,wet,CRU-CY4.08,CRU-CY4.10,10.8,10.8,0.0
2012,2,wet,CRU-CY4.08,CRU-CY4.10,9.6,9.6,0.0
2012,3,wet,CRU-CY4.08,CRU-CY4.10,7.0,7.0,0.0
2012,4,wet,CRU-CY4.08,CRU-CY4.10,0.4,0.4,0.0
2012,5,wet,CRU-CY4.08,CRU-CY4.10,0.8,0.8,0.0
2012,6,wet,CRU-CY4.08,CRU-CY4.10,0.1,0.1,0.0
2012,7,wet,CRU-CY4.08,CRU-CY4.10,0.0,0.0,0.0
2012,8,wet,CRU-CY4.08,CRU-CY4.10,0.0,0.0,0.0
2012,9,wet,CRU-CY4.08,CRU-CY4.10,0.0,0.0,0.0
2012,10,wet,CRU-CY4.08,CRU-CY4.10,2.4,2.4,0.0
2012,11,wet,CRU-CY4.08,CRU-CY4.10,9.5,9.5,0.0
2012,12,wet,CRU-CY4.08,CRU-CY4.10,7.2,7.2,0.0
2013,1,wet,CRU-CY4.08,CRU-CY4.10,14.5,14.5,0.0
2013,2,wet,CRU-CY4.08,CRU-CY4.10,8.6,8.6,0.0
2013,3,wet,CRU-CY4.08,CRU-CY4.10,1.2,1.2,0.0
2013,4,wet,CRU-CY4.08,CRU-CY4.10,3.2,3.2,0.0
2013,5,wet,CRU-CY4.08,CRU-CY4.10,1.7,1.7,0.0
2013,6,wet,CRU-CY4.08,CRU-CY4.10,0.0,0.0,0.0
2013,7,wet,CRU-CY4.08,CRU-CY4.10,0.0,0.0,0.0
2013,8,wet,CRU-CY4.08,CRU-CY4.10,0.0,0.0,0.0
2013,9,wet,CRU-CY4.08,CRU-CY4.10,0.2,0.2,0.0
2013,10,wet,CRU-CY4.08,CRU-CY4.10,0.9,0.9,0.0
2013,11,wet,CRU-CY4.08,CRU-CY4.10,1.0,1.0,0.0
2013,12,wet,CRU-CY4.08,CRU-CY4.10,10.3,10.3,0.0
2014,1,wet,CRU-CY4.08,CRU-CY4.10,8.0,8.0,0.0
2014,2,wet,CRU-CY4.08,CRU-CY4.10,6.1,6.1,0.0
2014,3,wet,CRU-CY4.08,CRU-CY4.10,8.9,8.8,-0.09999999999999964
2014,4,wet,CRU-CY4.08,CRU-CY4.10,0.3,0.3,0.0
2014,5,wet,CRU-CY4.08,CRU-CY4.10,2.6,2.6,0.0
2014,6,wet,CRU-CY4.08,CRU-CY4.10,0.1,0.1,0.0
2014,7,wet,CRU-CY4.08,CRU-CY4.10,0.0,0.0,0.0
2014,8,wet,CRU-CY4.08,CRU-CY4.10,0.0,0.0,0.0
2014,9,wet,CRU-CY4.08,CRU-CY4.10,0.1,0.1,0.0
2014,10,wet,CRU-CY4.08,CRU-CY4.10,4.0,4.0,0.0
2014,11,wet,CRU-CY4.08,CRU-CY4.10,7.5,7.5,0.0
2014,12,wet,CRU-CY4.08,CRU-CY4.10,8.3,8.8,0.5
2015,1,wet,CRU-CY4.08,CRU-CY4.10,11.7,11.7,0.0
2015,2,wet,CRU-CY4.08,CRU-CY4.10,9.6,9.6,0.0
2015,3,wet,CRU-CY4.08,CRU-CY4.10,6.2,6.2,0.0
2015,4,wet,CRU-CY4.08,CRU-CY4.10,3.7,3.7,0.0
2015,5,wet,CRU-CY4.08,CRU-CY4.10,0.2,0.2,0.0
2015,6,wet,CRU-CY4.08,CRU-CY4.10,0.1,0.1,0.0
2015,7,wet,CRU-CY4.08,CRU-CY4.10,0.0,0.0,0.0
2015,8,wet,CRU-CY4.08,CRU-CY4.10,0.0,0.0,0.0
2015,9,wet,CRU-CY4.08,CRU-CY4.10,0.0,0.0,0.0
2015,10,wet,CRU-CY4.08,CRU-CY4.10,6.3,6.0,-0.2999999999999998
2015,11,wet,CRU-CY4.08,CRU-CY4.10,6.2,6.2,0.0
2015,12,wet,CRU-CY4.08,CRU-CY4.10,7.7,7.3,-0.40000000000000036
2016,1,wet,CRU-CY4.08,CRU-CY4.10,7.1,7.1,0.0
2016,2,wet,CRU-CY4.08,CRU-CY4.10,8.5,8.5,0.0
2016,3,wet,CRU-CY4.08,CRU-CY4.10,5.9,5.9,0.0
2016,4,wet,CRU-CY4.08,CRU-CY4.10,3.2,3.2,0.0
2016,5,wet,CRU-CY4.08,CRU-CY4.10,1.1,1.1,0.0
2016,6,wet,CRU-CY4.08,CRU-CY4.10,0.0,0.0,0.0
2016,7,wet,CRU-CY4.08,CRU-CY4.10,0.0,0.0,0.0
2016,8,wet,CRU-CY4.08,CRU-CY4.10,0.0,0.0,0.0
2016,9,wet,CRU-CY4.08,CRU-CY4.10,0.0,0.0,0.0
2016,10,wet,CRU-CY4.08,CRU-CY4.10,4.1,4.1,0.0
2016,11,wet,CRU-CY4.08,CRU-CY4.10,1.8,1.8,0.0
2016,12,wet,CRU-CY4.08,CRU-CY4.10,13.1,13.1,0.0
2017,1,wet,CRU-CY4.08,CRU-CY4.10,4.8,4.8,0.0
2017,2,wet,CRU-CY4.08,CRU-CY4.10,9.9,9.8,-0.09999999999999964
2017,3,wet,CRU-CY4.08,CRU-CY4.10,3.9,3.9,0.0
2017,4,wet,CRU-CY4.08,CRU-CY4.10,2.8,2.8,0.0
2017,5,wet,CRU-CY4.08,CRU-CY4.10,0.6,0.6,0.0
2017,6,wet,CRU-CY4.08,CRU-CY4.10,0.1,0.1,0.0
2017,7,wet,CRU-CY4.08,CRU-CY4.10,0.0,0.0,0.0
2017,8,wet,CRU-CY4.08,CRU-CY4.10,0.0,0.0,0.0
2017,9,wet,CRU-CY4.08,CRU-CY4.10,0.0,0.0,0.0
2017,10,wet,CRU-CY4.08,CRU-CY4.10,1.7,1.7,0.0
2017,11,wet,CRU-CY4.08,CRU-CY4.10,2.8,2.8,0.0
2017,12,wet,CRU-CY4.08,CRU-CY4.10,4.1,4.1,0.0
2018,1,wet,CRU-CY4.08,CRU-CY4.10,12.6,12.6,0.0
2018,2,wet,CRU-CY4.08,CRU-CY4.10,13.0,13.0,0.0
2018,3,wet,CRU-CY4.08,CRU-CY4.10,2.3,2.3,0.0
2018,4,wet,CRU-CY4.08,CRU-CY4.10,4.1,4.1,0.0
2018,5,wet,CRU-CY4.08,CRU-CY4.10,2.3,2.4,0.10000000000000009
2018,6,wet,CRU-CY4.08,CRU-CY4.10,0.0,0.0,0.0
2018,7,wet,CRU-CY4.08,CRU-CY4.10,0.0,0.0,0.0
2018,8,wet,CRU-CY4.08,CRU-CY4.10,0.0,0.0,0.0
2018,9,wet,CRU-CY4.08,CRU-CY4.10,0.0,0.0,0.0
2018,10,wet,CRU-CY4.08,CRU-CY4.10,4.1,4.1,0.0
2018,11,wet,CRU-CY4.08,CRU-CY4.10,6.2,6.2,0.0
2018,12,wet,CRU-CY4.08,CRU-CY4.10,11.9,11.9,0.0
2019,1,wet,CRU-CY4.08,CRU-CY4.10,10.0,9.9,-0.09999999999999964
2019,2,wet,CRU-CY4.08,CRU-CY4.10,13.4,14.1,0.6999999999999993
2019,3,wet,CRU-CY4.08,CRU-CY4.10,7.5,7.5,0.0
2019,4,wet,CRU-CY4.08,CRU-CY4.10,3.4,3.4,0.0
2019,5,wet,CRU-CY4.08,CRU-CY4.10,0.0,0.0,0.0
2019,6,wet,CRU-CY4.08,CRU-CY4.10,0.0,0.0,0.0
2019,7,wet,CRU-CY4.08,CRU-CY4.10,0.0,0.0,0.0
2019,8,wet,CRU-CY4.08,CRU-CY4.10,0.0,0.0,0.0
2019,9,wet,CRU-CY4.08,CRU-CY4.10,0.1,0.1,0.0
2019,10,wet,CRU-CY4.08,CRU-CY4.10,4.6,4.3,-0.2999999999999998
2019,11,wet,CRU-CY4.08,CRU-CY4.10,1.7,1.7,0.0
2019,12,wet,CRU-CY4.08,CRU-CY4.10,8.5,8.5,0.0
2020,1,wet,CRU-CY4.08,CRU-CY4.10,14.1,14.1,0.0
2020,2,wet,CRU-CY4.08,CRU-CY4.10,11.5,11.5,0.0
2020,3,wet,CRU-CY4.08,CRU-CY4.10,7.8,7.8,0.0
2020,4,wet,CRU-CY4.08,CRU-CY4.10,3.1,3.1,0.0
2020,5,wet,CRU-CY4.08,CRU-CY4.10,2.2,2.2,0.0
2020,6,wet,CRU-CY4.08,CRU-CY4.10,0.1,0.1,0.0
2020,7,wet,CRU-CY4.08,CRU-CY4.10,0.0,0.0,0.0
2020,8,wet,CRU-CY4.08,CRU-CY4.10,0.0,0.0,0.0
2020,9,wet,CRU-CY4.08,CRU-CY4.10,0.0,0.0,0.0
2020,10,wet,CRU-CY4.08,CRU-CY4.10,0.0,0.0,0.0
2020,11,wet,CRU-CY4.08,CRU-CY4.10,9.9,9.9,0.0
2020,12,wet,CRU-CY4.08,CRU-CY4.10,9.6,8.6,-1.0
2021,1,wet,CRU-CY4.08,CRU-CY4.10,9.4,9.4,0.0
2021,2,wet,CRU-CY4.08,CRU-CY4.10,11.0,11.0,0.0
2021,3,wet,CRU-CY4.08,CRU-CY4.10,4.5,4.5,0.0
2021,4,wet,CRU-CY4.08,CRU-CY4.10,2.0,2.0,0.0
2021,5,wet,CRU-CY4.08,CRU-CY4.10,0.1,0.1,0.0
2021,6,wet,CRU-CY4.08,CRU-CY4.10,0.0,0.0,0.0
2021,7,wet,CRU-CY4.08,CRU-CY4.10,0.0,0.0,0.0
2021,8,wet,CRU-CY4.08,CRU-CY4.10,0.0,0.0,0.0
2021,9,wet,CRU-CY4.08,CRU-CY4.10,0.0,0.0,0.0
2021,10,wet,CRU-CY4.08,CRU-CY4.10,1.0,1.2,0.19999999999999996
2021,11,wet,CRU-CY4.08,CRU-CY4.10,5.7,5.8,0.09999999999999964
2021,12,wet,CRU-CY4.08,CRU-CY4.10,11.3,11.6,0.29999999999999893
2022,1,wet,CRU-CY4.08,CRU-CY4.10,15.2,15.2,0.0
2022,2,wet,CRU-CY4.08,CRU-CY4.10,10.7,10.5,-0.1999999999999993
2022,3,wet,CRU-CY4.08,CRU-CY4.10,7.5,7.1,-0.40000000000000036
2022,4,wet,CRU-CY4.08,CRU-CY4.10,0.0,0.0,0.0
2022,5,wet,CRU-CY4.08,CRU-CY4.10,0.3,0.3,0.0
2022,6,wet,CRU-CY4.08,CRU-CY4.10,0.0,0.0,0.0
2022,7,wet,CRU-CY4.08,CRU-CY4.10,0.0,0.0,0.0
2022,8,wet,CRU-CY4.08,CRU-CY4.10,0.0,0.0,0.0
2022,9,wet,CRU-CY4.08,CRU-CY4.10,0.0,0.1,0.1
2022,10,wet,CRU-CY4.08,CRU-CY4.10,3.3,3.7,0.40000000000000036
2022,11,wet,CRU-CY4.08,CRU-CY4.10,8.8,8.7,-0.10000000000000142
2022,12,wet,CRU-CY4.08,CRU-CY4.10,9.7,9.5,-0.1999999999999993
2023,1,wet,CRU-CY4.08,CRU-CY4.10,12.6,13.0,0.40000000000000036
2023,2,wet,CRU-CY4.08,CRU-CY4.10,8.8,8.7,-0.10000000000000142
2023,3,wet,CRU-CY4.08,CRU-CY4.10,5.0,5.2,0.20000000000000018
2023,4,wet,CRU-CY4.08,CRU-CY4.10,5.6,5.4,-0.1999999999999993
2023,5,wet,CRU-CY4.08,CRU-CY4.10,1.7,1.7,0.0
2023,6,wet,CRU-CY4.08,CRU-CY4.10,0.1,0.1,0.0
2023,7,wet,CRU-CY4.08,CRU-CY4.10,0.0,0.0,0.0
2023,8,wet,CRU-CY4.08,CRU-CY4.10,0.0,0.0,0.0
2023,9,wet,CRU-CY4.08,CRU-CY4.10,0.0,0.0,0.0
2023,10,wet,CRU-CY4.08,CRU-CY4.10,2.1,2.0,-0.10000000000000009
2023,11,wet,CRU-CY4.08,CRU-CY4.10,7.4,7.4,0.0
2023,12,wet,CRU-CY4.08,CRU-CY4.10,10.3,10.3,0.0
